Date,CO1,CO2,CO3,,,
4/01/2005,41.04,41.07,41.12,,,
5/01/2005,40.51,40.4,40.39,,,
6/01/2005,42.85,42.59,42.47,,,
7/01/2005,43.18,42.73,42.75,,,
10/01/2005,42.92,42.4,42.34,,,
11/01/2005,43.12,42.68,42.59,,,
12/01/2005,43.68,43.3,43.13,,,
13/01/2005,45.21,45.09,45.09,,,
14/01/2005,45.15,44.96,44.98,,,
17/01/2005,45.03,45.06,44.86,,,
18/01/2005,45.39,45.52,45.33,,,
19/01/2005,44.71,44.82,44.67,,,
20/01/2005,44.32,44.48,44.35,,,
21/01/2005,45.73,45.83,45.66,,,
24/01/2005,46.01,46.15,46,,,
25/01/2005,46.96,47.13,46.98,,,
26/01/2005,46.51,46.64,46.55,,,
27/01/2005,46.44,46.48,46.4,,,
28/01/2005,44.95,45.05,45.07,,,
31/01/2005,45.92,46.01,46.06,,,
1/02/2005,44.82,45.04,45.18,,,
2/02/2005,44.01,44.3,44.52,,,
3/02/2005,43.85,44.08,44.27,,,
4/02/2005,43.89,44.16,44.36,,,
7/02/2005,43.04,43.25,43.65,,,
8/02/2005,43.07,43.36,43.67,,,
9/02/2005,43.13,43.44,43.74,,,
10/02/2005,44.48,45,45.4,,,
11/02/2005,44.8,45.28,45.48,,,
14/02/2005,45.53,45.72,45.6,,,
15/02/2005,45.39,45.58,45.44,,,
16/02/2005,46.15,46.35,46.22,,,
17/02/2005,45.82,45.99,45.92,,,
18/02/2005,46.34,46.5,46.47,,,
21/02/2005,46.73,46.84,46.81,,,
22/02/2005,48.62,48.63,48.53,,,
23/02/2005,48.51,48.38,48.26,,,
24/02/2005,49.44,49.05,48.9,,,
25/02/2005,49.61,49.23,49.05,,,
28/02/2005,50.06,49.68,49.51,,,
1/03/2005,50.11,49.77,49.64,,,
2/03/2005,51.22,50.82,50.7,,,
3/03/2005,51.95,51.51,51.36,,,
4/03/2005,51.8,51.45,51.33,,,
7/03/2005,52.09,51.79,51.86,,,
8/03/2005,52.84,52.57,52.62,,,
9/03/2005,53.38,53.07,52.85,,,
10/03/2005,52.66,52.15,52.28,,,
11/03/2005,53.1,52.84,52.97,,,
14/03/2005,53.66,53.45,53.59,,,
15/03/2005,53.85,53.6,53.79,,,
16/03/2005,54.8,54.88,55.04,,,
17/03/2005,55.06,55.25,55.2,,,
18/03/2005,55.59,55.79,55.75,,,
21/03/2005,55.65,56,56.08,,,
22/03/2005,54.59,55.14,55.4,,,
23/03/2005,53.04,53.91,54.31,,,
24/03/2005,53.93,54.41,54.55,,,
29/03/2005,53.03,53.55,53.7,,,
30/03/2005,52.09,52.83,53.14,,,
31/03/2005,54.29,55.04,55.34,,,
1/04/2005,56.51,57.26,57.69,,,
4/04/2005,56.23,57.27,57.85,,,
5/04/2005,55.44,56.44,56.99,,,
6/04/2005,55.27,56.12,56.43,,,
7/04/2005,54.04,54.96,55.77,,,
8/04/2005,52.89,53.84,54.42,,,
11/04/2005,53.21,54.2,54.83,,,
12/04/2005,51.98,53.03,53.65,,,
13/04/2005,50.48,51.38,52.01,,,
14/04/2005,50.91,52.29,52.73,,,
15/04/2005,51.61,52.24,52.36,,,
18/04/2005,50.78,51.41,51.56,,,
19/04/2005,52.94,53.38,53.46,,,
20/04/2005,53.78,54.22,54.35,,,
21/04/2005,54.01,54.57,54.73,,,
22/04/2005,54.97,55.53,55.73,,,
25/04/2005,54.4,54.98,55.25,,,
26/04/2005,54.14,54.69,54.95,,,
27/04/2005,52.29,52.75,53.02,,,
28/04/2005,52.48,53.11,53.54,,,
29/04/2005,51.09,51.61,52.16,,,
3/05/2005,50.52,51.09,51.65,,,
4/05/2005,50.97,51.58,52.12,,,
5/05/2005,51.13,51.7,52.17,,,
6/05/2005,50.77,51.33,51.82,,,
9/05/2005,51.29,51.74,52.15,,,
10/05/2005,51.43,52.04,52.48,,,
11/05/2005,50.07,50.75,51.27,,,
12/05/2005,48.34,49.2,50.03,,,
13/05/2005,48.66,49.49,50.17,,,
16/05/2005,48.05,49.09,49.66,,,
17/05/2005,49.34,49.95,50.27,,,
18/05/2005,48.15,48.88,49.31,,,
19/05/2005,47.88,48.7,49.24,,,
20/05/2005,48.03,48.88,49.53,,,
23/05/2005,48.37,49.31,49.99,,,
24/05/2005,48.82,49.66,50.24,,,
25/05/2005,50.07,50.75,51.21,,,
26/05/2005,50.16,50.76,51.21,,,
27/05/2005,50.7,51.14,51.49,,,
31/05/2005,50.73,51.2,51.55,,,
1/06/2005,53.27,53.95,54.39,,,
2/06/2005,52.4,53.16,53.69,,,
3/06/2005,54.17,54.83,55.31,,,
6/06/2005,53.67,54.58,55.23,,,
7/06/2005,53.13,54.12,54.94,,,
8/06/2005,52.11,53.14,54.04,,,
9/06/2005,53.82,54.71,55.49,,,
10/06/2005,52.67,53.62,54.39,,,
13/06/2005,54.78,55.77,56.56,,,
14/06/2005,53.73,54.89,55.66,,,
15/06/2005,54.5,55.24,55.91,,,
16/06/2005,56.22,56.84,57.25,,,
17/06/2005,57.76,58.23,58.52,,,
20/06/2005,58.32,58.84,59.11,,,
21/06/2005,57.5,58.12,58.47,,,
22/06/2005,56.58,57.19,57.55,,,
23/06/2005,57.96,58.64,59.03,,,
24/06/2005,58.36,59.02,59.39,,,
27/06/2005,59.3,59.98,60.41,,,
28/06/2005,57.18,57.91,58.46,,,
29/06/2005,56.15,56.98,57.58,,,
30/06/2005,55.58,56.42,57.12,,,
1/07/2005,57.54,58.48,59.17,,,
4/07/2005,57.94,58.91,59.62,,,
5/07/2005,58.29,59.5,60.36,,,
6/07/2005,59.85,60.82,61.56,,,
7/07/2005,59.28,60.24,60.96,,,
8/07/2005,58.2,59.16,59.97,,,
11/07/2005,57.44,58.5,59.35,,,
12/07/2005,58.82,59.69,60.48,,,
13/07/2005,58.27,59.07,59.85,,,
14/07/2005,57.31,56.96,57.7,,,
15/07/2005,57.61,58.26,58.67,,,
18/07/2005,56.99,57.67,58.11,,,
19/07/2005,57.36,57.96,58.37,,,
20/07/2005,56.65,57.39,57.91,,,
21/07/2005,55.72,56.49,57.09,,,
22/07/2005,57.58,58.19,58.7,,,
25/07/2005,57.86,58.45,58.94,,,
26/07/2005,58.03,58.74,59.34,,,
27/07/2005,58.01,58.8,59.46,,,
28/07/2005,58.76,59.57,60.26,,,
29/07/2005,59.37,60.18,60.88,,,
1/08/2005,60.44,61.38,62.16,,,
2/08/2005,60.62,61.5,62.28,,,
3/08/2005,59.65,60.39,61.14,,,
4/08/2005,60.12,60.87,61.62,,,
5/08/2005,61.07,61.68,62.33,,,
8/08/2005,62.7,63.27,63.87,,,
9/08/2005,61.98,62.58,63.27,,,
10/08/2005,63.99,64.28,64.82,,,
11/08/2005,65.38,65.01,65.35,,,
12/08/2005,66.45,65.7,65.75,,,
15/08/2005,65.58,65.48,65.81,,,
16/08/2005,65.41,65.08,65.55,,,
17/08/2005,62.56,63.05,63.44,,,
18/08/2005,62.4,62.86,63.22,,,
19/08/2005,64.36,64.61,64.88,,,
22/08/2005,64.5,64.69,64.95,,,
23/08/2005,64.65,64.99,65.33,,,
24/08/2005,66.01,66.51,66.95,,,
25/08/2005,66.27,66.81,67.33,,,
26/08/2005,64.87,65.37,65.84,,,
30/08/2005,67.57,67.83,68.01,,,
31/08/2005,67.02,67.27,67.53,,,
1/09/2005,67.72,67.91,68.19,,,
2/09/2005,66.06,66.38,66.83,,,
5/09/2005,64.85,65.5,66.09,,,
6/09/2005,64.67,65.29,65.96,,,
7/09/2005,62.89,63.57,64.26,,,
8/09/2005,63.08,63.67,64.39,,,
9/09/2005,62.84,63.35,64.02,,,
12/09/2005,61.8,62.33,63.03,,,
13/09/2005,61.61,62.21,62.89,,,
14/09/2005,63.37,64.13,64.87,,,
15/09/2005,63.16,63.66,64.37,,,
16/09/2005,61.81,62.54,63.08,,,
19/09/2005,65.61,66.16,66.51,,,
20/09/2005,64.2,64.8,65.25,,,
21/09/2005,64.73,65.3,65.7,,,
22/09/2005,64.6,65.3,65.84,,,
23/09/2005,62.44,63.19,63.74,,,
26/09/2005,63.93,64.7,65.28,,,
27/09/2005,62.97,63.82,64.49,,,
28/09/2005,63.93,64.77,65.41,,,
29/09/2005,63.84,64.58,65.13,,,
30/09/2005,63.48,64.21,64.77,,,
3/10/2005,62.8,63.52,64.13,,,
4/10/2005,61.22,61.96,62.59,,,
5/10/2005,60.12,60.92,61.62,,,
6/10/2005,58.37,59.09,59.75,,,
7/10/2005,59.21,59.65,60.22,,,
10/10/2005,58.78,59.43,60.12,,,
11/10/2005,60.08,60.69,61.36,,,
12/10/2005,60.57,61.05,61.61,,,
13/10/2005,60.14,60.33,60.79,,,
14/10/2005,59.35,59.48,59.93,,,
17/10/2005,60.57,61.02,61.4,,,
18/10/2005,59.28,59.77,60.11,,,
19/10/2005,58.6,59.06,59.37,,,
20/10/2005,57.91,58.28,58.59,,,
21/10/2005,58.48,58.91,59.29,,,
24/10/2005,58.24,58.61,59.02,,,
25/10/2005,60.24,60.72,61.21,,,
26/10/2005,58.87,59.33,59.82,,,
27/10/2005,59.14,59.45,59.88,,,
28/10/2005,59.42,59.55,59.91,,,
31/10/2005,58.1,58.39,58.81,,,
1/11/2005,58.37,58.79,59.26,,,
2/11/2005,58.38,58.88,59.37,,,
3/11/2005,60.52,60.92,61.33,,,
4/11/2005,59.25,59.66,60.12,,,
7/11/2005,58.04,58.62,59.27,,,
8/11/2005,57.81,58.66,59.42,,,
9/11/2005,56.88,57.66,58.45,,,
10/11/2005,55.68,56.43,57.22,,,
11/11/2005,54.99,55.98,56.84,,,
14/11/2005,54.73,55.9,56.7,,,
15/11/2005,54.05,55.18,56,,,
16/11/2005,56,56.84,57.42,,,
17/11/2005,54.85,55.68,56.26,,,
18/11/2005,54.88,55.75,56.37,,,
21/11/2005,55.34,56.28,56.93,,,
22/11/2005,56.41,57.23,57.82,,,
23/11/2005,56.21,56.97,57.56,,,
24/11/2005,55.3,56.06,56.66,,,
25/11/2005,55.01,55.67,56.19,,,
28/11/2005,54.88,55.69,56.29,,,
29/11/2005,54.32,55.15,55.81,,,
30/11/2005,55.05,56.02,56.75,,,
1/12/2005,56.15,57.06,57.76,,,
2/12/2005,57.05,57.93,58.61,,,
5/12/2005,57.73,58.64,59.34,,,
6/12/2005,57.61,58.47,59.19,,,
7/12/2005,56.98,57.76,58.45,,,
8/12/2005,58.67,59.38,60.07,,,
9/12/2005,57.31,58.04,58.79,,,
12/12/2005,59.44,60.03,60.71,,,
13/12/2005,59.52,60,60.68,,,
14/12/2005,59.6,59.84,60.42,,,
15/12/2005,59.85,59.4,60.02,,,
16/12/2005,57.13,57.83,58.41,,,
19/12/2005,56.11,56.87,57.52,,,
20/12/2005,56.17,56.81,57.4,,,
21/12/2005,56.72,57.26,57.8,,,
22/12/2005,56.55,56.95,57.48,,,
23/12/2005,56.69,57.09,57.62,,,
27/12/2005,56.29,56.75,57.34,,,
28/12/2005,57.64,58.14,58.74,,,
29/12/2005,58.07,58.55,59.18,,,
30/12/2005,58.98,59.39,60,,,
3/01/2006,61.35,61.7,62.27,,,
4/01/2006,61.68,62.02,62.56,,,
5/01/2006,61.13,61.35,61.86,,,
6/01/2006,62.72,62.91,63.36,,,
9/01/2006,62.01,62.32,62.93,,,
10/01/2006,61.92,62.3,62.86,,,
11/01/2006,62.17,62.44,63.08,,,
12/01/2006,62.62,62.64,63.18,,,
13/01/2006,62.26,62.6,63.25,,,
16/01/2006,62.93,63.18,63.81,,,
17/01/2006,64.9,65.42,65.81,,,
18/01/2006,64.19,64.72,65.09,,,
19/01/2006,65.23,65.76,66.12,,,
20/01/2006,66.43,66.84,67.18,,,
23/01/2006,66.16,66.59,67,,,
24/01/2006,65.34,65.7,66.12,,,
25/01/2006,64.23,64.5,64.92,,,
26/01/2006,64.92,65.19,65.62,,,
27/01/2006,66.24,66.6,67.05,,,
30/01/2006,66.59,67.14,67.65,,,
31/01/2006,65.99,66.67,67.25,,,
1/02/2006,65.03,65.7,66.29,,,
2/02/2006,62.88,63.63,64.31,,,
3/02/2006,63.39,64.25,64.98,,,
6/02/2006,63.33,64.26,65.05,,,
7/02/2006,61.56,62.57,63.45,,,
8/02/2006,61.06,62.05,62.87,,,
9/02/2006,60.75,61.89,62.77,,,
10/02/2006,59.64,61.06,61.98,,,
13/02/2006,59.38,60.62,61.53,,,
14/02/2006,59.52,60.45,61.41,,,
15/02/2006,58.15,59.07,60.59,,,
16/02/2006,58.79,59.68,59.76,,,
17/02/2006,59.89,60.81,61.46,,,
20/02/2006,61.54,62.3,62.87,,,
21/02/2006,61.6,62.37,62.71,,,
22/02/2006,60.44,61.2,61.71,,,
23/02/2006,60.54,61.43,61.78,,,
24/02/2006,62.6,63.36,64.17,,,
27/02/2006,60.99,61.77,62.78,,,
28/02/2006,61.76,62.52,63.23,,,
1/03/2006,62.45,63.12,63.45,,,
2/03/2006,64.07,64.67,64.65,,,
3/03/2006,64.18,64.76,65.4,,,
6/03/2006,62.34,63.09,63.92,,,
7/03/2006,61.17,61.97,62.43,,,
8/03/2006,60.03,60.71,61.05,,,
9/03/2006,61.06,61.54,62.34,,,
10/03/2006,60.83,61.1,61.61,,,
13/03/2006,62.2,62.55,62.43,,,
14/03/2006,63.97,64.26,64.43,,,
15/03/2006,62.94,63.1,63.82,,,
16/03/2006,62.91,64.21,64.45,,,
17/03/2006,63.26,64.13,64.24,,,
20/03/2006,61.34,62.26,62.37,,,
21/03/2006,62.13,62.46,62.99,,,
22/03/2006,61.5,62.58,62.36,,,
23/03/2006,63.27,63.76,64.11,,,
24/03/2006,63.51,63.84,64.31,,,
27/03/2006,63.61,63.75,64.43,,,
28/03/2006,64.97,65.32,65.85,,,
29/03/2006,65.55,65.66,66.49,,,
30/03/2006,66.46,66.88,67.2,,,
31/03/2006,65.91,66.29,66.67,,,
3/04/2006,66.84,67.64,67.57,,,
4/04/2006,66.39,66.58,67.16,,,
5/04/2006,67.1,67.33,67.72,,,
6/04/2006,67.84,67.9,68.38,,,
7/04/2006,67.29,67.63,68.13,,,
10/04/2006,68.75,69.25,69.67,,,
11/04/2006,69.37,69.52,70.17,,,
12/04/2006,69.42,70.18,70.28,,,
13/04/2006,70.14,70.96,71.24,,,
17/04/2006,71.3,71.9,72.21,,,
18/04/2006,71.85,72.88,73.13,,,
19/04/2006,72.95,74.05,74.28,,,
20/04/2006,72.87,73.51,73.79,,,
21/04/2006,74.17,74.93,75.27,,,
24/04/2006,73.86,73.47,73.89,,,
25/04/2006,72.46,73.72,74.17,,,
26/04/2006,72.44,72.64,73.13,,,
27/04/2006,71.02,71.54,72.04,,,
28/04/2006,72.5,72.6,73.09,,,
1/05/2006,73.4,74.43,74.89,,,
2/05/2006,74.87,75.21,75.66,,,
3/05/2006,73.32,73.19,73.69,,,
4/05/2006,70.39,70.87,71.42,,,
5/05/2006,70.88,71.5,72.08,,,
8/05/2006,69.33,70.8,71.4,,,
9/05/2006,71.22,71.81,72.45,,,
10/05/2006,70.82,73.11,73.71,,,
11/05/2006,72.51,74.04,74.6,,,
12/05/2006,72.18,72.79,73.34,,,
15/05/2006,70.21,70.18,70.77,,,
16/05/2006,70.24,70.08,70.67,,,
17/05/2006,69.04,69.7,70.23,,,
18/05/2006,69.67,70.39,70.96,,,
19/05/2006,68.68,69.36,69.94,,,
22/05/2006,69.35,69.98,70.53,,,
23/05/2006,71,71.59,72.09,,,
24/05/2006,69.22,69.82,70.35,,,
25/05/2006,70.71,71.27,71.74,,,
26/05/2006,70.59,71.23,71.77,,,
30/05/2006,71.05,71.81,72.38,,,
31/05/2006,70.41,71.2,71.79,,,
1/06/2006,69.39,70.29,70.94,,,
2/06/2006,71.03,71.89,72.51,,,
5/06/2006,71.37,72.33,73.04,,,
6/06/2006,70.81,71.98,72.73,,,
7/06/2006,69.19,70.51,71.35,,,
8/06/2006,69.05,70.22,71.02,,,
9/06/2006,70.48,71.55,72.27,,,
12/06/2006,68.93,70.22,71,,,
13/06/2006,66.92,68.3,69.1,,,
14/06/2006,66.98,68.49,69.28,,,
15/06/2006,67.43,68.45,69.14,,,
16/06/2006,68.8,69.43,70.01,,,
19/06/2006,68.11,68.73,69.31,,,
20/06/2006,68.08,68.6,69.15,,,
21/06/2006,69.17,69.67,70.2,,,
22/06/2006,69.95,70.51,71.03,,,
23/06/2006,69.93,70.59,71.17,,,
26/06/2006,70.73,71.47,72.08,,,
27/06/2006,70.98,71.62,72.21,,,
28/06/2006,71.41,71.87,72.45,,,
29/06/2006,72.88,73.31,73.83,,,
30/06/2006,73.51,74.11,74.69,,,
3/07/2006,73.39,74.01,74.6,,,
4/07/2006,72.51,73.22,73.88,,,
5/07/2006,73.98,74.87,75.55,,,
6/07/2006,74.08,74.96,75.65,,,
7/07/2006,73.51,74.22,74.89,,,
10/07/2006,72.89,73.54,74.18,,,
11/07/2006,73.67,74.19,74.79,,,
12/07/2006,74.39,74.96,75.52,,,
13/07/2006,76.69,77.19,77.66,,,
14/07/2006,77.27,77.58,78.17,,,
17/07/2006,75.92,76.62,77.13,,,
18/07/2006,74.36,75.05,75.58,,,
19/07/2006,73.9,74.52,75.05,,,
20/07/2006,73.72,74.14,74.61,,,
21/07/2006,73.75,74.21,74.7,,,
24/07/2006,74.61,74.87,75.35,,,
25/07/2006,73.28,73.61,74.18,,,
26/07/2006,74,74.16,74.69,,,
27/07/2006,75.01,75.04,75.49,,,
28/07/2006,73.39,73.59,74.09,,,
31/07/2006,75.15,75.23,75.68,,,
1/08/2006,75.89,75.76,76.11,,,
2/08/2006,76.89,76.63,76.85,,,
3/08/2006,76.56,76.49,76.76,,,
4/08/2006,76.17,76.03,76.34,,,
7/08/2006,78.3,78.16,78.32,,,
8/08/2006,77.55,77.36,77.51,,,
9/08/2006,77.28,77.13,77.37,,,
10/08/2006,75.28,75.12,75.54,,,
11/08/2006,75.63,75.51,75.99,,,
14/08/2006,74.3,74.43,75.03,,,
15/08/2006,73.8,73.77,74.43,,,
16/08/2006,73.08,72.83,73.59,,,
17/08/2006,71.58,72.29,72.86,,,
18/08/2006,72.3,72.93,73.43,,,
21/08/2006,73.38,74.11,74.66,,,
22/08/2006,73.24,74.04,74.71,,,
23/08/2006,72.02,72.84,73.52,,,
24/08/2006,72.68,73.43,74.03,,,
25/08/2006,72.7,73.5,74.12,,,
28/08/2006,70.82,71.75,72.48,,,
29/08/2006,69.86,70.89,71.71,,,
30/08/2006,70.18,71.11,71.87,,,
31/08/2006,70.25,71.32,72.12,,,
1/09/2006,69.15,70.22,71.04,,,
4/09/2006,67.71,68.85,69.74,,,
5/09/2006,68.09,69.29,70.16,,,
6/09/2006,66.93,68.19,69.13,,,
7/09/2006,66.53,67.85,68.78,,,
8/09/2006,65.33,66.65,67.62,,,
11/09/2006,64.55,65.87,66.85,,,
12/09/2006,62.99,64.29,65.28,,,
13/09/2006,62.99,64.29,65.32,,,
14/09/2006,62.24,63.54,64.69,,,
15/09/2006,63.33,64.5,65.48,,,
18/09/2006,64.05,65.1,65.95,,,
19/09/2006,62.17,63.19,64.03,,,
20/09/2006,60.47,61.6,62.47,,,
21/09/2006,61.34,62.38,63.18,,,
22/09/2006,60.41,61.54,62.4,,,
25/09/2006,60.8,61.97,62.89,,,
26/09/2006,60.12,61.4,62.33,,,
27/09/2006,62.21,63.34,64.2,,,
28/09/2006,62.54,63.54,64.36,,,
29/09/2006,62.48,63.86,64.84,,,
2/10/2006,60.45,61.85,62.93,,,
3/10/2006,58.43,59.73,60.78,,,
4/10/2006,59.22,60.45,61.42,,,
5/10/2006,60,61.14,62.07,,,
6/10/2006,59.83,60.89,61.86,,,
9/10/2006,60.54,61.46,62.34,,,
10/10/2006,59.34,60.3,61.31,,,
11/10/2006,58.65,59.63,60.79,,,
12/10/2006,58.76,59.89,61.12,,,
13/10/2006,59.52,60.68,61.8,,,
16/10/2006,59.96,61.66,62.86,,,
17/10/2006,60.94,62.22,63.2,,,
18/10/2006,59.58,60.82,61.83,,,
19/10/2006,60.87,62,62.91,,,
20/10/2006,59.68,60.99,62,,,
23/10/2006,59.21,60.54,61.6,,,
24/10/2006,59.86,61.13,62.21,,,
25/10/2006,62.05,63.2,64.14,,,
26/10/2006,60.77,62.06,63.11,,,
27/10/2006,61.08,62.43,63.58,,,
30/10/2006,58.68,60.13,61.38,,,
31/10/2006,59.03,60.51,61.76,,,
1/11/2006,58.98,60.49,61.72,,,
2/11/2006,57.87,59.45,60.68,,,
3/11/2006,59.15,60.68,61.94,,,
6/11/2006,59.75,61.43,62.75,,,
7/11/2006,58.48,60.09,61.42,,,
8/11/2006,59.59,61.05,62.27,,,
9/11/2006,61.32,62.79,63.99,,,
10/11/2006,59.71,61.18,62.48,,,
13/11/2006,59.05,60.44,61.72,,,
14/11/2006,58.84,60.09,61.29,,,
15/11/2006,59.46,60.61,61.9,,,
16/11/2006,58.54,59.88,60.96,,,
17/11/2006,58.99,60.29,61.35,,,
20/11/2006,58.98,60.18,61.19,,,
21/11/2006,60.39,61.52,62.48,,,
22/11/2006,59.49,60.66,61.74,,,
23/11/2006,59.35,60.55,61.65,,,
24/11/2006,60.03,61.15,62.18,,,
27/11/2006,60.44,61.49,62.46,,,
28/11/2006,61.21,62.18,63.09,,,
29/11/2006,63.07,63.88,64.69,,,
30/11/2006,64.26,64.92,65.66,,,
1/12/2006,64.62,65.3,66.13,,,
4/12/2006,63.45,64.24,65.19,,,
5/12/2006,63.32,64.01,64.96,,,
6/12/2006,63.07,63.51,64.36,,,
7/12/2006,62.57,63.05,63.83,,,
8/12/2006,62.2,62.6,63.29,,,
11/12/2006,61.84,62.1,62.85,,,
12/12/2006,61.52,61.69,62.43,,,
13/12/2006,61.33,61.73,62.48,,,
14/12/2006,62.12,62.89,63.72,,,
15/12/2006,63.49,64.31,65,,,
18/12/2006,62.13,62.94,63.63,,,
19/12/2006,62.81,63.61,64.28,,,
20/12/2006,63.23,64.18,64.94,,,
21/12/2006,62.46,63.49,64.34,,,
22/12/2006,62.42,63.31,64.1,,,
26/12/2006,61.1,61.99,62.79,,,
27/12/2006,60.52,61.47,62.31,,,
28/12/2006,60.67,61.63,62.44,,,
29/12/2006,60.86,62.07,63.01,,,
2/01/2007,60.44,61.6,62.55,,,
3/01/2007,57.96,59.04,59.95,,,
4/01/2007,55.11,56.24,57.2,,,
5/01/2007,55.64,56.89,57.89,,,
8/01/2007,55.6,56.85,57.91,,,
9/01/2007,55.18,56.38,57.42,,,
10/01/2007,53.69,54.63,55.56,,,
11/01/2007,51.7,52.47,53.37,,,
12/01/2007,52.95,53.44,54.19,,,
15/01/2007,53.12,53.45,54.15,,,
16/01/2007,52.26,51.62,52.44,,,
17/01/2007,52.78,53.41,53.97,,,
18/01/2007,51.75,52.44,53.1,,,
19/01/2007,53.44,54.13,54.81,,,
22/01/2007,52.7,53.5,54.3,,,
23/01/2007,55.1,55.68,56.39,,,
24/01/2007,55.43,55.88,56.51,,,
25/01/2007,54.12,54.79,55.5,,,
26/01/2007,55.29,55.98,56.69,,,
29/01/2007,53.68,54.44,55.19,,,
30/01/2007,56.39,57.2,57.93,,,
31/01/2007,57.4,58.36,59.13,,,
1/02/2007,56.72,57.62,58.41,,,
2/02/2007,58.41,59.31,60.09,,,
5/02/2007,58.1,58.96,59.74,,,
6/02/2007,58.42,58.95,59.6,,,
7/02/2007,57.23,57.74,58.36,,,
8/02/2007,59.03,59.78,60.49,,,
9/02/2007,59.01,59.77,60.51,,,
12/02/2007,56.6,57.38,58.31,,,
13/02/2007,57.03,58.78,59.67,,,
14/02/2007,57.43,58.26,59,,,
15/02/2007,57.6,58.39,59.11,,,
16/02/2007,58.95,59.69,60.32,,,
19/02/2007,58.14,58.88,59.54,,,
20/02/2007,57.98,58.78,59.5,,,
21/02/2007,59.35,60.1,60.81,,,
22/02/2007,60.62,61.46,62.25,,,
23/02/2007,60.88,61.92,62.84,,,
26/02/2007,61.33,62.33,63.2,,,
27/02/2007,61.36,62.32,63.18,,,
28/02/2007,61.89,62.78,63.57,,,
1/03/2007,62.11,62.85,63.63,,,
2/03/2007,62.08,62.75,63.44,,,
5/03/2007,60.54,61.28,62,,,
6/03/2007,61.39,62.12,62.82,,,
7/03/2007,62.5,63.18,63.9,,,
8/03/2007,62.33,63.06,63.87,,,
9/03/2007,61.13,61.7,62.49,,,
12/03/2007,60.74,61.14,61.81,,,
13/03/2007,60.9,61.2,61.92,,,
14/03/2007,61.06,61.29,62.04,,,
15/03/2007,60.98,60.68,61.46,,,
16/03/2007,60.3,61.08,61.71,,,
19/03/2007,60.52,61.37,62.02,,,
20/03/2007,60.2,61.07,61.74,,,
21/03/2007,60.77,61.49,62.12,,,
22/03/2007,62.51,63.22,63.8,,,
23/03/2007,63.18,63.76,64.32,,,
26/03/2007,64.41,65.07,65.62,,,
27/03/2007,64.6,65.33,65.94,,,
28/03/2007,65.78,66.27,66.75,,,
29/03/2007,67.88,68.09,68.29,,,
30/03/2007,68.1,68.18,68.3,,,
2/04/2007,68.74,68.56,68.66,,,
3/04/2007,67.81,67.76,68.02,,,
4/04/2007,68.4,68.38,68.65,,,
5/04/2007,68.24,68.47,68.85,,,
9/04/2007,66.59,66.91,67.45,,,
10/04/2007,67.42,67.66,68.29,,,
11/04/2007,67.84,67.85,68.33,,,
12/04/2007,68.72,68.91,69.33,,,
13/04/2007,68.97,68.63,69.02,,,
16/04/2007,67.25,67.66,68.15,,,
17/04/2007,65.93,66.37,66.9,,,
18/04/2007,66.04,66.44,66.91,,,
19/04/2007,65.94,66.19,66.59,,,
20/04/2007,66.49,66.84,67.21,,,
23/04/2007,68.15,68.43,68.81,,,
24/04/2007,67.16,67.47,67.88,,,
25/04/2007,68.57,68.94,69.35,,,
26/04/2007,67.65,68.07,68.52,,,
27/04/2007,68.41,68.96,69.48,,,
30/04/2007,67.65,68.22,68.78,,,
1/05/2007,67,67.42,67.94,,,
2/05/2007,66.25,66.77,67.34,,,
3/05/2007,66.05,66.61,67.19,,,
4/05/2007,65.31,65.95,66.59,,,
7/05/2007,64.44,65.05,65.73,,,
8/05/2007,65.54,66.01,66.55,,,
9/05/2007,65.2,65.55,66.03,,,
10/05/2007,65.79,66.22,66.68,,,
11/05/2007,66.83,67.3,67.78,,,
14/05/2007,66.83,67.28,67.67,,,
15/05/2007,68.11,68.42,68.7,,,
16/05/2007,68.01,67.97,68.24,,,
17/05/2007,70.27,70.52,70.75,,,
18/05/2007,69.42,69.75,70.07,,,
21/05/2007,70.49,70.74,71.03,,,
22/05/2007,69.52,69.77,70.02,,,
23/05/2007,70.6,70.77,70.99,,,
24/05/2007,70.72,70.97,71.19,,,
25/05/2007,70.69,71.03,71.31,,,
28/05/2007,69.71,70.06,70.33,,,
29/05/2007,68.13,68.53,68.92,,,
30/05/2007,67.84,68.26,68.64,,,
31/05/2007,68.04,68.33,68.68,,,
1/06/2007,69.07,69.29,69.65,,,
4/06/2007,70.4,70.58,70.95,,,
5/06/2007,70.45,70.56,70.91,,,
6/06/2007,71.02,70.98,71.28,,,
7/06/2007,71.22,71.26,71.65,,,
8/06/2007,68.6,68.65,69.12,,,
11/06/2007,69.56,69.57,70.08,,,
12/06/2007,68.79,68.92,69.61,,,
13/06/2007,69.94,69.95,70.56,,,
14/06/2007,70.96,71.36,71.81,,,
15/06/2007,71.47,72.05,72.4,,,
18/06/2007,72.18,72.83,73.16,,,
19/06/2007,71.84,72.46,72.77,,,
20/06/2007,70.42,71.31,71.74,,,
21/06/2007,70.22,71.11,71.48,,,
22/06/2007,71.18,71.99,72.42,,,
25/06/2007,71.36,72.19,72.64,,,
26/06/2007,70.17,70.77,71.14,,,
27/06/2007,70.53,71.3,71.6,,,
28/06/2007,70.52,71.36,71.59,,,
29/06/2007,71.41,72.25,72.47,,,
2/07/2007,72.63,73.51,73.74,,,
3/07/2007,72.93,73.86,74.08,,,
4/07/2007,73.05,73.88,74.04,,,
5/07/2007,74.75,75.21,75.09,,,
6/07/2007,75.62,75.74,75.51,,,
9/07/2007,75.78,76.04,75.9,,,
10/07/2007,76.4,76.68,76.6,,,
11/07/2007,75.44,75.81,75.85,,,
12/07/2007,76.4,76.44,76.29,,,
13/07/2007,77.57,77.1,76.73,,,
16/07/2007,77.33,76.29,76.04,,,
17/07/2007,75.53,75.31,75.13,,,
18/07/2007,76.76,76.45,76.21,,,
19/07/2007,77.67,77.36,77.08,,,
20/07/2007,77.64,77.41,77.18,,,
23/07/2007,76.86,76.68,76.55,,,
24/07/2007,75.08,75.14,75.21,,,
25/07/2007,76.32,76.35,76.38,,,
26/07/2007,75.18,75.1,75.09,,,
27/07/2007,76.26,76.04,75.89,,,
30/07/2007,75.74,75.55,75.35,,,
31/07/2007,77.05,76.88,76.66,,,
1/08/2007,75.35,75.47,75.57,,,
2/08/2007,75.76,75.75,75.79,,,
3/08/2007,74.75,74.83,74.96,,,
6/08/2007,71.17,71.52,71.78,,,
7/08/2007,71.8,72.13,72.39,,,
8/08/2007,70.99,71.29,71.57,,,
9/08/2007,70.21,70.57,71.03,,,
10/08/2007,70.39,70.63,71.01,,,
13/08/2007,70.23,70.43,70.78,,,
14/08/2007,70.51,70.78,71.16,,,
15/08/2007,71.64,71.96,72.31,,,
16/08/2007,69.42,69.77,70.18,,,
17/08/2007,70.44,70.79,70.99,,,
20/08/2007,69.85,70.2,70.39,,,
21/08/2007,68.69,69.01,69.21,,,
22/08/2007,68.7,68.93,69.08,,,
23/08/2007,69.86,69.92,69.94,,,
24/08/2007,70.62,70.68,70.7,,,
27/08/2007,70.95,71.02,71.01,,,
28/08/2007,70.55,70.67,70.71,,,
29/08/2007,72.13,71.94,71.83,,,
30/08/2007,71.9,71.68,71.53,,,
31/08/2007,72.69,72.35,72.09,,,
3/09/2007,73.41,73.04,72.76,,,
4/09/2007,73.92,73.47,73.19,,,
5/09/2007,74.34,73.8,73.42,,,
6/09/2007,74.77,74.39,74.08,,,
7/09/2007,75.07,74.66,74.44,,,
10/09/2007,75.48,75.02,74.74,,,
11/09/2007,76.38,75.77,75.45,,,
12/09/2007,77.68,77.16,76.94,,,
13/09/2007,77.4,77.12,76.89,,,
14/09/2007,76.22,76.21,76.1,,,
17/09/2007,76.98,77.12,77.05,,,
18/09/2007,77.59,77.66,77.52,,,
19/09/2007,78.47,78.45,78.28,,,
20/09/2007,79.09,79.21,79.15,,,
21/09/2007,79.3,79.39,79.37,,,
24/09/2007,78.91,79.15,79.2,,,
25/09/2007,77.62,77.72,77.72,,,
26/09/2007,77.43,77.34,77.22,,,
27/09/2007,80.03,79.79,79.51,,,
28/09/2007,79.17,78.88,78.61,,,
1/10/2007,77.64,77.49,77.37,,,
2/10/2007,77.38,77.07,76.88,,,
3/10/2007,77.19,76.83,76.61,,,
4/10/2007,78.97,78.7,78.52,,,
5/10/2007,78.9,78.67,78.61,,,
8/10/2007,76.58,76.35,76.35,,,
9/10/2007,77.49,77.29,77.24,,,
10/10/2007,78.6,78.32,78.14,,,
11/10/2007,80.15,79.77,79.54,,,
12/10/2007,80.55,80.17,79.91,,,
15/10/2007,82.75,82.27,81.94,,,
16/10/2007,84.16,83.55,83.12,,,
17/10/2007,83.13,82.67,82.2,,,
18/10/2007,84.6,84.22,83.8,,,
19/10/2007,83.79,83.47,83.08,,,
22/10/2007,83.27,83.02,82.68,,,
23/10/2007,82.85,82.64,82.34,,,
24/10/2007,84.37,84.14,83.82,,,
25/10/2007,87.48,87.1,86.63,,,
26/10/2007,88.69,88.27,87.82,,,
29/10/2007,90.32,89.9,89.52,,,
30/10/2007,87.44,87.08,86.79,,,
31/10/2007,90.63,90.22,89.8,,,
1/11/2007,89.72,89.29,88.88,,,
2/11/2007,92.08,91.61,91.17,,,
5/11/2007,90.49,90.1,89.76,,,
6/11/2007,93.26,92.79,92.37,,,
7/11/2007,93.24,92.83,92.48,,,
8/11/2007,92.79,92.44,92.11,,,
9/11/2007,93.18,92.75,92.38,,,
12/11/2007,91.98,91.48,91.11,,,
13/11/2007,88.83,88.36,88.01,,,
14/11/2007,91.36,90.76,90.3,,,
15/11/2007,90.94,90.23,89.74,,,
16/11/2007,91.62,91.13,90.61,,,
19/11/2007,92.28,91.81,91.3,,,
20/11/2007,95.49,94.98,94.4,,,
21/11/2007,94.84,94.31,93.71,,,
22/11/2007,94.5,93.92,93.32,,,
23/11/2007,95.76,95.14,94.53,,,
26/11/2007,95.32,94.69,94.11,,,
27/11/2007,92.52,91.95,91.47,,,
28/11/2007,89.81,89.32,88.91,,,
29/11/2007,90.22,89.81,89.45,,,
30/11/2007,88.26,87.9,87.62,,,
3/12/2007,89.8,89.37,89.05,,,
4/12/2007,89.53,89.2,88.96,,,
5/12/2007,88.49,88.21,88.02,,,
6/12/2007,90.18,89.95,89.76,,,
7/12/2007,88.64,88.47,88.31,,,
10/12/2007,88.04,87.9,87.79,,,
11/12/2007,89.99,89.65,89.47,,,
12/12/2007,94.02,93.54,93.25,,,
13/12/2007,92.12,91.82,91.63,,,
14/12/2007,92.67,91.69,91.51,,,
17/12/2007,91.29,91.16,91.03,,,
18/12/2007,90.12,89.96,89.83,,,
19/12/2007,91.48,91.22,90.99,,,
20/12/2007,90.88,90.61,90.4,,,
21/12/2007,92.46,92.12,91.85,,,
24/12/2007,92.7,92.41,92.16,,,
26/12/2007,93.94,93.69,93.39,,,
27/12/2007,94.78,94.48,94.2,,,
28/12/2007,93.88,93.77,93.71,,,
31/12/2007,93.85,93.66,93.48,,,
2/01/2008,97.84,97.59,97.33,,,
3/01/2008,97.6,97.38,97.16,,,
4/01/2008,96.79,96.51,96.28,,,
7/01/2008,94.39,94.15,93.99,,,
8/01/2008,95.54,95.28,95.08,,,
9/01/2008,94.37,93.98,93.64,,,
10/01/2008,92.22,91.88,91.64,,,
11/01/2008,91.07,90.77,90.6,,,
14/01/2008,92.92,92.6,92.37,,,
15/01/2008,90.98,90.82,90.63,,,
16/01/2008,89.75,89.5,89.3,,,
17/01/2008,88.75,88.52,88.32,,,
18/01/2008,89.23,88.9,88.6,,,
21/01/2008,87.51,87.26,87.02,,,
22/01/2008,88.45,88.17,87.91,,,
23/01/2008,86.62,86.26,86.02,,,
24/01/2008,89.07,88.67,88.37,,,
25/01/2008,90.9,90.53,90.27,,,
28/01/2008,91.38,91.01,90.74,,,
29/01/2008,92,91.53,91.23,,,
30/01/2008,92.53,92.11,91.83,,,
31/01/2008,92.21,91.82,91.59,,,
1/02/2008,89.44,89.11,88.96,,,
4/02/2008,90.47,90.18,90.02,,,
5/02/2008,88.82,88.5,88.35,,,
6/02/2008,87.78,87.5,87.4,,,
7/02/2008,88.51,88.22,88.18,,,
8/02/2008,91.94,91.64,91.52,,,
11/02/2008,93.53,93.18,93,,,
12/02/2008,92.86,92.46,92.3,,,
13/02/2008,93.32,92.93,92.77,,,
14/02/2008,95.09,95.16,94.97,,,
15/02/2008,94.63,94.47,94.3,,,
18/02/2008,94.91,94.75,94.6,,,
19/02/2008,98.56,98.34,98.12,,,
20/02/2008,98.42,98.25,98.07,,,
21/02/2008,96.24,96.16,96.08,,,
22/02/2008,97.01,96.91,96.82,,,
25/02/2008,97.69,97.52,97.4,,,
26/02/2008,99.47,99.2,99.04,,,
27/02/2008,98.27,98.05,97.94,,,
28/02/2008,100.9,100.63,100.49,,,
29/02/2008,100.1,99.78,99.65,,,
3/03/2008,100.48,100.15,100,,,
4/03/2008,97.52,97.23,97.09,,,
5/03/2008,101.64,101.24,100.99,,,
6/03/2008,102.61,102.05,101.77,,,
7/03/2008,102.38,101.66,101.26,,,
10/03/2008,104.16,103.36,102.91,,,
11/03/2008,105.25,104.33,103.91,,,
12/03/2008,106.27,105.31,104.92,,,
13/03/2008,107.54,106.45,106,,,
14/03/2008,107.55,106.2,105.78,,,
17/03/2008,101.75,101.46,101.15,,,
18/03/2008,105.56,105.3,105.03,,,
19/03/2008,100.72,100.49,100.23,,,
20/03/2008,100.38,100.13,99.83,,,
24/03/2008,99.86,99.64,99.37,,,
25/03/2008,100.6,100.36,100.09,,,
26/03/2008,103.99,103.71,103.39,,,
27/03/2008,105,104.78,104.45,,,
28/03/2008,103.77,103.56,103.24,,,
31/03/2008,100.3,100.11,99.83,,,
1/04/2008,100.17,99.9,99.59,,,
2/04/2008,103.75,103.51,103.22,,,
3/04/2008,102.52,102.32,102.03,,,
4/04/2008,104.9,104.76,104.51,,,
7/04/2008,107.14,107.02,106.78,,,
8/04/2008,106.34,106.19,105.92,,,
9/04/2008,108.47,108.36,108.11,,,
10/04/2008,108.2,108.07,107.84,,,
11/04/2008,108.75,108.51,108.25,,,
14/04/2008,109.84,109.58,109.28,,,
15/04/2008,111.31,111.58,111.32,,,
16/04/2008,112.66,112.5,112.21,,,
17/04/2008,112.43,112.32,112.1,,,
18/04/2008,113.92,113.79,113.54,,,
21/04/2008,114.43,114.22,113.92,,,
22/04/2008,115.95,115.68,115.34,,,
23/04/2008,116.46,116.16,115.82,,,
24/04/2008,114.34,113.94,113.55,,,
25/04/2008,116.34,115.89,115.49,,,
28/04/2008,116.74,116.28,115.84,,,
29/04/2008,113.43,113.15,112.81,,,
30/04/2008,111.36,111.08,110.77,,,
1/05/2008,110.5,110.3,110.04,,,
2/05/2008,114.56,114.36,114.13,,,
5/05/2008,117.99,117.78,117.57,,,
6/05/2008,120.31,120.04,119.77,,,
7/05/2008,122.32,122.05,121.8,,,
8/05/2008,122.84,122.72,122.59,,,
9/05/2008,125.4,125.49,125.59,,,
12/05/2008,122.91,123.32,123.59,,,
13/05/2008,124.1,124.69,124.97,,,
14/05/2008,121.86,123.01,123.49,,,
15/05/2008,121.25,122.63,123.05,,,
16/05/2008,124.99,125.38,125.58,,,
19/05/2008,125.06,125.69,126.11,,,
20/05/2008,127.84,128.65,129.26,,,
21/05/2008,132.7,133.46,133.99,,,
22/05/2008,130.51,130.79,131,,,
23/05/2008,131.57,131.87,132.13,,,
26/05/2008,132.37,132.55,132.69,,,
27/05/2008,128.31,128.43,128.58,,,
28/05/2008,130.93,130.86,130.84,,,
29/05/2008,126.89,126.93,126.98,,,
30/05/2008,127.78,127.79,127.82,,,
2/06/2008,128.02,128.41,128.77,,,
3/06/2008,124.58,125.16,125.62,,,
4/06/2008,122.1,122.62,123.06,,,
5/06/2008,127.54,128.08,128.5,,,
6/06/2008,137.69,138.16,138.47,,,
9/06/2008,133.91,134.36,134.75,,,
10/06/2008,131.02,131.78,132.34,,,
11/06/2008,135.02,136.26,137.05,,,
12/06/2008,136.09,137.25,137.95,,,
13/06/2008,134.25,135.11,135.87,,,
16/06/2008,134.71,135.73,136.46,,,
17/06/2008,133.72,134.64,135.36,,,
18/06/2008,136.44,137.2,137.7,,,
19/06/2008,132,132.69,133.21,,,
20/06/2008,134.86,135.4,135.82,,,
23/06/2008,135.91,136.61,137.11,,,
24/06/2008,136.46,137.02,137.47,,,
25/06/2008,134.33,134.99,135.51,,,
26/06/2008,139.83,140.25,140.62,,,
27/06/2008,140.31,140.91,141.42,,,
30/06/2008,139.83,140.6,141.28,,,
1/07/2008,140.67,141.46,142.19,,,
2/07/2008,144.26,144.81,145.35,,,
3/07/2008,146.08,146.6,147.05,,,
4/07/2008,144.42,145.11,145.67,,,
7/07/2008,141.87,142.66,143.37,,,
8/07/2008,136.43,137.35,138.17,,,
9/07/2008,136.58,137.46,138.26,,,
10/07/2008,142.03,142.88,143.67,,,
11/07/2008,144.49,145.57,146.48,,,
14/07/2008,143.92,145.33,146.27,,,
15/07/2008,138.75,139.86,140.75,,,
16/07/2008,136.19,135.81,136.84,,,
17/07/2008,131.07,132.08,132.99,,,
18/07/2008,130.19,131.11,131.95,,,
21/07/2008,132.61,133.51,134.35,,,
22/07/2008,129.55,130.51,131.46,,,
23/07/2008,125.29,126.38,127.4,,,
24/07/2008,126.44,127.52,128.46,,,
25/07/2008,124.52,125.52,126.45,,,
28/07/2008,125.84,126.8,127.69,,,
29/07/2008,122.71,123.79,124.75,,,
30/07/2008,127.1,128.11,128.98,,,
31/07/2008,123.98,125.11,126.07,,,
1/08/2008,124.18,125.52,126.63,,,
4/08/2008,120.68,122.03,123.12,,,
5/08/2008,117.7,119.09,120.18,,,
6/08/2008,117,118.1,119.04,,,
7/08/2008,117.86,118.74,119.59,,,
8/08/2008,113.33,114.62,115.74,,,
11/08/2008,112.67,114.07,115.26,,,
12/08/2008,111.15,112.5,113.61,,,
13/08/2008,113.47,114.85,115.85,,,
14/08/2008,112.64,113.68,114.71,,,
15/08/2008,112.55,113.75,114.79,,,
18/08/2008,111.94,113.19,114.24,,,
19/08/2008,113.25,114.55,115.62,,,
20/08/2008,114.36,115.73,116.88,,,
21/08/2008,120.16,121.47,122.62,,,
22/08/2008,113.92,115.17,116.25,,,
25/08/2008,114.03,115.38,116.55,,,
26/08/2008,114.63,116.01,117.17,,,
27/08/2008,116.22,117.59,118.73,,,
28/08/2008,114.17,115.45,116.55,,,
29/08/2008,114.05,115.38,116.51,,,
1/09/2008,109.41,110.81,112.03,,,
2/09/2008,108.34,109.83,111.15,,,
3/09/2008,108.06,109.43,110.61,,,
4/09/2008,106.3,107.76,109.01,,,
5/09/2008,104.09,105.68,107.03,,,
8/09/2008,103.44,105.09,106.45,,,
9/09/2008,100.34,102.01,103.39,,,
10/09/2008,98.97,100.75,102.12,,,
11/09/2008,97.64,99.32,100.58,,,
12/09/2008,97.58,99.38,100.85,,,
15/09/2008,92.38,94.24,95.74,,,
16/09/2008,89.22,90.57,91.62,,,
17/09/2008,94.84,96.03,96.99,,,
18/09/2008,95.19,96.41,97.42,,,
19/09/2008,99.61,100.79,101.78,,,
22/09/2008,106.04,106.97,107.74,,,
23/09/2008,103.08,103.77,104.39,,,
24/09/2008,102.45,103.3,104.02,,,
25/09/2008,104.6,105.55,106.35,,,
26/09/2008,103.54,104.59,105.51,,,
29/09/2008,93.98,95.37,96.53,,,
30/09/2008,98.17,99.56,100.77,,,
1/10/2008,95.33,96.75,97.99,,,
2/10/2008,90.56,91.81,92.95,,,
3/10/2008,90.25,91.59,92.73,,,
6/10/2008,83.68,85.07,86.38,,,
7/10/2008,84.66,85.92,87.22,,,
8/10/2008,84.36,85.71,87.12,,,
9/10/2008,82.66,83.96,85.42,,,
10/10/2008,74.09,75.82,77.63,,,
13/10/2008,77.46,79.21,80.93,,,
14/10/2008,74.53,76.38,78.12,,,
15/10/2008,70.8,72.58,74.32,,,
16/10/2008,66.32,67.84,69.53,,,
17/10/2008,69.6,71.19,72.56,,,
20/10/2008,72.03,73.56,74.83,,,
21/10/2008,69.72,71.16,72.43,,,
22/10/2008,64.52,65.95,67.16,,,
23/10/2008,65.92,67.26,68.36,,,
24/10/2008,62.05,63.64,64.9,,,
27/10/2008,61.41,63.19,64.59,,,
28/10/2008,60.29,62.17,63.68,,,
29/10/2008,65.47,67.13,68.52,,,
30/10/2008,63.71,65.42,66.9,,,
31/10/2008,65.32,67.15,68.7,,,
3/11/2008,60.48,62.52,64.24,,,
4/11/2008,66.44,68.6,70.47,,,
5/11/2008,61.87,63.83,65.57,,,
6/11/2008,57.43,59.51,61.34,,,
7/11/2008,57.35,59.48,61.42,,,
10/11/2008,59.08,61.11,62.97,,,
11/11/2008,55.71,57.75,59.62,,,
12/11/2008,52.37,54.52,56.49,,,
13/11/2008,51.99,56.24,58.32,,,
14/11/2008,54.24,56.26,58.08,,,
17/11/2008,52.31,54.22,55.91,,,
18/11/2008,51.84,53.69,55.31,,,
19/11/2008,51.72,53.49,54.99,,,
20/11/2008,48.08,49.79,51.24,,,
21/11/2008,49.19,50.9,52.34,,,
24/11/2008,53.93,55.64,57.14,,,
25/11/2008,50.35,52.33,54.02,,,
26/11/2008,53.92,55.97,57.73,,,
27/11/2008,53.13,55.21,57.01,,,
28/11/2008,53.49,55.58,57.38,,,
1/12/2008,47.97,50.05,51.92,,,
2/12/2008,45.44,47.64,49.58,,,
3/12/2008,45.44,47.8,49.86,,,
4/12/2008,42.28,44.65,46.8,,,
5/12/2008,39.74,42.12,44.32,,,
8/12/2008,43.42,45.82,48.09,,,
9/12/2008,41.53,44.05,46.44,,,
10/12/2008,42.4,45.04,47.32,,,
11/12/2008,47.39,50.04,52.19,,,
12/12/2008,46.41,49.08,51.37,,,
15/12/2008,44.6,47.14,49.43,,,
16/12/2008,44.56,46.65,48.89,,,
17/12/2008,45.53,47.8,49.71,,,
18/12/2008,43.36,45.82,47.78,,,
19/12/2008,44,46.28,48.08,,,
22/12/2008,41.45,43.93,45.85,,,
23/12/2008,40.36,42.82,44.73,,,
24/12/2008,36.61,39.17,41.18,,,
26/12/2008,38.37,41,43.01,,,
29/12/2008,40.55,43.2,45.3,,,
30/12/2008,40.15,42.92,45.12,,,
31/12/2008,45.59,48.82,51.27,,,
2/01/2009,46.91,49.8,52.06,,,
5/01/2009,49.62,52.4,54.52,,,
6/01/2009,50.53,53.27,55.36,,,
7/01/2009,45.86,48.67,50.92,,,
8/01/2009,44.67,47.55,50.02,,,
9/01/2009,44.42,47.24,49.74,,,
12/01/2009,42.91,45.52,47.9,,,
13/01/2009,44.83,47.44,49.73,,,
14/01/2009,45.08,47.62,49.9,,,
15/01/2009,44.69,47.68,49.91,,,
16/01/2009,46.57,48.68,50.54,,,
19/01/2009,44.5,46.31,47.99,,,
20/01/2009,43.62,45.43,47.13,,,
21/01/2009,45.02,46.59,47.99,,,
22/01/2009,45.39,47.15,48.68,,,
23/01/2009,48.37,50.06,51.47,,,
26/01/2009,46.96,48.83,50.4,,,
27/01/2009,43.73,45.96,47.85,,,
28/01/2009,44.9,47.14,49.08,,,
29/01/2009,45.4,47.36,49.18,,,
30/01/2009,45.88,47.7,49.37,,,
2/02/2009,43.82,45.55,47.04,,,
3/02/2009,44.08,45.69,47.1,,,
4/02/2009,44.15,46.09,47.79,,,
5/02/2009,46.46,48.15,49.73,,,
6/02/2009,46.21,47.99,49.7,,,
9/02/2009,46.02,47.62,49.31,,,
10/02/2009,44.61,45.85,47.46,,,
11/02/2009,44.28,45.32,46.97,,,
12/02/2009,44.65,46.03,47.57,,,
13/02/2009,44.81,46.26,47.5,,,
16/02/2009,43.28,44.66,45.94,,,
17/02/2009,41.03,42.45,43.7,,,
18/02/2009,39.55,40.75,41.87,,,
19/02/2009,41.99,43.28,44.42,,,
20/02/2009,41.89,43.14,44.27,,,
23/02/2009,40.99,42.36,43.66,,,
24/02/2009,42.5,43.84,45.11,,,
25/02/2009,44.29,45.42,46.53,,,
26/02/2009,46.51,47.61,48.76,,,
27/02/2009,46.35,47.2,48.24,,,
2/03/2009,42.21,43.16,44.19,,,
3/03/2009,43.7,44.56,45.48,,,
4/03/2009,46.12,46.99,47.92,,,
5/03/2009,43.64,44.78,45.98,,,
6/03/2009,44.85,45.94,47.15,,,
9/03/2009,44.13,45.35,46.54,,,
10/03/2009,43.96,45.15,46.41,,,
11/03/2009,41.4,42.55,43.9,,,
12/03/2009,45.09,46.2,47.46,,,
13/03/2009,44.93,45.88,47.07,,,
16/03/2009,43.98,46.46,47.69,,,
17/03/2009,48.24,49.61,50.69,,,
18/03/2009,47.66,49.18,50.46,,,
19/03/2009,50.67,52.03,53.27,,,
20/03/2009,51.22,52.49,53.66,,,
23/03/2009,53.47,54.95,56.28,,,
24/03/2009,53.5,54.94,56.26,,,
25/03/2009,51.75,53.14,54.46,,,
26/03/2009,53.46,54.83,56.12,,,
27/03/2009,51.98,53.42,54.76,,,
30/03/2009,47.99,49.5,50.96,,,
31/03/2009,49.23,50.56,51.9,,,
1/04/2009,48.44,49.6,50.79,,,
2/04/2009,52.75,53.91,55.13,,,
3/04/2009,53.47,54.6,55.84,,,
6/04/2009,52.24,53.43,54.72,,,
7/04/2009,51.22,52.4,53.72,,,
8/04/2009,51.59,52.69,53.94,,,
9/04/2009,54.06,54.94,56.11,,,
13/04/2009,52.14,53.03,54.25,,,
14/04/2009,51.96,52.93,54.18,,,
15/04/2009,51.79,52.44,53.61,,,
16/04/2009,53.06,54.18,55.3,,,
17/04/2009,53.35,54.45,55.54,,,
20/04/2009,49.86,51,52.16,,,
21/04/2009,49.82,50.94,52.11,,,
22/04/2009,49.81,50.84,51.95,,,
23/04/2009,50.11,51.14,52.17,,,
24/04/2009,51.67,52.63,53.6,,,
27/04/2009,50.32,51.34,52.38,,,
28/04/2009,49.99,51,52.08,,,
29/04/2009,50.78,51.8,52.85,,,
30/04/2009,50.8,51.86,52.93,,,
1/05/2009,52.85,53.94,55.06,,,
4/05/2009,54.58,55.75,56.93,,,
5/05/2009,54.12,55.28,56.44,,,
6/05/2009,56.15,57.15,58.21,,,
7/05/2009,56.47,57.43,58.5,,,
8/05/2009,58.14,59.07,60.07,,,
11/05/2009,57.48,58.39,59.39,,,
12/05/2009,57.94,58.75,59.63,,,
13/05/2009,57.34,58.12,58.97,,,
14/05/2009,56.69,58.59,59.43,,,
15/05/2009,55.98,56.77,57.55,,,
18/05/2009,58.47,59.22,59.98,,,
19/05/2009,58.92,59.73,60.48,,,
20/05/2009,60.59,61.29,61.92,,,
21/05/2009,59.93,60.69,61.4,,,
22/05/2009,60.78,61.56,62.26,,,
25/05/2009,60.21,61,61.71,,,
26/05/2009,61.24,62.01,62.7,,,
27/05/2009,62.5,63.19,63.83,,,
28/05/2009,64.39,65.09,65.76,,,
29/05/2009,65.52,66.18,66.8,,,
1/06/2009,67.97,68.61,69.21,,,
2/06/2009,68.17,68.85,69.52,,,
3/06/2009,65.88,66.68,67.45,,,
4/06/2009,68.71,69.45,70.17,,,
5/06/2009,68.34,69.06,69.77,,,
8/06/2009,67.88,68.67,69.43,,,
9/06/2009,69.62,70.3,70.99,,,
10/06/2009,70.8,71.45,72.12,,,
11/06/2009,71.79,72.55,73.27,,,
12/06/2009,70.92,71.8,72.52,,,
15/06/2009,69.44,70.24,71.01,,,
16/06/2009,70.24,70.98,71.7,,,
17/06/2009,70.85,71.65,72.4,,,
18/06/2009,71.06,71.78,72.45,,,
19/06/2009,69.19,69.92,70.62,,,
22/06/2009,66.98,67.67,68.36,,,
23/06/2009,68.8,69.4,70.01,,,
24/06/2009,68.33,68.95,69.6,,,
25/06/2009,69.78,70.41,71.06,,,
26/06/2009,68.92,69.53,70.19,,,
29/06/2009,70.99,71.62,72.27,,,
30/06/2009,69.3,69.9,70.58,,,
1/07/2009,68.79,69.35,70.02,,,
2/07/2009,66.65,67.2,67.9,,,
3/07/2009,65.61,66.11,66.81,,,
6/07/2009,64.05,64.45,65.15,,,
7/07/2009,63.23,63.5,64.21,,,
8/07/2009,60.43,60.82,61.51,,,
9/07/2009,61.1,61.33,61.97,,,
10/07/2009,60.52,60.66,61.23,,,
13/07/2009,60.69,60.71,61.19,,,
14/07/2009,60.86,60.85,61.32,,,
15/07/2009,63.09,63.52,64.02,,,
16/07/2009,62.75,63.75,64.43,,,
17/07/2009,65.38,66.04,66.82,,,
20/07/2009,66.44,67.16,67.97,,,
21/07/2009,66.87,67.55,68.34,,,
22/07/2009,67.21,67.94,68.8,,,
23/07/2009,69.25,70.01,70.85,,,
24/07/2009,70.32,70.97,71.78,,,
27/07/2009,70.81,71.31,72.01,,,
28/07/2009,69.88,70.32,71.07,,,
29/07/2009,66.53,66.95,67.73,,,
30/07/2009,70.11,70.48,71.21,,,
31/07/2009,71.7,72.21,72.98,,,
3/08/2009,73.55,73.98,74.7,,,
4/08/2009,74.28,74.61,75.34,,,
5/08/2009,75.51,75.83,76.55,,,
6/08/2009,74.83,75.24,76.06,,,
7/08/2009,73.59,74.07,74.88,,,
10/08/2009,73.5,74.02,74.89,,,
11/08/2009,72.46,72.96,73.74,,,
12/08/2009,72.89,73.41,74.18,,,
13/08/2009,73.48,73.94,74.67,,,
14/08/2009,72.41,71.44,72.17,,,
17/08/2009,70.54,71.31,72.07,,,
18/08/2009,72.37,73.07,73.78,,,
19/08/2009,74.59,75.28,76,,,
20/08/2009,73.33,73.99,74.67,,,
21/08/2009,74.19,74.85,75.52,,,
24/08/2009,74.26,75,75.74,,,
25/08/2009,71.82,72.59,73.34,,,
26/08/2009,71.65,72.36,73.07,,,
27/08/2009,72.51,73.17,73.87,,,
28/08/2009,72.79,73.46,74.16,,,
31/08/2009,69.65,70.38,71.15,,,
1/09/2009,67.73,68.48,69.24,,,
2/09/2009,67.66,68.37,69.1,,,
3/09/2009,67.12,67.85,68.6,,,
4/09/2009,66.82,67.52,68.27,,,
7/09/2009,66.53,67.24,68,,,
8/09/2009,69.42,70.15,70.9,,,
9/09/2009,69.83,70.59,71.35,,,
10/09/2009,69.86,70.65,71.44,,,
11/09/2009,67.69,68.5,69.29,,,
14/09/2009,67.44,68.37,69.16,,,
15/09/2009,67.35,69.86,70.63,,,
16/09/2009,71.67,72.37,73,,,
17/09/2009,71.55,72.28,72.96,,,
18/09/2009,71.32,72,72.66,,,
21/09/2009,68.69,69.42,70.11,,,
22/09/2009,70.53,71.22,71.88,,,
23/09/2009,67.99,68.72,69.41,,,
24/09/2009,64.82,65.6,66.34,,,
25/09/2009,65.11,65.83,66.51,,,
28/09/2009,65.54,66.29,66.99,,,
29/09/2009,65.49,66.25,66.94,,,
30/09/2009,69.07,69.8,70.47,,,
1/10/2009,69.19,69.97,70.68,,,
2/10/2009,68.07,68.86,69.57,,,
5/10/2009,68.04,68.83,69.56,,,
6/10/2009,68.56,69.36,70.08,,,
7/10/2009,67.2,68.04,68.82,,,
8/10/2009,69.77,70.54,71.29,,,
9/10/2009,70,70.71,71.45,,,
12/10/2009,71.36,72.04,72.77,,,
13/10/2009,72.4,72.99,73.73,,,
14/10/2009,73.1,73.87,74.6,,,
15/10/2009,74.45,76.23,76.98,,,
16/10/2009,76.99,77.69,78.35,,,
19/10/2009,77.77,78.47,79.15,,,
20/10/2009,77.24,77.98,78.66,,,
21/10/2009,79.69,80.45,81.15,,,
22/10/2009,79.51,80.25,80.95,,,
23/10/2009,78.92,79.69,80.42,,,
26/10/2009,77.26,78.04,78.8,,,
27/10/2009,77.92,78.66,79.39,,,
28/10/2009,75.86,76.6,77.32,,,
29/10/2009,78.04,78.81,79.53,,,
30/10/2009,75.2,76,76.76,,,
2/11/2009,76.55,77.36,78.12,,,
3/11/2009,78.11,78.94,79.72,,,
4/11/2009,78.89,79.71,80.51,,,
5/11/2009,77.99,78.77,79.55,,,
6/11/2009,75.87,76.62,77.39,,,
9/11/2009,77.77,78.57,79.34,,,
10/11/2009,77.5,78.28,79.04,,,
11/11/2009,77.95,78.7,79.45,,,
12/11/2009,76.02,76.77,77.54,,,
13/11/2009,75.55,76.31,77.05,,,
16/11/2009,78.76,79.5,80.22,,,
17/11/2009,78.97,79.76,80.51,,,
18/11/2009,79.47,80.27,81.04,,,
19/11/2009,77.64,78.46,79.25,,,
20/11/2009,77.2,77.99,78.77,,,
23/11/2009,77.46,78.23,79.02,,,
24/11/2009,76.46,77.28,78.1,,,
25/11/2009,78.44,79.24,80.05,,,
26/11/2009,76.99,77.78,78.58,,,
27/11/2009,77.18,77.98,78.79,,,
30/11/2009,78.47,79.3,80.11,,,
1/12/2009,79.35,80.17,80.98,,,
2/12/2009,77.88,78.71,79.53,,,
3/12/2009,78.36,79.21,80.08,,,
4/12/2009,77.52,78.4,79.29,,,
7/12/2009,76.43,77.3,78.21,,,
8/12/2009,75.19,76.03,76.91,,,
9/12/2009,72.39,73.26,74.13,,,
10/12/2009,71.86,72.73,73.61,,,
11/12/2009,71.88,72.7,73.57,,,
14/12/2009,71.89,72.71,73.58,,,
15/12/2009,72.05,72.87,73.73,,,
16/12/2009,73.55,74.29,75.08,,,
17/12/2009,73.37,74.14,74.88,,,
18/12/2009,73.75,74.48,75.22,,,
21/12/2009,72.99,73.71,74.45,,,
22/12/2009,73.46,74.16,74.88,,,
23/12/2009,75.45,76.15,76.85,,,
24/12/2009,76.31,76.99,77.7,,,
28/12/2009,77.32,78,78.72,,,
29/12/2009,77.64,78.31,79.03,,,
30/12/2009,78.03,78.73,79.44,,,
31/12/2009,77.93,78.65,79.38,,,
4/01/2010,80.12,80.79,81.46,,,
5/01/2010,80.59,81.22,81.9,,,
6/01/2010,81.89,82.49,83.17,,,
7/01/2010,81.51,81.97,82.61,,,
8/01/2010,81.37,81.94,82.61,,,
11/01/2010,80.97,81.54,82.2,,,
12/01/2010,79.3,79.83,80.46,,,
13/01/2010,78.31,78.82,79.43,,,
14/01/2010,77.82,78.57,79.22,,,
15/01/2010,77.11,77.85,78.57,,,
18/01/2010,77.1,77.82,78.52,,,
19/01/2010,77.63,78.32,79,,,
20/01/2010,76.32,77.01,77.7,,,
21/01/2010,74.58,75.26,75.94,,,
22/01/2010,72.83,73.51,74.21,,,
25/01/2010,73.69,74.32,75,,,
26/01/2010,73.29,73.88,74.55,,,
27/01/2010,72.24,72.86,73.54,,,
28/01/2010,72.13,72.78,73.47,,,
29/01/2010,71.46,72.08,72.76,,,
1/02/2010,73.11,73.71,74.38,,,
2/02/2010,76.06,76.62,77.27,,,
3/02/2010,75.92,76.39,77.02,,,
4/02/2010,72.13,72.49,73.08,,,
5/02/2010,69.59,70.08,70.7,,,
8/02/2010,70.11,70.66,71.29,,,
9/02/2010,72.13,72.67,73.3,,,
10/02/2010,72.54,73.12,73.69,,,
11/02/2010,73.05,74.12,74.71,,,
12/02/2010,72.9,73.42,73.97,,,
15/02/2010,72.51,73.02,73.58,,,
16/02/2010,75.68,76.18,76.72,,,
17/02/2010,76.27,76.69,77.18,,,
18/02/2010,77.78,78.17,78.66,,,
19/02/2010,78.19,78.63,79.17,,,
22/02/2010,78.61,79.08,79.64,,,
23/02/2010,77.25,77.63,78.15,,,
24/02/2010,78.09,78.47,78.99,,,
25/02/2010,76.29,76.68,77.21,,,
26/02/2010,77.59,77.97,78.49,,,
1/03/2010,76.89,77.22,77.7,,,
2/03/2010,78.18,78.45,78.88,,,
3/03/2010,79.25,79.54,79.95,,,
4/03/2010,78.54,78.89,79.37,,,
5/03/2010,79.89,80.17,80.61,,,
8/03/2010,80.47,80.67,81.11,,,
9/03/2010,79.91,80.14,80.57,,,
10/03/2010,80.48,80.79,81.19,,,
11/03/2010,80.28,80.77,81.19,,,
12/03/2010,79.39,79.96,80.37,,,
15/03/2010,77.89,78.63,79.04,,,
16/03/2010,79.02,80.53,80.87,,,
17/03/2010,81.96,82.22,82.51,,,
18/03/2010,81.48,81.81,82.17,,,
19/03/2010,79.88,80.26,80.67,,,
22/03/2010,80.54,80.89,81.29,,,
23/03/2010,80.7,81.1,81.51,,,
24/03/2010,79.62,80.07,80.53,,,
25/03/2010,79.61,80.1,80.57,,,
26/03/2010,79.29,79.73,80.18,,,
29/03/2010,81.17,81.57,82,,,
30/03/2010,81.28,81.78,82.26,,,
31/03/2010,82.7,83.25,83.7,,,
1/04/2010,84.01,84.55,84.99,,,
5/04/2010,85.88,86.42,86.87,,,
6/04/2010,86.15,86.7,87.16,,,
7/04/2010,85.59,86.2,86.73,,,
8/04/2010,84.81,85.54,86.17,,,
9/04/2010,84.83,85.64,86.3,,,
12/04/2010,84.77,85.71,86.44,,,
13/04/2010,84.72,85.63,86.25,,,
14/04/2010,86.15,86.9,87.46,,,
15/04/2010,87.17,87.59,88.2,,,
16/04/2010,85.99,86.63,87.19,,,
19/04/2010,84.23,84.98,85.6,,,
20/04/2010,84.8,85.5,86.09,,,
21/04/2010,85.7,86.46,87.09,,,
22/04/2010,85.67,86.51,87.2,,,
23/04/2010,87.25,88,88.61,,,
26/04/2010,86.83,87.62,88.3,,,
27/04/2010,85.78,86.65,87.4,,,
28/04/2010,86.16,87.05,87.82,,,
29/04/2010,86.9,87.84,88.62,,,
30/04/2010,87.44,88.45,89.29,,,
3/05/2010,88.94,89.99,90.86,,,
4/05/2010,85.67,86.66,87.51,,,
5/05/2010,82.61,83.66,84.56,,,
6/05/2010,79.83,80.89,81.81,,,
7/05/2010,78.27,79.34,80.3,,,
10/05/2010,80.12,81.23,82.19,,,
11/05/2010,80.49,81.65,82.64,,,
12/05/2010,81.2,82.4,83.39,,,
13/05/2010,80.11,81.43,82.42,,,
14/05/2010,77.18,77.93,78.96,,,
17/05/2010,75.1,76.11,76.94,,,
18/05/2010,74.43,75.36,76.11,,,
19/05/2010,73.69,74.52,75.17,,,
20/05/2010,71.84,72.61,73.23,,,
21/05/2010,71.68,72.47,73.14,,,
24/05/2010,71.17,72,72.69,,,
25/05/2010,69.55,70.38,71.09,,,
26/05/2010,71.74,72.48,73.14,,,
27/05/2010,74.66,75.43,76.12,,,
28/05/2010,74.02,74.8,75.51,,,
31/05/2010,74.65,75.4,76.07,,,
1/06/2010,72.71,73.55,74.31,,,
2/06/2010,73.75,74.59,75.33,,,
3/06/2010,75.41,76.19,76.85,,,
4/06/2010,72.09,72.84,73.52,,,
7/06/2010,72.12,72.88,73.59,,,
8/06/2010,72.3,73,73.64,,,
9/06/2010,74.27,74.95,75.52,,,
10/06/2010,75.29,76.06,76.68,,,
11/06/2010,74.35,75.14,75.8,,,
14/06/2010,75.2,75.66,76.23,,,
15/06/2010,76.2,77.1,77.62,,,
16/06/2010,78.14,78.68,79.23,,,
17/06/2010,78.68,79.14,79.64,,,
18/06/2010,78.22,78.74,79.25,,,
21/06/2010,78.82,79.21,79.67,,,
22/06/2010,78.04,78.47,78.93,,,
23/06/2010,76.27,76.68,77.14,,,
24/06/2010,76.47,76.8,77.22,,,
25/06/2010,78.12,78.52,79.01,,,
28/06/2010,77.59,78.01,78.55,,,
29/06/2010,75.44,75.78,76.27,,,
30/06/2010,75.01,75.28,75.7,,,
1/07/2010,72.34,72.6,73.03,,,
2/07/2010,71.65,71.84,72.26,,,
5/07/2010,71.47,71.72,72.2,,,
6/07/2010,71.45,71.74,72.29,,,
7/07/2010,73.51,73.77,74.29,,,
8/07/2010,74.71,75.02,75.58,,,
9/07/2010,75.42,75.65,76.07,,,
12/07/2010,74.37,74.48,74.82,,,
13/07/2010,76.65,76.73,77.04,,,
14/07/2010,76.77,76.66,76.98,,,
15/07/2010,76.19,76.09,76.46,,,
16/07/2010,75.37,75.79,76.36,,,
19/07/2010,75.62,76.11,76.7,,,
20/07/2010,76.22,76.63,77.18,,,
21/07/2010,75.37,75.84,76.44,,,
22/07/2010,77.82,78.31,78.9,,,
23/07/2010,77.45,77.92,78.51,,,
26/07/2010,77.5,77.99,78.59,,,
27/07/2010,76.13,76.59,77.21,,,
28/07/2010,76.06,76.5,77.13,,,
29/07/2010,77.59,77.89,78.44,,,
30/07/2010,78.18,78.48,79.05,,,
2/08/2010,80.82,81.04,81.57,,,
3/08/2010,82.68,82.76,83.22,,,
4/08/2010,82.2,82.48,83,,,
5/08/2010,81.61,81.95,82.5,,,
6/08/2010,80.16,80.59,81.21,,,
9/08/2010,80.99,81.42,82.03,,,
10/08/2010,79.6,80.08,80.73,,,
11/08/2010,77.64,78.09,78.72,,,
12/08/2010,75.52,75.9,76.47,,,
13/08/2010,75.11,75.52,76.06,,,
16/08/2010,74.85,75.63,76.16,,,
17/08/2010,76.93,77.45,78.04,,,
18/08/2010,76.47,76.99,77.59,,,
19/08/2010,75.3,75.75,76.3,,,
20/08/2010,74.26,74.75,75.34,,,
23/08/2010,73.62,74.11,74.71,,,
24/08/2010,72.38,72.91,73.52,,,
25/08/2010,73.48,73.93,74.52,,,
26/08/2010,75.02,75.41,75.99,,,
27/08/2010,76.65,77.01,77.6,,,
30/08/2010,76.6,76.99,77.62,,,
31/08/2010,74.64,74.98,75.58,,,
1/09/2010,76.35,76.72,77.32,,,
2/09/2010,76.93,77.21,77.76,,,
3/09/2010,76.67,76.96,77.53,,,
6/09/2010,76.87,77.04,77.56,,,
7/09/2010,77.74,77.87,78.39,,,
8/09/2010,78.17,78.22,78.7,,,
9/09/2010,77.47,77.56,78.03,,,
10/09/2010,78.16,78.31,78.75,,,
13/09/2010,79.03,79.07,79.45,,,
14/09/2010,79.16,79.27,79.64,,,
15/09/2010,78.91,79.42,79.75,,,
16/09/2010,78.48,78.8,79.24,,,
17/09/2010,78.21,78.51,78.94,,,
20/09/2010,79.32,79.64,80.06,,,
21/09/2010,78.42,78.76,79.18,,,
22/09/2010,77.95,78.29,78.73,,,
23/09/2010,78.11,78.43,78.86,,,
24/09/2010,78.87,79.12,79.5,,,
27/09/2010,78.57,78.73,79.08,,,
28/09/2010,78.71,78.91,79.29,,,
29/09/2010,80.77,81.02,81.41,,,
30/09/2010,82.31,82.59,82.97,,,
1/10/2010,83.75,84.02,84.39,,,
4/10/2010,83.28,83.52,83.87,,,
5/10/2010,84.84,85.03,85.34,,,
6/10/2010,85.06,85.29,85.58,,,
7/10/2010,83.43,83.71,84.05,,,
8/10/2010,84.03,84.37,84.71,,,
11/10/2010,83.72,84.17,84.57,,,
12/10/2010,83.5,83.88,84.26,,,
13/10/2010,84.64,84.85,85.2,,,
14/10/2010,84.53,84.2,84.63,,,
15/10/2010,82.45,82.95,83.37,,,
18/10/2010,84.37,84.86,85.3,,,
19/10/2010,81.1,81.55,81.95,,,
20/10/2010,83.6,84.01,84.39,,,
21/10/2010,81.83,82.26,82.65,,,
22/10/2010,82.96,83.39,83.77,,,
25/10/2010,83.54,83.91,84.27,,,
26/10/2010,83.66,84.01,84.36,,,
27/10/2010,83.23,83.58,83.94,,,
28/10/2010,83.59,83.92,84.26,,,
29/10/2010,83.15,83.38,83.63,,,
1/11/2010,84.62,84.84,85.1,,,
2/11/2010,85.41,85.61,85.88,,,
3/11/2010,86.38,86.58,86.85,,,
4/11/2010,88,88.2,88.44,,,
5/11/2010,88.11,88.34,88.6,,,
8/11/2010,88.46,88.68,88.93,,,
9/11/2010,88.33,88.53,88.76,,,
10/11/2010,88.96,89.16,89.37,,,
11/11/2010,88.81,89.1,89.34,,,
12/11/2010,86.34,86.53,86.75,,,
15/11/2010,86.7,86.76,86.97,,,
16/11/2010,84.73,84.93,85.15,,,
17/11/2010,83.28,83.48,83.69,,,
18/11/2010,85.05,85.2,85.35,,,
19/11/2010,84.34,84.49,84.64,,,
22/11/2010,83.96,84.11,84.28,,,
23/11/2010,83.25,83.42,83.63,,,
24/11/2010,85.84,85.98,86.17,,,
25/11/2010,86.1,86.26,86.45,,,
26/11/2010,85.58,85.72,85.91,,,
29/11/2010,87.34,87.47,87.61,,,
30/11/2010,85.92,86,86.11,,,
1/12/2010,88.87,88.91,88.97,,,
2/12/2010,90.69,90.65,90.62,,,
3/12/2010,91.42,91.49,91.49,,,
6/12/2010,91.45,91.53,91.52,,,
7/12/2010,91.39,91.55,91.6,,,
8/12/2010,90.77,90.97,91.1,,,
9/12/2010,90.99,91.16,91.26,,,
10/12/2010,90.48,90.64,90.74,,,
13/12/2010,91.19,91.39,91.5,,,
14/12/2010,91.21,91.4,91.51,,,
15/12/2010,92.2,92.15,92.18,,,
16/12/2010,91.71,91.6,91.66,,,
17/12/2010,91.67,91.72,91.86,,,
20/12/2010,92.74,92.72,92.81,,,
21/12/2010,93.2,93.12,93.2,,,
22/12/2010,93.65,93.5,93.56,,,
23/12/2010,94.25,94.04,94.09,,,
24/12/2010,93.77,93.55,93.59,,,
27/12/2010,93.85,93.7,93.8,,,
28/12/2010,94.38,94.19,94.3,,,
29/12/2010,94.14,93.98,94.11,,,
30/12/2010,93.09,93.01,93.16,,,
31/12/2010,94.75,94.67,94.81,,,
3/01/2011,94.84,94.8,94.97,,,
4/01/2011,93.53,93.49,93.64,,,
5/01/2011,95.5,95.37,95.47,,,
6/01/2011,94.52,94.37,94.42,,,
7/01/2011,93.33,93.18,93.22,,,
10/01/2011,95.7,95.49,95.48,,,
11/01/2011,97.61,97.21,97.06,,,
12/01/2011,98.12,97.57,97.44,,,
13/01/2011,98.06,97.29,97.24,,,
14/01/2011,98.68,98.38,98.32,,,
17/01/2011,97.43,97.39,97.53,,,
18/01/2011,97.8,97.85,98.02,,,
19/01/2011,98.16,98.11,98.21,,,
20/01/2011,96.58,96.64,96.82,,,
21/01/2011,97.6,97.57,97.68,,,
24/01/2011,96.61,96.65,96.83,,,
25/01/2011,95.25,95.29,95.52,,,
26/01/2011,97.91,97.97,98.19,,,
27/01/2011,97.39,97.51,97.77,,,
28/01/2011,99.42,99.57,99.83,,,
31/01/2011,101.01,101.12,101.34,,,
1/02/2011,101.74,101.91,102.15,,,
2/02/2011,102.34,102.66,102.96,,,
3/02/2011,101.76,102.16,102.49,,,
4/02/2011,99.83,100.25,100.63,,,
7/02/2011,99.25,99.87,100.37,,,
8/02/2011,99.92,100.52,101.01,,,
9/02/2011,101.82,102.32,102.72,,,
10/02/2011,100.87,101.44,101.82,,,
11/02/2011,101.43,100.94,101.3,,,
14/02/2011,103.08,103.41,103.63,,,
15/02/2011,101.64,101.91,102.11,,,
16/02/2011,103.78,104.01,104.17,,,
17/02/2011,102.59,102.89,103.1,,,
18/02/2011,102.52,102.86,103.11,,,
21/02/2011,105.74,105.89,105.99,,,
22/02/2011,105.78,105.79,105.84,,,
23/02/2011,111.25,110.91,110.74,,,
24/02/2011,111.36,111.11,110.92,,,
25/02/2011,112.14,111.92,111.77,,,
28/02/2011,111.8,111.63,111.52,,,
1/03/2011,115.42,115.3,115.15,,,
2/03/2011,116.35,116.18,115.97,,,
3/03/2011,114.79,114.83,114.8,,,
4/03/2011,115.97,115.89,115.75,,,
7/03/2011,115.04,115.2,115.19,,,
8/03/2011,113.06,113.29,113.35,,,
9/03/2011,115.94,115.96,115.84,,,
10/03/2011,115.43,115.36,115.2,,,
11/03/2011,113.84,113.84,113.78,,,
14/03/2011,113.67,113.72,113.61,,,
15/03/2011,108.52,108.59,108.49,,,
16/03/2011,110.62,110.6,110.44,,,
17/03/2011,114.9,114.65,114.38,,,
18/03/2011,113.93,113.77,113.51,,,
21/03/2011,114.96,114.91,114.74,,,
22/03/2011,115.7,115.64,115.45,,,
23/03/2011,115.55,115.47,115.25,,,
24/03/2011,115.72,115.6,115.37,,,
25/03/2011,115.59,115.42,115.17,,,
28/03/2011,114.8,114.58,114.32,,,
29/03/2011,115.16,114.96,114.7,,,
30/03/2011,115.13,114.95,114.73,,,
31/03/2011,117.36,117.2,116.97,,,
1/04/2011,118.7,118.41,118.12,,,
4/04/2011,121.06,120.66,120.27,,,
5/04/2011,122.22,121.89,121.57,,,
6/04/2011,122.3,121.93,121.59,,,
7/04/2011,122.67,122.26,121.9,,,
8/04/2011,126.65,126.12,125.64,,,
11/04/2011,123.98,123.42,122.94,,,
12/04/2011,120.92,120.43,120.06,,,
13/04/2011,122.88,122.33,121.92,,,
14/04/2011,122.36,122,121.64,,,
15/04/2011,123.45,123.12,122.78,,,
18/04/2011,121.61,121.3,120.97,,,
19/04/2011,121.33,121.03,120.7,,,
20/04/2011,123.85,123.5,123.14,,,
21/04/2011,123.99,123.63,123.3,,,
25/04/2011,123.66,123.29,122.97,,,
26/04/2011,124.14,123.78,123.45,,,
27/04/2011,125.13,124.86,124.56,,,
28/04/2011,125.02,124.73,124.41,,,
29/04/2011,125.89,125.62,125.3,,,
2/05/2011,125.12,124.85,124.55,,,
3/05/2011,122.45,122.22,121.97,,,
4/05/2011,121.19,120.96,120.69,,,
5/05/2011,110.8,110.57,110.32,,,
6/05/2011,109.13,108.85,108.58,,,
9/05/2011,115.9,115.36,114.93,,,
10/05/2011,117.63,117.09,116.66,,,
11/05/2011,112.57,111.96,111.48,,,
12/05/2011,112.98,112.33,111.85,,,
13/05/2011,113.83,113.28,112.79,,,
16/05/2011,112.73,110.84,110.45,,,
17/05/2011,109.99,109.62,109.19,,,
18/05/2011,112.3,111.89,111.44,,,
19/05/2011,111.42,111.01,110.56,,,
20/05/2011,112.39,112.02,111.59,,,
23/05/2011,110.1,109.78,109.39,,,
24/05/2011,112.53,112.17,111.74,,,
25/05/2011,114.93,114.55,114.11,,,
26/05/2011,115.05,114.68,114.24,,,
27/05/2011,115.03,114.72,114.33,,,
30/05/2011,114.68,114.37,113.98,,,
31/05/2011,116.73,116.38,115.97,,,
1/06/2011,114.53,114.19,113.8,,,
2/06/2011,115.54,115.16,114.71,,,
3/06/2011,115.84,115.46,115.01,,,
6/06/2011,114.48,114.08,113.63,,,
7/06/2011,116.78,116.34,115.81,,,
8/06/2011,117.85,117.47,116.95,,,
9/06/2011,119.57,119.11,118.54,,,
10/06/2011,118.78,118.35,117.83,,,
13/06/2011,119.1,118.42,117.83,,,
14/06/2011,120.16,119.35,118.86,,,
15/06/2011,117.1,113.01,112.61,,,
16/06/2011,114.02,113.63,113.34,,,
17/06/2011,113.21,112.85,112.6,,,
20/06/2011,111.69,111.36,111.18,,,
21/06/2011,110.95,110.55,110.28,,,
22/06/2011,114.21,113.76,113.44,,,
23/06/2011,107.26,107.13,107.22,,,
24/06/2011,105.12,105.31,105.61,,,
27/06/2011,105.99,105.92,106.06,,,
28/06/2011,108.78,108.76,108.92,,,
29/06/2011,112.4,112.38,112.53,,,
30/06/2011,112.48,112.41,112.57,,,
1/07/2011,111.77,111.62,111.78,,,
4/07/2011,111.39,111.14,111.19,,,
5/07/2011,113.61,113.2,113.19,,,
6/07/2011,113.62,113.23,113.29,,,
7/07/2011,118.59,118.11,118.12,,,
8/07/2011,118.33,117.7,117.63,,,
11/07/2011,117.24,116.46,116.42,,,
12/07/2011,117.75,116.94,116.92,,,
13/07/2011,118.78,117.85,117.84,,,
14/07/2011,118.32,116.26,116.36,,,
15/07/2011,117.26,117.27,117.4,,,
18/07/2011,116.05,115.96,116.09,,,
19/07/2011,117.06,116.92,117.02,,,
20/07/2011,118.15,118.07,118.17,,,
21/07/2011,117.51,117.44,117.54,,,
22/07/2011,118.67,118.54,118.62,,,
25/07/2011,117.94,117.83,117.92,,,
26/07/2011,118.28,118.2,118.28,,,
27/07/2011,117.43,117.18,117.15,,,
28/07/2011,117.36,117.17,117.18,,,
29/07/2011,116.74,116.53,116.54,,,
1/08/2011,116.81,116.53,116.47,,,
2/08/2011,116.46,116.18,116.11,,,
3/08/2011,113.23,113.07,113.06,,,
4/08/2011,107.25,107.16,107.21,,,
5/08/2011,109.37,109.34,109.41,,,
8/08/2011,103.74,103.78,103.87,,,
9/08/2011,102.57,102.52,102.59,,,
10/08/2011,106.68,106.62,106.63,,,
11/08/2011,108.02,107.82,107.72,,,
12/08/2011,108.03,107.76,107.56,,,
15/08/2011,109.91,109.84,109.71,,,
16/08/2011,109.47,109.13,108.91,,,
17/08/2011,110.6,110.33,110.11,,,
18/08/2011,106.99,106.69,106.42,,,
19/08/2011,108.62,108.25,107.96,,,
22/08/2011,108.36,107.98,107.75,,,
23/08/2011,109.31,108.87,108.65,,,
24/08/2011,110.15,109.65,109.39,,,
25/08/2011,110.62,110.09,109.83,,,
26/08/2011,111.36,110.81,110.52,,,
29/08/2011,111.88,111.3,110.98,,,
30/08/2011,114.02,113.37,112.96,,,
31/08/2011,114.85,114.08,113.6,,,
1/09/2011,114.29,113.44,112.88,,,
2/09/2011,112.33,111.33,110.68,,,
5/09/2011,110.08,109.05,108.35,,,
6/09/2011,112.89,111.93,111.28,,,
7/09/2011,115.8,114.81,114.18,,,
8/09/2011,114.55,113.3,112.54,,,
9/09/2011,112.77,110.93,110.01,,,
12/09/2011,112.25,110.19,109.01,,,
13/09/2011,111.89,109.77,108.87,,,
14/09/2011,112.4,109.65,108.7,,,
15/09/2011,115.34,112.3,111.11,,,
16/09/2011,112.22,111.02,110.36,,,
19/09/2011,109.14,108.11,107.53,,,
20/09/2011,110.54,109.26,108.5,,,
21/09/2011,110.36,108.87,108.02,,,
22/09/2011,105.49,103.98,103.1,,,
23/09/2011,103.97,102.46,101.66,,,
26/09/2011,103.94,102.5,101.79,,,
27/09/2011,107.14,105.66,104.93,,,
28/09/2011,103.81,102.56,102,,,
29/09/2011,103.95,102.48,101.78,,,
30/09/2011,102.76,100.88,99.93,,,
3/10/2011,101.71,99.62,98.53,,,
4/10/2011,99.79,97.98,96.89,,,
5/10/2011,102.73,101.12,100.07,,,
6/10/2011,105.73,104.2,103.11,,,
7/10/2011,105.88,104.15,102.95,,,
10/10/2011,108.95,106.65,105.22,,,
11/10/2011,110.73,108.05,106.5,,,
12/10/2011,111.36,108.97,107.31,,,
13/10/2011,111.11,109.2,107.59,,,
14/10/2011,114.68,112.23,110.56,,,
17/10/2011,110.16,108.63,107.57,,,
18/10/2011,111.15,109.9,108.99,,,
19/10/2011,108.39,107.31,106.59,,,
20/10/2011,109.76,108.49,107.57,,,
21/10/2011,109.56,108.37,107.49,,,
24/10/2011,111.45,110.17,109.24,,,
25/10/2011,110.92,109.64,108.7,,,
26/10/2011,108.91,107.82,107.12,,,
27/10/2011,112.08,111.23,110.67,,,
28/10/2011,109.91,109.31,108.85,,,
31/10/2011,109.56,108.84,108.33,,,
1/11/2011,109.54,108.38,107.58,,,
2/11/2011,109.34,108.15,107.33,,,
3/11/2011,110.83,109.65,108.89,,,
4/11/2011,111.97,110.74,109.99,,,
7/11/2011,114.56,113.16,112.34,,,
8/11/2011,115,113.84,113.07,,,
9/11/2011,112.31,111.36,110.76,,,
10/11/2011,113.71,112.53,111.81,,,
11/11/2011,114.16,112.93,112.22,,,
14/11/2011,111.89,111.28,110.77,,,
15/11/2011,112.39,112.18,111.75,,,
16/11/2011,111.88,111.51,111.11,,,
17/11/2011,108.22,108.09,107.82,,,
18/11/2011,107.56,107.4,107.08,,,
21/11/2011,106.88,106.66,106.38,,,
22/11/2011,109.03,108.65,108.27,,,
23/11/2011,107.02,106.7,106.36,,,
24/11/2011,107.78,107.3,106.83,,,
25/11/2011,106.4,105.76,105.19,,,
28/11/2011,109,108.02,107.19,,,
29/11/2011,110.82,109.86,109.04,,,
30/11/2011,110.52,109.98,109.48,,,
1/12/2011,108.99,108.71,108.39,,,
2/12/2011,109.94,109.68,109.35,,,
5/12/2011,109.81,109.53,109.2,,,
6/12/2011,110.81,110.51,110.13,,,
7/12/2011,109.53,109.28,108.97,,,
8/12/2011,108.11,107.94,107.7,,,
9/12/2011,108.62,108.47,108.32,,,
12/12/2011,107.26,107.08,106.89,,,
13/12/2011,109.5,109.08,108.79,,,
14/12/2011,105.02,104.25,103.92,,,
15/12/2011,105.09,103.6,103.22,,,
16/12/2011,103.35,102.85,102.54,,,
19/12/2011,103.64,102.89,102.46,,,
20/12/2011,106.73,106,105.58,,,
21/12/2011,107.71,107.03,106.6,,,
22/12/2011,107.89,107.19,106.75,,,
23/12/2011,107.96,107.27,106.87,,,
27/12/2011,109.27,108.57,108.19,,,
28/12/2011,107.56,107.03,106.7,,,
29/12/2011,108.01,107.52,107.21,,,
30/12/2011,107.38,106.87,106.59,,,
3/01/2012,112.13,111.53,111.09,,,
4/01/2012,113.7,113.31,113,,,
5/01/2012,112.74,112.36,112.05,,,
6/01/2012,113.06,112.81,112.55,,,
9/01/2012,112.45,112.32,112.15,,,
10/01/2012,113.28,112.96,112.71,,,
11/01/2012,112.24,112.06,111.8,,,
12/01/2012,111.26,111.05,110.76,,,
13/01/2012,110.44,110.35,110.16,,,
16/01/2012,111.2,111.34,111.18,,,
17/01/2012,111.53,111.44,111.3,,,
18/01/2012,110.66,110.57,110.45,,,
19/01/2012,111.55,111.42,111.24,,,
20/01/2012,109.86,109.71,109.57,,,
23/01/2012,110.58,110.42,110.26,,,
24/01/2012,110.03,110,109.96,,,
25/01/2012,109.81,109.75,109.73,,,
26/01/2012,110.79,110.61,110.47,,,
27/01/2012,111.46,111.14,110.92,,,
30/01/2012,110.75,110.47,110.28,,,
31/01/2012,110.98,110.69,110.47,,,
1/02/2012,111.56,111.21,110.97,,,
2/02/2012,112.07,111.69,111.42,,,
3/02/2012,114.58,114.24,113.97,,,
6/02/2012,115.93,115.63,115.39,,,
7/02/2012,116.23,115.8,115.48,,,
8/02/2012,117.2,116.63,116.21,,,
9/02/2012,118.59,118.04,117.61,,,
10/02/2012,117.31,116.75,116.31,,,
13/02/2012,117.93,117.39,116.9,,,
14/02/2012,118.16,117.35,116.71,,,
15/02/2012,118.93,118.18,117.57,,,
16/02/2012,120.11,119.24,118.56,,,
17/02/2012,119.58,118.77,118.13,,,
20/02/2012,120.05,119.34,118.8,,,
21/02/2012,121.66,120.84,120.29,,,
22/02/2012,122.9,121.81,120.98,,,
23/02/2012,123.62,122.57,121.83,,,
24/02/2012,125.47,124.48,123.8,,,
27/02/2012,124.17,123.24,122.66,,,
28/02/2012,121.55,120.63,120.08,,,
29/02/2012,122.66,121.56,120.85,,,
1/03/2012,126.2,124.96,124.09,,,
2/03/2012,123.65,122.61,121.9,,,
5/03/2012,123.8,122.94,122.32,,,
6/03/2012,121.98,121.41,120.92,,,
7/03/2012,124.12,123.55,123.06,,,
8/03/2012,125.44,124.96,124.47,,,
9/03/2012,125.98,125.35,124.84,,,
12/03/2012,125.34,124.76,124.26,,,
13/03/2012,126.22,125.67,125.21,,,
14/03/2012,124.97,124.58,124.15,,,
15/03/2012,123.55,122.6,122.22,,,
16/03/2012,125.81,125.28,124.75,,,
19/03/2012,125.71,125.24,124.73,,,
20/03/2012,124.12,123.72,123.27,,,
21/03/2012,124.2,123.68,123.16,,,
22/03/2012,123.14,122.58,122.04,,,
23/03/2012,125.13,124.39,123.72,,,
26/03/2012,125.65,124.98,124.36,,,
27/03/2012,125.54,124.77,124.1,,,
28/03/2012,124.16,123.46,122.83,,,
29/03/2012,122.39,121.63,120.99,,,
30/03/2012,122.88,122.08,121.36,,,
2/04/2012,125.43,124.77,124.17,,,
3/04/2012,124.86,124.38,123.87,,,
4/04/2012,122.34,121.86,121.4,,,
5/04/2012,123.43,122.83,122.27,,,
9/04/2012,122.67,122.13,121.59,,,
10/04/2012,119.88,119.5,119.02,,,
11/04/2012,120.18,119.87,119.46,,,
12/04/2012,121.71,121.52,121.16,,,
13/04/2012,121.83,121.21,120.79,,,
16/04/2012,118.68,118.41,118.04,,,
17/04/2012,118.78,118.67,118.39,,,
18/04/2012,117.97,117.84,117.58,,,
19/04/2012,118,117.83,117.47,,,
20/04/2012,118.76,118.53,118.14,,,
23/04/2012,118.71,118.43,118.04,,,
24/04/2012,118.16,117.94,117.64,,,
25/04/2012,119.12,118.8,118.4,,,
26/04/2012,119.92,119.53,119.09,,,
27/04/2012,119.83,119.4,118.96,,,
30/04/2012,119.47,119.17,118.8,,,
1/05/2012,119.66,119.32,118.92,,,
2/05/2012,118.2,117.9,117.53,,,
3/05/2012,116.08,115.84,115.53,,,
4/05/2012,113.18,112.85,112.46,,,
7/05/2012,113.16,112.81,112.41,,,
8/05/2012,112.73,112.39,111.99,,,
9/05/2012,113.2,112.79,112.33,,,
10/05/2012,112.73,112.35,111.94,,,
11/05/2012,112.26,111.77,111.31,,,
14/05/2012,111.57,111,110.48,,,
15/05/2012,112.24,111.45,110.83,,,
16/05/2012,111.71,109.75,109.27,,,
17/05/2012,107.49,106.96,106.46,,,
18/05/2012,107.14,106.52,105.94,,,
21/05/2012,108.81,108.13,107.52,,,
22/05/2012,108.41,107.74,107.16,,,
23/05/2012,105.56,105.03,104.56,,,
24/05/2012,106.55,105.96,105.45,,,
25/05/2012,106.83,106.36,105.95,,,
28/05/2012,107.11,106.66,106.24,,,
29/05/2012,106.68,106.25,105.87,,,
30/05/2012,103.47,103.07,102.72,,,
31/05/2012,101.87,101.43,101.11,,,
1/06/2012,98.43,97.98,97.67,,,
4/06/2012,98.85,98.37,98.04,,,
5/06/2012,98.84,98.36,98.05,,,
6/06/2012,100.64,100.13,99.77,,,
7/06/2012,99.93,99.48,99.21,,,
8/06/2012,99.47,99.15,99.01,,,
11/06/2012,98,97.73,97.65,,,
12/06/2012,97.14,96.97,97.03,,,
13/06/2012,97.13,96.72,96.66,,,
14/06/2012,97.03,97.17,97.14,,,
15/06/2012,97.61,97.55,97.36,,,
18/06/2012,96.05,96.08,95.95,,,
19/06/2012,95.76,95.89,95.82,,,
20/06/2012,92.69,93,93.14,,,
21/06/2012,89.23,89.61,89.79,,,
22/06/2012,90.98,91.26,91.34,,,
25/06/2012,91.01,91.33,91.39,,,
26/06/2012,93.02,93.19,93.07,,,
27/06/2012,93.5,93.5,93.3,,,
28/06/2012,91.36,91.45,91.3,,,
29/06/2012,97.8,97.88,97.75,,,
2/07/2012,97.34,97.14,96.84,,,
3/07/2012,100.68,100.48,100.15,,,
4/07/2012,99.77,99.51,99.15,,,
5/07/2012,100.7,100.32,99.95,,,
6/07/2012,98.19,97.79,97.43,,,
9/07/2012,100.32,99.73,99.26,,,
10/07/2012,97.97,97.57,97.24,,,
11/07/2012,100.23,99.69,99.21,,,
12/07/2012,101.07,100.28,99.74,,,
13/07/2012,102.4,101.42,100.81,,,
16/07/2012,103.55,103.37,102.81,,,
17/07/2012,104,103.42,103.1,,,
18/07/2012,105.16,104.45,104.11,,,
19/07/2012,107.8,107.04,106.59,,,
20/07/2012,106.83,106.14,105.79,,,
23/07/2012,103.26,102.46,102.05,,,
24/07/2012,103.42,102.55,102.1,,,
25/07/2012,104.38,103.5,103.05,,,
26/07/2012,105.26,104.19,103.63,,,
27/07/2012,106.47,105.38,104.83,,,
30/07/2012,106.2,105.2,104.64,,,
31/07/2012,104.92,103.84,103.29,,,
1/08/2012,105.96,104.69,103.98,,,
2/08/2012,105.9,104.39,103.49,,,
3/08/2012,108.94,107.45,106.62,,,
6/08/2012,109.55,108.18,107.46,,,
7/08/2012,112,110.37,109.47,,,
8/08/2012,112.14,110.57,109.75,,,
9/08/2012,113.22,111.67,110.96,,,
10/08/2012,112.95,111.11,110.29,,,
13/08/2012,113.6,111.72,110.97,,,
14/08/2012,114.03,112.15,111.35,,,
15/08/2012,116.25,114.31,113.38,,,
16/08/2012,116.9,115.27,114.45,,,
17/08/2012,113.71,112.98,112.53,,,
20/08/2012,113.7,113,112.54,,,
21/08/2012,114.64,114.02,113.57,,,
22/08/2012,114.91,114.36,113.91,,,
23/08/2012,115.01,114.26,113.68,,,
24/08/2012,113.59,113.01,112.51,,,
27/08/2012,112.26,111.7,111.26,,,
28/08/2012,112.58,112.18,111.81,,,
29/08/2012,112.54,112.07,111.66,,,
30/08/2012,112.65,112.21,111.8,,,
31/08/2012,114.57,114.05,113.6,,,
3/09/2012,115.78,115.19,114.67,,,
4/09/2012,114.18,113.64,113.13,,,
5/09/2012,113.09,112.7,112.28,,,
6/09/2012,113.49,113.09,112.67,,,
7/09/2012,114.25,113.76,113.26,,,
10/09/2012,114.81,114.31,113.84,,,
11/09/2012,115.4,114.77,114.27,,,
12/09/2012,115.96,115.33,114.88,,,
13/09/2012,116.9,115.88,115.41,,,
14/09/2012,116.66,116.19,115.74,,,
17/09/2012,113.79,113.25,112.78,,,
18/09/2012,112.03,111.46,110.99,,,
19/09/2012,108.19,107.56,107.05,,,
20/09/2012,110.03,109.23,108.57,,,
21/09/2012,111.42,110.62,109.98,,,
24/09/2012,109.81,109.16,108.63,,,
25/09/2012,110.45,109.67,109.06,,,
26/09/2012,110.04,109.23,108.57,,,
27/09/2012,112.01,111.19,110.5,,,
28/09/2012,112.39,111.58,110.93,,,
1/10/2012,112.19,111.36,110.73,,,
2/10/2012,111.57,110.83,110.26,,,
3/10/2012,108.17,107.43,106.85,,,
4/10/2012,112.58,111.7,110.99,,,
5/10/2012,112.02,111.18,110.48,,,
8/10/2012,111.82,110.92,110.2,,,
9/10/2012,114.5,113.41,112.59,,,
10/10/2012,114.33,113.18,112.35,,,
11/10/2012,115.71,114.68,113.93,,,
12/10/2012,114.62,113.61,112.89,,,
15/10/2012,115.8,114.4,113.54,,,
16/10/2012,115.07,114,113.28,,,
17/10/2012,113.22,112.58,112.02,,,
18/10/2012,112.42,111.75,111.18,,,
19/10/2012,110.14,109.39,108.77,,,
22/10/2012,109.44,108.68,108.05,,,
23/10/2012,108.25,107.44,106.77,,,
24/10/2012,107.85,106.96,106.27,,,
25/10/2012,108.49,107.48,106.74,,,
26/10/2012,109.55,108.49,107.75,,,
29/10/2012,109.44,108.18,107.34,,,
30/10/2012,109.08,107.9,107.07,,,
31/10/2012,108.7,107.56,106.73,,,
1/11/2012,108.17,107.34,106.7,,,
2/11/2012,105.68,104.97,104.38,,,
5/11/2012,107.73,106.91,106.27,,,
6/11/2012,111.07,110.14,109.43,,,
7/11/2012,106.82,106,105.43,,,
8/11/2012,107.25,106.46,105.87,,,
9/11/2012,109.4,108.42,107.74,,,
12/11/2012,109.07,108.15,107.54,,,
13/11/2012,108.26,107.34,106.78,,,
14/11/2012,109.61,108.48,107.84,,,
15/11/2012,110.98,108.01,107.33,,,
16/11/2012,108.95,108.2,107.61,,,
19/11/2012,111.7,110.9,110.24,,,
20/11/2012,109.83,109.08,108.44,,,
21/11/2012,110.86,110.04,109.4,,,
22/11/2012,110.55,109.73,109.1,,,
23/11/2012,111.38,110.51,109.83,,,
26/11/2012,110.92,110.09,109.44,,,
27/11/2012,109.87,109.12,108.53,,,
28/11/2012,109.51,108.64,108,,,
29/11/2012,110.76,109.84,109.19,,,
30/11/2012,111.23,110.25,109.54,,,
3/12/2012,110.92,110.02,109.33,,,
4/12/2012,109.84,108.93,108.23,,,
5/12/2012,108.81,107.95,107.26,,,
6/12/2012,107.03,106.26,105.6,,,
7/12/2012,107.02,106.17,105.44,,,
10/12/2012,107.33,106.21,105.35,,,
11/12/2012,108.01,106.69,105.82,,,
12/12/2012,109.5,108.02,107.17,,,
13/12/2012,107.91,106.46,105.6,,,
14/12/2012,109.15,108.18,107.28,,,
17/12/2012,107.64,106.75,106.03,,,
18/12/2012,108.84,107.95,107.21,,,
19/12/2012,110.36,109.47,108.76,,,
20/12/2012,110.2,109.36,108.7,,,
21/12/2012,108.97,108.15,107.53,,,
24/12/2012,108.8,107.92,107.27,,,
26/12/2012,111.07,110.12,109.41,,,
27/12/2012,110.8,109.83,109.13,,,
28/12/2012,110.62,109.49,108.7,,,
31/12/2012,111.11,109.89,109.06,,,
2/01/2013,112.47,111.19,110.29,,,
3/01/2013,112.14,110.91,110.02,,,
4/01/2013,111.31,110.1,109.27,,,
7/01/2013,111.4,110.42,109.66,,,
8/01/2013,111.94,111.02,110.3,,,
9/01/2013,111.76,110.87,110.15,,,
10/01/2013,111.89,111.12,110.43,,,
11/01/2013,110.64,109.84,109.16,,,
14/01/2013,111.88,110.95,110.19,,,
15/01/2013,110.3,109.63,108.89,,,
16/01/2013,110.61,109.68,108.89,,,
17/01/2013,111.1,110.27,109.64,,,
18/01/2013,111.89,110.89,110.17,,,
21/01/2013,111.71,110.79,110.07,,,
22/01/2013,112.42,111.37,110.58,,,
23/01/2013,112.8,111.69,110.82,,,
24/01/2013,113.28,112.23,111.41,,,
25/01/2013,113.28,112.16,111.27,,,
28/01/2013,113.48,112.38,111.52,,,
29/01/2013,114.36,113.28,112.41,,,
30/01/2013,114.9,113.9,113.08,,,
31/01/2013,115.55,114.54,113.69,,,
1/02/2013,116.76,115.8,114.97,,,
4/02/2013,115.6,114.7,113.86,,,
5/02/2013,116.52,115.57,114.69,,,
6/02/2013,116.73,115.84,114.99,,,
7/02/2013,117.24,116.33,115.43,,,
8/02/2013,118.9,117.85,116.92,,,
11/02/2013,118.13,117.21,116.36,,,
12/02/2013,118.66,117.75,116.92,,,
13/02/2013,118.72,117.88,117,,,
14/02/2013,118,117.13,116.35,,,
15/02/2013,117.66,116.76,115.96,,,
18/02/2013,117.38,116.46,115.65,,,
19/02/2013,117.52,116.6,115.8,,,
20/02/2013,115.6,114.71,113.97,,,
21/02/2013,113.53,112.68,111.94,,,
22/02/2013,114.1,113.21,112.43,,,
25/02/2013,114.44,113.51,112.7,,,
26/02/2013,112.71,111.85,111.07,,,
27/02/2013,111.87,110.97,110.16,,,
28/02/2013,111.38,110.42,109.55,,,
1/03/2013,110.4,109.41,108.51,,,
4/03/2013,110.09,109.06,108.13,,,
5/03/2013,111.61,110.68,109.77,,,
6/03/2013,111.06,110.11,109.22,,,
7/03/2013,111.15,110.36,109.56,,,
8/03/2013,110.85,110.23,109.58,,,
11/03/2013,110.22,109.69,109.11,,,
12/03/2013,109.65,109.23,108.72,,,
13/03/2013,108.52,108.24,107.8,,,
14/03/2013,109.42,108.96,108.41,,,
15/03/2013,109.82,109.26,108.66,,,
18/03/2013,109.51,109.03,108.49,,,
19/03/2013,107.45,106.97,106.45,,,
20/03/2013,108.72,108.21,107.65,,,
21/03/2013,107.47,107.04,106.55,,,
22/03/2013,107.66,107.25,106.77,,,
25/03/2013,108.17,107.83,107.38,,,
26/03/2013,109.36,109.09,108.68,,,
27/03/2013,109.69,109.43,109.04,,,
28/03/2013,110.02,109.79,109.41,,,
1/04/2013,111.08,110.81,110.39,,,
2/04/2013,110.69,110.53,110.21,,,
3/04/2013,107.11,106.95,106.67,,,
4/04/2013,106.34,106.15,105.89,,,
5/04/2013,104.12,104.15,104.06,,,
8/04/2013,104.66,104.77,104.66,,,
9/04/2013,106.23,106.15,105.9,,,
10/04/2013,105.79,105.78,105.57,,,
11/04/2013,104.27,104.38,104.27,,,
12/04/2013,103.11,103.04,102.85,,,
15/04/2013,100.39,100.63,100.54,,,
16/04/2013,99.91,99.93,99.87,,,
17/04/2013,97.69,97.7,97.62,,,
18/04/2013,99.13,98.97,98.73,,,
19/04/2013,99.65,99.47,99.24,,,
22/04/2013,100.39,100.32,100.18,,,
23/04/2013,100.31,100.22,100.05,,,
24/04/2013,101.73,101.67,101.5,,,
25/04/2013,103.41,103.23,102.96,,,
26/04/2013,103.16,102.94,102.64,,,
29/04/2013,103.81,103.48,103.11,,,
30/04/2013,102.37,102.04,101.71,,,
1/05/2013,99.95,99.53,99.15,,,
2/05/2013,102.85,102.34,101.93,,,
3/05/2013,104.19,103.71,103.29,,,
6/05/2013,105.46,105.03,104.69,,,
7/05/2013,104.4,104.07,103.8,,,
8/05/2013,104.34,104.03,103.8,,,
9/05/2013,104.47,104.2,104.02,,,
10/05/2013,103.91,103.65,103.44,,,
13/05/2013,102.82,102.64,102.46,,,
14/05/2013,102.6,102.51,102.32,,,
15/05/2013,103.68,103.5,103.19,,,
16/05/2013,103.8,103.78,103.6,,,
17/05/2013,104.64,104.46,104.17,,,
20/05/2013,104.8,104.67,104.42,,,
21/05/2013,103.91,103.78,103.54,,,
22/05/2013,102.6,102.44,102.18,,,
23/05/2013,102.44,102.27,101.99,,,
24/05/2013,102.64,102.4,102.08,,,
27/05/2013,102.62,102.38,102.05,,,
28/05/2013,104.23,103.99,103.63,,,
29/05/2013,102.43,102.22,101.9,,,
30/05/2013,102.19,102.01,101.7,,,
31/05/2013,100.39,100.2,99.91,,,
3/06/2013,102.06,101.81,101.44,,,
4/06/2013,103.24,102.89,102.41,,,
5/06/2013,103.04,102.73,102.28,,,
6/06/2013,103.61,103.33,102.9,,,
7/06/2013,104.56,104.37,103.95,,,
10/06/2013,103.95,103.91,103.58,,,
11/06/2013,102.96,102.97,102.64,,,
12/06/2013,103.49,103.56,103.26,,,
13/06/2013,104.25,104.95,104.62,,,
14/06/2013,105.93,105.56,105.16,,,
17/06/2013,105.47,105.14,104.77,,,
18/06/2013,106.02,105.74,105.39,,,
19/06/2013,106.12,105.82,105.45,,,
20/06/2013,102.15,101.81,101.43,,,
21/06/2013,100.91,100.54,100.14,,,
24/06/2013,101.16,100.79,100.42,,,
25/06/2013,101.26,100.91,100.52,,,
26/06/2013,101.66,101.31,100.93,,,
27/06/2013,102.82,102.43,102,,,
28/06/2013,102.16,101.72,101.26,,,
1/07/2013,103,102.49,101.98,,,
2/07/2013,104,103.48,102.94,,,
3/07/2013,105.76,105.23,104.67,,,
4/07/2013,105.54,104.91,104.24,,,
5/07/2013,107.72,106.98,106.24,,,
8/07/2013,107.43,106.66,106.02,,,
9/07/2013,107.81,107.07,106.45,,,
10/07/2013,108.51,107.67,106.97,,,
11/07/2013,107.73,107.04,106.42,,,
12/07/2013,108.81,107.93,107.27,,,
15/07/2013,109.09,108.08,107.31,,,
16/07/2013,109.4,108.14,107.36,,,
17/07/2013,108.61,107.87,107.28,,,
18/07/2013,108.7,107.93,107.33,,,
19/07/2013,108.07,107.21,106.53,,,
22/07/2013,108.15,107.21,106.46,,,
23/07/2013,108.42,107.52,106.81,,,
24/07/2013,107.19,106.38,105.78,,,
25/07/2013,107.65,106.81,106.19,,,
26/07/2013,107.17,106.29,105.65,,,
29/07/2013,107.45,106.57,105.92,,,
30/07/2013,106.91,106.12,105.51,,,
31/07/2013,107.7,106.91,106.32,,,
1/08/2013,109.54,108.66,107.97,,,
2/08/2013,108.95,108.1,107.45,,,
5/08/2013,108.7,107.77,107.09,,,
6/08/2013,108.18,107.1,106.35,,,
7/08/2013,107.44,106.19,105.45,,,
8/08/2013,106.68,105.36,104.66,,,
9/08/2013,108.22,106.87,106.11,,,
12/08/2013,108.97,107.74,107.06,,,
13/08/2013,109.82,108.48,107.74,,,
14/08/2013,110.2,108.82,107.99,,,
15/08/2013,111.11,109.6,108.76,,,
16/08/2013,110.4,109.38,108.46,,,
19/08/2013,109.9,108.93,108.09,,,
20/08/2013,110.15,109.1,108.22,,,
21/08/2013,109.81,108.76,107.93,,,
22/08/2013,109.9,108.87,108.03,,,
23/08/2013,111.04,109.82,108.89,,,
26/08/2013,110.73,109.49,108.57,,,
27/08/2013,114.36,112.95,111.87,,,
28/08/2013,116.61,115.03,113.76,,,
29/08/2013,115.16,113.61,112.37,,,
30/08/2013,114.01,112.32,110.99,,,
2/09/2013,114.33,112.54,111.12,,,
3/09/2013,115.68,113.78,112.23,,,
4/09/2013,114.91,113.23,111.75,,,
5/09/2013,115.26,113.57,112.1,,,
6/09/2013,116.12,114.42,112.87,,,
9/09/2013,113.72,112.33,111.09,,,
10/09/2013,111.25,110.02,108.89,,,
11/09/2013,111.5,110.19,109.13,,,
12/09/2013,112.63,111.53,110.37,,,
13/09/2013,112.78,111.7,110.36,,,
16/09/2013,110.07,108.99,108.1,,,
17/09/2013,108.19,107.27,106.44,,,
18/09/2013,110.6,109.66,108.79,,,
19/09/2013,108.76,107.99,107.21,,,
20/09/2013,109.22,108.33,107.47,,,
23/09/2013,108.16,107.37,106.61,,,
24/09/2013,108.64,107.77,106.93,,,
25/09/2013,108.32,107.41,106.51,,,
26/09/2013,109.21,108.28,107.37,,,
27/09/2013,108.63,107.7,106.78,,,
30/09/2013,108.37,107.43,106.54,,,
1/10/2013,107.94,107.11,106.29,,,
2/10/2013,109.19,108.3,107.46,,,
3/10/2013,109,108.07,107.18,,,
4/10/2013,109.46,108.54,107.69,,,
7/10/2013,109.68,108.85,108.12,,,
8/10/2013,110.16,109.41,108.71,,,
9/10/2013,109.06,108.27,107.61,,,
10/10/2013,111.8,110.93,110.17,,,
11/10/2013,111.28,110.42,109.69,,,
14/10/2013,111.04,110.24,109.5,,,
15/10/2013,109.96,109.42,108.78,,,
16/10/2013,110.86,110.59,109.98,,,
17/10/2013,109.11,108.52,107.9,,,
18/10/2013,109.94,109.42,108.81,,,
21/10/2013,109.64,109.1,108.43,,,
22/10/2013,109.97,109.41,108.68,,,
23/10/2013,107.8,107.35,106.72,,,
24/10/2013,106.99,106.57,106.01,,,
25/10/2013,106.93,106.59,106.13,,,
28/10/2013,109.61,109.04,108.36,,,
29/10/2013,109.01,108.53,107.93,,,
30/10/2013,109.86,109.48,108.92,,,
31/10/2013,108.84,108.63,108.17,,,
1/11/2013,105.91,105.89,105.6,,,
4/11/2013,106.23,106.1,105.75,,,
5/11/2013,105.33,105.28,105.02,,,
6/11/2013,105.24,105.35,105.17,,,
7/11/2013,103.46,103.6,103.52,,,
8/11/2013,105.12,105.03,104.79,,,
11/11/2013,106.4,106.18,105.86,,,
12/11/2013,105.81,105.54,105.18,,,
13/11/2013,107.12,106.89,106.55,,,
14/11/2013,108.54,108.28,107.86,,,
15/11/2013,108.5,108.06,107.68,,,
18/11/2013,108.47,108.02,107.62,,,
19/11/2013,106.92,106.51,106.18,,,
20/11/2013,108.06,107.54,107.13,,,
21/11/2013,110.08,109.49,109.02,,,
22/11/2013,111.05,110.49,110.05,,,
25/11/2013,111,110.42,110,,,
26/11/2013,110.88,110.33,109.92,,,
27/11/2013,111.31,110.82,110.42,,,
28/11/2013,110.86,110.43,110.07,,,
29/11/2013,109.69,109.33,109.02,,,
2/12/2013,111.45,111.05,110.71,,,
3/12/2013,112.62,112.13,111.77,,,
4/12/2013,111.88,111.43,111.12,,,
5/12/2013,110.98,110.57,110.3,,,
6/12/2013,111.61,111.22,110.95,,,
9/12/2013,109.39,109.14,108.97,,,
10/12/2013,109.38,109.13,108.96,,,
11/12/2013,109.7,109.51,109.33,,,
12/12/2013,108.67,108.38,108.18,,,
13/12/2013,108.83,108.32,108.07,,,
16/12/2013,110.47,109.41,109.09,,,
17/12/2013,108.44,108.22,107.96,,,
18/12/2013,109.63,109.33,109,,,
19/12/2013,110.29,109.95,109.6,,,
20/12/2013,111.77,111.33,110.9,,,
23/12/2013,111.56,111.22,110.88,,,
24/12/2013,111.9,111.56,111.23,,,
26/12/2013,111.98,111.65,111.34,,,
27/12/2013,112.18,111.84,111.47,,,
30/12/2013,111.21,110.96,110.69,,,
31/12/2013,110.8,110.53,110.27,,,
2/01/2014,107.78,107.6,107.4,,,
3/01/2014,106.89,106.54,106.24,,,
6/01/2014,106.73,106.42,106.17,,,
7/01/2014,107.35,106.99,106.72,,,
8/01/2014,107.15,106.71,106.41,,,
9/01/2014,106.39,105.96,105.7,,,
10/01/2014,107.25,106.61,106.28,,,
13/01/2014,106.75,105.97,105.58,,,
14/01/2014,106.39,105.6,105.25,,,
15/01/2014,107.13,106.27,105.95,,,
16/01/2014,107.09,105.75,105.31,,,
17/01/2014,106.48,105.94,105.53,,,
20/01/2014,106.35,105.68,105.23,,,
21/01/2014,106.73,106.05,105.64,,,
22/01/2014,108.27,107.51,107.02,,,
23/01/2014,107.58,106.92,106.48,,,
24/01/2014,107.88,107.19,106.72,,,
27/01/2014,106.69,106.03,105.6,,,
28/01/2014,107.41,106.86,106.48,,,
29/01/2014,107.85,107.24,106.78,,,
30/01/2014,107.95,107.3,106.82,,,
31/01/2014,106.4,105.81,105.37,,,
3/02/2014,106.04,105.39,104.91,,,
4/02/2014,105.78,105.17,104.73,,,
5/02/2014,106.25,105.66,105.29,,,
6/02/2014,107.19,106.6,106.24,,,
7/02/2014,109.57,108.85,108.41,,,
10/02/2014,108.63,107.96,107.56,,,
11/02/2014,108.68,108.18,107.85,,,
12/02/2014,108.79,108.35,108.03,,,
13/02/2014,108.73,108.52,108.19,,,
14/02/2014,109.08,108.76,108.39,,,
17/02/2014,109.18,108.88,108.54,,,
18/02/2014,110.46,110.11,109.71,,,
19/02/2014,110.47,110.13,109.73,,,
20/02/2014,110.3,109.98,109.61,,,
21/02/2014,109.85,109.48,109.08,,,
24/02/2014,110.64,110.2,109.76,,,
25/02/2014,109.51,109.03,108.61,,,
26/02/2014,109.52,109.04,108.64,,,
27/02/2014,108.96,108.54,108.23,,,
28/02/2014,109.07,108.63,108.31,,,
3/03/2014,111.2,110.77,110.42,,,
4/03/2014,109.3,108.86,108.53,,,
5/03/2014,107.76,107.29,106.96,,,
6/03/2014,108.1,107.57,107.24,,,
7/03/2014,109,108.46,108.15,,,
10/03/2014,108.08,107.51,107.18,,,
11/03/2014,108.55,107.88,107.51,,,
12/03/2014,108.02,107.35,107.03,,,
13/03/2014,107.39,106.92,106.68,,,
14/03/2014,108.57,108.21,107.93,,,
17/03/2014,106.24,105.99,105.65,,,
18/03/2014,106.79,106.54,106.21,,,
19/03/2014,105.85,105.67,105.37,,,
20/03/2014,106.45,106.24,105.91,,,
21/03/2014,106.92,106.66,106.29,,,
24/03/2014,106.81,106.61,106.27,,,
25/03/2014,106.99,106.81,106.48,,,
26/03/2014,107.03,106.92,106.67,,,
27/03/2014,107.83,107.72,107.45,,,
28/03/2014,108.07,107.96,107.7,,,
31/03/2014,107.76,107.65,107.4,,,
1/04/2014,105.62,105.56,105.36,,,
2/04/2014,104.79,104.77,104.62,,,
3/04/2014,106.15,106.09,105.91,,,
4/04/2014,106.72,106.63,106.42,,,
7/04/2014,105.82,105.82,105.68,,,
8/04/2014,107.67,107.62,107.44,,,
9/04/2014,107.98,107.95,107.8,,,
10/04/2014,107.46,107.52,107.4,,,
11/04/2014,107.33,107.4,107.26,,,
14/04/2014,109.07,109.07,108.79,,,
15/04/2014,108.74,109.36,109.03,,,
16/04/2014,109.6,109.25,108.76,,,
17/04/2014,109.53,109.16,108.66,,,
21/04/2014,109.95,109.59,109.08,,,
22/04/2014,109.27,108.98,108.54,,,
23/04/2014,109.11,108.84,108.42,,,
24/04/2014,110.33,109.95,109.44,,,
25/04/2014,109.58,109.13,108.59,,,
28/04/2014,108.12,107.64,107.11,,,
29/04/2014,108.98,108.44,107.86,,,
30/04/2014,108.07,107.53,106.96,,,
1/05/2014,107.76,107.21,106.68,,,
2/05/2014,108.59,107.97,107.38,,,
5/05/2014,107.72,107.12,106.54,,,
6/05/2014,107.06,106.49,105.95,,,
7/05/2014,108.13,107.61,107.1,,,
8/05/2014,108.04,107.49,106.94,,,
9/05/2014,107.89,107.28,106.68,,,
12/05/2014,108.41,107.79,107.21,,,
13/05/2014,109.24,108.54,107.88,,,
14/05/2014,110.19,109.31,108.57,,,
15/05/2014,110.44,109.09,108.38,,,
16/05/2014,109.75,108.94,108.14,,,
19/05/2014,109.37,108.59,107.8,,,
20/05/2014,109.69,108.91,108.13,,,
21/05/2014,110.55,109.74,108.97,,,
22/05/2014,110.36,109.56,108.79,,,
23/05/2014,110.54,109.8,109.06,,,
26/05/2014,110.32,109.59,108.84,,,
27/05/2014,110.02,109.32,108.6,,,
28/05/2014,109.81,109.11,108.43,,,
29/05/2014,109.97,109.19,108.44,,,
30/05/2014,109.41,108.68,107.94,,,
2/06/2014,108.83,108.16,107.5,,,
3/06/2014,108.82,108.13,107.46,,,
4/06/2014,108.4,107.72,107.04,,,
5/06/2014,108.79,108.11,107.44,,,
6/06/2014,108.61,107.86,107.16,,,
9/06/2014,109.99,109.15,108.41,,,
10/06/2014,109.52,108.86,108.18,,,
11/06/2014,109.95,109.37,108.69,,,
12/06/2014,113.02,112.42,111.64,,,
13/06/2014,113.41,112.46,111.68,,,
16/06/2014,112.94,112.25,111.62,,,
17/06/2014,113.45,112.82,112.22,,,
18/06/2014,114.26,113.59,112.96,,,
19/06/2014,115.06,114.38,113.71,,,
20/06/2014,114.81,114.24,113.63,,,
23/06/2014,114.12,113.72,113.17,,,
24/06/2014,114.46,114.03,113.54,,,
25/06/2014,114,113.51,112.96,,,
26/06/2014,113.21,112.73,112.21,,,
27/06/2014,113.3,112.85,112.33,,,
30/06/2014,112.36,112.07,111.68,,,
1/07/2014,112.29,112.1,111.8,,,
2/07/2014,111.24,111.2,111,,,
3/07/2014,111,110.88,110.63,,,
4/07/2014,110.64,110.56,110.28,,,
7/07/2014,110.24,110.18,109.94,,,
8/07/2014,108.94,109.06,108.95,,,
9/07/2014,108.28,108.47,108.41,,,
10/07/2014,108.67,109.01,109.06,,,
11/07/2014,106.66,107.26,107.59,,,
14/07/2014,106.98,107.71,108.19,,,
15/07/2014,106.02,106.88,107.29,,,
16/07/2014,105.85,107.17,107.45,,,
17/07/2014,107.89,108,107.93,,,
18/07/2014,107.24,107.48,107.49,,,
21/07/2014,107.68,108.08,108.18,,,
22/07/2014,107.33,107.62,107.67,,,
23/07/2014,108.03,108.26,108.32,,,
24/07/2014,107.07,107.46,107.58,,,
25/07/2014,108.39,108.7,108.77,,,
28/07/2014,107.57,107.87,107.95,,,
29/07/2014,107.72,108.05,108.19,,,
30/07/2014,106.51,106.99,107.21,,,
31/07/2014,106.02,106.53,106.8,,,
1/08/2014,104.84,105.51,105.96,,,
4/08/2014,105.41,105.98,106.33,,,
5/08/2014,104.61,105.25,105.66,,,
6/08/2014,104.59,105.27,105.72,,,
7/08/2014,105.44,106.08,106.53,,,
8/08/2014,105.02,105.62,106.03,,,
11/08/2014,104.68,105.39,105.93,,,
12/08/2014,103.02,103.89,104.56,,,
13/08/2014,104.28,105.06,105.66,,,
14/08/2014,102.01,102.07,102.72,,,
15/08/2014,103.53,104.14,104.52,,,
18/08/2014,101.6,102.3,102.74,,,
19/08/2014,101.56,102.3,102.82,,,
20/08/2014,102.28,102.95,103.43,,,
21/08/2014,102.63,103.36,103.85,,,
22/08/2014,102.29,103.04,103.59,,,
25/08/2014,102.65,103.36,103.89,,,
26/08/2014,102.5,103.26,103.81,,,
27/08/2014,102.72,103.48,104.04,,,
28/08/2014,102.46,103.12,103.58,,,
29/08/2014,103.19,103.77,104.17,,,
1/09/2014,102.79,103.29,103.68,,,
2/09/2014,100.34,100.96,101.5,,,
3/09/2014,102.77,103.34,103.84,,,
4/09/2014,101.83,102.3,102.79,,,
5/09/2014,100.82,101.4,101.97,,,
8/09/2014,100.2,100.86,101.51,,,
9/09/2014,99.16,99.93,100.62,,,
10/09/2014,98.04,98.78,99.51,,,
11/09/2014,98.08,98.86,99.57,,,
12/09/2014,97.11,97.96,98.73,,,
15/09/2014,96.65,97.88,98.62,,,
16/09/2014,99.05,99.73,100.3,,,
17/09/2014,98.97,99.56,100.08,,,
18/09/2014,97.7,98.36,98.95,,,
19/09/2014,98.39,99.03,99.58,,,
22/09/2014,96.97,97.7,98.35,,,
23/09/2014,96.85,97.58,98.22,,,
24/09/2014,96.95,97.62,98.22,,,
25/09/2014,97,97.63,98.21,,,
26/09/2014,97,97.63,98.21,,,
29/09/2014,97.2,97.81,98.33,,,
30/09/2014,94.67,95.32,95.86,,,
1/10/2014,94.16,94.79,95.32,,,
2/10/2014,93.42,94,94.5,,,
3/10/2014,92.31,92.88,93.38,,,
6/10/2014,92.79,93.33,93.87,,,
7/10/2014,92.11,92.57,93.08,,,
8/10/2014,91.38,91.79,92.27,,,
9/10/2014,90.05,90.37,90.8,,,
10/10/2014,90.21,90.58,91.07,,,
13/10/2014,88.89,89.41,90.03,,,
14/10/2014,85.04,85.41,85.92,,,
15/10/2014,83.78,84.12,84.6,,,
16/10/2014,84.47,85.82,86.29,,,
17/10/2014,86.16,86.62,87.11,,,
20/10/2014,85.4,85.85,86.33,,,
21/10/2014,86.22,86.58,86.98,,,
22/10/2014,84.71,85.08,85.54,,,
23/10/2014,86.83,87.21,87.65,,,
24/10/2014,86.13,86.5,86.98,,,
27/10/2014,85.83,86.23,86.73,,,
28/10/2014,86.03,86.49,87.04,,,
29/10/2014,87.12,87.59,88.13,,,
30/10/2014,86.24,86.7,87.22,,,
31/10/2014,85.86,86.34,86.87,,,
3/11/2014,84.78,85.3,85.86,,,
4/11/2014,82.82,83.38,83.94,,,
5/11/2014,82.95,83.52,84.1,,,
6/11/2014,82.86,83.46,84.08,,,
7/11/2014,83.39,83.97,84.56,,,
10/11/2014,82.34,82.95,83.57,,,
11/11/2014,81.67,82.39,83.05,,,
12/11/2014,80.38,81.12,81.8,,,
13/11/2014,77.92,77.49,78.13,,,
14/11/2014,79.41,80.05,80.66,,,
17/11/2014,79.31,79.94,80.52,,,
18/11/2014,78.47,79.07,79.66,,,
19/11/2014,78.1,78.57,79.13,,,
20/11/2014,79.33,79.74,80.25,,,
21/11/2014,80.36,80.85,81.42,,,
24/11/2014,79.68,80.15,80.73,,,
25/11/2014,78.33,78.76,79.31,,,
26/11/2014,77.75,78.18,78.7,,,
27/11/2014,72.58,72.99,73.5,,,
28/11/2014,70.15,70.58,71.14,,,
1/12/2014,72.54,72.94,73.45,,,
2/12/2014,70.54,70.93,71.49,,,
3/12/2014,69.92,70.41,71.09,,,
4/12/2014,69.64,70.08,70.74,,,
5/12/2014,69.07,69.49,70.18,,,
8/12/2014,66.19,66.64,67.34,,,
9/12/2014,66.84,67.22,67.88,,,
10/12/2014,64.24,64.56,65.22,,,
11/12/2014,63.68,63.99,64.66,,,
12/12/2014,61.85,62.15,62.85,,,
15/12/2014,61.06,61.21,61.81,,,
16/12/2014,59.86,60.01,60.61,,,
17/12/2014,61.18,61.73,62.37,,,
18/12/2014,59.27,59.88,60.58,,,
19/12/2014,61.38,62.05,62.76,,,
22/12/2014,60.11,60.88,61.67,,,
23/12/2014,61.69,62.44,63.22,,,
24/12/2014,60.24,61.01,61.82,,,
26/12/2014,59.45,60.22,61.07,,,
29/12/2014,57.88,58.66,59.54,,,
30/12/2014,57.9,58.73,59.63,,,
31/12/2014,57.33,58.21,59.19,,,
2/01/2015,56.42,57.26,58.22,,,
5/01/2015,53.11,54.17,55.24,,,
6/01/2015,51.1,52.13,53.2,,,
7/01/2015,51.15,52.17,53.24,,,
8/01/2015,50.96,52.03,53.18,,,
9/01/2015,50.11,51.3,52.55,,,
12/01/2015,47.43,48.7,50.06,,,
13/01/2015,46.59,47.82,49.17,,,
14/01/2015,48.69,49.86,51.11,,,
15/01/2015,47.67,48.27,49.56,,,
16/01/2015,50.17,51.47,52.76,,,
19/01/2015,48.84,50.12,51.39,,,
20/01/2015,47.99,49.16,50.36,,,
21/01/2015,49.03,50.16,51.29,,,
22/01/2015,48.52,49.69,50.85,,,
23/01/2015,48.79,49.94,51.13,,,
26/01/2015,48.16,49.38,50.63,,,
27/01/2015,49.6,50.74,51.93,,,
28/01/2015,48.47,49.59,50.78,,,
29/01/2015,49.13,50.15,51.28,,,
30/01/2015,52.99,53.95,55,,,
2/02/2015,54.75,55.74,56.8,,,
3/02/2015,57.91,59,60.1,,,
4/02/2015,54.16,55.16,56.22,,,
5/02/2015,56.57,57.51,58.51,,,
6/02/2015,57.8,58.68,59.67,,,
9/02/2015,58.34,59.33,60.46,,,
10/02/2015,56.43,57.49,58.64,,,
11/02/2015,54.66,55.92,57.1,,,
12/02/2015,57.05,59.28,60.29,,,
13/02/2015,61.52,62.33,63.18,,,
16/02/2015,61.4,62.09,62.86,,,
17/02/2015,62.53,63.19,63.96,,,
18/02/2015,60.53,61.27,62.12,,,
19/02/2015,60.21,60.9,61.74,,,
20/02/2015,60.22,60.77,61.52,,,
23/02/2015,58.9,59.65,60.54,,,
24/02/2015,58.66,59.44,60.35,,,
25/02/2015,61.63,62.35,63.22,,,
26/02/2015,60.05,60.71,61.57,,,
27/02/2015,62.58,63.15,63.98,,,
2/03/2015,59.54,60.19,61.13,,,
3/03/2015,61.02,61.78,62.7,,,
4/03/2015,60.55,61.21,62.07,,,
5/03/2015,60.48,60.96,61.72,,,
6/03/2015,59.73,60.18,60.98,,,
9/03/2015,58.53,59.08,59.95,,,
10/03/2015,56.39,56.87,57.8,,,
11/03/2015,57.54,57.88,58.77,,,
12/03/2015,57.08,57.28,58.14,,,
13/03/2015,54.67,55.01,55.88,,,
16/03/2015,53.44,53.94,54.97,,,
17/03/2015,53.51,54.56,55.51,,,
18/03/2015,55.91,56.99,57.9,,,
19/03/2015,54.43,55.51,56.4,,,
20/03/2015,55.32,56.43,57.31,,,
23/03/2015,55.92,56.98,57.84,,,
24/03/2015,55.11,56.21,57.07,,,
25/03/2015,56.48,57.44,58.24,,,
26/03/2015,59.19,60.01,60.73,,,
27/03/2015,56.41,57.28,58.05,,,
30/03/2015,56.29,57.28,58.12,,,
31/03/2015,55.11,56.21,57.08,,,
1/04/2015,57.1,58.19,59.05,,,
2/04/2015,54.95,56.09,56.96,,,
6/04/2015,58.12,59.29,60.11,,,
7/04/2015,59.1,60.16,60.92,,,
8/04/2015,55.55,56.69,57.51,,,
9/04/2015,56.57,57.69,58.51,,,
10/04/2015,57.87,58.95,59.76,,,
13/04/2015,57.93,59.04,59.85,,,
14/04/2015,58.43,59.81,60.65,,,
15/04/2015,60.32,63.32,64.13,,,
16/04/2015,63.98,64.76,65.41,,,
17/04/2015,63.45,64.24,64.92,,,
20/04/2015,63.45,64.23,64.91,,,
21/04/2015,62.08,62.87,63.59,,,
22/04/2015,62.73,63.48,64.16,,,
23/04/2015,64.85,65.51,66.12,,,
24/04/2015,65.28,65.97,66.59,,,
27/04/2015,64.83,65.59,66.25,,,
28/04/2015,64.64,65.35,65.99,,,
29/04/2015,65.84,66.54,67.16,,,
30/04/2015,66.78,67.45,67.99,,,
1/05/2015,66.46,67.23,67.79,,,
4/05/2015,66.45,67.23,67.84,,,
5/05/2015,67.52,68.27,68.86,,,
6/05/2015,67.77,68.47,69.02,,,
7/05/2015,65.54,66.23,66.76,,,
8/05/2015,65.39,66.16,66.72,,,
11/05/2015,64.91,65.62,66.19,,,
12/05/2015,66.86,67.38,67.85,,,
13/05/2015,66.81,67.27,67.76,,,
14/05/2015,66.59,66.7,67.25,,,
15/05/2015,66.81,67.29,67.75,,,
18/05/2015,66.27,66.75,67.18,,,
19/05/2015,64.02,64.55,64.99,,,
20/05/2015,65.03,65.52,65.92,,,
21/05/2015,66.54,67.06,67.45,,,
22/05/2015,65.37,65.93,66.38,,,
25/05/2015,65.52,66.07,66.53,,,
26/05/2015,63.72,64.31,64.77,,,
27/05/2015,62.06,62.66,63.15,,,
28/05/2015,62.58,63.16,63.63,,,
29/05/2015,65.56,66.14,66.61,,,
1/06/2015,64.88,65.51,65.97,,,
2/06/2015,65.49,66.2,66.71,,,
3/06/2015,63.8,64.54,65.13,,,
4/06/2015,62.03,62.69,63.28,,,
5/06/2015,63.31,64,64.6,,,
8/06/2015,62.69,63.23,63.79,,,
9/06/2015,64.88,65.46,66.03,,,
10/06/2015,65.7,66.37,67,,,
11/06/2015,65.11,65.79,66.41,,,
12/06/2015,63.87,64.64,65.27,,,
15/06/2015,62.61,63.95,64.66,,,
16/06/2015,63.7,64.49,65.18,,,
17/06/2015,63.87,64.67,65.36,,,
18/06/2015,64.26,64.99,65.65,,,
19/06/2015,63.02,63.77,64.45,,,
22/06/2015,63.34,64.1,64.78,,,
23/06/2015,64.45,65.13,65.75,,,
24/06/2015,63.49,64.16,64.77,,,
25/06/2015,63.2,63.76,64.32,,,
26/06/2015,63.26,63.84,64.41,,,
29/06/2015,62.01,62.6,63.18,,,
30/06/2015,63.59,64.14,64.67,,,
1/07/2015,62.01,62.47,62.96,,,
2/07/2015,62.07,62.57,63.05,,,
3/07/2015,60.32,60.84,61.36,,,
6/07/2015,56.54,57.03,57.55,,,
7/07/2015,56.85,57.36,57.87,,,
8/07/2015,57.05,57.39,57.84,,,
9/07/2015,58.61,58.88,59.25,,,
10/07/2015,58.73,59,59.42,,,
13/07/2015,57.85,58.15,58.61,,,
14/07/2015,58.51,58.68,59.1,,,
15/07/2015,57.05,57.12,57.46,,,
16/07/2015,57.51,56.92,57.31,,,
17/07/2015,57.1,57.47,57.97,,,
20/07/2015,56.65,57,57.51,,,
21/07/2015,57.04,57.45,58,,,
22/07/2015,56.13,56.49,57.02,,,
23/07/2015,55.27,55.65,56.2,,,
24/07/2015,54.62,55.02,55.57,,,
27/07/2015,53.47,53.93,54.51,,,
28/07/2015,53.3,53.86,54.5,,,
29/07/2015,53.38,54.04,54.75,,,
30/07/2015,53.31,53.98,54.7,,,
31/07/2015,52.21,52.85,53.55,,,
3/08/2015,49.52,50.19,50.95,,,
4/08/2015,49.99,50.63,51.43,,,
5/08/2015,49.59,50.15,50.89,,,
6/08/2015,49.52,50.09,50.84,,,
7/08/2015,48.61,49.24,50.03,,,
10/08/2015,50.41,51.02,51.8,,,
11/08/2015,49.18,49.71,50.5,,,
12/08/2015,49.66,50.18,50.95,,,
13/08/2015,49.22,49.63,50.43,,,
14/08/2015,49.03,49.19,50.05,,,
17/08/2015,48.74,49.58,50.44,,,
18/08/2015,48.81,49.58,50.39,,,
19/08/2015,47.16,47.93,48.73,,,
20/08/2015,46.62,47.35,48.12,,,
21/08/2015,45.46,46.2,46.97,,,
24/08/2015,42.69,43.49,44.29,,,
25/08/2015,43.21,44.06,44.88,,,
26/08/2015,43.14,43.93,44.68,,,
27/08/2015,47.56,48.36,49.12,,,
28/08/2015,50.05,50.86,51.67,,,
31/08/2015,54.15,54.99,55.8,,,
1/09/2015,49.56,50.36,51.17,,,
2/09/2015,50.5,51.29,52.09,,,
3/09/2015,50.68,51.53,52.35,,,
4/09/2015,49.61,50.5,51.33,,,
7/09/2015,47.63,48.5,49.33,,,
8/09/2015,49.52,50.41,51.23,,,
9/09/2015,47.58,48.52,49.39,,,
10/09/2015,48.89,49.85,50.73,,,
11/09/2015,48.14,49.04,49.89,,,
14/09/2015,46.37,47.35,48.25,,,
15/09/2015,46.63,47.75,48.58,,,
16/09/2015,49.75,50.52,51.32,,,
17/09/2015,49.08,49.86,50.64,,,
18/09/2015,47.47,48.23,49.01,,,
21/09/2015,48.92,49.69,50.47,,,
22/09/2015,49.08,49.87,50.66,,,
23/09/2015,47.75,48.48,49.25,,,
24/09/2015,48.17,48.86,49.59,,,
25/09/2015,48.6,49.27,49.99,,,
28/09/2015,47.34,48.01,48.7,,,
29/09/2015,48.23,48.86,49.51,,,
30/09/2015,48.37,49.05,49.71,,,
1/10/2015,47.69,48.38,49.06,,,
2/10/2015,48.13,48.79,49.47,,,
5/10/2015,49.25,49.87,50.52,,,
6/10/2015,51.92,52.45,53.05,,,
7/10/2015,51.33,51.77,52.36,,,
8/10/2015,53.05,53.38,53.95,,,
9/10/2015,52.65,52.91,53.53,,,
12/10/2015,49.86,50.25,50.93,,,
13/10/2015,49.24,49.69,50.4,,,
14/10/2015,49.15,49.69,50.41,,,
15/10/2015,48.71,49.73,50.39,,,
16/10/2015,50.46,51.11,51.78,,,
19/10/2015,48.61,49.31,50.02,,,
20/10/2015,48.71,49.4,50.14,,,
21/10/2015,47.85,48.56,49.3,,,
22/10/2015,48.08,48.83,49.59,,,
23/10/2015,47.99,48.67,49.41,,,
26/10/2015,47.54,48.25,49.01,,,
27/10/2015,46.81,47.55,48.32,,,
28/10/2015,49.05,49.83,50.63,,,
29/10/2015,48.8,49.59,50.4,,,
30/10/2015,49.56,50.31,51.11,,,
2/11/2015,48.79,49.61,50.45,,,
3/11/2015,50.54,51.34,52.15,,,
4/11/2015,48.58,49.36,50.14,,,
5/11/2015,47.98,48.77,49.56,,,
6/11/2015,47.42,48.17,48.96,,,
9/11/2015,47.19,47.92,48.72,,,
10/11/2015,47.44,48.1,48.89,,,
11/11/2015,45.81,46.61,47.43,,,
12/11/2015,44.06,45.19,46.04,,,
13/11/2015,43.61,44.47,45.3,,,
16/11/2015,44.56,45.45,46.2,,,
17/11/2015,43.57,44.44,45.16,,,
18/11/2015,44.14,44.98,45.7,,,
19/11/2015,44.18,45,45.69,,,
20/11/2015,44.66,45.43,46.08,,,
23/11/2015,44.83,45.55,46.2,,,
24/11/2015,46.12,46.87,47.53,,,
25/11/2015,46.17,46.9,47.51,,,
26/11/2015,45.46,46.19,46.79,,,
27/11/2015,44.86,45.51,46.08,,,
30/11/2015,44.61,45.24,45.77,,,
1/12/2015,44.44,45.09,45.62,,,
2/12/2015,42.49,43.16,43.78,,,
3/12/2015,43.84,44.43,44.99,,,
4/12/2015,43,43.5,44.06,,,
7/12/2015,40.73,41.19,41.79,,,
8/12/2015,40.26,40.59,41.21,,,
9/12/2015,40.11,40.34,40.98,,,
10/12/2015,39.73,40.13,40.81,,,
11/12/2015,37.93,38.32,39.02,,,
14/12/2015,37.92,38.16,38.81,,,
15/12/2015,38.45,38.73,39.33,,,
16/12/2015,37.19,37.39,37.99,,,
17/12/2015,37.06,37.62,38.52,,,
18/12/2015,36.88,37.37,38.22,,,
21/12/2015,36.35,36.81,37.65,,,
22/12/2015,36.11,36.57,37.41,,,
23/12/2015,37.36,37.89,38.74,,,
24/12/2015,37.89,38.42,39.28,,,
28/12/2015,36.62,37.13,37.99,,,
29/12/2015,37.79,38.22,39.03,,,
30/12/2015,36.46,36.87,37.71,,,
31/12/2015,37.28,37.67,38.53,,,
4/01/2016,37.22,37.6,38.47,,,
5/01/2016,36.42,36.89,37.77,,,
6/01/2016,34.23,34.63,35.56,,,
7/01/2016,33.75,34.09,35.01,,,
8/01/2016,33.55,33.93,34.87,,,
11/01/2016,31.55,31.88,32.81,,,
12/01/2016,30.86,30.95,31.82,,,
13/01/2016,30.31,30.28,31.14,,,
14/01/2016,31.03,30.88,31.72,,,
15/01/2016,28.94,29.69,30.44,,,
18/01/2016,28.55,29.23,29.91,,,
19/01/2016,28.76,29.47,30.22,,,
20/01/2016,27.88,28.62,29.38,,,
21/01/2016,29.25,29.79,30.45,,,
22/01/2016,32.18,32.84,33.56,,,
25/01/2016,30.5,31.31,32.09,,,
26/01/2016,31.8,32.57,33.31,,,
27/01/2016,33.1,33.93,34.73,,,
28/01/2016,33.89,34.8,35.62,,,
29/01/2016,34.74,35.99,36.82,,,
1/02/2016,34.24,35.03,35.89,,,
2/02/2016,32.72,33.47,34.31,,,
3/02/2016,35.04,35.75,36.51,,,
4/02/2016,34.46,35.15,35.93,,,
5/02/2016,34.06,34.76,35.54,,,
8/02/2016,32.88,33.6,34.44,,,
9/02/2016,30.32,30.98,31.79,,,
10/02/2016,30.84,31.5,32.28,,,
11/02/2016,30.06,30.78,31.61,,,
12/02/2016,33.36,33.99,34.76,,,
15/02/2016,33.39,34.01,34.75,,,
16/02/2016,32.18,32.84,33.6,,,
17/02/2016,34.5,35.13,35.87,,,
18/02/2016,34.28,34.88,35.57,,,
19/02/2016,33.01,33.62,34.34,,,
22/02/2016,34.69,35.29,35.98,,,
23/02/2016,33.27,33.97,34.71,,,
24/02/2016,34.41,35.07,35.78,,,
25/02/2016,35.29,35.7,36.34,,,
26/02/2016,35.1,35.44,36.05,,,
29/02/2016,35.97,36.57,37.23,,,
1/03/2016,36.81,37.47,38.05,,,
2/03/2016,36.93,37.55,38.12,,,
3/03/2016,37.07,37.7,38.24,,,
4/03/2016,38.72,39.36,39.92,,,
7/03/2016,40.84,41.48,42.06,,,
8/03/2016,39.65,40.24,40.78,,,
9/03/2016,41.07,41.65,42.13,,,
10/03/2016,40.05,40.68,41.17,,,
11/03/2016,40.39,41.09,41.64,,,
14/03/2016,39.53,40.16,40.67,,,
15/03/2016,38.74,39.39,39.88,,,
16/03/2016,40.33,40.98,41.4,,,
17/03/2016,41.54,42.18,42.56,,,
18/03/2016,41.2,41.86,42.26,,,
21/03/2016,41.54,42.23,42.62,,,
22/03/2016,41.79,42.51,42.92,,,
23/03/2016,40.47,41.09,41.49,,,
24/03/2016,40.44,41.03,41.44,,,
28/03/2016,40.27,40.87,41.28,,,
29/03/2016,39.14,39.85,40.28,,,
30/03/2016,39.26,40.05,40.52,,,
31/03/2016,39.6,40.33,40.77,,,
1/04/2016,38.67,39.09,39.53,,,
4/04/2016,37.69,37.98,38.39,,,
5/04/2016,37.87,38.03,38.38,,,
6/04/2016,39.84,40,40.34,,,
7/04/2016,39.43,39.49,39.78,,,
8/04/2016,41.94,42.02,42.31,,,
11/04/2016,42.83,42.95,43.27,,,
12/04/2016,44.69,44.73,45.01,,,
13/04/2016,44.18,44.21,44.57,,,
14/04/2016,43.84,43.8,44.15,,,
15/04/2016,43.1,43.06,43.37,,,
18/04/2016,42.91,42.77,43.05,,,
19/04/2016,44.03,43.85,44.22,,,
20/04/2016,45.8,45.63,46.01,,,
21/04/2016,44.53,44.39,44.79,,,
22/04/2016,45.11,45.07,45.46,,,
25/04/2016,44.48,44.32,44.73,,,
26/04/2016,45.74,45.58,45.96,,,
27/04/2016,47.18,46.93,47.28,,,
28/04/2016,48.14,47.77,48.11,,,
29/04/2016,48.13,47.37,47.74,,,
2/05/2016,45.83,46.24,46.65,,,
3/05/2016,44.97,45.37,45.79,,,
4/05/2016,44.62,45.06,45.51,,,
5/05/2016,45.01,45.45,45.89,,,
6/05/2016,45.37,45.86,46.35,,,
9/05/2016,43.63,44.19,44.72,,,
10/05/2016,45.52,46.01,46.51,,,
11/05/2016,47.6,48.03,48.46,,,
12/05/2016,48.08,48.42,48.79,,,
13/05/2016,47.83,48.14,48.48,,,
16/05/2016,48.97,49.43,49.79,,,
17/05/2016,49.28,49.74,50.13,,,
18/05/2016,48.93,49.45,49.89,,,
19/05/2016,48.81,49.34,49.77,,,
20/05/2016,48.72,49.27,49.68,,,
23/05/2016,48.35,48.93,49.38,,,
24/05/2016,48.61,49.18,49.63,,,
25/05/2016,49.74,50.23,50.61,,,
26/05/2016,49.59,50.17,50.53,,,
27/05/2016,49.32,49.95,50.34,,,
30/05/2016,49.76,50.36,50.74,,,
31/05/2016,49.69,49.89,50.29,,,
1/06/2016,49.72,50.15,50.44,,,
2/06/2016,50.04,50.46,50.75,,,
3/06/2016,49.64,50.04,50.32,,,
6/06/2016,50.55,50.97,51.26,,,
7/06/2016,51.44,51.89,52.19,,,
8/06/2016,52.51,52.98,53.26,,,
9/06/2016,51.95,52.42,52.73,,,
10/06/2016,50.54,51.01,51.34,,,
13/06/2016,50.35,50.82,51.16,,,
14/06/2016,49.83,50.33,50.67,,,
15/06/2016,48.97,49.53,49.88,,,
16/06/2016,47.19,47.76,48.13,,,
17/06/2016,49.17,49.75,50.1,,,
20/06/2016,50.65,51.29,51.64,,,
21/06/2016,50.62,51.26,51.65,,,
22/06/2016,49.88,50.6,51.03,,,
23/06/2016,50.91,51.61,52.06,,,
24/06/2016,48.41,49.04,49.49,,,
27/06/2016,47.16,47.77,48.25,,,
28/06/2016,48.58,49.26,49.77,,,
29/06/2016,50.61,51.32,51.8,,,
30/06/2016,49.68,49.71,50.16,,,
1/07/2016,50.35,50.89,51.32,,,
4/07/2016,50.1,50.69,51.11,,,
5/07/2016,47.96,48.57,49,,,
6/07/2016,48.8,49.4,49.85,,,
7/07/2016,46.4,47,47.49,,,
8/07/2016,46.76,47.38,47.9,,,
11/07/2016,46.25,46.9,47.49,,,
12/07/2016,48.47,49.05,49.59,,,
13/07/2016,46.26,46.81,47.34,,,
14/07/2016,47.37,47.93,48.42,,,
15/07/2016,47.61,48.12,48.55,,,
18/07/2016,46.96,47.45,47.85,,,
19/07/2016,46.66,47.18,47.61,,,
20/07/2016,47.17,47.65,48.06,,,
21/07/2016,46.2,46.62,46.99,,,
22/07/2016,45.69,46.09,46.48,,,
25/07/2016,44.72,45.13,45.54,,,
26/07/2016,44.87,45.23,45.59,,,
27/07/2016,43.47,43.91,44.33,,,
28/07/2016,42.7,43.23,43.63,,,
29/07/2016,42.46,43.53,43.98,,,
1/08/2016,42.14,42.6,43.19,,,
2/08/2016,41.8,42.23,42.81,,,
3/08/2016,43.1,43.48,44.03,,,
4/08/2016,44.29,44.63,45.15,,,
5/08/2016,44.27,44.61,45.12,,,
8/08/2016,45.39,45.73,46.24,,,
9/08/2016,44.98,45.35,45.87,,,
10/08/2016,44.05,44.43,44.97,,,
11/08/2016,46.04,46.36,46.83,,,
12/08/2016,46.97,47.26,47.71,,,
15/08/2016,48.35,48.61,49.03,,,
16/08/2016,49.23,49.48,49.88,,,
17/08/2016,49.85,50.08,50.48,,,
18/08/2016,50.89,51.15,51.55,,,
19/08/2016,50.88,51.19,51.6,,,
22/08/2016,49.16,49.56,49.98,,,
23/08/2016,49.96,50.32,50.73,,,
24/08/2016,49.05,49.35,49.73,,,
25/08/2016,49.67,49.92,50.3,,,
26/08/2016,49.92,50.15,50.53,,,
29/08/2016,49.26,49.45,49.83,,,
30/08/2016,48.37,48.73,49.14,,,
31/08/2016,47.04,46.89,47.27,,,
1/09/2016,45.45,45.83,46.22,,,
2/09/2016,46.83,47.21,47.59,,,
5/09/2016,47.63,48.01,48.39,,,
6/09/2016,47.26,47.65,48.06,,,
7/09/2016,47.98,48.39,48.82,,,
8/09/2016,49.99,50.43,50.9,,,
9/09/2016,48.01,48.47,48.93,,,
12/09/2016,48.32,48.81,49.29,,,
13/09/2016,47.1,47.58,48.06,,,
14/09/2016,45.85,46.31,46.8,,,
15/09/2016,46.59,47.06,47.54,,,
16/09/2016,45.77,46.24,46.75,,,
19/09/2016,45.95,46.42,46.94,,,
20/09/2016,45.88,46.36,46.88,,,
21/09/2016,46.83,47.29,47.78,,,
22/09/2016,47.65,48.21,48.74,,,
23/09/2016,45.89,46.48,47.02,,,
26/09/2016,47.35,47.93,48.45,,,
27/09/2016,45.97,46.52,47.07,,,
28/09/2016,48.69,49.24,49.72,,,
29/09/2016,49.24,49.81,50.34,,,
30/09/2016,49.06,50.19,50.75,,,
3/10/2016,50.89,51.46,51.95,,,
4/10/2016,50.87,51.43,51.94,,,
5/10/2016,51.86,52.45,52.95,,,
6/10/2016,52.51,53.11,53.6,,,
7/10/2016,51.93,52.54,53.05,,,
10/10/2016,53.14,53.76,54.28,,,
11/10/2016,52.41,53.03,53.55,,,
12/10/2016,51.81,52.47,53.01,,,
13/10/2016,52.03,52.7,53.24,,,
14/10/2016,51.95,52.64,53.17,,,
17/10/2016,51.52,52.24,52.8,,,
18/10/2016,51.68,52.45,53.04,,,
19/10/2016,52.67,53.42,53.99,,,
20/10/2016,51.38,52.25,52.93,,,
21/10/2016,51.78,52.69,53.36,,,
24/10/2016,51.46,52.43,53.14,,,
25/10/2016,50.79,51.79,52.51,,,
26/10/2016,49.98,51.04,51.75,,,
27/10/2016,50.47,51.6,52.3,,,
28/10/2016,49.71,50.68,51.35,,,
31/10/2016,48.3,48.61,49.3,,,
1/11/2016,48.14,48.95,49.62,,,
2/11/2016,46.86,47.69,48.4,,,
3/11/2016,46.35,47.22,47.95,,,
4/11/2016,45.58,46.55,47.33,,,
7/11/2016,46.15,47.2,48.02,,,
8/11/2016,46.04,47.18,48.06,,,
9/11/2016,46.36,47.42,48.3,,,
10/11/2016,45.84,46.92,47.77,,,
11/11/2016,44.75,45.82,46.65,,,
14/11/2016,44.43,45.48,46.29,,,
15/11/2016,46.95,47.95,48.71,,,
16/11/2016,46.63,47.62,48.41,,,
17/11/2016,46.49,47.6,48.45,,,
18/11/2016,46.86,47.97,48.82,,,
21/11/2016,48.9,49.97,50.81,,,
22/11/2016,49.12,50.11,50.9,,,
23/11/2016,48.95,50,50.79,,,
24/11/2016,49,50.02,50.79,,,
25/11/2016,47.24,48.24,49.02,,,
28/11/2016,48.24,49.21,49.97,,,
29/11/2016,46.38,47.32,48.09,,,
30/11/2016,50.47,51.84,52.53,,,
1/12/2016,53.94,54.58,55.02,,,
2/12/2016,54.46,55.14,55.64,,,
5/12/2016,54.94,55.59,56.08,,,
6/12/2016,53.93,54.65,55.2,,,
7/12/2016,53,53.78,54.37,,,
8/12/2016,53.89,54.6,55.13,,,
9/12/2016,54.33,55.06,55.6,,,
12/12/2016,55.69,56.37,56.9,,,
13/12/2016,55.72,56.39,56.97,,,
14/12/2016,53.9,54.65,55.26,,,
15/12/2016,54.02,54.71,55.29,,,
16/12/2016,55.21,55.82,56.34,,,
19/12/2016,54.92,55.54,56.1,,,
20/12/2016,55.35,56.02,56.62,,,
21/12/2016,54.46,55.22,55.87,,,
22/12/2016,55.05,55.79,56.42,,,
23/12/2016,55.16,55.9,56.53,,,
27/12/2016,56.09,56.83,57.43,,,
28/12/2016,56.22,56.96,57.57,,,
29/12/2016,56.14,56.85,57.5,,,
30/12/2016,56.82,57.49,58.04,,,
3/01/2017,55.47,56.14,56.71,,,
4/01/2017,56.46,57.09,57.63,,,
5/01/2017,56.89,57.48,57.98,,,
6/01/2017,57.1,57.68,58.17,,,
9/01/2017,54.94,55.56,56.09,,,
10/01/2017,53.64,54.26,54.79,,,
11/01/2017,55.1,55.6,56.09,,,
12/01/2017,56.01,56.49,56.98,,,
13/01/2017,55.45,55.91,56.38,,,
16/01/2017,55.86,56.28,56.73,,,
17/01/2017,55.47,55.94,56.44,,,
18/01/2017,53.92,54.41,54.93,,,
19/01/2017,54.16,54.69,55.21,,,
20/01/2017,55.49,55.98,56.5,,,
23/01/2017,55.23,55.63,56.11,,,
24/01/2017,55.44,55.85,56.32,,,
25/01/2017,55.08,55.42,55.83,,,
26/01/2017,56.24,56.49,56.87,,,
27/01/2017,55.52,55.7,56.05,,,
30/01/2017,55.23,55.32,55.69,,,
31/01/2017,55.7,55.58,55.91,,,
1/02/2017,56.8,57.12,57.4,,,
2/02/2017,56.56,56.85,57.11,,,
3/02/2017,56.81,57.15,57.44,,,
6/02/2017,55.72,56.1,56.44,,,
7/02/2017,55.05,55.33,55.62,,,
8/02/2017,55.12,55.47,55.79,,,
9/02/2017,55.63,56,56.33,,,
10/02/2017,56.7,57.06,57.36,,,
13/02/2017,55.59,55.96,56.25,,,
14/02/2017,55.97,56.29,56.55,,,
15/02/2017,55.75,56.1,56.35,,,
16/02/2017,55.65,56,56.25,,,
17/02/2017,55.81,56.11,56.33,,,
20/02/2017,56.18,56.35,56.53,,,
21/02/2017,56.66,56.76,56.82,,,
22/02/2017,55.84,56.04,56.18,,,
23/02/2017,56.58,56.82,56.98,,,
24/02/2017,55.99,56.31,56.55,,,
27/02/2017,55.93,56.42,56.72,,,
28/02/2017,55.59,56.51,56.84,,,
1/03/2017,56.36,56.66,56.83,,,
2/03/2017,55.08,55.37,55.56,,,
3/03/2017,55.9,56.16,56.36,,,
6/03/2017,56.01,56.26,56.45,,,
7/03/2017,55.92,56.13,56.3,,,
8/03/2017,53.11,53.37,53.57,,,
9/03/2017,52.19,52.46,52.68,,,
10/03/2017,51.37,51.63,51.83,,,
13/03/2017,51.35,51.59,51.79,,,
14/03/2017,50.92,51.11,51.31,,,
15/03/2017,51.81,51.97,52.14,,,
16/03/2017,51.74,51.9,52.07,,,
17/03/2017,51.76,51.95,52.15,,,
20/03/2017,51.62,51.79,51.98,,,
21/03/2017,50.96,51.19,51.44,,,
22/03/2017,50.64,50.87,51.12,,,
23/03/2017,50.56,50.66,50.86,,,
24/03/2017,50.8,50.92,51.16,,,
27/03/2017,50.75,50.9,51.17,,,
28/03/2017,51.33,51.42,51.66,,,
29/03/2017,52.42,52.54,52.78,,,
30/03/2017,52.96,53.13,53.39,,,
31/03/2017,52.83,53.53,53.79,,,
3/04/2017,53.12,53.41,53.64,,,
4/04/2017,54.17,54.44,54.65,,,
5/04/2017,54.36,54.63,54.83,,,
6/04/2017,54.89,55.17,55.35,,,
7/04/2017,55.24,55.53,55.72,,,
10/04/2017,55.98,56.32,56.54,,,
11/04/2017,56.23,56.6,56.84,,,
12/04/2017,55.86,56.3,56.6,,,
13/04/2017,55.89,56.37,56.69,,,
17/04/2017,55.36,55.88,56.23,,,
18/04/2017,54.89,55.44,55.8,,,
19/04/2017,52.93,53.43,53.77,,,
20/04/2017,52.99,53.46,53.79,,,
21/04/2017,51.96,52.44,52.8,,,
24/04/2017,51.6,52.13,52.47,,,
25/04/2017,52.1,52.57,52.86,,,
26/04/2017,51.82,52.41,52.74,,,
27/04/2017,51.44,51.82,52.13,,,
28/04/2017,51.73,52.05,52.37,,,
1/05/2017,51.52,51.86,52.09,,,
2/05/2017,50.46,50.76,50.97,,,
3/05/2017,50.79,51.07,51.26,,,
4/05/2017,48.38,48.72,48.97,,,
5/05/2017,49.1,49.48,49.74,,,
8/05/2017,49.34,49.75,50.02,,,
9/05/2017,48.73,49.11,49.38,,,
10/05/2017,50.22,50.54,50.76,,,
11/05/2017,50.77,51.05,51.23,,,
12/05/2017,50.84,51.05,51.2,,,
15/05/2017,51.82,52.01,52.14,,,
16/05/2017,51.65,51.91,52.09,,,
17/05/2017,52.21,52.44,52.61,,,
18/05/2017,52.51,52.67,52.82,,,
19/05/2017,53.61,53.76,53.9,,,
22/05/2017,53.87,54.11,54.3,,,
23/05/2017,54.15,54.41,54.61,,,
24/05/2017,53.96,54.24,54.45,,,
25/05/2017,51.46,51.77,52,,,
26/05/2017,52.15,52.51,52.75,,,
29/05/2017,52.29,52.64,52.89,,,
30/05/2017,51.84,52.24,52.51,,,
31/05/2017,50.31,50.76,51.09,,,
1/06/2017,50.63,50.97,51.22,,,
2/06/2017,49.95,50.24,50.49,,,
5/06/2017,49.47,49.81,50.09,,,
6/06/2017,50.12,50.42,50.67,,,
7/06/2017,48.06,48.43,48.72,,,
8/06/2017,47.86,48.26,48.58,,,
9/06/2017,48.15,48.53,48.84,,,
12/06/2017,48.29,48.64,48.94,,,
13/06/2017,48.72,49.05,49.33,,,
14/06/2017,47,47.29,47.61,,,
15/06/2017,46.92,47.19,47.49,,,
16/06/2017,47.37,47.63,47.9,,,
19/06/2017,46.91,47.13,47.39,,,
20/06/2017,46.02,46.25,46.51,,,
21/06/2017,44.82,45.05,45.31,,,
22/06/2017,45.22,45.41,45.64,,,
23/06/2017,45.54,45.75,45.98,,,
26/06/2017,45.83,46.04,46.28,,,
27/06/2017,46.65,46.92,47.19,,,
28/06/2017,47.31,47.54,47.81,,,
29/06/2017,47.42,47.63,47.93,,,
30/06/2017,47.92,48.77,49.04,,,
3/07/2017,49.68,49.99,50.3,,,
4/07/2017,49.61,49.9,50.19,,,
5/07/2017,47.79,48.07,48.38,,,
6/07/2017,48.11,48.39,48.68,,,
7/07/2017,46.71,46.98,47.27,,,
10/07/2017,46.88,47.17,47.51,,,
11/07/2017,47.52,47.81,48.13,,,
12/07/2017,47.74,48.03,48.34,,,
13/07/2017,48.42,48.68,48.96,,,
14/07/2017,48.91,49.17,49.47,,,
17/07/2017,48.42,48.68,49,,,
18/07/2017,48.84,49.08,49.38,,,
19/07/2017,49.7,49.93,50.22,,,
20/07/2017,49.3,49.52,49.81,,,
21/07/2017,48.06,48.31,48.6,,,
24/07/2017,48.6,48.82,49.09,,,
25/07/2017,50.2,50.36,50.59,,,
26/07/2017,50.97,51.1,51.31,,,
27/07/2017,51.49,51.52,51.69,,,
28/07/2017,52.52,52.22,52.34,,,
31/07/2017,52.65,52.72,52.87,,,
1/08/2017,51.78,51.94,52.11,,,
2/08/2017,52.36,52.44,52.56,,,
3/08/2017,52.01,52.02,52.12,,,
4/08/2017,52.42,52.46,52.6,,,
7/08/2017,52.37,52.42,52.57,,,
8/08/2017,52.14,52.19,52.34,,,
9/08/2017,52.7,52.65,52.7,,,
10/08/2017,51.9,51.78,51.77,,,
11/08/2017,52.1,51.94,51.92,,,
14/08/2017,50.73,50.63,50.65,,,
15/08/2017,50.8,50.63,50.62,,,
16/08/2017,50.27,50.1,50.07,,,
17/08/2017,51.03,50.75,50.63,,,
18/08/2017,52.72,52.41,52.26,,,
21/08/2017,51.66,51.28,51.12,,,
22/08/2017,51.87,51.58,51.51,,,
23/08/2017,52.57,52.24,52.16,,,
24/08/2017,52.04,51.66,51.57,,,
25/08/2017,52.41,51.98,51.89,,,
28/08/2017,51.89,51.42,51.36,,,
29/08/2017,52,51.66,51.69,,,
30/08/2017,50.86,50.73,50.79,,,
31/08/2017,52.38,52.86,52.84,,,
1/09/2017,52.75,52.79,52.89,,,
4/09/2017,52.34,52.37,52.47,,,
5/09/2017,53.38,53.36,53.41,,,
6/09/2017,54.2,54.07,54.05,,,
7/09/2017,54.49,54.33,54.26,,,
8/09/2017,53.78,53.58,53.47,,,
11/09/2017,53.84,53.69,53.64,,,
12/09/2017,54.27,54.03,53.94,,,
13/09/2017,55.16,54.89,54.74,,,
14/09/2017,55.47,55.22,55.09,,,
15/09/2017,55.62,55.42,55.3,,,
18/09/2017,55.48,55.25,55.08,,,
19/09/2017,55.14,54.9,54.72,,,
20/09/2017,56.29,55.93,55.68,,,
21/09/2017,56.43,56.09,55.82,,,
22/09/2017,56.86,56.42,56.1,,,
25/09/2017,59.02,58.43,58.03,,,
26/09/2017,58.44,57.92,57.62,,,
27/09/2017,57.9,57.57,57.35,,,
28/09/2017,57.41,57.16,56.92,,,
29/09/2017,57.54,56.79,56.59,,,
2/10/2017,56.12,55.89,55.71,,,
3/10/2017,56,55.78,55.59,,,
4/10/2017,55.8,55.6,55.41,,,
5/10/2017,57,56.71,56.46,,,
6/10/2017,55.62,55.36,55.13,,,
9/10/2017,55.79,55.54,55.3,,,
10/10/2017,56.61,56.36,56.12,,,
11/10/2017,56.94,56.73,56.52,,,
12/10/2017,56.25,56.07,55.89,,,
13/10/2017,57.17,56.95,56.71,,,
16/10/2017,57.82,57.56,57.28,,,
17/10/2017,57.88,57.54,57.21,,,
18/10/2017,58.15,57.8,57.48,,,
19/10/2017,57.23,56.98,56.73,,,
20/10/2017,57.75,57.58,57.33,,,
23/10/2017,57.37,57.27,57.08,,,
24/10/2017,58.33,58.17,57.91,,,
25/10/2017,58.44,58.23,57.97,,,
26/10/2017,59.3,59.04,58.74,,,
27/10/2017,60.44,60.13,59.81,,,
30/10/2017,60.9,60.59,60.31,,,
31/10/2017,61.37,60.94,60.66,,,
1/11/2017,60.49,60.23,59.99,,,
2/11/2017,60.62,60.37,60.11,,,
3/11/2017,62.07,61.8,61.52,,,
6/11/2017,64.27,63.96,63.63,,,
7/11/2017,63.69,63.47,63.21,,,
8/11/2017,63.49,63.28,63.02,,,
9/11/2017,63.93,63.74,63.49,,,
10/11/2017,63.52,63.41,63.22,,,
13/11/2017,63.16,63.1,62.97,,,
14/11/2017,62.21,62.06,61.87,,,
15/11/2017,61.87,61.76,61.57,,,
16/11/2017,61.36,61.29,61.13,,,
17/11/2017,62.72,62.55,62.33,,,
20/11/2017,62.22,62.06,61.86,,,
21/11/2017,62.57,62.32,62.09,,,
22/11/2017,63.32,62.99,62.72,,,
23/11/2017,63.55,63.24,62.97,,,
24/11/2017,63.86,63.47,63.18,,,
27/11/2017,63.84,63.38,63.09,,,
28/11/2017,63.61,63.24,62.99,,,
29/11/2017,63.11,62.53,62.24,,,
30/11/2017,63.57,62.63,62.34,,,
1/12/2017,63.73,63.46,63.19,,,
4/12/2017,62.45,62.24,62.04,,,
5/12/2017,62.86,62.64,62.43,,,
6/12/2017,61.22,61.03,60.87,,,
7/12/2017,62.2,61.95,61.74,,,
8/12/2017,63.4,63.03,62.76,,,
11/12/2017,64.69,64,63.59,,,
12/12/2017,63.34,62.73,62.39,,,
13/12/2017,62.44,61.81,61.46,,,
14/12/2017,63.31,62.66,62.28,,,
15/12/2017,63.23,62.65,62.26,,,
18/12/2017,63.41,62.91,62.56,,,
19/12/2017,63.8,63.4,63.04,,,
20/12/2017,64.56,64.11,63.72,,,
21/12/2017,64.9,64.43,64.04,,,
22/12/2017,65.25,64.73,64.33,,,
26/12/2017,67.02,66.46,66.04,,,
27/12/2017,66.44,65.99,65.6,,,
28/12/2017,66.72,66.16,65.77,,,
29/12/2017,66.87,66.44,66.09,,,
2/01/2018,66.57,66.13,65.79,,,
3/01/2018,67.84,67.29,66.9,,,
4/01/2018,68.07,67.51,67.11,,,
5/01/2018,67.62,67.1,66.73,,,
8/01/2018,67.78,67.31,66.95,,,
9/01/2018,68.82,68.34,67.96,,,
10/01/2018,69.2,68.73,68.35,,,
11/01/2018,69.26,68.77,68.37,,,
12/01/2018,69.87,69.38,68.98,,,
15/01/2018,70.26,69.83,69.48,,,
16/01/2018,69.15,68.78,68.45,,,
17/01/2018,69.38,69,68.65,,,
18/01/2018,69.31,68.92,68.59,,,
19/01/2018,68.61,68.24,67.9,,,
22/01/2018,69.03,68.63,68.26,,,
23/01/2018,69.96,69.54,69.15,,,
24/01/2018,70.53,70.02,69.6,,,
25/01/2018,70.42,69.97,69.6,,,
26/01/2018,70.52,70.15,69.8,,,
29/01/2018,69.46,69.2,68.94,,,
30/01/2018,69.02,68.52,68.21,,,
31/01/2018,69.05,68.89,68.57,,,
1/02/2018,69.65,69.35,69.02,,,
2/02/2018,68.58,68.28,67.93,,,
5/02/2018,67.62,67.28,66.93,,,
6/02/2018,66.86,66.48,66.11,,,
7/02/2018,65.51,65.15,64.79,,,
8/02/2018,64.81,64.49,64.18,,,
9/02/2018,62.79,62.48,62.16,,,
12/02/2018,62.59,62.33,62.04,,,
13/02/2018,62.72,62.44,62.15,,,
14/02/2018,64.36,64.02,63.68,,,
15/02/2018,64.33,64,63.68,,,
16/02/2018,64.84,64.53,64.21,,,
19/02/2018,65.67,65.39,65.08,,,
20/02/2018,65.25,65.05,64.79,,,
21/02/2018,65.42,65.15,64.88,,,
22/02/2018,66.39,66.11,65.83,,,
23/02/2018,67.31,67.04,66.77,,,
26/02/2018,67.5,67.29,67.04,,,
27/02/2018,66.63,66.52,66.28,,,
28/02/2018,65.78,64.73,64.46,,,
1/03/2018,63.83,63.59,63.29,,,
2/03/2018,64.37,64.11,63.8,,,
5/03/2018,65.54,65.3,65.01,,,
6/03/2018,65.79,65.55,65.25,,,
7/03/2018,64.34,64.15,63.88,,,
8/03/2018,63.61,63.44,63.17,,,
9/03/2018,65.49,65.27,64.95,,,
12/03/2018,64.95,64.79,64.52,,,
13/03/2018,64.64,64.52,64.29,,,
14/03/2018,64.89,64.76,64.5,,,
15/03/2018,65.12,64.95,64.68,,,
16/03/2018,66.21,66.05,65.75,,,
19/03/2018,66.05,65.82,65.48,,,
20/03/2018,67.42,67.13,66.76,,,
21/03/2018,69.47,69.07,68.64,,,
22/03/2018,68.91,68.38,67.95,,,
23/03/2018,70.45,69.81,69.35,,,
26/03/2018,70.12,69.52,69.07,,,
27/03/2018,70.11,69.46,69.02,,,
28/03/2018,69.53,68.76,68.32,,,
29/03/2018,70.27,69.34,68.85,,,
2/04/2018,67.64,67.18,66.7,,,
3/04/2018,68.12,67.67,67.21,,,
4/04/2018,68.02,67.55,67.08,,,
5/04/2018,68.33,67.9,67.45,,,
6/04/2018,67.11,66.68,66.24,,,
9/04/2018,68.65,68.18,67.7,,,
10/04/2018,71.04,70.42,69.87,,,
11/04/2018,72.06,71.46,70.93,,,
12/04/2018,72.02,71.4,70.85,,,
13/04/2018,72.58,71.93,71.38,,,
16/04/2018,71.42,70.81,70.29,,,
17/04/2018,71.58,70.97,70.44,,,
18/04/2018,73.48,72.84,72.28,,,
19/04/2018,73.78,73.11,72.54,,,
20/04/2018,74.06,73.35,72.78,,,
23/04/2018,74.71,74.01,73.45,,,
24/04/2018,73.86,73.07,72.53,,,
25/04/2018,74,73.23,72.72,,,
26/04/2018,74.74,73.88,73.34,,,
27/04/2018,74.64,73.79,73.25,,,
30/04/2018,75.17,74.69,74.17,,,
1/05/2018,73.13,72.7,72.21,,,
2/05/2018,73.36,72.94,72.4,,,
3/05/2018,73.62,73.22,72.65,,,
4/05/2018,74.87,74.52,73.99,,,
7/05/2018,76.17,75.83,75.33,,,
8/05/2018,74.85,74.57,74.06,,,
9/05/2018,77.21,76.93,76.44,,,
10/05/2018,77.47,77.24,76.81,,,
11/05/2018,77.12,76.94,76.54,,,
14/05/2018,78.23,77.99,77.52,,,
15/05/2018,78.43,78.27,77.88,,,
16/05/2018,79.28,79.17,78.79,,,
17/05/2018,79.3,79.25,78.88,,,
18/05/2018,78.51,78.49,78.15,,,
21/05/2018,79.22,79.26,78.87,,,
22/05/2018,79.57,79.59,79.2,,,
23/05/2018,79.8,79.84,79.45,,,
24/05/2018,78.79,78.83,78.48,,,
25/05/2018,76.44,76.47,76.14,,,
28/05/2018,75.3,75.32,75,,,
29/05/2018,75.39,75.49,75.23,,,
30/05/2018,77.5,77.72,77.4,,,
31/05/2018,77.59,77.56,77.25,,,
1/06/2018,76.79,76.51,76.22,,,
4/06/2018,75.29,75.1,74.88,,,
5/06/2018,75.38,75.13,74.85,,,
6/06/2018,75.36,74.96,74.58,,,
7/06/2018,77.32,76.98,76.6,,,
8/06/2018,76.46,76.19,75.86,,,
11/06/2018,76.46,76.19,75.82,,,
12/06/2018,75.88,75.65,75.3,,,
13/06/2018,76.74,76.48,76.1,,,
14/06/2018,75.94,75.62,75.2,,,
15/06/2018,73.44,73.08,72.66,,,
18/06/2018,75.34,74.94,74.52,,,
19/06/2018,75.08,74.64,74.16,,,
20/06/2018,74.74,74.33,73.89,,,
21/06/2018,73.05,72.8,72.42,,,
22/06/2018,75.55,75.32,74.94,,,
25/06/2018,74.73,74.55,74.22,,,
26/06/2018,76.31,76.14,75.83,,,
27/06/2018,77.62,77.46,77.17,,,
28/06/2018,77.85,77.61,77.33,,,
29/06/2018,79.44,79.23,78.86,,,
2/07/2018,77.3,76.98,76.69,,,
3/07/2018,77.76,77.41,77.09,,,
4/07/2018,78.24,77.89,77.57,,,
5/07/2018,77.39,77.1,76.83,,,
6/07/2018,77.11,76.91,76.72,,,
9/07/2018,78.07,77.85,77.66,,,
10/07/2018,78.86,78.62,78.4,,,
11/07/2018,73.4,73.33,73.31,,,
12/07/2018,74.45,74.44,74.46,,,
13/07/2018,75.33,75.26,75.23,,,
16/07/2018,71.84,71.82,71.85,,,
17/07/2018,72.16,72.24,72.3,,,
18/07/2018,72.9,72.99,73.01,,,
19/07/2018,72.58,72.67,72.74,,,
20/07/2018,73.07,73.14,73.22,,,
23/07/2018,73.06,73.38,73.58,,,
24/07/2018,73.44,73.8,74.05,,,
25/07/2018,73.93,74.41,74.7,,,
26/07/2018,74.54,75.12,75.38,,,
27/07/2018,74.29,74.76,74.98,,,
30/07/2018,74.97,75.55,75.75,,,
31/07/2018,74.25,74.21,74.39,,,
1/08/2018,72.39,72.67,72.76,,,
2/08/2018,73.45,73.68,73.74,,,
3/08/2018,73.21,73.53,73.63,,,
6/08/2018,73.75,74.07,74.2,,,
7/08/2018,74.65,74.99,75.16,,,
8/08/2018,72.28,72.64,72.84,,,
9/08/2018,72.07,72.39,72.57,,,
10/08/2018,72.81,73.11,73.26,,,
13/08/2018,72.61,72.92,73.07,,,
14/08/2018,72.46,72.78,72.93,,,
15/08/2018,70.76,71.1,71.26,,,
16/08/2018,71.43,71.75,71.88,,,
17/08/2018,71.83,72.07,72.15,,,
20/08/2018,72.21,72.57,72.63,,,
21/08/2018,72.63,72.91,72.92,,,
22/08/2018,74.78,75.07,75.06,,,
23/08/2018,74.73,75.09,75.1,,,
24/08/2018,75.82,76.13,76.07,,,
27/08/2018,76.21,76.5,76.43,,,
28/08/2018,75.95,76.29,76.19,,,
29/08/2018,77.14,77.46,77.34,,,
30/08/2018,77.77,78.02,77.82,,,
31/08/2018,77.42,77.64,77.4,,,
3/09/2018,78.15,77.9,77.61,,,
4/09/2018,78.17,77.9,77.62,,,
5/09/2018,77.27,76.9,76.57,,,
6/09/2018,76.5,76.15,75.83,,,
7/09/2018,76.83,76.47,76.16,,,
10/09/2018,77.37,76.92,76.55,,,
11/09/2018,79.06,78.56,78.17,,,
12/09/2018,79.74,79.29,78.9,,,
13/09/2018,78.18,77.75,77.38,,,
14/09/2018,78.09,77.61,77.22,,,
17/09/2018,78.05,77.59,77.23,,,
18/09/2018,79.03,78.53,78.15,,,
19/09/2018,79.4,78.92,78.53,,,
20/09/2018,78.7,78.22,77.85,,,
21/09/2018,78.8,78.24,77.86,,,
24/09/2018,81.2,80.53,80.08,,,
25/09/2018,81.87,81.26,80.78,,,
26/09/2018,81.34,80.79,80.31,,,
27/09/2018,81.72,81.38,80.93,,,
28/09/2018,82.72,82.73,82.24,,,
1/10/2018,84.98,84.51,84.12,,,
2/10/2018,84.8,84.35,83.98,,,
3/10/2018,86.29,85.83,85.45,,,
4/10/2018,84.58,84.16,83.83,,,
5/10/2018,84.16,83.79,83.52,,,
8/10/2018,83.91,83.54,83.27,,,
9/10/2018,85,84.54,84.2,,,
10/10/2018,83.09,82.65,82.34,,,
11/10/2018,80.26,79.87,79.6,,,
12/10/2018,80.43,80.07,79.82,,,
15/10/2018,80.78,80.43,80.27,,,
16/10/2018,81.41,81.04,80.88,,,
17/10/2018,80.05,79.63,79.48,,,
18/10/2018,79.29,78.75,78.59,,,
19/10/2018,79.78,79.26,79.11,,,
22/10/2018,79.83,79.44,79.33,,,
23/10/2018,76.44,76.15,76.1,,,
24/10/2018,76.17,76.17,76.2,,,
25/10/2018,76.89,76.88,76.86,,,
26/10/2018,77.62,77.66,77.61,,,
29/10/2018,77.34,77.37,77.33,,,
30/10/2018,75.91,75.95,75.93,,,
31/10/2018,75.47,75.04,75.06,,,
1/11/2018,72.89,72.96,73.04,,,
2/11/2018,72.83,72.83,72.89,,,
5/11/2018,73.17,73.1,73.13,,,
6/11/2018,72.13,72.16,72.25,,,
7/11/2018,72.07,72.13,72.24,,,
8/11/2018,70.65,70.9,71.11,,,
9/11/2018,70.18,70.39,70.61,,,
12/11/2018,70.12,70.39,70.6,,,
13/11/2018,65.47,65.81,66.08,,,
14/11/2018,66.12,66.47,66.74,,,
15/11/2018,66.62,66.89,67.06,,,
16/11/2018,66.76,67.03,67.21,,,
19/11/2018,66.79,67.08,67.27,,,
20/11/2018,62.53,62.84,63.05,,,
21/11/2018,63.48,63.83,64.06,,,
22/11/2018,62.6,62.88,63.11,,,
23/11/2018,58.8,59.04,59.23,,,
26/11/2018,60.48,60.56,60.69,,,
27/11/2018,60.21,60.4,60.58,,,
28/11/2018,58.76,59.09,59.29,,,
29/11/2018,59.51,59.91,60.07,,,
30/11/2018,58.71,59.46,59.58,,,
3/12/2018,61.69,61.82,61.93,,,
4/12/2018,62.08,62.22,62.36,,,
5/12/2018,61.56,61.76,61.94,,,
6/12/2018,60.06,60.33,60.55,,,
7/12/2018,61.67,61.85,62,,,
10/12/2018,59.97,60.1,60.24,,,
11/12/2018,60.2,60.35,60.5,,,
12/12/2018,60.15,60.27,60.42,,,
13/12/2018,61.45,61.58,61.74,,,
14/12/2018,60.28,60.4,60.56,,,
17/12/2018,59.61,59.66,59.8,,,
18/12/2018,56.26,56.23,56.38,,,
19/12/2018,57.24,57.45,57.63,,,
20/12/2018,54.35,54.65,54.89,,,
21/12/2018,53.82,54.1,54.3,,,
24/12/2018,50.47,50.77,51.02,,,
26/12/2018,54.47,54.76,54.98,,,
27/12/2018,52.16,52.73,52.99,,,
28/12/2018,52.2,53.21,53.46,,,
31/12/2018,53.8,54.02,54.31,,,
2/01/2019,54.91,55.15,55.46,,,
3/01/2019,55.95,56.14,56.42,,,
4/01/2019,57.06,57.21,57.46,,,
7/01/2019,57.33,57.55,57.83,,,
8/01/2019,58.72,58.89,59.14,,,
9/01/2019,61.44,61.6,61.83,,,
10/01/2019,61.68,61.81,62.02,,,
11/01/2019,60.48,60.63,60.85,,,
14/01/2019,58.99,59.18,59.44,,,
15/01/2019,60.64,60.78,61.01,,,
16/01/2019,61.32,61.34,61.51,,,
17/01/2019,61.18,61.16,61.32,,,
18/01/2019,62.7,62.59,62.68,,,
21/01/2019,62.74,62.57,62.66,,,
22/01/2019,61.5,61.38,61.52,,,
23/01/2019,61.14,61.03,61.17,,,
24/01/2019,61.09,61.16,61.31,,,
25/01/2019,61.64,61.59,61.72,,,
28/01/2019,59.93,59.81,59.91,,,
29/01/2019,61.32,61.2,61.29,,,
30/01/2019,61.65,61.54,61.63,,,
31/01/2019,61.89,60.84,60.93,,,
1/02/2019,62.75,62.79,62.85,,,
4/02/2019,62.51,62.58,62.66,,,
5/02/2019,61.98,62.07,62.16,,,
6/02/2019,62.69,62.74,62.79,,,
7/02/2019,61.63,61.63,61.66,,,
8/02/2019,62.1,62.03,62.02,,,
11/02/2019,61.51,61.52,61.55,,,
12/02/2019,62.42,62.4,62.39,,,
13/02/2019,63.61,63.58,63.53,,,
14/02/2019,64.57,64.52,64.41,,,
15/02/2019,66.25,66.22,66.12,,,
18/02/2019,66.5,66.5,66.42,,,
19/02/2019,66.45,66.47,66.4,,,
20/02/2019,67.08,67.13,67.05,,,
21/02/2019,67.07,67.19,67.12,,,
22/02/2019,67.12,67.25,67.18,,,
25/02/2019,64.76,64.91,64.88,,,
26/02/2019,65.21,65.36,65.35,,,
27/02/2019,66.39,66.58,66.57,,,
28/02/2019,66.03,66.31,66.33,,,
1/03/2019,65.07,65.11,65.03,,,
4/03/2019,65.67,65.74,65.69,,,
5/03/2019,65.86,65.92,65.86,,,
6/03/2019,65.99,65.97,65.87,,,
7/03/2019,66.3,66.26,66.16,,,
8/03/2019,65.74,65.66,65.56,,,
11/03/2019,66.58,66.48,66.34,,,
12/03/2019,66.67,66.58,66.43,,,
13/03/2019,67.55,67.46,67.31,,,
14/03/2019,67.23,67.13,66.96,,,
15/03/2019,67.16,67.04,66.86,,,
18/03/2019,67.54,67.36,67.13,,,
19/03/2019,67.61,67.42,67.19,,,
20/03/2019,68.5,68.27,68,,,
21/03/2019,67.86,67.67,67.43,,,
22/03/2019,67.03,66.75,66.49,,,
25/03/2019,67.21,66.81,66.54,,,
26/03/2019,67.97,67.43,67.1,,,
27/03/2019,67.83,67.24,66.87,,,
28/03/2019,67.82,67.1,66.74,,,
29/03/2019,68.39,67.58,67.21,,,
1/04/2019,69.01,68.59,68.27,,,
2/04/2019,69.37,68.93,68.6,,,
3/04/2019,69.31,68.91,68.59,,,
4/04/2019,69.4,69.02,68.69,,,
5/04/2019,70.34,69.93,69.57,,,
8/04/2019,71.1,70.61,70.21,,,
9/04/2019,70.61,70.16,69.78,,,
10/04/2019,71.73,71.3,70.92,,,
11/04/2019,70.83,70.4,70.03,,,
12/04/2019,71.55,71.06,70.65,,,
15/04/2019,71.18,70.74,70.36,,,
16/04/2019,71.72,71.21,70.77,,,
17/04/2019,71.62,71.09,70.64,,,
18/04/2019,71.97,71.43,70.96,,,
22/04/2019,74.04,73.39,72.81,,,
23/04/2019,74.51,73.89,73.33,,,
24/04/2019,74.57,73.84,73.26,,,
25/04/2019,74.35,73.63,72.99,,,
26/04/2019,72.15,71.63,71,,,
29/04/2019,72.04,71.54,70.92,,,
30/04/2019,72.8,72.06,71.45,,,
1/05/2019,72.18,71.5,70.95,,,
2/05/2019,70.75,70.02,69.43,,,
3/05/2019,70.85,70.03,69.37,,,
6/05/2019,71.24,70.37,69.68,,,
7/05/2019,69.88,69.07,68.42,,,
8/05/2019,70.37,69.62,69.02,,,
9/05/2019,70.39,69.48,68.79,,,
10/05/2019,70.62,69.64,68.88,,,
13/05/2019,70.23,69.31,68.58,,,
14/05/2019,71.24,70.31,69.56,,,
15/05/2019,71.77,70.9,70.16,,,
16/05/2019,72.62,71.7,70.89,,,
17/05/2019,72.21,71.26,70.44,,,
20/05/2019,71.97,71.16,70.38,,,
21/05/2019,72.18,71.31,70.51,,,
22/05/2019,70.99,69.99,69.13,,,
23/05/2019,67.76,66.5,65.56,,,
24/05/2019,68.69,67.47,66.52,,,
27/05/2019,70.11,68.77,67.8,,,
28/05/2019,70.11,68.67,67.73,,,
29/05/2019,69.45,67.87,66.98,,,
30/05/2019,66.87,65.33,64.53,,,
31/05/2019,64.49,61.99,61.16,,,
3/06/2019,61.28,60.46,59.99,,,
4/06/2019,61.97,61.08,60.51,,,
5/06/2019,60.63,59.53,58.87,,,
6/06/2019,61.67,60.52,59.82,,,
7/06/2019,63.29,62.18,61.5,,,
10/06/2019,62.29,61.34,60.79,,,
11/06/2019,62.29,61.45,60.95,,,
12/06/2019,59.97,59.19,58.74,,,
13/06/2019,61.31,60.45,59.97,,,
14/06/2019,62.01,61.01,60.47,,,
17/06/2019,60.94,59.99,59.53,,,
18/06/2019,62.14,61.33,60.92,,,
19/06/2019,61.82,61.04,60.64,,,
20/06/2019,64.45,63.76,63.35,,,
21/06/2019,65.2,64.45,64,,,
24/06/2019,64.86,64.18,63.81,,,
25/06/2019,65.05,64.28,63.91,,,
26/06/2019,66.49,65.69,65.29,,,
27/06/2019,66.55,65.67,65.27,,,
28/06/2019,66.55,64.74,64.35,,,
1/07/2019,65.06,64.76,64.53,,,
2/07/2019,62.4,62.16,61.97,,,
3/07/2019,63.82,63.51,63.29,,,
4/07/2019,63.3,62.95,62.69,,,
5/07/2019,64.23,63.84,63.54,,,
8/07/2019,64.11,63.82,63.54,,,
9/07/2019,64.16,63.93,63.68,,,
10/07/2019,67.01,66.69,66.37,,,
11/07/2019,66.52,66.22,65.9,,,
12/07/2019,66.72,66.34,65.98,,,
15/07/2019,66.48,65.92,65.48,,,
16/07/2019,64.35,63.84,63.42,,,
17/07/2019,63.66,63.19,62.8,,,
18/07/2019,61.93,61.59,61.31,,,
19/07/2019,62.47,62.28,62.03,,,
22/07/2019,63.26,63.03,62.72,,,
23/07/2019,63.83,63.75,63.43,,,
24/07/2019,63.18,63.08,62.74,,,
25/07/2019,63.39,63.26,62.88,,,
26/07/2019,63.46,63.37,62.95,,,
29/07/2019,63.71,63.62,63.2,,,
30/07/2019,64.72,64.63,64.18,,,
31/07/2019,65.17,65.05,64.55,,,
1/08/2019,60.5,59.96,59.49,,,
2/08/2019,61.89,61.32,60.8,,,
5/08/2019,59.81,59.35,58.93,,,
6/08/2019,58.94,58.53,58.14,,,
7/08/2019,56.23,55.93,55.63,,,
8/08/2019,57.38,57.04,56.67,,,
9/08/2019,58.53,58.19,57.81,,,
12/08/2019,58.57,58.3,57.93,,,
13/08/2019,61.3,60.92,60.48,,,
14/08/2019,59.48,59.07,58.64,,,
15/08/2019,58.23,57.79,57.34,,,
16/08/2019,58.64,58.16,57.67,,,
19/08/2019,59.74,59.22,58.7,,,
20/08/2019,60.03,59.58,59.08,,,
21/08/2019,60.3,59.86,59.33,,,
22/08/2019,59.92,59.5,58.95,,,
23/08/2019,59.34,58.8,58.16,,,
26/08/2019,58.7,58.12,57.48,,,
27/08/2019,59.51,59.03,58.4,,,
28/08/2019,60.49,59.93,59.23,,,
29/08/2019,61.08,60.49,59.78,,,
30/08/2019,60.43,59.25,58.46,,,
2/09/2019,58.66,57.86,57.31,,,
3/09/2019,58.26,57.47,56.94,,,
4/09/2019,60.7,59.83,59.27,,,
5/09/2019,60.95,60.04,59.46,,,
6/09/2019,61.54,60.57,59.94,,,
9/09/2019,62.59,61.63,61.01,,,
10/09/2019,62.38,61.44,60.84,,,
11/09/2019,60.81,59.94,59.38,,,
12/09/2019,60.38,59.46,58.87,,,
13/09/2019,60.22,59.25,58.61,,,
16/09/2019,69.02,67.68,66.55,,,
17/09/2019,64.55,63.56,62.7,,,
18/09/2019,63.6,62.66,61.8,,,
19/09/2019,64.4,63.33,62.39,,,
20/09/2019,64.28,63.2,62.2,,,
23/09/2019,64.77,63.73,62.69,,,
24/09/2019,63.1,62.12,61.16,,,
25/09/2019,62.39,61.43,60.53,,,
26/09/2019,62.74,61.74,60.86,,,
27/09/2019,61.91,61.04,60.19,,,
30/09/2019,60.78,59.25,58.48,,,
1/10/2019,58.89,58.17,57.68,,,
2/10/2019,57.69,57.04,56.6,,,
3/10/2019,57.71,57.06,56.57,,,
4/10/2019,58.37,57.74,57.23,,,
7/10/2019,58.35,57.82,57.32,,,
8/10/2019,58.24,57.76,57.29,,,
9/10/2019,58.32,57.84,57.33,,,
10/10/2019,59.1,58.65,58.14,,,
11/10/2019,60.51,60.12,59.6,,,
14/10/2019,59.35,59.12,58.72,,,
15/10/2019,58.74,58.54,58.11,,,
16/10/2019,59.42,59.16,58.68,,,
17/10/2019,59.91,59.46,58.87,,,
18/10/2019,59.42,59.09,58.53,,,
21/10/2019,58.96,58.68,58.2,,,
22/10/2019,59.7,59.44,58.93,,,
23/10/2019,61.17,60.87,60.34,,,
24/10/2019,61.67,61.39,60.83,,,
25/10/2019,62.02,61.73,61.2,,,
28/10/2019,61.57,61.25,60.71,,,
29/10/2019,61.59,61.23,60.64,,,
30/10/2019,60.61,60.24,59.57,,,
31/10/2019,60.23,59.62,58.91,,,
1/11/2019,61.69,60.97,60.38,,,
4/11/2019,62.13,61.35,60.71,,,
5/11/2019,62.96,62.13,61.46,,,
6/11/2019,61.74,60.89,60.19,,,
7/11/2019,62.29,61.41,60.7,,,
8/11/2019,62.51,61.62,60.91,,,
11/11/2019,62.18,61.3,60.6,,,
12/11/2019,62.06,61.24,60.6,,,
13/11/2019,62.37,61.54,60.89,,,
14/11/2019,62.28,61.41,60.75,,,
15/11/2019,63.3,62.4,61.71,,,
18/11/2019,62.44,61.53,60.83,,,
19/11/2019,60.91,60.02,59.34,,,
20/11/2019,62.4,61.47,60.78,,,
21/11/2019,63.97,62.94,62.19,,,
22/11/2019,63.39,62.37,61.63,,,
25/11/2019,63.65,62.62,61.93,,,
26/11/2019,64.27,63.21,62.51,,,
27/11/2019,64.06,63.01,62.3,,,
28/11/2019,63.87,63.27,62.61,,,
29/11/2019,62.43,60.49,59.85,,,
2/12/2019,60.92,60.23,59.74,,,
3/12/2019,60.82,60.11,59.61,,,
4/12/2019,63,62.2,61.6,,,
5/12/2019,63.39,62.48,61.79,,,
6/12/2019,64.39,63.39,62.62,,,
9/12/2019,64.25,63.28,62.54,,,
10/12/2019,64.34,63.46,62.76,,,
11/12/2019,63.72,62.82,62.1,,,
12/12/2019,64.2,63.28,62.55,,,
13/12/2019,65.22,64.25,63.51,,,
16/12/2019,65.34,64.41,63.71,,,
17/12/2019,66.1,65.15,64.41,,,
18/12/2019,66.17,65.23,64.49,,,
19/12/2019,66.54,65.59,64.84,,,
20/12/2019,66.14,65.2,64.51,,,
23/12/2019,66.39,65.42,64.73,,,
24/12/2019,67.2,66.16,65.46,,,
26/12/2019,67.92,66.76,66.05,,,
27/12/2019,68.16,66.87,66.14,,,
30/12/2019,68.44,66.67,65.99,,,
31/12/2019,66,65.29,64.68,,,
2/01/2020,66.25,65.56,64.97,,,
3/01/2020,68.6,67.76,67.05,,,
6/01/2020,68.91,68.07,67.32,,,
7/01/2020,68.27,67.57,66.87,,,
8/01/2020,65.44,64.79,64.14,,,
9/01/2020,65.37,64.66,64.02,,,
10/01/2020,64.98,64.25,63.63,,,
13/01/2020,64.2,63.48,62.89,,,
14/01/2020,64.49,63.71,63.1,,,
15/01/2020,64,63.21,62.6,,,
16/01/2020,64.62,63.81,63.17,,,
17/01/2020,64.85,64.03,63.32,,,
20/01/2020,65.2,64.34,63.6,,,
21/01/2020,64.59,63.83,63.13,,,
22/01/2020,63.21,62.45,61.77,,,
23/01/2020,62.04,61.28,60.61,,,
24/01/2020,60.69,59.89,59.19,,,
27/01/2020,59.32,58.58,58,,,
28/01/2020,59.51,58.81,58.26,,,
29/01/2020,59.81,58.91,58.35,,,
30/01/2020,58.29,57.33,57,,,
31/01/2020,58.16,56.62,56.42,,,
3/02/2020,54.45,54.61,54.73,,,
4/02/2020,53.96,54.13,54.26,,,
5/02/2020,55.28,55.43,55.56,,,
6/02/2020,54.93,55.26,55.58,,,
7/02/2020,54.47,54.8,55.16,,,
10/02/2020,53.27,53.57,53.95,,,
11/02/2020,54.01,54.21,54.5,,,
12/02/2020,55.79,55.91,56.11,,,
13/02/2020,56.34,56.38,56.54,,,
14/02/2020,57.32,57.2,57.25,,,
17/02/2020,57.67,57.49,57.5,,,
18/02/2020,57.75,57.51,57.52,,,
19/02/2020,59.12,58.72,58.58,,,
20/02/2020,59.31,58.8,58.57,,,
21/02/2020,58.5,57.94,57.72,,,
24/02/2020,56.3,55.77,55.75,,,
25/02/2020,54.95,54.26,54.23,,,
26/02/2020,53.43,52.81,52.8,,,
27/02/2020,52.18,51.73,51.67,,,
28/02/2020,50.52,49.67,49.59,,,
2/03/2020,51.9,51.75,51.65,,,
3/03/2020,51.86,51.77,51.67,,,
4/03/2020,51.13,51.25,51.29,,,
5/03/2020,49.99,50.17,50.28,,,
6/03/2020,45.27,45.52,45.8,,,
9/03/2020,34.36,35.1,35.78,,,
10/03/2020,37.22,38.09,38.82,,,
11/03/2020,35.79,37.23,38.23,,,
12/03/2020,33.22,35.2,36.67,,,
13/03/2020,33.85,35.44,36.77,,,
16/03/2020,30.05,31.69,33.16,,,
17/03/2020,28.73,30.41,31.93,,,
18/03/2020,24.88,26.69,28.31,,,
19/03/2020,28.47,30.3,31.81,,,
20/03/2020,26.98,29,30.63,,,
23/03/2020,27.03,29.29,31.21,,,
24/03/2020,27.15,29.74,31.94,,,
25/03/2020,27.39,29.99,32.56,,,
26/03/2020,26.34,28.65,31.29,,,
27/03/2020,24.93,27.95,30.91,,,
30/03/2020,22.76,26.42,29.78,,,
31/03/2020,22.74,26.35,29.66,,,
1/04/2020,24.74,28.04,30.56,,,
2/04/2020,29.94,32.1,33.66,,,
3/04/2020,34.11,35.48,36.39,,,
6/04/2020,33.05,34.89,36.11,,,
7/04/2020,31.87,34.49,36.04,,,
8/04/2020,32.84,35.12,36.32,,,
9/04/2020,31.48,34.18,35.66,,,
13/04/2020,31.74,34.91,36.7,,,
14/04/2020,29.6,33.57,35.76,,,
15/04/2020,27.69,31.44,33.53,,,
16/04/2020,27.82,31.55,33.54,,,
17/04/2020,28.08,31.58,33.47,,,
20/04/2020,25.57,29.21,31.51,,,
21/04/2020,19.33,23.12,25.66,,,
22/04/2020,20.37,24.06,26.68,,,
23/04/2020,21.33,24.79,27.2,,,
24/04/2020,21.44,24.81,27.11,,,
27/04/2020,19.99,23.07,25.62,,,
28/04/2020,20.46,22.74,25.16,,,
29/04/2020,22.54,24.23,26.36,,,
30/04/2020,25.27,26.48,28.31,,,
1/05/2020,26.44,28.07,29.36,,,
4/05/2020,27.2,28.68,29.87,,,
5/05/2020,30.97,31.91,32.85,,,
6/05/2020,29.72,30.6,31.49,,,
7/05/2020,29.46,30.4,31.23,,,
8/05/2020,30.97,32.08,33.06,,,
11/05/2020,29.63,30.65,31.57,,,
12/05/2020,29.98,30.81,31.6,,,
13/05/2020,29.19,29.96,30.73,,,
14/05/2020,31.13,31.64,32.22,,,
15/05/2020,32.5,32.8,33.28,,,
18/05/2020,34.81,35.05,35.49,,,
19/05/2020,34.65,34.94,35.42,,,
20/05/2020,35.75,36.02,36.47,,,
21/05/2020,36.06,36.41,36.83,,,
22/05/2020,35.13,35.66,36.14,,,
25/05/2020,35.53,36.12,36.58,,,
26/05/2020,36.17,36.74,37.19,,,
27/05/2020,34.74,35.45,35.94,,,
28/05/2020,35.29,36.03,36.5,,,
29/05/2020,35.33,37.84,38.17,,,
1/06/2020,38.32,38.43,38.63,,,
2/06/2020,39.57,39.66,39.85,,,
3/06/2020,39.79,39.97,40.24,,,
4/06/2020,39.99,40.17,40.49,,,
5/06/2020,42.3,42.42,42.62,,,
8/06/2020,40.8,41,41.24,,,
9/06/2020,41.18,41.51,41.8,,,
10/06/2020,41.73,41.94,42.14,,,
11/06/2020,38.55,38.88,39.18,,,
12/06/2020,38.73,38.98,39.28,,,
15/06/2020,39.72,39.93,40.2,,,
16/06/2020,40.96,41.13,41.35,,,
17/06/2020,40.71,40.77,40.91,,,
18/06/2020,41.51,41.47,41.51,,,
19/06/2020,42.19,42.14,42.15,,,
22/06/2020,43.08,43.07,43.08,,,
23/06/2020,42.63,42.73,42.8,,,
24/06/2020,40.31,40.53,40.72,,,
25/06/2020,41.05,41.12,41.23,,,
26/06/2020,41.02,40.93,40.97,,,
29/06/2020,41.71,41.85,41.95,,,
30/06/2020,41.15,41.27,41.39,,,
1/07/2020,42.03,42.11,42.24,,,
2/07/2020,43.14,43.19,43.26,,,
3/07/2020,42.8,42.91,43.03,,,
6/07/2020,43.1,43.24,43.39,,,
7/07/2020,43.08,43.26,43.45,,,
8/07/2020,43.29,43.46,43.65,,,
9/07/2020,42.35,42.55,42.76,,,
10/07/2020,43.24,43.46,43.68,,,
13/07/2020,42.72,42.96,43.2,,,
14/07/2020,42.9,43.13,43.37,,,
15/07/2020,43.79,43.93,44.08,,,
16/07/2020,43.37,43.5,43.68,,,
17/07/2020,43.14,43.3,43.53,,,
20/07/2020,43.28,43.46,43.7,,,
21/07/2020,44.32,44.55,44.78,,,
22/07/2020,44.29,44.56,44.81,,,
23/07/2020,43.31,43.67,43.95,,,
24/07/2020,43.34,43.78,44.16,,,
27/07/2020,43.41,43.9,44.34,,,
28/07/2020,43.22,43.61,44.03,,,
29/07/2020,43.75,44.09,44.46,,,
30/07/2020,42.94,43.25,43.59,,,
31/07/2020,43.3,43.52,43.85,,,
3/08/2020,44.15,44.53,44.91,,,
4/08/2020,44.43,44.84,45.24,,,
5/08/2020,45.17,45.57,45.97,,,
6/08/2020,45.09,45.46,45.83,,,
7/08/2020,44.4,44.77,45.11,,,
10/08/2020,44.99,45.39,45.73,,,
11/08/2020,44.5,44.99,45.37,,,
12/08/2020,45.43,45.91,46.3,,,
13/08/2020,44.96,45.43,45.82,,,
14/08/2020,44.8,45.33,45.77,,,
17/08/2020,45.37,45.92,46.39,,,
18/08/2020,45.46,46.01,46.49,,,
19/08/2020,45.37,45.88,46.36,,,
20/08/2020,44.9,45.48,45.97,,,
21/08/2020,44.35,44.93,45.39,,,
24/08/2020,45.13,45.64,46.07,,,
25/08/2020,45.86,46.29,46.66,,,
26/08/2020,45.64,46.16,46.58,,,
27/08/2020,45.09,45.6,46.01,,,
28/08/2020,45.05,45.81,46.25,,,
31/08/2020,45.28,45.66,46.03,,,
1/09/2020,45.58,46,46.37,,,
2/09/2020,44.43,44.87,45.27,,,
3/09/2020,44.07,44.59,45.05,,,
4/09/2020,42.66,43.18,43.65,,,
7/09/2020,42.01,42.54,43.03,,,
8/09/2020,39.78,40.36,40.89,,,
9/09/2020,40.79,41.34,41.85,,,
10/09/2020,40.06,40.63,41.15,,,
11/09/2020,39.83,40.43,40.96,,,
14/09/2020,39.61,40.28,40.86,,,
15/09/2020,40.53,41.15,41.69,,,
16/09/2020,42.22,42.79,43.27,,,
17/09/2020,43.3,43.82,44.23,,,
18/09/2020,43.15,43.68,44.1,,,
21/09/2020,41.44,41.96,42.41,,,
22/09/2020,41.72,42.19,42.58,,,
23/09/2020,41.77,42.26,42.66,,,
24/09/2020,41.94,42.46,42.91,,,
25/09/2020,41.92,42.41,42.84,,,
28/09/2020,42.43,42.87,43.26,,,
29/09/2020,41.03,41.56,41.98,,,
30/09/2020,40.95,42.3,42.75,,,
1/10/2020,40.93,41.44,41.87,,,
2/10/2020,39.27,39.81,40.26,,,
5/10/2020,41.29,41.82,42.25,,,
6/10/2020,42.65,43.13,43.51,,,
7/10/2020,41.99,42.46,42.85,,,
8/10/2020,43.34,43.77,44.1,,,
9/10/2020,42.85,43.32,43.68,,,
12/10/2020,41.72,42.2,42.57,,,
13/10/2020,42.45,42.9,43.24,,,
14/10/2020,43.32,43.7,43.99,,,
15/10/2020,43.16,43.52,43.81,,,
16/10/2020,42.93,43.27,43.57,,,
19/10/2020,42.62,42.98,43.32,,,
20/10/2020,43.16,43.53,43.86,,,
21/10/2020,41.73,42.07,42.4,,,
22/10/2020,42.46,42.78,43.07,,,
23/10/2020,41.77,42.07,42.35,,,
26/10/2020,40.46,40.81,41.16,,,
27/10/2020,41.2,41.61,41.95,,,
28/10/2020,39.12,39.64,40.03,,,
29/10/2020,37.65,38.26,38.69,,,
30/10/2020,37.46,37.94,38.4,,,
2/11/2020,38.97,39.46,39.94,,,
3/11/2020,39.71,40.15,40.6,,,
4/11/2020,41.23,41.61,41.99,,,
5/11/2020,40.93,41.3,41.66,,,
6/11/2020,39.45,39.84,40.22,,,
9/11/2020,42.4,42.75,43.08,,,
10/11/2020,43.61,43.91,44.19,,,
11/11/2020,43.8,44.08,44.34,,,
12/11/2020,43.53,43.79,44.05,,,
13/11/2020,42.78,42.96,43.19,,,
16/11/2020,43.82,43.99,44.19,,,
17/11/2020,43.75,43.96,44.18,,,
18/11/2020,44.34,44.49,44.66,,,
19/11/2020,44.2,44.37,44.52,,,
20/11/2020,44.96,45.07,45.14,,,
23/11/2020,46.06,46.04,46.03,,,
24/11/2020,47.86,47.78,47.78,,,
25/11/2020,48.61,48.53,48.54,,,
26/11/2020,47.8,47.79,47.82,,,
27/11/2020,48.18,48.25,48.31,,,
30/11/2020,47.59,47.88,47.95,,,
1/12/2020,47.42,47.4,47.41,,,
2/12/2020,48.25,48.19,48.16,,,
3/12/2020,48.71,48.6,48.54,,,
4/12/2020,49.25,49.19,49.16,,,
7/12/2020,48.79,48.8,48.82,,,
8/12/2020,48.84,48.81,48.83,,,
9/12/2020,48.86,48.77,48.74,,,
10/12/2020,50.25,50.12,50.04,,,
11/12/2020,49.97,49.9,49.84,,,
14/12/2020,50.29,50.25,50.22,,,
15/12/2020,50.76,50.71,50.66,,,
16/12/2020,51.08,51.06,51.04,,,
17/12/2020,51.5,51.56,51.58,,,
18/12/2020,52.26,52.26,52.25,,,
21/12/2020,50.91,50.98,51.02,,,
22/12/2020,50.08,50.16,50.23,,,
23/12/2020,51.2,51.24,51.3,,,
24/12/2020,51.29,51.34,51.42,,,
28/12/2020,50.86,50.9,50.99,,,
29/12/2020,51.09,51.23,51.32,,,
30/12/2020,51.34,51.63,51.68,,,
31/12/2020,51.8,51.82,51.78,,,
4/01/2021,51.09,51.16,51.16,,,
5/01/2021,53.6,53.54,53.43,,,
6/01/2021,54.3,54.18,54,,,
7/01/2021,54.38,54.3,54.13,,,
8/01/2021,55.99,55.83,55.58,,,
11/01/2021,55.66,55.59,55.4,,,
12/01/2021,56.58,56.49,56.29,,,
13/01/2021,56.06,56.04,55.94,,,
14/01/2021,56.42,56.39,56.3,,,
15/01/2021,55.1,55.13,55.09,,,
18/01/2021,54.75,54.75,54.7,,,
19/01/2021,55.9,55.84,55.72,,,
20/01/2021,56.08,55.97,55.8,,,
21/01/2021,56.1,55.98,55.79,,,
22/01/2021,55.41,55.25,55.07,,,
25/01/2021,55.88,55.68,55.5,,,
26/01/2021,55.91,55.64,55.42,,,
27/01/2021,55.81,55.53,55.34,,,
28/01/2021,55.53,55.1,54.9,,,
29/01/2021,55.88,55.04,54.81,,,
1/02/2021,56.35,56.1,55.81,,,
2/02/2021,57.46,57.2,56.88,,,
3/02/2021,58.46,58.17,57.82,,,
4/02/2021,58.84,58.57,58.21,,,
5/02/2021,59.34,59.08,58.72,,,
8/02/2021,60.56,60.27,59.87,,,
9/02/2021,61.09,60.71,60.26,,,
10/02/2021,61.47,61.07,60.6,,,
11/02/2021,61.14,60.71,60.23,,,
12/02/2021,62.43,61.88,61.32,,,
15/02/2021,63.3,62.72,62.12,,,
16/02/2021,63.35,62.76,62.17,,,
17/02/2021,64.34,63.6,62.91,,,
18/02/2021,63.93,63.15,62.45,,,
19/02/2021,62.91,62.14,61.51,,,
22/02/2021,65.24,64.36,63.69,,,
23/02/2021,65.37,64.48,63.84,,,
24/02/2021,67.04,66.18,65.53,,,
25/02/2021,66.88,66.11,65.48,,,
26/02/2021,66.13,64.42,63.73,,,
1/03/2021,63.69,63.02,62.33,,,
2/03/2021,62.7,62.18,61.58,,,
3/03/2021,64.07,63.57,62.95,,,
4/03/2021,66.74,66.2,65.47,,,
5/03/2021,69.36,68.68,67.83,,,
8/03/2021,68.24,67.7,66.93,,,
9/03/2021,67.52,67.05,66.35,,,
10/03/2021,67.9,67.38,66.65,,,
11/03/2021,69.63,69,68.19,,,
12/03/2021,69.22,68.68,67.92,,,
15/03/2021,68.88,68.33,67.58,,,
16/03/2021,68.39,67.87,67.18,,,
17/03/2021,68,67.57,66.98,,,
18/03/2021,63.28,63.03,62.61,,,
19/03/2021,64.53,64.35,63.9,,,
22/03/2021,64.62,64.52,64.1,,,
23/03/2021,60.79,60.86,60.56,,,
24/03/2021,64.41,64.25,63.82,,,
25/03/2021,61.95,61.8,61.4,,,
26/03/2021,64.57,64.43,63.95,,,
29/03/2021,64.98,64.92,64.37,,,
30/03/2021,64.14,64.17,63.61,,,
31/03/2021,63.54,62.74,62.31,,,
1/04/2021,64.86,64.46,64.12,,,
5/04/2021,62.15,61.83,61.58,,,
6/04/2021,62.74,62.43,62.18,,,
7/04/2021,63.16,62.81,62.51,,,
8/04/2021,63.2,62.71,62.33,,,
9/04/2021,62.95,62.53,62.17,,,
12/04/2021,63.28,62.86,62.5,,,
13/04/2021,63.67,63.28,62.93,,,
14/04/2021,66.58,66.15,65.74,,,
15/04/2021,66.94,66.45,65.99,,,
16/04/2021,66.77,66.29,65.81,,,
19/04/2021,67.05,66.46,65.93,,,
20/04/2021,66.57,65.92,65.37,,,
21/04/2021,65.32,64.68,64.17,,,
22/04/2021,65.4,64.75,64.24,,,
23/04/2021,66.11,65.42,64.93,,,
26/04/2021,65.65,65.03,64.61,,,
27/04/2021,66.42,65.87,65.47,,,
28/04/2021,67.27,66.78,66.38,,,
29/04/2021,68.56,68.05,67.58,,,
30/04/2021,67.25,66.76,66.28,,,
3/05/2021,67.56,67.14,66.7,,,
4/05/2021,68.88,68.45,68,,,
5/05/2021,68.96,68.55,68.1,,,
6/05/2021,68.09,67.72,67.3,,,
7/05/2021,68.28,68,67.61,,,
10/05/2021,68.32,68.09,67.73,,,
11/05/2021,68.55,68.37,68.04,,,
12/05/2021,69.32,69.14,68.8,,,
13/05/2021,67.05,66.88,66.56,,,
14/05/2021,68.71,68.38,67.96,,,
17/05/2021,69.46,69.14,68.69,,,
18/05/2021,68.71,68.52,68.11,,,
19/05/2021,66.66,66.53,66.15,,,
20/05/2021,65.11,65.07,64.77,,,
21/05/2021,66.44,66.35,66.02,,,
24/05/2021,68.46,68.37,68.01,,,
25/05/2021,68.65,68.49,68.08,,,
26/05/2021,68.87,68.73,68.32,,,
27/05/2021,69.46,69.2,68.81,,,
28/05/2021,69.63,68.72,68.34,,,
31/05/2021,69.32,68.95,68.45,,,
1/06/2021,70.25,69.85,69.33,,,
2/06/2021,71.35,70.95,70.4,,,
3/06/2021,71.31,70.89,70.34,,,
4/06/2021,71.89,71.49,70.92,,,
7/06/2021,71.49,71.11,70.58,,,
8/06/2021,72.22,71.81,71.25,,,
9/06/2021,72.22,71.75,71.17,,,
10/06/2021,72.52,71.98,71.37,,,
11/06/2021,72.69,72.11,71.47,,,
14/06/2021,72.86,72.29,71.63,,,
15/06/2021,73.99,73.3,72.59,,,
16/06/2021,74.39,73.59,72.84,,,
17/06/2021,73.08,72.29,71.52,,,
18/06/2021,73.51,72.73,71.92,,,
21/06/2021,74.9,74.05,73.13,,,
22/06/2021,74.81,74.08,73.22,,,
23/06/2021,75.19,74.5,73.69,,,
24/06/2021,75.56,74.81,74.01,,,
25/06/2021,76.18,75.38,74.56,,,
28/06/2021,74.68,74.14,73.39,,,
29/06/2021,74.76,74.28,73.55,,,
30/06/2021,75.13,74.62,73.79,,,
1/07/2021,75.84,74.96,74.17,,,
2/07/2021,76.17,75.3,74.52,,,
5/07/2021,77.16,76.17,75.3,,,
6/07/2021,74.53,73.58,72.72,,,
7/07/2021,73.43,72.55,71.73,,,
8/07/2021,74.12,73.29,72.48,,,
9/07/2021,75.55,74.74,73.92,,,
12/07/2021,75.16,74.42,73.65,,,
13/07/2021,76.49,75.71,74.93,,,
14/07/2021,74.76,73.98,73.22,,,
15/07/2021,73.47,72.77,72.07,,,
16/07/2021,73.59,72.97,72.32,,,
19/07/2021,68.62,68.05,67.49,,,
20/07/2021,69.35,68.77,68.2,,,
21/07/2021,72.23,71.63,70.98,,,
22/07/2021,73.79,73.15,72.41,,,
23/07/2021,74.1,73.44,72.66,,,
26/07/2021,74.5,73.7,72.88,,,
27/07/2021,74.48,73.52,72.69,,,
28/07/2021,74.74,73.87,73.11,,,
29/07/2021,76.05,75.1,74.36,,,
30/07/2021,76.33,75.41,74.59,,,
2/08/2021,72.89,72.2,71.49,,,
3/08/2021,72.41,71.77,71.12,,,
4/08/2021,70.38,69.87,69.32,,,
5/08/2021,71.29,70.8,70.26,,,
6/08/2021,70.7,70.32,69.87,,,
9/08/2021,69.04,68.61,68.16,,,
10/08/2021,70.63,70.22,69.76,,,
11/08/2021,71.44,71.06,70.6,,,
12/08/2021,71.31,70.91,70.44,,,
13/08/2021,70.59,70.2,69.74,,,
16/08/2021,69.51,69.14,68.68,,,
17/08/2021,69.03,68.61,68.12,,,
18/08/2021,68.23,67.77,67.26,,,
19/08/2021,66.45,66.02,65.53,,,
20/08/2021,65.18,64.75,64.28,,,
23/08/2021,68.75,68.37,67.86,,,
24/08/2021,71.05,70.41,69.78,,,
25/08/2021,72.25,71.28,70.59,,,
26/08/2021,71.07,70.18,69.57,,,
27/08/2021,72.7,71.7,71.05,,,
30/08/2021,73.41,72.23,71.53,,,
31/08/2021,72.99,71.63,71,,,
1/09/2021,71.59,71.03,70.51,,,
2/09/2021,73.03,72.41,71.84,,,
3/09/2021,72.61,71.98,71.4,,,
6/09/2021,72.22,71.62,71.04,,,
7/09/2021,71.69,71.06,70.48,,,
8/09/2021,72.6,71.82,71.14,,,
9/09/2021,71.45,70.79,70.17,,,
10/09/2021,72.92,72.26,71.63,,,
13/09/2021,73.51,72.9,72.28,,,
14/09/2021,73.6,72.97,72.33,,,
15/09/2021,75.46,74.78,74.07,,,
16/09/2021,75.67,74.98,74.23,,,
17/09/2021,75.34,74.56,73.76,,,
20/09/2021,73.92,73.07,72.26,,,
21/09/2021,74.36,73.57,72.76,,,
22/09/2021,76.19,75.39,74.52,,,
23/09/2021,77.25,76.46,75.6,,,
24/09/2021,78.09,77.23,76.36,,,
27/09/2021,79.53,78.72,77.88,,,
28/09/2021,79.09,78.35,77.54,,,
29/09/2021,78.64,78.09,77.34,,,
30/09/2021,78.52,78.31,77.53,,,
1/10/2021,79.28,78.53,77.76,,,
4/10/2021,81.26,80.48,79.69,,,
5/10/2021,82.56,81.83,81.05,,,
6/10/2021,81.08,80.39,79.63,,,
7/10/2021,81.95,81.27,80.51,,,
8/10/2021,82.39,81.69,80.9,,,
11/10/2021,83.65,82.92,82.12,,,
12/10/2021,83.42,82.73,81.96,,,
13/10/2021,83.18,82.56,81.83,,,
14/10/2021,84,83.34,82.56,,,
15/10/2021,84.86,84.15,83.3,,,
18/10/2021,84.33,83.66,82.84,,,
19/10/2021,85.08,84.36,83.49,,,
20/10/2021,85.82,85.15,84.28,,,
21/10/2021,84.61,83.93,83.03,,,
22/10/2021,85.53,84.64,83.57,,,
25/10/2021,85.99,85.17,84.09,,,
26/10/2021,86.4,85.65,84.52,,,
27/10/2021,84.58,83.87,82.76,,,
28/10/2021,84.32,83.66,82.56,,,
29/10/2021,84.38,83.72,82.55,,,
1/11/2021,84.71,83.37,82.15,,,
2/11/2021,84.72,83.44,82.24,,,
3/11/2021,81.99,80.82,79.72,,,
4/11/2021,80.54,79.51,78.52,,,
5/11/2021,82.74,81.68,80.73,,,
8/11/2021,83.43,82.35,81.37,,,
9/11/2021,84.78,83.56,82.46,,,
10/11/2021,82.64,81.55,80.54,,,
11/11/2021,82.87,81.85,80.9,,,
12/11/2021,82.17,81.13,80.2,,,
15/11/2021,82.05,81.05,80.14,,,
16/11/2021,82.43,81.42,80.48,,,
17/11/2021,80.28,79.34,78.49,,,
18/11/2021,81.24,80.36,79.55,,,
19/11/2021,78.89,78.12,77.37,,,
22/11/2021,79.7,79.03,78.35,,,
23/11/2021,82.31,81.33,80.66,,,
24/11/2021,82.25,81.05,80.42,,,
25/11/2021,82.22,80.92,80.36,,,
26/11/2021,72.72,71.59,71.21,,,
29/11/2021,73.44,73.22,72.84,,,
30/11/2021,70.57,69.23,68.88,,,
1/12/2021,68.87,68.57,68.28,,,
2/12/2021,69.67,69.32,69,,,
3/12/2021,69.88,69.51,69.2,,,
6/12/2021,73.08,72.69,72.32,,,
7/12/2021,75.44,75.1,74.73,,,
8/12/2021,75.82,75.59,75.25,,,
9/12/2021,74.42,74.23,73.91,,,
10/12/2021,75.15,74.91,74.54,,,
13/12/2021,74.39,74.28,73.98,,,
14/12/2021,73.7,73.63,73.35,,,
15/12/2021,73.88,73.78,73.45,,,
16/12/2021,75.02,74.92,74.56,,,
17/12/2021,73.52,73.52,73.17,,,
20/12/2021,71.52,71.57,71.28,,,
21/12/2021,73.98,73.96,73.62,,,
22/12/2021,75.29,75.28,74.87,,,
23/12/2021,76.85,76.64,76.14,,,
24/12/2021,76.14,75.79,75.27,,,
27/12/2021,78.6,78.22,77.73,,,
28/12/2021,78.94,78.67,78.21,,,
29/12/2021,79.23,79.21,78.79,,,
30/12/2021,79.32,79.53,79.08,,,
31/12/2021,77.78,77.35,76.9,,,
3/01/2022,78.98,78.57,78.12,,,
4/01/2022,80,79.55,79.09,,,
5/01/2022,80.8,80.19,79.59,,,
6/01/2022,81.99,81.29,80.61,,,
7/01/2022,81.75,81.06,80.38,,,
10/01/2022,80.87,80.3,79.7,,,
11/01/2022,83.72,83.08,82.42,,,
12/01/2022,84.67,83.98,83.25,,,
13/01/2022,84.47,83.77,83.03,,,
14/01/2022,86.06,85.35,84.57,,,
17/01/2022,86.48,85.77,84.96,,,
18/01/2022,87.51,86.78,85.94,,,
19/01/2022,88.44,87.59,86.69,,,
20/01/2022,88.38,87.61,86.74,,,
21/01/2022,87.89,87.08,86.19,,,
24/01/2022,86.27,85.43,84.56,,,
25/01/2022,88.2,87.18,86.23,,,
26/01/2022,89.96,88.74,87.65,,,
27/01/2022,89.34,88.17,87.02,,,
28/01/2022,90.03,88.52,87.17,,,
31/01/2022,91.21,89.26,87.85,,,
1/02/2022,89.16,87.77,86.55,,,
2/02/2022,89.47,88.12,86.91,,,
3/02/2022,91.11,89.69,88.42,,,
4/02/2022,93.27,91.65,90.22,,,
7/02/2022,92.69,91.23,89.89,,,
8/02/2022,90.78,89.38,88.13,,,
9/02/2022,91.55,90.18,88.97,,,
10/02/2022,91.41,90.03,88.82,,,
11/02/2022,94.44,92.62,91.05,,,
14/02/2022,96.48,94.41,92.59,,,
15/02/2022,93.28,91.1,89.29,,,
16/02/2022,94.81,92.49,90.61,,,
17/02/2022,92.97,90.81,89.08,,,
18/02/2022,93.54,91.39,89.69,,,
21/02/2022,95.39,92.99,91.17,,,
22/02/2022,96.84,93.85,91.75,,,
23/02/2022,96.84,94.05,92.18,,,
24/02/2022,99.08,95.42,92.89,,,
25/02/2022,97.93,94.12,91.77,,,
28/02/2022,100.99,97.97,95.1,,,
1/03/2022,104.97,101.13,97.97,,,
2/03/2022,112.93,108.29,104.16,,,
3/03/2022,110.46,106.54,103,,,
4/03/2022,118.11,114.34,110.87,,,
7/03/2022,123.21,118.87,115.1,,,
8/03/2022,127.98,123.48,119.34,,,
9/03/2022,111.14,107.03,103.51,,,
10/03/2022,109.33,105.43,102.36,,,
11/03/2022,112.67,109.1,106.16,,,
14/03/2022,106.9,103.4,100.58,,,
15/03/2022,99.91,97.58,95.64,,,
16/03/2022,98.02,95.64,93.66,,,
17/03/2022,106.64,103.56,100.95,,,
18/03/2022,107.93,105.07,102.54,,,
21/03/2022,115.62,111.92,108.64,,,
22/03/2022,115.48,111.83,108.53,,,
23/03/2022,121.6,117.75,113.86,,,
24/03/2022,119.03,115.3,111.51,,,
25/03/2022,120.65,117.37,113.58,,,
28/03/2022,112.48,109.49,106.16,,,
29/03/2022,110.23,107.71,104.74,,,
30/03/2022,113.45,111.44,108.64,,,
31/03/2022,107.91,104.71,102.73,,,
1/04/2022,104.39,102.82,101.44,,,
4/04/2022,107.53,106,104.56,,,
5/04/2022,106.64,105.2,103.8,,,
6/04/2022,101.07,100.25,99.31,,,
7/04/2022,100.58,100.05,99.36,,,
8/04/2022,102.78,102.17,101.37,,,
11/04/2022,98.48,98.27,97.87,,,
12/04/2022,104.64,104.22,103.55,,,
13/04/2022,108.78,108.08,106.99,,,
14/04/2022,111.7,110.8,109.47,,,
18/04/2022,113.16,111.94,110.31,,,
19/04/2022,107.25,106.63,105.23,,,
20/04/2022,106.8,106.33,105.21,,,
21/04/2022,108.33,107.96,106.77,,,
22/04/2022,106.65,106.15,104.87,,,
25/04/2022,102.32,102.16,101.2,,,
26/04/2022,104.99,104.61,103.52,,,
27/04/2022,105.32,104.95,103.85,,,
28/04/2022,107.59,107.26,105.72,,,
29/04/2022,109.34,107.14,105.45,,,
2/05/2022,107.58,105.97,104.08,,,
3/05/2022,104.97,103.73,102.16,,,
4/05/2022,110.14,108.72,106.95,,,
5/05/2022,110.9,109.22,107.31,,,
6/05/2022,112.39,110.84,108.99,,,
9/05/2022,105.94,104.6,102.99,,,
10/05/2022,102.46,101.24,99.77,,,
11/05/2022,107.51,106.1,104.46,,,
12/05/2022,107.45,105.99,104.23,,,
13/05/2022,111.55,109.75,107.71,,,
16/05/2022,114.24,112.11,109.68,,,
17/05/2022,111.93,109.85,107.53,,,
18/05/2022,109.11,106.93,104.53,,,
19/05/2022,112.04,109.82,107.31,,,
20/05/2022,112.55,109.99,107.32,,,
23/05/2022,113.42,110.78,108.1,,,
24/05/2022,113.56,110.69,108.11,,,
25/05/2022,114.03,111.12,108.68,,,
26/05/2022,117.4,114.17,111.55,,,
27/05/2022,119.43,115.56,112.7,,,
30/05/2022,121.67,117.6,114.51,,,
31/05/2022,122.84,115.6,112.58,,,
1/06/2022,116.29,113.56,111.03,,,
2/06/2022,117.61,115.03,112.55,,,
3/06/2022,119.72,117.03,114.43,,,
6/06/2022,119.51,116.97,114.45,,,
7/06/2022,120.57,118.14,115.8,,,
8/06/2022,123.58,120.89,118.36,,,
9/06/2022,123.07,120.3,117.82,,,
10/06/2022,122.01,119.02,116.37,,,
13/06/2022,122.27,119.07,116.35,,,
14/06/2022,121.17,117.78,114.94,,,
15/06/2022,118.51,115.47,112.85,,,
16/06/2022,119.81,117,114.4,,,
17/06/2022,113.12,110.39,107.92,,,
20/06/2022,114.13,111.36,108.88,,,
21/06/2022,114.65,111.77,109.19,,,
22/06/2022,111.74,108.65,106.15,,,
23/06/2022,110.05,106.46,103.69,,,
24/06/2022,113.12,109.1,106.09,,,
27/06/2022,115.09,110.98,107.88,,,
28/06/2022,117.98,113.8,110.78,,,
29/06/2022,116.26,112.45,109.26,,,
30/06/2022,114.81,109.03,105.59,,,
1/07/2022,111.63,107.8,104.65,,,
4/07/2022,113.5,109.46,106.11,,,
5/07/2022,102.77,98.99,95.79,,,
6/07/2022,100.69,97.09,94.12,,,
7/07/2022,104.65,100.98,97.99,,,
8/07/2022,107.02,103.46,100.51,,,
11/07/2022,107.1,103.65,100.8,,,
12/07/2022,99.49,96.12,93.61,,,
13/07/2022,99.57,96.29,93.97,,,
14/07/2022,99.1,95.31,92.82,,,
15/07/2022,101.16,97.15,94.54,,,
18/07/2022,106.27,101.86,98.95,,,
19/07/2022,107.35,102.88,99.84,,,
20/07/2022,106.92,102.37,99.51,,,
21/07/2022,103.86,99.48,96.97,,,
22/07/2022,103.2,98.38,95.93,,,
25/07/2022,105.15,100.19,97.8,,,
26/07/2022,104.4,99.46,97.14,,,
27/07/2022,106.62,101.67,99.44,,,
28/07/2022,107.14,101.83,99.49,,,
29/07/2022,110.01,103.97,101.44,,,
1/08/2022,100.03,97.95,96.47,,,
2/08/2022,100.54,98.64,97.28,,,
3/08/2022,96.78,95.2,94.06,,,
4/08/2022,94.12,92.5,91.31,,,
5/08/2022,94.92,93.18,91.92,,,
8/08/2022,96.65,95.12,93.9,,,
9/08/2022,96.31,94.85,93.64,,,
10/08/2022,97.4,96.23,95.18,,,
11/08/2022,99.6,98.3,97.15,,,
12/08/2022,98.15,96.9,95.78,,,
15/08/2022,95.1,94.28,93.4,,,
16/08/2022,92.34,91.74,91.06,,,
17/08/2022,93.65,93.02,92.3,,,
18/08/2022,96.59,95.76,94.68,,,
19/08/2022,96.72,96.09,95.14,,,
22/08/2022,96.48,95.81,94.88,,,
23/08/2022,100.22,99.17,98,,,
24/08/2022,101.22,100.34,99.11,,,
25/08/2022,99.34,98.46,97.25,,,
26/08/2022,100.99,99.01,97.35,,,
29/08/2022,105.09,102.93,100.94,,,
30/08/2022,99.31,97.84,96.46,,,
31/08/2022,96.49,95.64,94.21,,,
1/09/2022,92.36,91.32,90.3,,,
2/09/2022,93.02,91.81,90.66,,,
5/09/2022,95.74,94.4,93.07,,,
6/09/2022,92.83,91.97,90.92,,,
7/09/2022,88,87.21,86.31,,,
8/09/2022,89.15,88.25,87.22,,,
9/09/2022,92.84,91.71,90.42,,,
12/09/2022,94,92.93,91.68,,,
13/09/2022,93.17,92.22,90.88,,,
14/09/2022,94.1,93.12,91.69,,,
15/09/2022,90.84,89.61,88.12,,,
16/09/2022,91.35,90.05,88.51,,,
19/09/2022,92,90.66,89.09,,,
20/09/2022,90.62,89.4,87.85,,,
21/09/2022,89.83,88.8,87.31,,,
22/09/2022,90.46,89.53,88.1,,,
23/09/2022,86.15,85.03,83.61,,,
26/09/2022,84.06,82.86,81.34,,,
27/09/2022,86.27,84.87,83.11,,,
28/09/2022,89.32,88.05,86.28,,,
29/09/2022,88.49,87.18,85.48,,,
30/09/2022,87.96,85.14,83.52,,,
3/10/2022,88.86,86.94,85.22,,,
4/10/2022,91.8,89.82,87.99,,,
5/10/2022,93.37,91.61,89.86,,,
6/10/2022,94.42,92.67,90.95,,,
7/10/2022,97.92,95.89,93.92,,,
10/10/2022,96.19,94.36,92.49,,,
11/10/2022,94.29,92.49,90.7,,,
12/10/2022,92.45,90.82,89.16,,,
13/10/2022,94.57,92.92,91.21,,,
14/10/2022,91.63,90.15,88.51,,,
17/10/2022,91.62,90.18,88.58,,,
18/10/2022,90.03,88.6,87.13,,,
19/10/2022,92.41,90.56,88.85,,,
20/10/2022,92.38,90.45,88.61,,,
21/10/2022,93.5,91.34,89.45,,,
24/10/2022,93.26,91.21,89.43,,,
25/10/2022,93.52,91.74,90.1,,,
26/10/2022,95.69,93.79,92.09,,,
27/10/2022,96.96,95.04,93.25,,,
28/10/2022,95.77,93.77,91.86,,,
31/10/2022,94.83,92.81,91.02,,,
1/11/2022,94.65,92.79,91.17,,,
2/11/2022,96.16,94.42,92.85,,,
3/11/2022,94.67,93.07,91.56,,,
4/11/2022,98.57,96.9,95.33,,,
7/11/2022,97.92,96.36,94.88,,,
8/11/2022,95.36,93.98,92.64,,,
9/11/2022,92.65,91.21,89.91,,,
10/11/2022,93.67,92.09,90.71,,,
11/11/2022,95.99,94.41,92.98,,,
14/11/2022,93.14,91.82,90.6,,,
15/11/2022,93.86,92.75,91.73,,,
16/11/2022,92.86,91.65,90.57,,,
17/11/2022,89.78,88.82,87.99,,,
18/11/2022,87.62,87.15,86.56,,,
21/11/2022,87.45,87.09,86.67,,,
22/11/2022,88.36,87.7,87.21,,,
23/11/2022,85.41,85.14,84.93,,,
24/11/2022,85.34,85.24,85.1,,,
25/11/2022,83.63,83.71,83.54,,,
28/11/2022,83.19,83.89,83.79,,,
29/11/2022,83.03,84.25,84.24,,,
30/11/2022,85.43,86.97,86.99,,,
1/12/2022,86.88,86.81,86.58,,,
2/12/2022,85.57,85.55,85.43,,,
5/12/2022,82.68,82.66,82.63,,,
6/12/2022,79.35,79.67,79.84,,,
7/12/2022,77.17,77.59,77.83,,,
8/12/2022,76.15,76.59,76.83,,,
9/12/2022,76.1,76.6,76.84,,,
12/12/2022,77.99,78.34,78.47,,,
13/12/2022,80.68,80.86,80.79,,,
14/12/2022,82.7,82.75,82.49,,,
15/12/2022,81.21,81.32,80.99,,,
16/12/2022,79.04,79.49,79.36,,,
19/12/2022,79.8,80.14,79.87,,,
20/12/2022,79.99,80.53,80.44,,,
21/12/2022,82.2,82.58,82.39,,,
22/12/2022,80.98,81.67,81.46,,,
23/12/2022,83.92,84.5,84.34,,,
27/12/2022,84.33,84.68,84.58,,,
28/12/2022,83.26,83.99,83.93,,,
29/12/2022,82.26,83.46,83.31,,,
30/12/2022,85.91,85.65,85.27,,,
2/01/2023,85.91,85.65,85.27,,,
3/01/2023,82.1,82.12,81.95,,,
4/01/2023,77.84,78.01,78.01,,,
5/01/2023,78.69,78.82,78.8,,,
6/01/2023,78.57,78.75,78.74,,,
9/01/2023,79.65,79.89,79.89,,,
10/01/2023,80.1,80.28,80.25,,,
11/01/2023,82.67,82.86,82.71,,,
12/01/2023,84.03,84.19,83.97,,,
13/01/2023,85.28,85.55,85.34,,,
16/01/2023,84.46,84.66,84.45,,,
17/01/2023,85.92,86.09,85.88,,,
18/01/2023,84.98,85.25,85.19,,,
19/01/2023,86.16,86.31,86.18,,,
20/01/2023,87.63,87.68,87.51,,,
23/01/2023,88.19,88.16,87.97,,,
24/01/2023,86.13,86.25,86.14,,,
25/01/2023,86.12,86.19,86.04,,,
26/01/2023,87.47,87.28,87.06,,,
27/01/2023,86.66,86.4,86.04,,,
30/01/2023,84.9,84.5,84.14,,,
31/01/2023,84.49,85.46,85.17,,,
1/02/2023,82.84,82.58,82.16,,,
2/02/2023,82.17,82.03,81.7,,,
3/02/2023,79.94,79.71,79.33,,,
6/02/2023,80.99,80.71,80.29,,,
7/02/2023,83.69,83.37,82.89,,,
8/02/2023,85.09,84.7,84.16,,,
9/02/2023,84.5,84.06,83.52,,,
10/02/2023,86.39,85.99,85.35,,,
13/02/2023,86.61,86.23,85.63,,,
14/02/2023,85.58,85.3,84.77,,,
15/02/2023,85.38,85.05,84.5,,,
16/02/2023,85.14,84.8,84.25,,,
17/02/2023,83,82.67,82.17,,,
20/02/2023,84.07,83.78,83.28,,,
21/02/2023,83.05,82.77,82.29,,,
22/02/2023,80.6,80.45,80.08,,,
23/02/2023,82.21,81.95,81.48,,,
24/02/2023,83.16,82.82,82.29,,,
27/02/2023,82.45,82.04,81.51,,,
28/02/2023,83.89,83.45,82.83,,,
1/03/2023,84.31,83.69,83.17,,,
2/03/2023,84.75,84.09,83.57,,,
3/03/2023,85.83,85.26,84.78,,,
6/03/2023,86.18,85.62,85.16,,,
7/03/2023,83.29,82.8,82.43,,,
8/03/2023,82.66,82.19,81.82,,,
9/03/2023,81.59,81.09,80.71,,,
10/03/2023,82.78,82.16,81.76,,,
13/03/2023,80.77,80.23,79.87,,,
14/03/2023,77.45,77,76.72,,,
15/03/2023,73.69,73.28,73.05,,,
16/03/2023,74.7,74.29,74.07,,,
17/03/2023,72.97,72.77,72.68,,,
20/03/2023,73.79,73.54,73.48,,,
21/03/2023,75.32,75.03,74.91,,,
22/03/2023,76.69,76.38,76.25,,,
23/03/2023,75.91,75.5,75.4,,,
24/03/2023,74.99,74.59,74.52,,,
27/03/2023,78.12,77.76,77.68,,,
28/03/2023,78.65,78.14,77.98,,,
29/03/2023,78.28,77.59,77.44,,,
30/03/2023,79.27,78.6,78.46,,,
31/03/2023,79.77,79.89,79.73,,,
3/04/2023,84.93,84.55,83.97,,,
4/04/2023,84.94,84.55,83.97,,,
5/04/2023,84.99,84.62,84.04,,,
6/04/2023,85.12,84.67,84.04,,,
10/04/2023,84.18,83.79,83.21,,,
11/04/2023,85.61,85.17,84.54,,,
12/04/2023,87.33,86.75,86.04,,,
13/04/2023,86.09,85.68,85.09,,,
14/04/2023,86.31,85.87,85.28,,,
17/04/2023,84.76,84.45,83.93,,,
18/04/2023,84.77,84.45,83.96,,,
19/04/2023,83.12,82.79,82.35,,,
20/04/2023,81.1,80.81,80.4,,,
21/04/2023,81.66,81.46,81.1,,,
24/04/2023,82.73,82.54,82.17,,,
25/04/2023,80.77,80.6,80.23,,,
26/04/2023,77.69,77.72,77.49,,,
27/04/2023,78.37,78.22,77.89,,,
28/04/2023,79.54,80.33,79.92,,,
1/05/2023,79.31,78.94,78.49,,,
2/05/2023,75.32,75.04,74.68,,,
3/05/2023,72.33,72.18,71.93,,,
4/05/2023,72.5,72.32,72.03,,,
5/05/2023,75.3,75.09,74.76,,,
8/05/2023,77.01,76.81,76.47,,,
9/05/2023,77.44,77.27,76.96,,,
10/05/2023,76.41,76.27,75.99,,,
11/05/2023,74.98,74.76,74.44,,,
12/05/2023,74.17,73.9,73.55,,,
15/05/2023,75.23,75.02,74.69,,,
16/05/2023,74.91,74.72,74.4,,,
17/05/2023,76.96,76.81,76.51,,,
18/05/2023,75.86,75.8,75.58,,,
19/05/2023,75.58,75.47,75.19,,,
22/05/2023,75.99,75.87,75.57,,,
23/05/2023,76.84,76.74,76.46,,,
24/05/2023,78.36,78.23,77.93,,,
25/05/2023,76.26,76.18,75.91,,,
26/05/2023,76.95,76.98,76.76,,,
29/05/2023,77.07,77.1,76.88,,,
30/05/2023,73.54,73.71,73.54,,,
31/05/2023,72.66,72.6,72.49,,,
1/06/2023,74.28,74.21,73.92,,,
2/06/2023,76.13,75.97,75.63,,,
5/06/2023,76.71,76.47,76.07,,,
6/06/2023,76.29,76.09,75.71,,,
7/06/2023,76.95,76.84,76.49,,,
8/06/2023,75.96,75.84,75.5,,,
9/06/2023,74.79,74.74,74.49,,,
12/06/2023,71.84,71.82,71.63,,,
13/06/2023,74.29,74.21,74.01,,,
14/06/2023,73.2,73.17,72.96,,,
15/06/2023,75.67,75.66,75.46,,,
16/06/2023,76.61,76.58,76.36,,,
19/06/2023,76.09,76.06,75.82,,,
20/06/2023,75.9,75.89,75.63,,,
21/06/2023,77.12,77.14,76.89,,,
22/06/2023,74.14,74.35,74.24,,,
23/06/2023,73.85,74.01,73.94,,,
26/06/2023,74.18,74.35,74.29,,,
27/06/2023,72.26,72.51,72.61,,,
28/06/2023,74.03,74.24,74.3,,,
29/06/2023,74.34,74.51,74.48,,,
30/06/2023,74.9,75.41,75.3,,,
3/07/2023,74.65,74.47,74.21,,,
4/07/2023,76.25,76.05,75.77,,,
5/07/2023,76.65,76.41,76.09,,,
6/07/2023,76.52,76.22,75.84,,,
7/07/2023,78.47,78.08,77.62,,,
10/07/2023,77.69,77.4,77.01,,,
11/07/2023,79.4,79.07,78.65,,,
12/07/2023,80.11,79.79,79.39,,,
13/07/2023,81.36,80.99,80.55,,,
14/07/2023,79.87,79.6,79.21,,,
17/07/2023,78.5,78.38,78.1,,,
18/07/2023,79.63,79.5,79.23,,,
19/07/2023,79.46,79.35,79.11,,,
20/07/2023,79.64,79.52,79.27,,,
21/07/2023,81.07,80.88,80.54,,,
24/07/2023,82.74,82.48,82.07,,,
25/07/2023,83.64,83.25,82.77,,,
26/07/2023,82.92,82.56,82.14,,,
27/07/2023,84.24,83.79,83.31,,,
28/07/2023,84.99,84.41,83.92,,,
31/07/2023,85.56,85.43,84.95,,,
1/08/2023,84.91,84.47,84.02,,,
2/08/2023,83.2,82.81,82.41,,,
3/08/2023,85.14,84.69,84.25,,,
4/08/2023,86.24,85.78,85.32,,,
7/08/2023,85.34,84.94,84.54,,,
8/08/2023,86.17,85.67,85.24,,,
9/08/2023,87.55,86.92,86.41,,,
10/08/2023,86.4,85.84,85.38,,,
11/08/2023,86.81,86.14,85.59,,,
14/08/2023,86.21,85.51,84.94,,,
15/08/2023,84.89,84.28,83.77,,,
16/08/2023,83.45,83.02,82.6,,,
17/08/2023,84.12,83.67,83.24,,,
18/08/2023,84.8,84.36,83.94,,,
21/08/2023,84.46,84.09,83.7,,,
22/08/2023,84.03,83.69,83.35,,,
23/08/2023,83.21,82.84,82.55,,,
24/08/2023,83.36,82.92,82.57,,,
25/08/2023,84.48,83.95,83.56,,,
28/08/2023,84.42,83.87,83.48,,,
29/08/2023,85.49,84.91,84.44,,,
30/08/2023,85.86,85.24,84.75,,,
31/08/2023,86.86,86.83,86.23,,,
1/09/2023,88.55,87.8,87.1,,,
4/09/2023,89,88.25,87.55,,,
5/09/2023,90.04,89.35,88.59,,,
6/09/2023,90.6,89.86,89.05,,,
7/09/2023,89.92,89.25,88.49,,,
8/09/2023,90.65,90.03,89.29,,,
11/09/2023,90.64,90.04,89.32,,,
12/09/2023,92.06,91.33,90.51,,,
13/09/2023,91.88,91.2,90.39,,,
14/09/2023,93.7,92.94,92.07,,,
15/09/2023,93.93,93.04,92.05,,,
18/09/2023,94.43,93.29,92.1,,,
19/09/2023,94.34,93.14,91.88,,,
20/09/2023,93.53,92.35,91.11,,,
21/09/2023,93.3,92.26,91.09,,,
22/09/2023,93.27,91.96,90.58,,,
25/09/2023,93.29,91.88,90.47,,,
26/09/2023,93.96,92.43,90.9,,,
27/09/2023,96.55,94.36,92.41,,,
28/09/2023,95.38,93.1,91.18,,,
29/09/2023,95.31,92.2,90.36,,,
2/10/2023,90.71,89.06,87.74,,,
3/10/2023,90.92,89.19,87.83,,,
4/10/2023,85.81,84.19,82.97,,,
5/10/2023,84.07,82.64,81.69,,,
6/10/2023,84.58,83.13,82.16,,,
9/10/2023,88.15,86.5,85.33,,,
10/10/2023,87.65,86.23,85.15,,,
11/10/2023,85.82,84.69,83.87,,,
12/10/2023,86,84.81,83.95,,,
13/10/2023,90.89,89.34,88.24,,,
16/10/2023,89.65,88.27,87.24,,,
17/10/2023,89.9,88.56,87.55,,,
18/10/2023,91.5,90.22,89.17,,,
19/10/2023,92.38,91.01,89.85,,,
20/10/2023,92.16,90.89,89.77,,,
23/10/2023,89.83,88.69,87.75,,,
24/10/2023,88.07,87.16,86.37,,,
25/10/2023,90.13,89.12,88.27,,,
26/10/2023,87.93,87.05,86.33,,,
27/10/2023,90.48,89.2,88.33,,,
30/10/2023,87.45,86.35,85.62,,,
31/10/2023,87.41,85.02,84.45,,,
1/11/2023,84.63,84.05,83.52,,,
2/11/2023,86.85,86.25,85.69,,,
3/11/2023,84.89,84.4,83.93,,,
6/11/2023,85.18,84.79,84.41,,,
7/11/2023,81.61,81.31,81.03,,,
8/11/2023,79.54,79.41,79.21,,,
9/11/2023,80.01,79.84,79.62,,,
10/11/2023,81.43,81.13,80.84,,,
13/11/2023,82.52,82.19,81.88,,,
14/11/2023,82.47,82.21,81.93,,,
15/11/2023,81.18,81.05,80.88,,,
16/11/2023,77.42,77.51,77.5,,,
17/11/2023,80.61,80.5,80.35,,,
20/11/2023,82.32,82.34,82.2,,,
21/11/2023,82.45,82.48,82.33,,,
22/11/2023,81.96,81.88,81.7,,,
23/11/2023,81.42,81.25,81.05,,,
24/11/2023,80.58,80.48,80.31,,,
27/11/2023,79.98,79.87,79.73,,,
28/11/2023,81.68,81.47,81.23,,,
29/11/2023,83.1,82.88,82.58,,,
30/11/2023,82.83,80.86,80.58,,,
1/12/2023,78.88,78.77,78.61,,,
4/12/2023,78.03,78.07,78.05,,,
5/12/2023,77.2,77.17,77.08,,,
6/12/2023,74.3,74.45,74.49,,,
7/12/2023,74.05,74.24,74.33,,,
8/12/2023,75.84,76,76.03,,,
11/12/2023,76.03,76.25,76.35,,,
12/12/2023,73.24,73.52,73.7,,,
13/12/2023,74.26,74.51,74.71,,,
14/12/2023,76.61,76.85,77.01,,,
15/12/2023,76.55,76.76,76.92,,,
18/12/2023,77.95,78.11,78.21,,,
19/12/2023,79.23,79.37,79.41,,,
20/12/2023,79.7,79.66,79.59,,,
21/12/2023,79.39,79.16,79,,,
22/12/2023,79.07,78.8,78.64,,,
26/12/2023,81.07,80.85,80.66,,,
27/12/2023,79.65,79.54,79.41,,,
28/12/2023,78.39,77.15,77.04,,,
29/12/2023,77.04,76.91,76.79,,,
2/01/2024,75.89,75.86,75.82,,,
3/01/2024,78.25,78.14,78.04,,,
4/01/2024,77.59,77.41,77.26,,,
5/01/2024,78.76,78.54,78.35,,,
8/01/2024,76.12,75.91,75.75,,,
9/01/2024,77.59,77.26,77.03,,,
10/01/2024,76.8,76.45,76.23,,,
11/01/2024,77.41,77.11,76.92,,,
12/01/2024,78.29,77.97,77.77,,,
15/01/2024,78.15,77.81,77.6,,,
16/01/2024,78.29,77.87,77.61,,,
17/01/2024,77.88,77.49,77.26,,,
18/01/2024,79.1,78.65,78.39,,,
19/01/2024,78.56,78.08,77.79,,,
22/01/2024,80.06,79.6,79.32,,,
23/01/2024,79.55,79.11,78.85,,,
24/01/2024,80.04,79.63,79.38,,,
25/01/2024,82.43,81.96,81.63,,,
26/01/2024,83.55,82.95,82.52,,,
29/01/2024,82.4,81.83,81.45,,,
30/01/2024,82.87,82.5,82.13,,,
31/01/2024,81.71,80.55,80.27,,,
1/02/2024,78.7,78.41,78.11,,,
2/02/2024,77.33,77.07,76.8,,,
5/02/2024,77.99,77.73,77.48,,,
6/02/2024,78.59,78.27,77.95,,,
7/02/2024,79.21,78.89,78.55,,,
8/02/2024,81.63,81.08,80.57,,,
9/02/2024,82.19,81.61,81.11,,,
12/02/2024,82,81.51,81.04,,,
13/02/2024,82.77,82.07,81.48,,,
14/02/2024,81.6,80.99,80.48,,,
15/02/2024,82.86,82.16,81.56,,,
16/02/2024,83.47,82.74,82.11,,,
19/02/2024,83.56,82.73,82.09,,,
20/02/2024,82.34,81.5,80.87,,,
21/02/2024,83.03,82.11,81.41,,,
22/02/2024,83.67,82.7,81.99,,,
23/02/2024,81.62,80.8,80.25,,,
26/02/2024,82.53,81.67,81.1,,,
27/02/2024,83.65,82.66,82.02,,,
28/02/2024,83.68,82.15,81.47,,,
29/02/2024,83.62,81.91,81.18,,,
1/03/2024,83.55,82.69,81.93,,,
4/03/2024,82.8,82.08,81.41,,,
5/03/2024,82.04,81.33,80.69,,,
6/03/2024,82.96,82.18,81.49,,,
7/03/2024,82.96,82.28,81.63,,,
8/03/2024,82.08,81.51,80.92,,,
11/03/2024,82.21,81.72,81.2,,,
12/03/2024,81.92,81.46,80.95,,,
13/03/2024,84.03,83.44,82.81,,,
14/03/2024,85.42,84.74,84.03,,,
15/03/2024,85.34,84.75,84.11,,,
18/03/2024,86.89,86.19,85.42,,,
19/03/2024,87.38,86.62,85.83,,,
20/03/2024,85.95,85.38,84.72,,,
21/03/2024,85.78,85.24,84.6,,,
22/03/2024,85.43,84.83,84.15,,,
25/03/2024,86.75,86.08,85.36,,,
26/03/2024,86.25,85.63,84.91,,,
27/03/2024,86.09,85.41,84.71,,,
28/03/2024,87.48,87,86.15,,,
1/04/2024,87.42,86.49,85.64,,,
2/04/2024,88.92,87.89,86.92,,,
3/04/2024,89.35,88.42,87.53,,,
4/04/2024,90.65,89.66,88.71,,,
5/04/2024,91.17,90.13,89.12,,,
8/04/2024,90.38,89.38,88.43,,,
9/04/2024,89.42,88.53,87.66,,,
10/04/2024,90.48,89.49,88.53,,,
11/04/2024,89.74,88.83,87.94,,,
12/04/2024,90.45,89.53,88.65,,,
15/04/2024,90.1,89.25,88.41,,,
16/04/2024,90.02,89.23,88.43,,,
17/04/2024,87.29,86.6,85.9,,,
18/04/2024,87.11,86.4,85.7,,,
19/04/2024,87.29,86.51,85.75,,,
22/04/2024,87,86.07,85.29,,,
23/04/2024,88.42,87.39,86.55,,,
24/04/2024,88.02,87.04,86.29,,,
25/04/2024,89.01,87.77,86.92,,,
26/04/2024,89.5,88.21,87.37,,,
29/04/2024,88.4,87.2,86.42,,,
30/04/2024,87.86,86.33,85.61,,,
1/05/2024,83.44,82.79,82.15,,,
2/05/2024,83.67,83.03,82.4,,,
3/05/2024,82.96,82.45,81.91,,,
6/05/2024,83.33,82.84,82.32,,,
7/05/2024,83.16,82.72,82.23,,,
8/05/2024,83.58,83,82.42,,,
9/05/2024,83.88,83.34,82.75,,,
10/05/2024,82.79,82.36,81.83,,,
13/05/2024,83.36,82.91,82.37,,,
14/05/2024,82.38,81.96,81.47,,,
15/05/2024,82.75,82.33,81.83,,,
16/05/2024,83.27,82.87,82.36,,,
17/05/2024,83.98,83.63,83.14,,,
20/05/2024,83.71,83.46,83.05,,,
21/05/2024,82.88,82.7,82.33,,,
22/05/2024,81.9,81.64,81.22,,,
23/05/2024,81.36,81.11,80.69,,,
24/05/2024,82.12,81.84,81.4,,,
27/05/2024,83.1,82.88,82.45,,,
28/05/2024,84.22,83.94,83.49,,,
29/05/2024,83.6,83.43,83.03,,,
30/05/2024,81.86,81.88,81.58,,,
31/05/2024,81.62,81.11,80.87,,,
3/06/2024,78.36,78.22,77.95,,,
4/06/2024,77.52,77.27,76.94,,,
5/06/2024,78.41,78.04,77.61,,,
6/06/2024,79.87,79.5,79.04,,,
7/06/2024,79.62,79.34,78.94,,,
10/06/2024,81.63,81.23,80.75,,,
11/06/2024,81.92,81.54,81.06,,,
12/06/2024,82.6,82.15,81.65,,,
13/06/2024,82.75,82.3,81.8,,,
14/06/2024,82.62,82.08,81.5,,,
17/06/2024,84.25,83.52,82.79,,,
18/06/2024,85.33,84.53,83.79,,,
19/06/2024,85.07,84.29,83.58,,,
20/06/2024,85.71,84.86,84.13,,,
21/06/2024,85.24,84.33,83.56,,,
24/06/2024,86.01,85.15,84.41,,,
25/06/2024,85.01,84.22,83.58,,,
26/06/2024,85.25,84.47,83.85,,,
27/06/2024,86.39,85.26,84.44,,,
28/06/2024,86.41,85,84.19,,,
1/07/2024,86.6,85.72,84.97,,,
2/07/2024,86.24,85.44,84.73,,,
3/07/2024,87.34,86.52,85.79,,,
4/07/2024,87.43,86.57,85.82,,,
5/07/2024,86.54,85.71,84.98,,,
8/07/2024,85.75,84.99,84.3,,,
9/07/2024,84.66,83.89,83.2,,,
10/07/2024,85.08,84.2,83.41,,,
11/07/2024,85.4,84.42,83.59,,,
12/07/2024,85.03,84.1,83.32,,,
15/07/2024,84.85,83.9,83.1,,,
16/07/2024,83.73,82.8,82.02,,,
17/07/2024,85.08,83.96,83.07,,,
18/07/2024,85.11,83.93,83.05,,,
19/07/2024,82.63,81.56,80.74,,,
22/07/2024,82.4,81.44,80.7,,,
23/07/2024,81.01,80.07,79.31,,,
24/07/2024,81.71,80.82,80.09,,,
25/07/2024,82.37,81.39,80.58,,,
26/07/2024,81.13,80.28,79.56,,,
29/07/2024,79.78,79.05,78.42,,,
30/07/2024,78.63,78.07,77.56,,,
31/07/2024,80.72,80.84,80.23,,,
1/08/2024,79.52,78.95,78.47,,,
2/08/2024,76.81,76.27,75.81,,,
5/08/2024,76.3,75.96,75.62,,,
6/08/2024,76.48,76.03,75.62,,,
7/08/2024,78.33,77.67,77.14,,,
8/08/2024,79.16,78.48,77.95,,,
9/08/2024,79.66,78.92,78.36,,,
12/08/2024,82.3,81.38,80.71,,,
13/08/2024,80.69,79.93,79.34,,,
14/08/2024,79.76,79.03,78.51,,,
15/08/2024,81.04,80.17,79.6,,,
16/08/2024,79.68,78.87,78.29,,,
19/08/2024,77.66,77.1,76.68,,,
20/08/2024,77.2,76.58,76.11,,,
21/08/2024,76.05,75.5,75.08,,,
22/08/2024,77.22,76.55,76.02,,,
23/08/2024,79.02,78.15,77.54,,,
26/08/2024,81.43,80.36,79.51,,,
27/08/2024,79.55,78.66,77.92,,,
28/08/2024,78.65,77.58,76.8,,,
29/08/2024,79.94,78.82,77.98,,,
30/08/2024,78.8,76.93,76.24,,,
2/09/2024,77.52,76.73,76.16,,,
3/09/2024,73.75,73.3,72.91,,,
4/09/2024,72.7,72.28,71.93,,,
5/09/2024,72.69,72.33,72.04,,,
6/09/2024,71.06,70.71,70.45,,,
9/09/2024,71.84,71.36,71,,,
10/09/2024,69.19,68.83,68.54,,,
11/09/2024,70.61,70.17,69.81,,,
12/09/2024,71.97,71.43,71.05,,,
13/09/2024,71.61,71.05,70.64,,,
16/09/2024,72.75,72.15,71.75,,,
17/09/2024,73.7,73.01,72.59,,,
18/09/2024,73.65,72.88,72.42,,,
19/09/2024,74.88,74.01,73.48,,,
20/09/2024,74.49,73.69,73.19,,,
23/09/2024,73.9,73.21,72.78,,,
24/09/2024,75.17,74.47,74.03,,,
25/09/2024,73.46,72.9,72.57,,,
26/09/2024,71.6,71.09,70.78,,,
27/09/2024,71.98,71.54,71.21,,,
30/09/2024,71.77,71.7,71.46,,,
1/10/2024,73.56,73.21,72.96,,,
2/10/2024,73.9,73.54,73.26,,,
3/10/2024,77.62,77.11,76.7,,,
4/10/2024,78.05,77.43,76.89,,,
7/10/2024,80.93,80.35,79.82,,,
8/10/2024,77.18,76.79,76.42,,,
9/10/2024,76.58,76.13,75.73,,,
10/10/2024,79.4,78.86,78.35,,,
11/10/2024,79.04,78.6,78.15,,,
14/10/2024,77.46,77.09,76.72,,,
15/10/2024,74.25,73.88,73.55,,,
16/10/2024,74.22,73.79,73.4,,,
17/10/2024,74.45,73.98,73.59,,,
18/10/2024,73.06,72.68,72.34,,,
21/10/2024,74.29,73.92,73.55,,,
22/10/2024,76.04,75.62,75.18,,,
23/10/2024,74.96,74.56,74.16,,,
24/10/2024,74.38,74.03,73.66,,,
25/10/2024,76.05,75.63,75.21,,,
28/10/2024,71.42,71,70.66,,,
29/10/2024,71.12,70.73,70.39,,,
30/10/2024,72.55,72.16,71.79,,,
31/10/2024,73.16,72.81,72.45,,,
1/11/2024,73.1,72.73,72.49,,,
4/11/2024,75.08,74.66,74.35,,,
5/11/2024,75.53,75.14,74.82,,,
6/11/2024,74.92,74.57,74.29,,,
7/11/2024,75.63,75.26,74.96,,,
8/11/2024,73.87,73.61,73.39,,,
11/11/2024,71.83,71.65,71.49,,,
12/11/2024,71.89,71.65,71.45,,,
13/11/2024,72.28,71.98,71.74,,,
14/11/2024,72.56,72.24,71.99,,,
15/11/2024,71.04,70.78,70.57,,,
18/11/2024,73.3,73.01,72.77,,,
19/11/2024,73.31,72.99,72.76,,,
20/11/2024,72.81,72.49,72.26,,,
21/11/2024,74.23,73.77,73.44,,,
22/11/2024,75.17,74.63,74.23,,,
25/11/2024,73.01,72.48,72.14,,,
26/11/2024,72.81,72.32,72.01,,,
27/11/2024,72.83,72.3,71.93,,,
28/11/2024,73.28,72.78,72.41,,,
29/11/2024,72.94,71.84,71.5,,,
2/12/2024,71.83,71.54,71.31,,,
3/12/2024,73.62,73.2,72.91,,,
4/12/2024,72.31,71.93,71.66,,,
5/12/2024,72.09,71.68,71.39,,,
6/12/2024,71.12,70.8,70.57,,,
9/12/2024,72.14,71.84,71.6,,,
10/12/2024,72.19,71.9,71.66,,,
11/12/2024,73.52,73.14,72.81,,,
12/12/2024,73.41,73.08,72.79,,,
13/12/2024,74.49,74.09,73.75,,,
16/12/2024,73.91,73.52,73.2,,,
17/12/2024,73.19,72.85,72.56,,,
18/12/2024,73.39,73,72.67,,,
19/12/2024,72.88,72.45,72.08,,,
20/12/2024,72.94,72.56,72.18,,,
23/12/2024,72.63,72.32,71.99,,,
24/12/2024,73.58,73.17,72.77,,,
26/12/2024,73.26,72.85,72.43,,,
27/12/2024,74.17,73.79,73.31,,,
30/12/2024,74.39,73.99,73.57,,,
31/12/2024,74.64,74.24,73.88,,,
2/01/2025,75.93,75.44,75.01,,,
3/01/2025,76.51,75.93,75.47,,,
6/01/2025,76.3,75.71,75.24,,,
7/01/2025,77.05,76.4,75.87,,,
8/01/2025,76.16,75.58,75.11,,,
9/01/2025,76.92,76.25,75.71,,,
10/01/2025,79.76,78.85,78.06,,,
13/01/2025,81.01,79.65,78.52,,,
14/01/2025,79.92,78.88,77.93,,,
15/01/2025,82.03,80.66,79.48,,,
16/01/2025,81.29,79.91,78.72,,,
17/01/2025,80.79,79.57,78.43,,,
20/01/2025,80.15,79.1,78.13,,,
21/01/2025,79.29,78.4,77.58,,,
22/01/2025,79,78.15,77.37,,,
23/01/2025,78.29,77.56,76.91,,,
24/01/2025,78.5,77.55,76.79,,,
27/01/2025,77.08,76.18,75.42,,,
28/01/2025,77.49,76.49,75.6,,,
29/01/2025,76.58,75.61,74.8,,,
30/01/2025,76.87,75.89,75.12,,,
31/01/2025,76.76,75.67,74.92,,,
3/02/2025,75.96,75.14,74.41,,,
4/02/2025,76.2,75.56,74.92,,,
5/02/2025,74.61,74.09,73.54,,,
6/02/2025,74.29,73.84,73.39,,,
7/02/2025,74.66,74.26,73.83,,,
10/02/2025,75.87,75.43,74.96,,,
11/02/2025,77,76.62,76.15,,,
12/02/2025,75.18,74.87,74.49,,,
13/02/2025,75.02,74.66,74.25,,,
14/02/2025,74.74,74.46,74.09,,,
17/02/2025,75.22,74.93,74.55,,,
18/02/2025,75.84,75.43,74.99,,,
19/02/2025,76.04,75.67,75.24,,,
20/02/2025,76.48,76.05,75.61,,,
21/02/2025,74.43,74.05,73.68,,,
24/02/2025,74.78,74.31,73.89,,,
25/02/2025,73.02,72.5,72.09,,,
26/02/2025,72.53,72.07,71.61,,,
27/02/2025,74.04,73.57,73.06,,,
28/02/2025,73.18,72.81,72.28,,,
3/03/2025,71.62,71.16,70.76,,,
4/03/2025,71.04,70.56,70.16,,,
5/03/2025,69.3,68.9,68.56,,,
6/03/2025,69.46,68.98,68.58,,,
7/03/2025,70.36,69.88,69.45,,,
10/03/2025,69.28,68.79,68.33,,,
11/03/2025,69.56,69.05,68.57,,,
12/03/2025,70.95,70.45,69.96,,,
13/03/2025,69.88,69.4,68.94,,,
14/03/2025,70.58,70.06,69.55,,,
17/03/2025,71.07,70.6,70.12,,,
18/03/2025,70.56,70.12,69.7,,,
19/03/2025,70.78,70.32,69.87,,,
20/03/2025,72,71.47,70.96,,,
21/03/2025,72.16,71.61,71.08,,,
24/03/2025,73,72.37,71.8,,,
25/03/2025,73.02,72.39,71.82,,,
26/03/2025,73.79,73.06,72.44,,,
27/03/2025,74.03,73.34,72.68,,,
28/03/2025,73.63,72.76,72.02,,,
31/03/2025,74.74,74.77,73.97,,,
1/04/2025,74.49,73.75,73.08,,,
2/04/2025,74.95,74.14,73.41,,,
3/04/2025,70.14,69.42,68.8,,,
4/04/2025,65.58,64.95,64.47,,,
7/04/2025,64.21,63.82,63.53,,,
8/04/2025,62.82,62.34,61.96,,,
9/04/2025,65.48,64.88,64.39,,,
10/04/2025,63.33,62.78,62.36,,,
11/04/2025,64.76,64.01,63.42,,,
14/04/2025,64.88,64.22,63.7,,,
15/04/2025,64.67,63.88,63.31,,,
16/04/2025,65.85,64.96,64.32,,,
17/04/2025,67.96,67,66.33,,,
21/04/2025,66.26,65.3,64.63,,,
22/04/2025,67.44,66.48,65.79,,,
23/04/2025,66.12,65.18,64.57,,,
24/04/2025,66.55,65.65,65.1,,,
25/04/2025,66.87,65.8,65.24,,,
28/04/2025,65.86,64.79,64.31,,,
29/04/2025,64.25,63.28,62.91,,,
30/04/2025,63.12,61.06,60.67,,,
1/05/2025,62.13,61.72,61.43,,,
2/05/2025,61.29,60.93,60.7,,,
5/05/2025,60.23,59.89,59.7,,,
6/05/2025,62.15,61.75,61.48,,,
7/05/2025,61.12,60.79,60.52,,,
8/05/2025,62.84,62.45,62.12,,,
9/05/2025,63.91,63.43,63.02,,,
12/05/2025,64.96,64.55,64.18,,,
13/05/2025,66.63,66.13,65.68,,,
14/05/2025,66.09,65.58,65.14,,,
15/05/2025,64.53,64.06,63.67,,,
16/05/2025,65.41,64.78,64.29,,,
19/05/2025,65.54,64.8,64.24,,,
20/05/2025,65.38,64.76,64.26,,,
21/05/2025,64.91,64.38,63.89,,,
22/05/2025,64.44,63.92,63.43,,,
23/05/2025,64.78,64.21,63.67,,,
26/05/2025,64.74,64.12,63.55,,,
27/05/2025,64.09,63.57,63.03,,,
28/05/2025,64.9,64.32,63.73,,,
29/05/2025,64.15,63.35,62.72,,,
30/05/2025,63.9,62.78,62.05,,,
2/06/2025,64.63,63.87,63.32,,,
3/06/2025,65.63,64.94,64.42,,,
4/06/2025,64.86,64.22,63.73,,,
5/06/2025,65.34,64.75,64.26,,,
6/06/2025,66.47,65.73,65.15,,,
9/06/2025,67.04,66.27,65.65,,,
10/06/2025,66.87,66.13,65.5,,,
11/06/2025,69.77,68.92,68.13,,,
12/06/2025,69.36,68.44,67.67,,,
13/06/2025,74.23,72.8,71.69,,,
16/06/2025,73.23,71.99,71.04,,,
17/06/2025,76.45,74.9,73.68,,,
18/06/2025,76.7,75.14,73.9,,,
19/06/2025,78.85,77.08,75.58,,,
20/06/2025,77.01,75.48,74.03,,,
23/06/2025,71.48,70.52,69.6,,,
24/06/2025,67.14,66.17,65.36,,,
25/06/2025,67.68,66.43,65.48,,,
26/06/2025,67.73,66.69,65.81,,,
27/06/2025,67.77,66.8,65.92,,,
30/06/2025,67.61,66.74,65.86,,,
1/07/2025,67.11,66.23,65.61,,,
2/07/2025,69.11,67.94,67.09,,,
3/07/2025,68.8,67.68,66.88,,,
4/07/2025,68.3,67.22,66.46,,,
7/07/2025,69.58,68.43,67.58,,,
8/07/2025,70.15,68.98,68.13,,,
9/07/2025,70.19,68.97,68.05,,,
10/07/2025,68.64,67.56,66.77,,,
11/07/2025,70.36,69.16,68.29,,,
14/07/2025,69.21,68.23,67.54,,,
15/07/2025,68.71,67.78,67.12,,,
16/07/2025,68.52,67.55,66.9,,,
17/07/2025,69.52,68.52,67.84,,,
18/07/2025,69.28,68.4,67.77,,,
21/07/2025,69.21,68.38,67.82,,,
22/07/2025,68.59,67.77,67.25,,,
23/07/2025,68.51,67.83,67.35,,,
24/07/2025,69.18,68.36,67.77,,,
25/07/2025,68.44,67.66,67.05,,,
28/07/2025,70.04,69.32,68.69,,,
29/07/2025,72.51,71.68,70.95,,,
30/07/2025,73.24,72.47,71.61,,,
31/07/2025,72.53,71.7,70.8,,,
1/08/2025,69.67,68.76,68.04,,,
4/08/2025,68.76,68.01,67.45,,,
5/08/2025,67.64,66.97,66.49,,,
6/08/2025,66.89,66.27,65.82,,,
7/08/2025,66.43,65.9,65.53,,,
8/08/2025,66.59,65.92,65.49,,,
11/08/2025,66.63,66.06,65.69,,,
12/08/2025,66.12,65.62,65.28,,,
13/08/2025,65.63,65.15,64.82,,,
14/08/2025,66.84,66.16,65.69,,,
15/08/2025,65.85,65.3,64.91,,,
18/08/2025,66.6,66.01,65.57,,,
19/08/2025,65.79,65.3,64.91,,,
20/08/2025,66.84,66.31,65.89,,,
21/08/2025,67.67,67.12,66.66,,,
22/08/2025,67.73,67.22,66.77,,,
25/08/2025,68.8,68.22,67.74,,,
26/08/2025,67.22,66.7,66.27,,,
27/08/2025,68.05,67.44,66.89,,,
28/08/2025,68.62,67.98,67.42,,,
29/08/2025,68.12,67.48,66.89,,,
1/09/2025,68.15,67.52,67.08,,,
2/09/2025,69.14,68.59,68.17,,,
3/09/2025,67.6,67.16,66.83,,,
4/09/2025,66.99,66.53,66.2,,,
5/09/2025,65.5,65.11,64.83,,,
8/09/2025,66.02,65.67,65.39,,,
9/09/2025,66.39,66.11,65.86,,,
10/09/2025,67.49,67.16,66.87,,,
11/09/2025,66.37,66.01,65.73,,,
12/09/2025,66.99,66.54,66.17,,,
15/09/2025,67.44,67.04,66.69,,,
16/09/2025,68.47,68.01,67.62,,,
17/09/2025,67.95,67.46,67.07,,,
18/09/2025,67.44,66.92,66.52,,,
19/09/2025,66.68,66.04,65.6,,,
22/09/2025,66.57,65.97,65.56,,,
23/09/2025,67.63,66.97,66.5,,,
24/09/2025,69.31,68.46,67.88,,,
25/09/2025,69.42,68.58,68.03,,,
26/09/2025,70.13,69.22,68.65,,,
29/09/2025,67.97,67.09,66.67,,,
30/09/2025,67.02,66.03,65.62,,,
1/10/2025,65.35,65,64.75,,,
2/10/2025,64.11,63.81,63.63,,,
3/10/2025,64.53,64.16,63.94,,,
6/10/2025,65.47,65.07,64.82,,,
7/10/2025,65.45,64.94,64.62,,,
8/10/2025,66.25,65.68,65.33,,,
9/10/2025,65.22,64.74,64.45,,,
10/10/2025,62.73,62.28,62.06,,,
13/10/2025,63.32,62.94,62.75,,,
14/10/2025,62.39,62.02,61.86,,,
15/10/2025,61.91,61.63,61.51,,,
16/10/2025,61.06,60.79,60.67,,,
17/10/2025,61.29,61.1,61.04,,,
20/10/2025,61.01,60.88,60.86,,,
21/10/2025,61.32,61.03,60.94,,,
22/10/2025,62.59,62.23,62.07,,,
23/10/2025,65.99,65.29,64.67,,,
24/10/2025,65.94,65.2,64.57,,,
27/10/2025,65.62,64.9,64.32,,,
28/10/2025,64.4,63.83,63.45,,,
29/10/2025,64.92,64.32,63.89,,,
30/10/2025,65,64.37,63.89,,,
31/10/2025,65.07,64.77,64.2,,,
3/11/2025,64.89,64.44,64.17,,,
4/11/2025,64.44,64.07,63.86,,,
5/11/2025,63.52,63.24,63.09,,,
6/11/2025,63.38,63.07,62.9,,,
7/11/2025,63.63,63.39,63.25,,,
10/11/2025,64.06,63.82,63.69,,,
11/11/2025,65.16,64.87,64.7,,,
12/11/2025,62.71,62.45,62.31,,,
13/11/2025,63.01,62.64,62.43,,,
14/11/2025,64.39,63.92,63.62,,,
17/11/2025,64.2,63.76,63.48,,,
18/11/2025,64.89,64.43,64.11,,,
19/11/2025,63.51,63,62.65,,,
20/11/2025,63.38,62.8,62.41,,,
21/11/2025,62.56,61.94,61.6,,,
24/11/2025,63.37,62.72,62.36,,,
25/11/2025,62.48,61.8,61.48,,,
26/11/2025,63.13,62.54,62.17,,,
27/11/2025,63.34,62.87,62.49,,,
28/11/2025,63.2,62.38,61.97,,,
1/12/2025,63.17,62.78,62.54,,,
2/12/2025,62.45,62.05,61.82,,,
3/12/2025,62.67,62.28,62.06,,,
4/12/2025,63.26,62.86,62.61,,,
5/12/2025,63.75,63.39,63.14,,,
8/12/2025,62.49,62.15,61.93,,,
9/12/2025,61.94,61.65,61.47,,,
10/12/2025,62.21,61.87,61.65,,,
11/12/2025,61.28,61.06,60.9,,,
12/12/2025,61.12,60.84,60.65,,,
15/12/2025,60.56,60.3,60.17,,,
16/12/2025,58.92,58.67,58.57,,,
17/12/2025,59.68,59.4,59.25,,,
18/12/2025,59.82,59.5,59.36,,,
19/12/2025,60.47,60.05,59.83,,,
22/12/2025,62.07,61.58,61.29,,,
23/12/2025,62.38,61.87,61.54,,,
24/12/2025,62.24,61.8,61.5,,,
26/12/2025,60.64,60.24,59.97,,,
29/12/2025,61.94,61.49,61.15,,,
30/12/2025,61.92,61.33,61.03,,,
31/12/2025,60.85,60.49,60.32,,,
2/01/2026,60.75,60.43,60.28,,,
5/01/2026,61.76,61.37,61.16,,,
6/01/2026,60.7,60.31,60.1,,,
7/01/2026,59.96,59.58,59.4,,,
8/01/2026,61.99,61.49,61.22,,,
9/01/2026,63.34,62.79,62.47,,,
12/01/2026,63.87,63.22,62.85,,,
13/01/2026,65.47,64.75,64.29,,,
14/01/2026,66.52,65.83,65.36,,,
15/01/2026,63.76,63.08,62.7,,,
16/01/2026,64.13,63.46,63.05,,,
19/01/2026,63.94,63.22,62.81,,,
20/01/2026,64.92,64.19,63.76,,,
21/01/2026,65.24,64.53,64.13,,,
22/01/2026,64.06,63.34,62.97,,,
23/01/2026,65.88,65.07,64.56,,,
26/01/2026,65.59,64.77,64.31,,,
27/01/2026,67.57,66.59,65.96,,,
28/01/2026,68.4,67.37,66.74,,,
29/01/2026,70.71,69.59,68.88,,,
30/01/2026,70.69,69.32,68.61,,,
2/02/2026,66.3,65.57,64.99,,,
3/02/2026,67.33,66.68,66.16,,,
4/02/2026,69.46,68.75,68.15,,,
5/02/2026,67.55,66.98,66.49,,,
6/02/2026,68.05,67.47,67,,,
9/02/2026,69.04,68.42,67.93,,,
10/02/2026,68.8,68.11,67.61,,,
11/02/2026,69.4,68.75,68.25,,,
12/02/2026,67.52,66.91,66.46,,,
13/02/2026,67.75,67.09,66.6,,,
16/02/2026,68.65,67.97,67.45,,,
17/02/2026,67.42,66.87,66.42,,,
18/02/2026,70.35,69.77,69.21,,,
19/02/2026,71.66,71.27,70.68,,,
20/02/2026,71.76,71.3,70.66,,,
23/02/2026,71.49,71.11,70.54,,,
24/02/2026,70.77,70.58,70.16,,,
25/02/2026,70.85,70.69,70.25,,,
26/02/2026,70.75,70.84,70.42,,,
27/02/2026,72.48,72.87,72.29,,,
2/03/2026,77.74,76.16,74.81,,,
3/03/2026,81.4,78.38,76.28,,,
4/03/2026,81.4,78.01,75.93,,,
5/03/2026,85.41,81.04,77.92,,,
6/03/2026,92.69,87.2,82.88,,,
9/03/2026,98.96,93.72,88.95,,,
10/03/2026,87.8,85.27,82.6,,,
11/03/2026,91.98,89.35,86.71,,,
12/03/2026,100.46,96.63,92.88,,,
13/03/2026,103.14,98.91,94.67,,,
16/03/2026,100.21,96.04,91.76,,,
17/03/2026,103.42,99.39,95.02,,,
18/03/2026,107.38,102.92,98.16,,,
19/03/2026,108.65,103.78,98.46,,,
20/03/2026,112.19,106.41,100.33,,,
23/03/2026,99.94,95.92,91.68,,,
24/03/2026,104.49,100.23,95.6,,,
25/03/2026,102.22,97.26,92.93,,,
26/03/2026,108.01,101.89,96.68,,,
27/03/2026,112.57,105.32,98.73,,,
30/03/2026,112.78,107.39,100.29,,,
31/03/2026,118.35,103.97,96.17,,,
1/04/2026,101.16,93.5,87.82,,,
2/04/2026,109.03,99.44,91.43,,,
6/04/2026,109.77,100.12,92.24,,,
7/04/2026,109.27,100.06,92.77,,,
8/04/2026,94.75,90.26,86.52,,,
9/04/2026,95.92,90.47,86.55,,,
10/04/2026,95.2,90.28,86.82,,,
13/04/2026,99.36,93.47,89.78,,,
14/04/2026,94.79,90.42,87.32,,,
15/04/2026,94.93,90.81,88.02,,,
16/04/2026,99.39,93.57,89.83,,,
17/04/2026,90.38,86.51,83.86,,,
20/04/2026,95.48,90.43,87.2,,,
21/04/2026,98.48,93.24,89.46,,,
22/04/2026,101.91,96.18,91.83,,,
23/04/2026,105.07,99.35,94.57,,,
24/04/2026,105.33,99.13,94.28,,,
27/04/2026,108.23,101.69,96.76,,,
28/04/2026,111.26,104.4,98.83,,,
29/04/2026,118.03,110.44,103.48,,,
30/04/2026,114.01,110.4,103.39,,,
1/05/2026,108.17,101.91,96.88,,,
4/05/2026,114.44,107.92,102.53,,,
5/05/2026,109.87,104.89,100.23,,,
6/05/2026,101.27,97.08,93.29,,,
7/05/2026,100.06,96.38,93.06,,,
8/05/2026,101.29,97.57,94.37,,,
11/05/2026,104.21,100.39,96.95,,,
12/05/2026,107.77,103.83,100.03,,,
13/05/2026,105.63,101.6,97.74,,,
14/05/2026,105.72,101.38,97.33,,,
15/05/2026,109.26,104.74,100.32,,,
18/05/2026,112.1,107.48,102.77,,,
19/05/2026,111.28,106.71,102.01,,,
20/05/2026,105.02,101.04,97.02,,,
21/05/2026,102.58,99.5,96,,,
22/05/2026,103.54,100.21,96.64,,,
25/05/2026,96.14,93.42,90.82,,,
26/05/2026,99.58,96.67,93.69,,,
27/05/2026,94.29,92.25,90,,,
28/05/2026,93.71,92.7,90.82,,,
29/05/2026,92.05,91.12,89.11,,,
1/06/2026,94.98,92.44,90.03,,,
2/06/2026,96,93.49,91.05,,,
3/06/2026,97.81,95.14,92.44,,,
4/06/2026,95.03,92.51,90.02,,,
5/06/2026,93.09,90.86,88.61,,,
8/06/2026,94.25,92.25,90.2,,,
9/06/2026,91.45,89.9,88.23,,,
10/06/2026,93.1,91.47,89.76,,,
11/06/2026,90.38,89.11,87.71,,,
12/06/2026,87.33,86.12,84.78,,,
15/06/2026,83.17,82.24,81.24,,,
16/06/2026,78.96,78.67,78.13,,,
17/06/2026,79.55,79.23,78.55,,,
18/06/2026,79.85,79.51,78.82,,,
19/06/2026,80.57,80.05,79.28,,,
22/06/2026,77.9,77.52,76.97,,,
23/06/2026,77.08,76.8,76.39,,,
24/06/2026,73.74,73.87,73.66,,,
25/06/2026,75.26,75.5,75.27,,,
26/06/2026,71.99,72.6,72.54,,,
29/06/2026,73.15,73.91,73.82,,,
30/06/2026,72.92,72.95,73.03,,,
1/07/2026,71.57,72,72.15,,,
2/07/2026,71.8,72.17,72.32,,,
3/07/2026,72.12,72.32,72.39,,,
6/07/2026,71.99,72.24,72.4,,,
7/07/2026,74.16,74.12,74.03,,,
8/07/2026,78.02,77.57,77.03,,,
9/07/2026,76.3,76.2,75.87,,,
10/07/2026,76.01,76.03,75.8,,,
13/07/2026,83.3,82.71,81.85,,,
14/07/2026,84.73,83.32,82.02,,,
15/07/2026,84.95,83.47,82.14,,,
16/07/2026,84.23,82.96,81.77,,,
17/07/2026,88.1,86.32,84.58,,,
20/07/2026,89.22,87.14,85.09,,,
21/07/2026,91.01,88.52,86.04,,,
22/07/2026,94.07,90.18,87.17,,,
23/07/2026,100.69,94.26,89.98,,,
24/07/2026,96.78,91.68,88.07,,,
27/07/2026,88.36,85.87,83.67,,,
28/07/2026,84.09,82.08,80.19,,,
29/07/2026,90.74,88.09,85.42,,,
30/07/2026,89.03,86.88,83.88,,,
31/07/2026,90.12,87.93,84.58,,,
3/08/2026,83.77,81.09,79.22,,,
4/08/2026,79.36,77.93,76.81,,,
5/08/2026,79.45,77.86,76.62,,,
6/08/2026,82.49,80.46,78.79,,,
7/08/2026,83.55,81.65,79.99,,,
10/08/2026,87.72,85.89,84.08,,,
11/08/2026,88.91,86.62,84.45,,,
12/08/2026,88.98,86.82,84.68,,,
13/08/2026,87.07,85.22,83.33,,,
14/08/2026,88.52,86.57,84.39,,,
17/08/2026,90.87,89.03,86.87,,,
18/08/2026,91.02,89.45,87.41,,,
19/08/2026,91.62,89.79,87.39,,,
20/08/2026,93.78,91.97,89.26,,,
21/08/2026,94.39,92.67,89.99,,,
24/08/2026,92.17,90.54,88.1,,,
25/08/2026,88.58,87.27,85.22,,,
26/08/2026,87.84,86.94,85.09,,,
27/08/2026,89.7,88.52,86.34,,,
28/08/2026,89.31,88.1,86.12,,,
31/08/2026,90.49,88.37,86.15,,,
1/09/2026,94.65,91.57,88.67,,,
2/09/2026,95.63,92.09,88.98,,,
3/09/2026,95.52,91.63,88.32,,,
4/09/2026,96.28,92.32,89.15,,,
7/09/2026,97,93.16,89.94,,,
8/09/2026,97.92,94.38,91.3,,,
,,,,,,
