Date,KC1,KC2,KC3,,,
3/01/2005,103.1,105.25,106.95,,,
4/01/2005,101.45,103.7,105.4,,,
5/01/2005,98.5,100.7,102.45,,,
6/01/2005,96.8,99.1,101,,,
7/01/2005,96.25,98.55,100.45,,,
10/01/2005,95.6,97.9,99.85,,,
11/01/2005,95.65,97.95,99.9,,,
12/01/2005,98.85,101.15,103.1,,,
13/01/2005,101.1,103.35,105.25,,,
14/01/2005,100.1,102.35,104.25,,,
18/01/2005,104.4,106.6,108.5,,,
19/01/2005,104.1,106.3,108.2,,,
20/01/2005,102,104.25,106.15,,,
21/01/2005,103.25,105.5,107.4,,,
24/01/2005,104.65,106.9,108.9,,,
25/01/2005,105.75,108.1,110.1,,,
26/01/2005,105.1,107.45,109.45,,,
27/01/2005,103.2,105.55,107.55,,,
28/01/2005,105.3,107.65,109.65,,,
31/01/2005,105.35,107.7,109.7,,,
1/02/2005,105.8,108.2,110.2,,,
2/02/2005,104.9,107.3,109.35,,,
3/02/2005,105.3,107.7,109.75,,,
4/02/2005,110.5,112.9,114.9,,,
7/02/2005,112.75,115.2,117.2,,,
8/02/2005,111.7,114.2,116.2,,,
9/02/2005,112.45,115.05,117.05,,,
10/02/2005,113.85,116.5,118.5,,,
11/02/2005,113.45,116.2,118.25,,,
14/02/2005,112.4,115.4,117.45,,,
15/02/2005,117.8,120.6,122.65,,,
16/02/2005,116.85,119.5,121.55,,,
17/02/2005,117.05,119.5,121.65,,,
18/02/2005,118.05,120.3,122.45,,,
22/02/2005,115.1,117.25,119.5,,,
23/02/2005,121.55,123.65,125.75,,,
24/02/2005,119.2,121.4,123.7,,,
25/02/2005,115.25,117.4,119.7,,,
28/02/2005,119.15,121.55,123.95,,,
1/03/2005,119.05,121.45,123.85,,,
2/03/2005,119.35,121.55,123.95,,,
3/03/2005,120.9,123.05,125.45,,,
4/03/2005,121.85,124.05,126.45,,,
7/03/2005,128,130.2,132.6,,,
8/03/2005,130.65,132.85,135.2,,,
9/03/2005,129.5,131.75,134.1,,,
10/03/2005,135.75,138.1,140.45,,,
11/03/2005,134.45,136.65,139.05,,,
14/03/2005,132.5,134.7,137.1,,,
15/03/2005,135,136.9,139.35,,,
16/03/2005,134.6,136.35,138.8,,,
17/03/2005,135.1,136.1,138.6,,,
18/03/2005,131.6,133.2,135.7,,,
21/03/2005,130.65,133.2,135.55,,,
22/03/2005,131.35,133.95,136.3,,,
23/03/2005,125.25,127.85,130.2,,,
24/03/2005,120.9,123.6,125.95,,,
28/03/2005,122.35,125.05,127.4,,,
29/03/2005,122.05,124.8,127.15,,,
30/03/2005,125,127.8,130.15,,,
31/03/2005,126.4,129.25,131.6,,,
1/04/2005,123.95,126.8,129.2,,,
4/04/2005,123.05,125.95,128.4,,,
5/04/2005,126.1,129,131.45,,,
6/04/2005,124.7,127.65,130.1,,,
7/04/2005,121.95,124.95,127.4,,,
8/04/2005,116.85,119.85,122.35,,,
11/04/2005,113.5,116.45,118.95,,,
12/04/2005,114.85,117.85,120.3,,,
13/04/2005,114.6,117.65,120.1,,,
14/04/2005,111.05,114.1,116.5,,,
15/04/2005,112.55,115.65,118.05,,,
18/04/2005,111.95,115.15,117.65,,,
19/04/2005,118,121.35,123.9,,,
20/04/2005,121.85,124.85,127.4,,,
21/04/2005,119.75,122.75,125.4,,,
22/04/2005,124.8,127.8,130.35,,,
25/04/2005,124.4,127.35,129.85,,,
26/04/2005,129.6,132.45,134.95,,,
27/04/2005,130.45,133.35,135.9,,,
28/04/2005,128,130.9,133.45,,,
29/04/2005,125.15,127.95,130.6,,,
2/05/2005,120.7,123.55,126.3,,,
3/05/2005,119.1,121.9,124.65,,,
4/05/2005,122.7,125.45,128.35,,,
5/05/2005,120.35,122.95,125.85,,,
6/05/2005,121.9,124.5,127.35,,,
9/05/2005,121.45,123.95,126.85,,,
10/05/2005,119.15,121.6,124.5,,,
11/05/2005,122.15,124.75,127.65,,,
12/05/2005,119.9,122.5,125.4,,,
13/05/2005,119,121.5,124.4,,,
16/05/2005,113.75,116.25,119.15,,,
17/05/2005,115.7,118.2,121.05,,,
18/05/2005,116.05,118.4,121.25,,,
19/05/2005,116.8,119.7,123.35,,,
20/05/2005,117,120,123.75,,,
23/05/2005,118.15,121.15,124.9,,,
24/05/2005,119.65,122.7,126.45,,,
25/05/2005,122.4,125.5,129.25,,,
26/05/2005,123.7,126.8,130.5,,,
27/05/2005,121.9,125.05,128.75,,,
31/05/2005,118.35,121.55,125.3,,,
1/06/2005,118.05,121.25,125.05,,,
2/06/2005,122,125.3,129,,,
3/06/2005,125.55,128.85,132.4,,,
6/06/2005,124.1,127.35,130.85,,,
7/06/2005,125.75,129,132.5,,,
8/06/2005,121.4,124.75,128.35,,,
9/06/2005,116.4,119.75,123.35,,,
10/06/2005,113,116.35,119.95,,,
13/06/2005,109.75,113.15,116.75,,,
14/06/2005,110.75,114.25,117.85,,,
15/06/2005,111.15,114.6,118.15,,,
16/06/2005,109.55,112.95,116.5,,,
17/06/2005,107.6,110.9,114.45,,,
20/06/2005,109,112.35,116.2,,,
21/06/2005,107.75,111.2,115.1,,,
22/06/2005,110.8,114.25,118.1,,,
23/06/2005,108.4,111.45,115.3,,,
24/06/2005,105.45,108.5,112.45,,,
27/06/2005,102.7,105.7,109.55,,,
28/06/2005,104.3,107.5,111.35,,,
29/06/2005,103.1,106.45,110.3,,,
30/06/2005,104.65,108.05,111.9,,,
1/07/2005,102.1,105.3,109.05,,,
5/07/2005,102.2,105.3,109.1,,,
6/07/2005,104.65,107.4,111.25,,,
7/07/2005,104.5,107.15,111.05,,,
8/07/2005,104.15,106.9,110.95,,,
11/07/2005,101.75,104.55,108.75,,,
12/07/2005,102.35,104.9,109.15,,,
13/07/2005,102.5,104.9,109.15,,,
14/07/2005,106.15,108.55,112.8,,,
15/07/2005,103.25,105.5,109.85,,,
18/07/2005,97.85,100.1,104.55,,,
19/07/2005,94.15,96.55,101,,,
20/07/2005,98.45,102.9,106.65,,,
21/07/2005,98.9,103.3,106.95,,,
22/07/2005,99.45,103.85,107.5,,,
25/07/2005,102.1,106.4,110,,,
26/07/2005,101.85,106.25,109.95,,,
27/07/2005,99.35,103.7,107.35,,,
28/07/2005,101.8,106.05,109.6,,,
29/07/2005,103.15,107.65,111.35,,,
1/08/2005,102.15,106.65,110.45,,,
2/08/2005,106.6,111.1,115,,,
3/08/2005,105.75,110.3,114.2,,,
4/08/2005,106.25,110.8,114.65,,,
5/08/2005,105.35,109.95,113.7,,,
8/08/2005,102.3,106.95,110.85,,,
9/08/2005,102.6,107.35,111.2,,,
10/08/2005,105.7,110.5,114.4,,,
11/08/2005,106.75,111.5,115.35,,,
12/08/2005,104.9,109.55,113.4,,,
15/08/2005,96.15,100.9,104.9,,,
16/08/2005,96.9,101.45,105.45,,,
17/08/2005,97.75,102.35,106.45,,,
18/08/2005,95.3,99.8,103.9,,,
19/08/2005,96.1,100.5,104.5,,,
22/08/2005,96.35,100.7,104.55,,,
23/08/2005,98.95,102.75,106.45,,,
24/08/2005,96.15,100,103.8,,,
25/08/2005,93.15,97,100.9,,,
26/08/2005,91.65,95.7,99.7,,,
29/08/2005,92.6,95.75,99.5,,,
30/08/2005,94.5,98,101.45,,,
31/08/2005,97.75,101.05,104.35,,,
1/09/2005,101.95,104.95,108.05,,,
2/09/2005,100,103.05,106.2,,,
6/09/2005,97.45,100.75,103.95,,,
7/09/2005,91.5,94.75,98.35,,,
8/09/2005,92.7,95.95,99.45,,,
9/09/2005,92.2,95.45,98.9,,,
12/09/2005,89.05,92.15,95.8,,,
13/09/2005,88.65,91.9,95.55,,,
14/09/2005,91.4,94.65,98.3,,,
15/09/2005,89.35,92.25,95.9,,,
16/09/2005,88.2,90.2,93.8,,,
19/09/2005,84.45,86.45,90.1,,,
20/09/2005,91.75,92.5,96.05,,,
21/09/2005,91.1,94.7,96.8,,,
22/09/2005,92.3,95.7,97.75,,,
23/09/2005,91.5,94.85,96.95,,,
26/09/2005,87.65,91.25,93.4,,,
27/09/2005,88.15,91.7,93.85,,,
28/09/2005,92.9,96.3,98.4,,,
29/09/2005,92.95,96.25,98.35,,,
30/09/2005,93.45,96.8,98.9,,,
3/10/2005,92.85,96.2,98.3,,,
4/10/2005,92.7,95.9,97.95,,,
5/10/2005,93.7,96.95,99,,,
6/10/2005,93.5,96.8,98.85,,,
7/10/2005,94.85,98.1,100.2,,,
10/10/2005,98.9,102.1,104.15,,,
11/10/2005,100.75,103.9,105.9,,,
12/10/2005,101.3,104.4,106.3,,,
13/10/2005,100.35,103.45,105.35,,,
14/10/2005,99.65,102.65,104.5,,,
17/10/2005,104.1,106.7,108.2,,,
18/10/2005,104.65,107.4,109,,,
19/10/2005,104.05,106.95,108.6,,,
20/10/2005,105.7,108.6,110.2,,,
21/10/2005,103.45,106.55,108.25,,,
24/10/2005,103.15,106.25,107.95,,,
25/10/2005,103.7,106.75,108.5,,,
26/10/2005,101.7,104.95,106.75,,,
27/10/2005,100.15,103.4,105.25,,,
28/10/2005,98.35,101.7,103.55,,,
31/10/2005,96.65,100.2,102.1,,,
1/11/2005,97.1,100.65,102.55,,,
2/11/2005,101.05,104.65,106.45,,,
3/11/2005,103.75,107.25,108.9,,,
4/11/2005,103.9,107.5,109.15,,,
7/11/2005,102.95,106.75,108.4,,,
8/11/2005,107.85,111.65,113.2,,,
9/11/2005,106.9,110.75,112.4,,,
10/11/2005,106.75,110.6,112.35,,,
11/11/2005,106.95,110.85,112.65,,,
14/11/2005,99.85,103.7,105.5,,,
15/11/2005,96.5,100.2,102,,,
16/11/2005,96.55,100.5,102.4,,,
17/11/2005,98,102,104,,,
18/11/2005,96.8,100.3,102.4,,,
21/11/2005,99.05,102.9,105.1,,,
22/11/2005,98.65,102.4,104.6,,,
23/11/2005,97.4,101.3,103.4,,,
28/11/2005,96.15,100.15,102.3,,,
29/11/2005,95.7,99.95,102.05,,,
30/11/2005,93,97,99.2,,,
1/12/2005,92.4,96.45,98.65,,,
2/12/2005,90.75,94.75,96.95,,,
5/12/2005,91.85,95.85,98,,,
6/12/2005,92.7,96.6,98.7,,,
7/12/2005,92,95.7,97.8,,,
8/12/2005,92.8,96.2,98.45,,,
9/12/2005,92.75,95.9,98.2,,,
12/12/2005,96.45,99.7,101.85,,,
13/12/2005,95.4,98.3,100.5,,,
14/12/2005,93.2,96.7,99,,,
15/12/2005,94.35,97.85,100.15,,,
16/12/2005,94.35,97.85,100.15,,,
19/12/2005,98.1,101.35,103.65,,,
20/12/2005,102.4,104.6,106.4,,,
21/12/2005,101.2,103.3,105.05,,,
22/12/2005,102.8,104.95,106.7,,,
23/12/2005,102.6,104.75,106.45,,,
27/12/2005,106.2,108.3,109.9,,,
28/12/2005,107,109.1,110.75,,,
29/12/2005,106.9,109.1,110.8,,,
30/12/2005,107.1,109.3,111.1,,,
3/01/2006,108.6,110.8,112.5,,,
4/01/2006,110.65,112.85,114.65,,,
5/01/2006,117.45,119.55,121.35,,,
6/01/2006,119.55,121.7,123.5,,,
9/01/2006,120.15,122.45,124.3,,,
10/01/2006,119.1,121.4,123.35,,,
11/01/2006,117.2,119.6,121.55,,,
12/01/2006,117.55,119.95,121.85,,,
13/01/2006,119.95,122.3,124.2,,,
17/01/2006,123.8,126.1,127.85,,,
18/01/2006,121.6,124.05,125.9,,,
19/01/2006,119.4,121.95,124.05,,,
20/01/2006,118.4,120.95,123.05,,,
23/01/2006,120.45,123,125.1,,,
24/01/2006,122.4,125,127.1,,,
25/01/2006,123.05,125.7,127.8,,,
26/01/2006,122.85,125.5,127.45,,,
27/01/2006,124.3,126.95,128.9,,,
30/01/2006,121.9,124.65,126.85,,,
31/01/2006,118.2,121,123.3,,,
1/02/2006,117.25,120.1,122.35,,,
2/02/2006,118,120.85,123.15,,,
3/02/2006,117.6,120.5,122.85,,,
6/02/2006,113.2,116.15,118.6,,,
7/02/2006,114.9,117.85,120.25,,,
8/02/2006,113.45,116.45,118.7,,,
9/02/2006,113.8,116.75,118.9,,,
10/02/2006,115.1,118.2,120.45,,,
13/02/2006,109.45,112.55,114.85,,,
14/02/2006,107.55,110.65,113,,,
15/02/2006,107.8,110.7,113.1,,,
16/02/2006,106,108.6,110.9,,,
17/02/2006,109.45,111.55,113.8,,,
21/02/2006,111.15,112.8,115,,,
22/02/2006,109.5,111.3,113.55,,,
23/02/2006,110.95,112.85,115.25,,,
24/02/2006,110.95,112.8,115.2,,,
27/02/2006,108.35,110.25,112.75,,,
28/02/2006,111.8,113.7,116.2,,,
1/03/2006,112.2,114.05,116.65,,,
2/03/2006,110.1,112,114.55,,,
3/03/2006,112.1,114,116.65,,,
6/03/2006,109,110.85,113.45,,,
7/03/2006,106.7,108.6,111.1,,,
8/03/2006,106.75,108.65,111.15,,,
9/03/2006,106.85,108.75,111.35,,,
10/03/2006,105.7,107.6,110.2,,,
13/03/2006,104.4,105.9,108.55,,,
14/03/2006,104.6,106.25,108.85,,,
15/03/2006,107.1,108.75,111.25,,,
16/03/2006,105.3,106.95,109.65,,,
17/03/2006,103.65,105.25,107.95,,,
20/03/2006,104.1,105.7,108.4,,,
21/03/2006,105.45,106.95,109.65,,,
22/03/2006,104.15,106.85,109.3,,,
23/03/2006,104.9,107.65,110.1,,,
24/03/2006,105.3,108,110.5,,,
27/03/2006,105.95,108.7,111.15,,,
28/03/2006,105.55,108.35,110.75,,,
29/03/2006,104.35,107.15,109.6,,,
30/03/2006,108.6,111.4,113.75,,,
31/03/2006,107,109.85,112.3,,,
3/04/2006,109.45,112.35,114.85,,,
4/04/2006,107.05,109.95,112.5,,,
5/04/2006,108.05,110.95,113.5,,,
6/04/2006,108.85,111.75,114.3,,,
7/04/2006,108.35,111.2,113.75,,,
10/04/2006,108.15,111,113.55,,,
11/04/2006,104.75,107.65,110.2,,,
12/04/2006,104.7,107.65,110.25,,,
13/04/2006,105.25,108.15,110.75,,,
17/04/2006,106.65,109.5,112.15,,,
18/04/2006,109.2,112,114.55,,,
19/04/2006,110.1,113,115.65,,,
20/04/2006,112.9,115.4,118,,,
21/04/2006,112,114.4,117.05,,,
24/04/2006,111.35,113.85,116.55,,,
25/04/2006,106.7,109.2,111.95,,,
26/04/2006,109,111.5,114.25,,,
27/04/2006,105.5,108,110.75,,,
28/04/2006,107.2,109.7,112.45,,,
1/05/2006,107.1,109.6,112.4,,,
2/05/2006,110.35,112.75,115.5,,,
3/05/2006,108.85,111.35,114.1,,,
4/05/2006,107.15,109.55,112.3,,,
5/05/2006,106.5,108.25,111,,,
8/05/2006,105.75,107.6,110.35,,,
9/05/2006,107.05,108.9,111.6,,,
10/05/2006,107.2,109,111.75,,,
11/05/2006,102.7,104.45,107.25,,,
12/05/2006,101.8,103.6,106.4,,,
15/05/2006,99.6,101.6,104.45,,,
16/05/2006,100.85,102.6,105.45,,,
17/05/2006,98.25,101.4,104.3,,,
18/05/2006,99.65,102.15,105.05,,,
19/05/2006,100.65,103.55,107.3,,,
22/05/2006,99.6,102.5,106.35,,,
23/05/2006,101.4,104.3,108.15,,,
24/05/2006,99.8,102.7,106.6,,,
25/05/2006,98.65,101.55,105.45,,,
26/05/2006,98.1,101,104.85,,,
30/05/2006,98.75,101.65,105.5,,,
31/05/2006,98.95,101.9,105.75,,,
1/06/2006,99.95,102.85,106.7,,,
2/06/2006,101.25,104.05,107.8,,,
5/06/2006,98.45,101.25,105.05,,,
6/06/2006,96.1,98.9,102.7,,,
7/06/2006,96,98.85,102.6,,,
8/06/2006,96.45,99.25,103.05,,,
9/06/2006,95.9,98.7,102.55,,,
12/06/2006,95.65,98.45,102.3,,,
13/06/2006,95.3,97.95,101.8,,,
14/06/2006,96.05,98.45,102.3,,,
15/06/2006,96.55,98.95,102.9,,,
16/06/2006,95.25,97.7,101.6,,,
19/06/2006,94.95,97.25,101.15,,,
20/06/2006,95.45,97.45,101.3,,,
21/06/2006,95.1,96.7,100.45,,,
22/06/2006,95.7,97.1,100.8,,,
23/06/2006,95.3,96.6,100.3,,,
26/06/2006,94.6,95.95,99.75,,,
27/06/2006,95.35,96.7,100.5,,,
28/06/2006,97.7,99.1,102.85,,,
29/06/2006,97.5,98.85,102.55,,,
30/06/2006,99.5,101.1,104.75,,,
3/07/2006,102,103.5,106.95,,,
5/07/2006,101.85,103.45,106.95,,,
6/07/2006,101.3,103.05,106.65,,,
7/07/2006,98.4,100,103.8,,,
10/07/2006,99.1,100.7,104.45,,,
11/07/2006,98.35,99.8,103.6,,,
12/07/2006,98.55,99.95,103.75,,,
13/07/2006,99.35,100.7,104.6,,,
14/07/2006,97,98.25,102.2,,,
17/07/2006,95.75,97.15,101.15,,,
18/07/2006,96.1,97.1,101.1,,,
19/07/2006,95.9,97.15,101.1,,,
20/07/2006,95.8,99.8,103.6,,,
21/07/2006,95.6,99.6,103.35,,,
24/07/2006,94.05,98.1,101.85,,,
25/07/2006,95.1,99.15,102.9,,,
26/07/2006,95.5,99.55,103.3,,,
27/07/2006,96.8,100.9,104.65,,,
28/07/2006,99.4,103.5,107.3,,,
31/07/2006,99.35,103.45,107.2,,,
1/08/2006,98.3,102.45,106.2,,,
2/08/2006,103.7,107.75,111.5,,,
3/08/2006,105.85,109.95,113.65,,,
4/08/2006,105.45,109.45,113.15,,,
7/08/2006,107.15,111.1,114.8,,,
8/08/2006,107.1,111.05,114.75,,,
9/08/2006,107.65,111.55,115.15,,,
10/08/2006,105.55,109.55,113.2,,,
11/08/2006,104.3,108.35,112.1,,,
14/08/2006,100.75,104.85,108.7,,,
15/08/2006,102.85,106.9,110.75,,,
16/08/2006,104.65,108.6,112.35,,,
17/08/2006,103.55,107.5,111.25,,,
18/08/2006,103.25,107.15,110.95,,,
21/08/2006,107,110.95,114.75,,,
22/08/2006,108.2,112.6,116.4,,,
23/08/2006,107.35,111.35,115.05,,,
24/08/2006,107.05,111.15,114.9,,,
25/08/2006,106.2,110.25,113.95,,,
28/08/2006,103.2,107.25,111,,,
29/08/2006,103.3,107.3,111.05,,,
30/08/2006,103.35,107.35,111.2,,,
31/08/2006,104,108,111.85,,,
1/09/2006,103.4,107.6,111.4,,,
5/09/2006,106.45,110.3,114.1,,,
6/09/2006,106.25,110.35,114.15,,,
7/09/2006,103.5,107.6,111.45,,,
8/09/2006,102.45,106.15,110.05,,,
11/09/2006,100.25,103.75,107.65,,,
12/09/2006,100.1,103.65,107.55,,,
13/09/2006,100.5,104.4,108.3,,,
14/09/2006,99.95,103.4,107.3,,,
15/09/2006,98.65,102.1,105.9,,,
18/09/2006,99.2,101.95,105.7,,,
19/09/2006,100.45,103.1,106.85,,,
20/09/2006,101.95,105.75,108.1,,,
21/09/2006,103.55,107.4,109.75,,,
22/09/2006,104.45,108.3,110.65,,,
25/09/2006,106.65,110.5,112.85,,,
26/09/2006,106.9,110.75,113.1,,,
27/09/2006,106.9,110.75,113.1,,,
28/09/2006,107.5,111.35,113.7,,,
29/09/2006,107.65,111.5,113.8,,,
2/10/2006,103.55,107.4,109.7,,,
3/10/2006,104.25,108.1,110.45,,,
4/10/2006,104.45,108.35,110.7,,,
5/10/2006,104.5,108.45,110.9,,,
6/10/2006,103.9,107.85,110.3,,,
9/10/2006,103.05,107,109.5,,,
10/10/2006,102.85,106.8,109.35,,,
11/10/2006,103.05,107,109.55,,,
12/10/2006,103.3,107.25,109.85,,,
13/10/2006,104.05,108,110.5,,,
16/10/2006,101.9,105.9,108.45,,,
17/10/2006,102.45,106.4,109.05,,,
18/10/2006,102.25,106.25,108.9,,,
19/10/2006,101.85,105.85,108.55,,,
20/10/2006,102.05,106,108.65,,,
23/10/2006,106.85,110.7,113.3,,,
24/10/2006,107.15,111.1,113.75,,,
25/10/2006,106.85,110.85,113.5,,,
26/10/2006,107.6,111.55,114.25,,,
27/10/2006,108,112,114.7,,,
30/10/2006,108,112.05,114.7,,,
31/10/2006,108.25,112.35,115,,,
1/11/2006,108.65,112.8,115.45,,,
2/11/2006,110.55,114.65,117.25,,,
3/11/2006,112.45,116.55,119.15,,,
6/11/2006,113.2,117.25,119.8,,,
7/11/2006,112.95,117.05,119.65,,,
8/11/2006,115.75,119.85,122.45,,,
9/11/2006,119.2,123.3,125.9,,,
10/11/2006,115.85,120.05,122.7,,,
13/11/2006,115.15,119.45,122.1,,,
14/11/2006,115.8,120.15,122.8,,,
15/11/2006,118.15,122.45,125.1,,,
16/11/2006,116.5,120.95,123.6,,,
17/11/2006,113.1,117.95,120.65,,,
20/11/2006,115.15,119.75,122.45,,,
21/11/2006,115.4,120.1,122.9,,,
22/11/2006,115.55,120.15,122.95,,,
27/11/2006,118,122.65,125.4,,,
28/11/2006,120.35,124.95,127.75,,,
29/11/2006,118.55,123.3,126.15,,,
30/11/2006,119.7,124.3,127.15,,,
1/12/2006,123.2,127.6,130.45,,,
4/12/2006,120.2,124.2,127.05,,,
5/12/2006,123.4,127.25,130.1,,,
6/12/2006,121.7,125.8,128.7,,,
7/12/2006,121.9,125.9,128.8,,,
8/12/2006,121.85,125.85,128.75,,,
11/12/2006,124.7,128.65,131.6,,,
12/12/2006,123.85,127.75,130.75,,,
13/12/2006,124.95,128.85,131.85,,,
14/12/2006,125.05,128.9,131.9,,,
15/12/2006,121.55,125.4,128.35,,,
18/12/2006,120.7,124.45,127.45,,,
19/12/2006,123,126,128.8,,,
20/12/2006,126.75,129.7,132.45,,,
21/12/2006,126.35,129.35,132.1,,,
22/12/2006,125.4,128.4,131.15,,,
26/12/2006,127.7,130.7,133.45,,,
27/12/2006,128.9,131.85,134.6,,,
28/12/2006,125,127.95,130.7,,,
29/12/2006,126.2,129.2,132,,,
3/01/2007,123.6,126.65,129.45,,,
4/01/2007,125,128.05,130.9,,,
5/01/2007,120.45,123.5,126.35,,,
8/01/2007,120.1,123.1,125.95,,,
9/01/2007,118.4,121.5,124.35,,,
10/01/2007,120.75,123.85,126.7,,,
11/01/2007,120.65,123.75,126.6,,,
12/01/2007,120.3,123.45,126.35,,,
16/01/2007,121.65,124.85,127.75,,,
17/01/2007,121.6,124.8,127.7,,,
18/01/2007,119.75,122.95,125.9,,,
19/01/2007,119.7,122.9,125.8,,,
22/01/2007,117.35,120.55,123.5,,,
23/01/2007,115.65,118.85,121.8,,,
24/01/2007,116.95,120.15,123.1,,,
25/01/2007,116,119.2,122.15,,,
26/01/2007,116.3,119.5,122.45,,,
29/01/2007,116.6,119.8,122.75,,,
30/01/2007,116.55,119.75,122.7,,,
31/01/2007,117.65,120.9,123.85,,,
1/02/2007,118.75,121.75,124.65,,,
2/02/2007,118.35,121.4,124.25,,,
5/02/2007,116.6,119.75,122.6,,,
6/02/2007,116.5,119.65,122.45,,,
7/02/2007,116.85,119.85,122.65,,,
8/02/2007,115.55,118.55,121.35,,,
9/02/2007,114.75,117.8,120.6,,,
12/02/2007,113.9,116.95,119.75,,,
13/02/2007,113.7,116.6,119.35,,,
14/02/2007,114.05,116.7,119.55,,,
15/02/2007,115.3,117.85,120.7,,,
16/02/2007,113.2,116,118.85,,,
20/02/2007,113.2,115.2,118.05,,,
21/02/2007,115.15,116.45,119.3,,,
22/02/2007,118.9,120.15,122.9,,,
23/02/2007,119.25,120.15,122.9,,,
26/02/2007,117.85,118.9,121.65,,,
27/02/2007,117.3,118.3,121.1,,,
28/02/2007,117.7,118.5,121.25,,,
1/03/2007,116,116.6,119.4,,,
2/03/2007,114.35,115.15,118,,,
5/03/2007,110.55,111.5,114.45,,,
6/03/2007,112,113,115.95,,,
7/03/2007,111.1,112.2,115.1,,,
8/03/2007,111.1,112.4,115.3,,,
9/03/2007,111.5,112.5,115.35,,,
12/03/2007,111,111.8,114.7,,,
13/03/2007,110.2,111.05,113.95,,,
14/03/2007,109,109.85,112.75,,,
15/03/2007,109.65,110.55,113.4,,,
16/03/2007,109.45,110.35,113.2,,,
19/03/2007,107.6,110.25,113.15,,,
20/03/2007,108.9,109.3,112.15,,,
21/03/2007,112.5,115.35,118.15,,,
22/03/2007,111.75,114.6,117.4,,,
23/03/2007,113.35,116.15,118.95,,,
26/03/2007,114.35,117.15,119.95,,,
27/03/2007,112.45,115.25,118.05,,,
28/03/2007,112.7,115.5,118.3,,,
29/03/2007,110.6,113.5,116.3,,,
30/03/2007,109.25,112.2,115,,,
2/04/2007,108.6,111.55,114.35,,,
3/04/2007,110.75,113.7,116.45,,,
4/04/2007,110.55,113.45,116.25,,,
5/04/2007,110.85,113.75,116.55,,,
9/04/2007,109.65,112.55,115.35,,,
10/04/2007,109.25,112.15,114.95,,,
11/04/2007,109.45,112.35,115.2,,,
12/04/2007,112.85,115.7,118.5,,,
13/04/2007,111.8,114.65,117.45,,,
16/04/2007,108.45,111.2,114,,,
17/04/2007,109.6,112.25,115.05,,,
18/04/2007,109.35,112.1,114.9,,,
19/04/2007,108.5,111.5,114.3,,,
20/04/2007,107.7,110.65,113.45,,,
23/04/2007,106.35,109.4,112.2,,,
24/04/2007,104.4,107.65,110.5,,,
25/04/2007,104.35,107.25,110.1,,,
26/04/2007,103.75,106.75,109.6,,,
27/04/2007,104,107,109.85,,,
30/04/2007,103.15,106.15,109,,,
1/05/2007,101.85,104.85,107.75,,,
2/05/2007,101.7,104.7,107.55,,,
3/05/2007,101.35,104.35,107.2,,,
4/05/2007,103,106,108.85,,,
7/05/2007,101.9,104.8,107.65,,,
8/05/2007,102.25,105.25,108.1,,,
9/05/2007,103.25,106.25,109.1,,,
10/05/2007,103.6,106.55,109.4,,,
11/05/2007,102.8,105.7,108.5,,,
14/05/2007,104.2,106.85,109.7,,,
15/05/2007,104.65,107.3,110.1,,,
16/05/2007,107.25,109.7,112.5,,,
17/05/2007,110.35,113.1,115.9,,,
18/05/2007,109.5,111.8,114.6,,,
21/05/2007,112,114.8,118.45,,,
22/05/2007,111.55,114.3,117.95,,,
23/05/2007,112.05,114.8,118.45,,,
24/05/2007,113.35,116.1,119.75,,,
25/05/2007,112.9,115.65,119.35,,,
29/05/2007,110.7,113.5,117.2,,,
30/05/2007,111.35,114.2,117.9,,,
31/05/2007,111.9,114.75,118.5,,,
1/06/2007,117.4,120.2,123.9,,,
4/06/2007,115.3,118.1,121.75,,,
5/06/2007,116.55,119.35,123.05,,,
6/06/2007,116.45,119.3,123.1,,,
7/06/2007,116.95,119.85,123.65,,,
8/06/2007,114.85,117.75,121.6,,,
11/06/2007,115.4,118.25,122.1,,,
12/06/2007,113.45,116.35,120.25,,,
13/06/2007,114.6,117.4,121.3,,,
14/06/2007,114.75,117.2,121.05,,,
15/06/2007,114.7,117.2,121.05,,,
18/06/2007,115.2,117.05,120.9,,,
19/06/2007,113.35,115.8,119.65,,,
20/06/2007,115,117.4,121.25,,,
21/06/2007,114.55,116.7,120.55,,,
22/06/2007,113.6,115.4,119.3,,,
25/06/2007,110,111.15,115.05,,,
26/06/2007,109.95,111.9,115.8,,,
27/06/2007,110.4,112.2,116.1,,,
28/06/2007,110.8,112.6,116.5,,,
29/06/2007,111,112.8,116.7,,,
2/07/2007,110.2,112,116,,,
3/07/2007,109.1,111.1,115.15,,,
5/07/2007,108.3,110.4,114.4,,,
6/07/2007,107.25,109.75,113.8,,,
9/07/2007,107.05,109.4,113.45,,,
10/07/2007,108.5,111.15,115.05,,,
11/07/2007,109.2,111.85,115.8,,,
12/07/2007,109.4,111.4,115.35,,,
13/07/2007,107.75,109.75,113.8,,,
16/07/2007,109.25,111.75,115.75,,,
17/07/2007,110.6,112.45,116.45,,,
18/07/2007,112.5,114,118,,,
19/07/2007,112.75,114.25,118.2,,,
20/07/2007,114,117.95,121.6,,,
23/07/2007,112.35,116.3,119.95,,,
24/07/2007,115.75,119.7,123.35,,,
25/07/2007,114.2,118.15,121.8,,,
26/07/2007,111.4,115.4,119.05,,,
27/07/2007,112.7,116.7,120.4,,,
30/07/2007,112.95,117.05,120.75,,,
31/07/2007,114.3,118.3,122,,,
1/08/2007,113.1,117.05,120.7,,,
2/08/2007,116.2,120.15,123.75,,,
3/08/2007,117.65,121.55,125.1,,,
6/08/2007,118.4,122.4,126,,,
7/08/2007,117.45,121.5,125.15,,,
8/08/2007,118.5,122.55,126.15,,,
9/08/2007,119.5,123.5,127.1,,,
10/08/2007,120.6,124.65,128.2,,,
13/08/2007,120.75,124.75,128.3,,,
14/08/2007,119.15,123.15,126.75,,,
15/08/2007,119.2,123.2,126.8,,,
16/08/2007,111.3,115.25,118.85,,,
17/08/2007,115.55,119.5,123.2,,,
20/08/2007,114.85,118.85,122.55,,,
21/08/2007,114.25,118.35,122.1,,,
22/08/2007,114.45,118.8,122.6,,,
23/08/2007,115.85,119.7,123.45,,,
24/08/2007,114.65,119.05,122.85,,,
27/08/2007,113.1,117.2,120.95,,,
28/08/2007,113.65,117.55,121.35,,,
29/08/2007,112.65,116.1,119.9,,,
30/08/2007,111.75,116.15,119.95,,,
31/08/2007,112.65,115.85,119.65,,,
4/09/2007,114.55,117.95,121.65,,,
5/09/2007,112.45,116.05,119.8,,,
6/09/2007,113.55,116.75,120.5,,,
7/09/2007,113.75,116.9,120.75,,,
10/09/2007,117.05,120.05,123.8,,,
11/09/2007,116.55,119.5,123.25,,,
12/09/2007,117.1,120.05,123.8,,,
13/09/2007,116.2,119.3,123.1,,,
14/09/2007,118.05,120.9,124.65,,,
17/09/2007,125,127.8,131.2,,,
18/09/2007,126.7,130.4,133.75,,,
19/09/2007,131.35,134.85,136.8,,,
20/09/2007,133.15,136.55,138.5,,,
21/09/2007,129.9,133.5,135.55,,,
24/09/2007,132.4,136.05,138,,,
25/09/2007,133.1,136.7,138.7,,,
26/09/2007,128.6,132.3,134.4,,,
27/09/2007,128.8,132.55,134.6,,,
28/09/2007,128.65,132.3,134.35,,,
1/10/2007,134.85,138.4,140.35,,,
2/10/2007,134.3,137.85,139.8,,,
3/10/2007,135.85,139.5,141.55,,,
4/10/2007,135.2,138.8,140.75,,,
5/10/2007,137,140.65,142.15,,,
8/10/2007,138.75,142.45,144.2,,,
9/10/2007,133.75,137.55,139.45,,,
10/10/2007,133.4,137.15,139.05,,,
11/10/2007,138.25,142,143.85,,,
12/10/2007,139.3,143.05,144.95,,,
15/10/2007,130.05,133.95,136.1,,,
16/10/2007,128.15,132.05,134.35,,,
17/10/2007,129.55,133.5,135.8,,,
18/10/2007,125.4,129.4,131.7,,,
19/10/2007,125,128.95,131.2,,,
22/10/2007,123.55,127.65,129.9,,,
23/10/2007,123.85,127.9,130.15,,,
24/10/2007,123.5,127.5,129.85,,,
25/10/2007,120.6,124.7,127.1,,,
26/10/2007,121.45,125.55,127.95,,,
29/10/2007,122.35,126.45,128.9,,,
30/10/2007,121.9,126,128.4,,,
31/10/2007,121.35,125.45,127.9,,,
1/11/2007,122.6,126.65,129.1,,,
2/11/2007,118.9,123.05,125.6,,,
5/11/2007,119.95,124.1,126.65,,,
6/11/2007,120.7,124.85,127.45,,,
7/11/2007,120.45,124.65,127.25,,,
8/11/2007,121.9,126,128.6,,,
9/11/2007,121.75,125.8,128.35,,,
12/11/2007,121.75,125.9,128.5,,,
13/11/2007,122.6,126.75,129.3,,,
14/11/2007,124.2,128.3,130.9,,,
15/11/2007,124.8,128.9,131.45,,,
16/11/2007,124.9,129.05,131.6,,,
19/11/2007,121.65,125.85,128.45,,,
20/11/2007,124.35,127.75,130.3,,,
21/11/2007,123.45,126.6,129.1,,,
26/11/2007,122.1,125.6,128.1,,,
27/11/2007,122.25,125.6,128.15,,,
28/11/2007,125.8,128.95,131.5,,,
29/11/2007,125.2,128.55,131.1,,,
30/11/2007,125.95,129.2,131.7,,,
3/12/2007,126.65,129.95,132.45,,,
4/12/2007,127.35,130.6,133.1,,,
5/12/2007,128.05,131.15,133.65,,,
6/12/2007,125.9,129.05,131.6,,,
7/12/2007,127.75,131.15,133.7,,,
10/12/2007,130.2,133.5,136.1,,,
11/12/2007,130.1,133.5,136.05,,,
12/12/2007,130.8,134.15,136.75,,,
13/12/2007,130.15,133.4,136,,,
14/12/2007,130.75,133.95,136.55,,,
17/12/2007,130.2,133.45,136.05,,,
18/12/2007,131.35,134.55,137.1,,,
19/12/2007,134.5,137.1,139.6,,,
20/12/2007,133.7,136.3,138.8,,,
21/12/2007,134.2,136.8,139.3,,,
26/12/2007,133.65,136.25,138.75,,,
27/12/2007,131.8,134.4,136.9,,,
28/12/2007,133.1,135.65,138.15,,,
31/12/2007,136.2,138.75,141.25,,,
2/01/2008,134,136.65,139.1,,,
3/01/2008,135.2,137.8,140.25,,,
4/01/2008,132.7,135.3,137.7,,,
7/01/2008,131.4,134.05,136.5,,,
8/01/2008,135.45,138.15,140.6,,,
9/01/2008,135.6,138.3,140.8,,,
10/01/2008,136.65,139.3,141.85,,,
11/01/2008,136.3,139,141.55,,,
14/01/2008,137.55,140.25,142.8,,,
15/01/2008,136.85,139.55,142.1,,,
16/01/2008,134.9,137.6,140.15,,,
17/01/2008,134.4,137.05,139.6,,,
18/01/2008,133.1,135.8,138.35,,,
22/01/2008,135,137.7,140.25,,,
23/01/2008,131.3,133.95,136.5,,,
24/01/2008,132.35,135,137.55,,,
25/01/2008,131.45,134.05,136.6,,,
28/01/2008,134.2,136.8,139.3,,,
29/01/2008,133.7,136.3,138.8,,,
30/01/2008,136.55,139.15,141.6,,,
31/01/2008,138.15,140.7,143.15,,,
1/02/2008,139.1,141.65,144.1,,,
4/02/2008,142.7,145.25,147.6,,,
5/02/2008,142.6,145.2,147.5,,,
6/02/2008,143.15,145.75,148.05,,,
7/02/2008,143.3,145.95,148.2,,,
8/02/2008,147.2,149.8,152.05,,,
11/02/2008,147.9,150.5,152.7,,,
12/02/2008,147.95,150.55,152.75,,,
13/02/2008,149.5,152.15,154.45,,,
14/02/2008,152.6,155.2,157.35,,,
15/02/2008,149.85,152.4,154.45,,,
19/02/2008,155.05,157.75,159.85,,,
20/02/2008,154.6,157.45,159.75,,,
21/02/2008,156.35,159,161.45,,,
22/02/2008,160.15,162.4,164.8,,,
25/02/2008,161.7,164,166.35,,,
26/02/2008,158.2,160.3,162.7,,,
27/02/2008,161.5,164.1,166.45,,,
28/02/2008,165,167.5,169.8,,,
29/02/2008,164.6,166.8,169.05,,,
3/03/2008,165.4,167.55,169.85,,,
4/03/2008,162.8,165.05,167.4,,,
5/03/2008,161.75,163.9,166.3,,,
6/03/2008,152,154.75,157.15,,,
7/03/2008,148.75,151.45,153.8,,,
10/03/2008,148.25,150.5,152.8,,,
11/03/2008,150.15,152.05,154.45,,,
12/03/2008,151.85,153.95,156.35,,,
13/03/2008,155.6,157.85,160.25,,,
14/03/2008,150.05,152.2,154.6,,,
17/03/2008,134.3,136,138.5,,,
18/03/2008,135.8,137.55,140.05,,,
19/03/2008,132.95,135.45,137.8,,,
20/03/2008,130.9,133.4,135.75,,,
24/03/2008,128.75,131.25,133.65,,,
25/03/2008,132.65,135.15,137.55,,,
26/03/2008,132.3,134.85,137.3,,,
27/03/2008,132.55,135.1,137.5,,,
28/03/2008,130.4,132.95,135.4,,,
31/03/2008,127.4,129.95,132.45,,,
1/04/2008,129.1,131.65,134.15,,,
2/04/2008,128.65,131.2,133.65,,,
3/04/2008,131.3,133.85,136.3,,,
4/04/2008,131.9,134.45,136.95,,,
7/04/2008,133.6,136.15,138.65,,,
8/04/2008,133.2,135.75,138.25,,,
9/04/2008,136.5,139,141.5,,,
10/04/2008,131.75,134.25,136.75,,,
11/04/2008,130.85,133.25,135.65,,,
14/04/2008,131.1,133.45,135.85,,,
15/04/2008,134.2,136.5,138.9,,,
16/04/2008,134.75,137.1,139.5,,,
17/04/2008,139.65,141.9,144.3,,,
18/04/2008,135.25,137.45,139.85,,,
21/04/2008,131.4,133.6,136,,,
22/04/2008,135.3,136.7,139.05,,,
23/04/2008,135.4,136.35,138.65,,,
24/04/2008,130.75,131.6,133.85,,,
25/04/2008,130.45,131.3,133.55,,,
28/04/2008,133.55,134.5,136.8,,,
29/04/2008,134.35,135.3,137.6,,,
30/04/2008,134.55,135.45,137.75,,,
1/05/2008,128.4,129.25,131.65,,,
2/05/2008,128.55,129.4,131.85,,,
5/05/2008,131.75,132.6,135,,,
6/05/2008,132.85,133.6,136,,,
7/05/2008,130.15,131.1,133.55,,,
8/05/2008,133.9,134.55,136.9,,,
9/05/2008,136,136.55,138.9,,,
12/05/2008,138.2,138.55,140.9,,,
13/05/2008,136.9,137.25,139.55,,,
14/05/2008,137.3,137.7,139.95,,,
15/05/2008,136.7,136.8,139.05,,,
16/05/2008,138,138,140.3,,,
19/05/2008,135.1,135.2,137.5,,,
20/05/2008,136.8,139.15,142.5,,,
21/05/2008,140.45,142.85,146.25,,,
22/05/2008,134.2,136.6,139.95,,,
23/05/2008,134,136.3,139.65,,,
27/05/2008,132,134.35,137.75,,,
28/05/2008,135.6,137.95,141.35,,,
29/05/2008,132.5,134.85,138.3,,,
30/05/2008,133.9,136.25,139.65,,,
2/06/2008,137.35,139.75,143.25,,,
3/06/2008,132.5,134.9,138.45,,,
4/06/2008,132.75,135.15,138.7,,,
5/06/2008,135.8,138.2,141.7,,,
6/06/2008,135.85,138.25,141.8,,,
9/06/2008,131.05,133.45,137,,,
10/06/2008,135.05,137.45,141,,,
11/06/2008,133.6,136,139.55,,,
12/06/2008,134.6,137,140.55,,,
13/06/2008,134.4,136.8,140.35,,,
16/06/2008,136.05,138.7,142.35,,,
17/06/2008,139.1,141.75,145.45,,,
18/06/2008,136.65,139.35,143,,,
19/06/2008,136.95,139.65,143.35,,,
20/06/2008,143.95,146.7,150.4,,,
23/06/2008,143.8,146.45,150.1,,,
24/06/2008,145.85,148.35,152,,,
25/06/2008,147.6,150.35,153.9,,,
26/06/2008,151.25,153.65,157.25,,,
27/06/2008,150.15,152.55,156.1,,,
30/06/2008,150.9,153.2,156.75,,,
1/07/2008,152.7,155.35,158.95,,,
2/07/2008,153.45,155.95,159.5,,,
3/07/2008,149.55,151.9,155.45,,,
7/07/2008,141.05,143.3,146.9,,,
8/07/2008,139.7,142.4,146.1,,,
9/07/2008,138.35,140.6,144.3,,,
10/07/2008,139.25,141.5,145.2,,,
11/07/2008,140.05,142.25,145.9,,,
14/07/2008,140.8,142.9,146.55,,,
15/07/2008,138.5,140.7,144.4,,,
16/07/2008,138.85,140.95,144.65,,,
17/07/2008,135.55,137.65,141.3,,,
18/07/2008,135.65,137.75,141.45,,,
21/07/2008,135.4,137.3,141,,,
22/07/2008,137.45,141.1,144.7,,,
23/07/2008,135.95,139.6,143.2,,,
24/07/2008,135.2,138.9,142.5,,,
25/07/2008,137.3,141.05,144.65,,,
28/07/2008,135.3,139.05,142.6,,,
29/07/2008,136.4,140.15,143.75,,,
30/07/2008,137.55,141.3,144.9,,,
31/07/2008,139.35,143.15,146.8,,,
1/08/2008,140.15,143.95,147.6,,,
4/08/2008,136.85,140.65,144.3,,,
5/08/2008,140.2,143.95,147.6,,,
6/08/2008,137.9,141.7,145.35,,,
7/08/2008,140.45,144.3,148,,,
8/08/2008,135.8,139.7,143.4,,,
11/08/2008,135.85,139.8,143.55,,,
12/08/2008,137.45,141.35,145,,,
13/08/2008,135.55,139.45,143.15,,,
14/08/2008,135.15,139.05,142.8,,,
15/08/2008,132.85,136.8,140.5,,,
18/08/2008,133.95,137.95,141.65,,,
19/08/2008,136.2,140.1,143.85,,,
20/08/2008,137.3,141.2,144.9,,,
21/08/2008,139.85,143.65,147.35,,,
22/08/2008,140.25,144.2,147.9,,,
25/08/2008,139.1,143.3,146.95,,,
26/08/2008,143.7,147.95,151.6,,,
27/08/2008,143.8,148.1,151.75,,,
28/08/2008,143.25,147.8,151.45,,,
29/08/2008,141.9,145.75,149.4,,,
2/09/2008,140.55,144.45,148.2,,,
3/09/2008,139.9,143.4,147.1,,,
4/09/2008,143.5,146.75,150.45,,,
5/09/2008,138.85,142.65,146.4,,,
8/09/2008,139.7,143,146.8,,,
9/09/2008,136,140.1,144,,,
10/09/2008,136.7,140.8,144.7,,,
11/09/2008,134.35,138.45,142.35,,,
12/09/2008,135.1,139.2,143.1,,,
15/09/2008,135.25,139.05,142.9,,,
16/09/2008,129.85,133.4,137.3,,,
17/09/2008,129.45,132.9,136.8,,,
18/09/2008,126.45,130.45,134.35,,,
19/09/2008,133.1,136.95,139.5,,,
22/09/2008,136.6,140.55,143.1,,,
23/09/2008,134.9,138.85,141.4,,,
24/09/2008,135.65,139.6,142.15,,,
25/09/2008,137.6,141.55,144.1,,,
26/09/2008,134.15,138.3,140.85,,,
29/09/2008,130.25,134.6,137.35,,,
30/09/2008,130.45,134.8,137.6,,,
1/10/2008,129.1,133.4,136.25,,,
2/10/2008,125.45,129.9,132.8,,,
3/10/2008,122.05,126.75,129.8,,,
6/10/2008,114.5,119.3,122.4,,,
7/10/2008,114.2,119.1,122.2,,,
8/10/2008,114.55,119.5,122.65,,,
9/10/2008,114.65,119.5,122.65,,,
10/10/2008,115.35,120.2,123.35,,,
13/10/2008,117.65,122.5,125.5,,,
14/10/2008,118.95,123.8,126.8,,,
15/10/2008,113.25,118.15,121.25,,,
16/10/2008,112.95,117.85,121.05,,,
17/10/2008,115.6,120.45,123.65,,,
20/10/2008,114.5,119.15,122.2,,,
21/10/2008,114.25,119.05,122.1,,,
22/10/2008,112.6,117.4,120.45,,,
23/10/2008,110.1,115,118.05,,,
24/10/2008,108.65,113.55,116.55,,,
27/10/2008,107.75,112.6,115.6,,,
28/10/2008,107.7,112.65,115.7,,,
29/10/2008,112.2,117.1,120.1,,,
30/10/2008,111,115.9,118.9,,,
31/10/2008,113,117.75,120.65,,,
3/11/2008,112.35,117.25,120.2,,,
4/11/2008,116.7,121.55,124.5,,,
5/11/2008,116.4,121.25,124.25,,,
6/11/2008,111,115.85,118.8,,,
7/11/2008,112.1,117,120,,,
10/11/2008,112.8,117.5,120.45,,,
11/11/2008,112.3,116.95,119.8,,,
12/11/2008,111.75,116.4,119.3,,,
13/11/2008,110.4,114.95,117.8,,,
14/11/2008,110.95,115.45,118.3,,,
17/11/2008,110.55,114.7,117.55,,,
18/11/2008,110.6,114.6,117.35,,,
19/11/2008,111,114.05,116.8,,,
20/11/2008,108.3,111.35,114.15,,,
21/11/2008,108.95,110.75,113.55,,,
24/11/2008,112.2,114.05,116.85,,,
25/11/2008,112.5,114.4,117.15,,,
26/11/2008,114.1,116.3,119,,,
28/11/2008,114.1,116.1,118.6,,,
1/12/2008,111.65,113.55,116.1,,,
2/12/2008,110.25,111.9,114.5,,,
3/12/2008,109.6,111.25,113.8,,,
4/12/2008,104.5,106.15,108.75,,,
5/12/2008,101.6,103.2,105.8,,,
8/12/2008,107.75,109.5,112.1,,,
9/12/2008,108.05,109.85,112.45,,,
10/12/2008,108.45,111.05,113.65,,,
11/12/2008,111.05,112.7,115.15,,,
12/12/2008,109.85,112.15,114.6,,,
15/12/2008,108.3,110.55,112.9,,,
16/12/2008,109.6,111.1,113.4,,,
17/12/2008,110.5,112.3,114.6,,,
18/12/2008,110.7,112.5,114.8,,,
19/12/2008,110.95,113.3,115.5,,,
22/12/2008,108.35,110.7,113,,,
23/12/2008,107.45,109.8,112.05,,,
24/12/2008,108.05,110.3,112.5,,,
26/12/2008,108.4,110.65,112.85,,,
29/12/2008,106.65,108.95,111.2,,,
30/12/2008,107.55,109.85,112.05,,,
31/12/2008,112.05,114.3,116.5,,,
2/01/2009,110.9,113.15,115.4,,,
5/01/2009,107.7,109.95,112.25,,,
6/01/2009,116.1,118.4,120.65,,,
7/01/2009,114.2,116.35,118.4,,,
8/01/2009,113.45,115.55,117.65,,,
9/01/2009,116.9,118.95,121.05,,,
12/01/2009,114.5,116.6,118.75,,,
13/01/2009,114.75,116.8,118.95,,,
14/01/2009,114.65,116.7,118.75,,,
15/01/2009,113.9,115.95,118,,,
16/01/2009,115.8,117.85,119.8,,,
20/01/2009,114.9,117,118.95,,,
21/01/2009,117.55,119.6,121.6,,,
22/01/2009,119.45,121.55,123.6,,,
23/01/2009,119.65,121.8,123.8,,,
26/01/2009,122.2,124.35,126.35,,,
27/01/2009,121.9,124.1,126.25,,,
28/01/2009,122.5,124.7,126.8,,,
29/01/2009,121.5,123.7,125.8,,,
30/01/2009,118.9,121.1,123.2,,,
2/02/2009,119.75,121.95,124.15,,,
3/02/2009,119.25,121.45,123.65,,,
4/02/2009,115.9,118.05,120.25,,,
5/02/2009,119.2,121.35,123.6,,,
6/02/2009,119.55,121.75,123.95,,,
9/02/2009,121.4,123.55,125.75,,,
10/02/2009,116.85,119,121.2,,,
11/02/2009,115.8,117.8,120,,,
12/02/2009,112.15,114.45,116.7,,,
13/02/2009,112.35,115,117.3,,,
17/02/2009,110.35,113.05,115.35,,,
18/02/2009,108.85,111.6,113.9,,,
19/02/2009,109.7,112.5,114.85,,,
20/02/2009,108.9,111.2,113.55,,,
23/02/2009,110.85,113.15,115.5,,,
24/02/2009,111.2,113.3,115.55,,,
25/02/2009,110.65,112.85,115.1,,,
26/02/2009,110.7,113.15,115.35,,,
27/02/2009,109.45,111.9,114.2,,,
2/03/2009,103.55,105.7,107.9,,,
3/03/2009,104.1,106.5,108.7,,,
4/03/2009,106.3,108.7,110.9,,,
5/03/2009,106.55,108.7,110.95,,,
6/03/2009,105.3,107.2,109.4,,,
9/03/2009,104.2,106.3,108.55,,,
10/03/2009,103.85,105.95,108.15,,,
11/03/2009,104.95,107.05,109.2,,,
12/03/2009,108.45,110.55,112.7,,,
13/03/2009,108.3,110.15,112.25,,,
16/03/2009,108.85,110.75,112.85,,,
17/03/2009,109.25,111.25,113.25,,,
18/03/2009,111.15,113.15,115.05,,,
19/03/2009,114.2,116.15,118.05,,,
20/03/2009,116.2,118.2,120.35,,,
23/03/2009,117.5,119.5,121.6,,,
24/03/2009,116.75,118.7,120.8,,,
25/03/2009,116.7,118.7,120.8,,,
26/03/2009,117.35,119.3,121.45,,,
27/03/2009,115.85,117.8,119.85,,,
30/03/2009,113,114.95,117.05,,,
31/03/2009,115.75,117.7,119.75,,,
1/04/2009,114.5,116.45,118.5,,,
2/04/2009,116.8,118.75,120.8,,,
3/04/2009,118.4,120.4,122.45,,,
6/04/2009,117.5,119.45,121.55,,,
7/04/2009,117.5,119.5,121.65,,,
8/04/2009,118.2,120.2,122.4,,,
9/04/2009,119.3,121.35,123.55,,,
13/04/2009,115.2,117.3,119.55,,,
14/04/2009,115.4,117.5,119.8,,,
15/04/2009,115.7,117.55,119.85,,,
16/04/2009,113.75,115.55,117.8,,,
17/04/2009,111.85,113.75,116,,,
20/04/2009,111.65,113.6,115.85,,,
21/04/2009,112.25,114.35,116.55,,,
22/04/2009,116.95,117.75,119.9,,,
23/04/2009,117.75,118.25,120.35,,,
24/04/2009,119,119.45,121.55,,,
27/04/2009,114.9,115.4,117.6,,,
28/04/2009,115.7,116.25,118.45,,,
29/04/2009,116.05,116.5,118.7,,,
30/04/2009,115,115.9,118.1,,,
1/05/2009,119.85,120.4,122.55,,,
4/05/2009,120.2,120.85,122.85,,,
5/05/2009,123.65,124.65,126.7,,,
6/05/2009,123.95,124.9,126.9,,,
7/05/2009,123.65,124.6,126.55,,,
8/05/2009,125.7,126.7,128.65,,,
11/05/2009,127.85,128.5,130.35,,,
12/05/2009,128.15,128.8,130.8,,,
13/05/2009,126.9,127.15,129.15,,,
14/05/2009,127.95,128,129.85,,,
15/05/2009,127.55,127.8,129.65,,,
18/05/2009,129.4,129.4,131.25,,,
19/05/2009,132.3,134.15,136.35,,,
20/05/2009,133.3,135.1,136.95,,,
21/05/2009,135.8,137.6,139.4,,,
22/05/2009,135,136.9,138.7,,,
26/05/2009,136.45,138.3,140.1,,,
27/05/2009,135.5,137.4,139.15,,,
28/05/2009,136.8,138.75,140.7,,,
29/05/2009,137.4,139.4,141.35,,,
1/06/2009,142.25,144.2,145.85,,,
2/06/2009,142,143.95,145.8,,,
3/06/2009,138.35,140.35,142.4,,,
4/06/2009,139.2,141.15,143.35,,,
5/06/2009,133.85,135.85,138.3,,,
8/06/2009,130.05,132.1,134.6,,,
9/06/2009,131.15,133.25,135.7,,,
10/06/2009,130.3,132.45,135.05,,,
11/06/2009,131.6,133.7,136.3,,,
12/06/2009,129.55,131.65,134.3,,,
15/06/2009,121.35,123.4,126.2,,,
16/06/2009,122.4,124.55,127.35,,,
17/06/2009,118.45,120.85,123.65,,,
18/06/2009,120.45,122.85,125.65,,,
19/06/2009,116.7,119.7,122.55,,,
22/06/2009,117.7,120.45,123.2,,,
23/06/2009,116.15,118.95,121.75,,,
24/06/2009,116.15,119.15,122,,,
25/06/2009,117.55,120.25,123.05,,,
26/06/2009,116.75,119.2,122,,,
29/06/2009,117.85,120.25,123.1,,,
30/06/2009,117.3,119.9,122.8,,,
1/07/2009,116.4,119.05,121.95,,,
2/07/2009,115.05,117.8,120.75,,,
6/07/2009,115.4,118.1,120.95,,,
7/07/2009,114,116.7,119.7,,,
8/07/2009,113,115.2,118.2,,,
9/07/2009,113.55,115.65,118.65,,,
10/07/2009,112.3,114.4,117.45,,,
13/07/2009,112.3,114.9,117.95,,,
14/07/2009,112.9,115.5,118.5,,,
15/07/2009,115.65,117.95,120.95,,,
16/07/2009,113.5,115.65,118.7,,,
17/07/2009,116.25,118.7,121.7,,,
20/07/2009,119.75,122.3,125.25,,,
21/07/2009,119.95,122.5,125.5,,,
22/07/2009,120.1,123.15,126,,,
23/07/2009,124.55,127.65,130.55,,,
24/07/2009,123.95,127.05,129.95,,,
27/07/2009,124.45,127.55,130.5,,,
28/07/2009,122.8,125.85,128.8,,,
29/07/2009,122.85,125.95,128.85,,,
30/07/2009,124.95,128.1,130.95,,,
31/07/2009,127.85,131,133.85,,,
3/08/2009,133.05,136.15,138.95,,,
4/08/2009,133,136.05,138.95,,,
5/08/2009,131.5,134.5,137.4,,,
6/08/2009,134.7,137.8,140.55,,,
7/08/2009,137.9,141,143.65,,,
10/08/2009,135.85,139,141.75,,,
11/08/2009,136.9,140.05,142.95,,,
12/08/2009,135.55,138.7,141.6,,,
13/08/2009,132.75,136.05,138.95,,,
14/08/2009,128.95,132.35,135.3,,,
17/08/2009,125.45,128.95,131.9,,,
18/08/2009,124.75,128.25,131.2,,,
19/08/2009,125.35,128.7,131.65,,,
20/08/2009,122.7,125.8,128.7,,,
21/08/2009,123.7,125.05,128,,,
24/08/2009,121,122.5,125.4,,,
25/08/2009,120.05,121.4,124.35,,,
26/08/2009,123.6,124.5,127.45,,,
27/08/2009,120.15,121.35,124.3,,,
28/08/2009,121.1,122.3,125.2,,,
31/08/2009,120.9,122.3,125.2,,,
1/09/2009,119.2,120.1,123.05,,,
2/09/2009,120.4,121.15,124.05,,,
3/09/2009,119.8,120.8,123.7,,,
4/09/2009,122.85,124.1,127.05,,,
8/09/2009,123,124.6,127.55,,,
9/09/2009,123.7,125.2,128.15,,,
10/09/2009,123.4,124.65,127.6,,,
11/09/2009,125.3,126.55,129.45,,,
14/09/2009,132.1,133.1,136.05,,,
15/09/2009,133.6,134.6,137.55,,,
16/09/2009,133.2,134.2,137.15,,,
17/09/2009,135.05,136.05,138.95,,,
18/09/2009,134.8,136.05,138.95,,,
21/09/2009,135.65,138.4,140.25,,,
22/09/2009,138.05,140.8,142.6,,,
23/09/2009,136.4,139.15,140.9,,,
24/09/2009,129.3,132.25,134.05,,,
25/09/2009,127.7,130.6,132.45,,,
28/09/2009,127.15,130.1,131.9,,,
29/09/2009,125.5,128.45,130.4,,,
30/09/2009,127.8,130.7,132.6,,,
1/10/2009,126.7,129.6,131.5,,,
2/10/2009,129.7,132.65,134.55,,,
5/10/2009,129.45,132.45,134.4,,,
6/10/2009,133.6,136.5,138.4,,,
7/10/2009,134.25,137.1,139,,,
8/10/2009,137.9,140.65,142.4,,,
9/10/2009,135.65,138.35,140.05,,,
12/10/2009,138.05,140.9,142.7,,,
13/10/2009,138.45,141.3,143.2,,,
14/10/2009,139.25,142.05,143.9,,,
15/10/2009,137.75,140.55,142.5,,,
16/10/2009,142.85,145.5,147.1,,,
19/10/2009,144.25,146.9,148.55,,,
20/10/2009,141.8,144.45,146.15,,,
21/10/2009,144.3,146.9,148.55,,,
22/10/2009,143.65,146.4,148.05,,,
23/10/2009,137.15,140.05,141.85,,,
26/10/2009,136.5,139.45,141.35,,,
27/10/2009,136.35,139.3,141.2,,,
28/10/2009,134.6,137.55,139.4,,,
29/10/2009,136.75,139.75,141.65,,,
30/10/2009,135.5,138.55,140.45,,,
2/11/2009,142.35,145.4,147.25,,,
3/11/2009,141.1,144.2,146.15,,,
4/11/2009,140.75,143.85,145.75,,,
5/11/2009,142.1,145.15,146.9,,,
6/11/2009,138.9,141.95,143.85,,,
9/11/2009,140.05,143.15,145,,,
10/11/2009,134.05,137.15,139,,,
11/11/2009,132.7,135.8,137.55,,,
12/11/2009,130.65,133.65,135.5,,,
13/11/2009,131.1,134.2,136,,,
16/11/2009,136.35,139.45,141.25,,,
17/11/2009,135.75,138.85,140.6,,,
18/11/2009,138.05,140.55,142.25,,,
19/11/2009,135.05,137.05,138.75,,,
20/11/2009,134.6,135.75,137.45,,,
23/11/2009,136.3,137.4,139.15,,,
24/11/2009,136.05,136.15,137.85,,,
25/11/2009,138.8,138.9,140.65,,,
27/11/2009,137.95,138.05,139.85,,,
30/11/2009,141.8,142,143.7,,,
1/12/2009,142.5,142.7,144.4,,,
2/12/2009,143.2,143.7,145.4,,,
3/12/2009,144.15,144.65,146.3,,,
4/12/2009,141.1,141.35,143.05,,,
7/12/2009,146.25,146.6,148.25,,,
8/12/2009,143.65,143.9,145.6,,,
9/12/2009,141.55,141.65,143.35,,,
10/12/2009,142.65,142.7,144.4,,,
11/12/2009,142.6,142.65,144.4,,,
14/12/2009,145.85,145.9,147.6,,,
15/12/2009,147.2,147.25,148.9,,,
16/12/2009,148.2,148.3,149.9,,,
17/12/2009,146,146.2,147.85,,,
18/12/2009,146.25,145.25,146.95,,,
21/12/2009,145.6,147.25,148.35,,,
22/12/2009,142.45,144.2,145.45,,,
23/12/2009,142.65,144.4,145.75,,,
24/12/2009,139.3,141,142.35,,,
28/12/2009,136.95,138.7,140.25,,,
29/12/2009,136.35,138.15,139.6,,,
30/12/2009,136.65,138.45,139.9,,,
31/12/2009,135.95,137.6,139.05,,,
4/01/2010,141.85,143.65,145,,,
5/01/2010,141,142.85,144.25,,,
6/01/2010,141.6,143.4,144.8,,,
7/01/2010,141.9,143.75,145.25,,,
8/01/2010,145.35,147.2,148.7,,,
11/01/2010,143.7,145.55,146.95,,,
12/01/2010,143.1,144.95,146.6,,,
13/01/2010,145.15,146.9,148.5,,,
14/01/2010,144.35,146.05,147.7,,,
15/01/2010,140.75,142.55,144.15,,,
19/01/2010,140.9,142.65,144.3,,,
20/01/2010,139.2,141,142.65,,,
21/01/2010,138.7,140.45,142.05,,,
22/01/2010,139.6,141.4,143,,,
25/01/2010,139.4,141.2,142.75,,,
26/01/2010,138.25,140.1,141.8,,,
27/01/2010,133.55,135.45,137.1,,,
28/01/2010,132.95,134.85,136.5,,,
29/01/2010,131.7,133.6,135.1,,,
1/02/2010,132.55,134.45,135.95,,,
2/02/2010,135.05,136.95,138.4,,,
3/02/2010,133,134.85,136.2,,,
4/02/2010,131.55,133.4,134.8,,,
5/02/2010,128.8,130.7,132.15,,,
8/02/2010,130.65,132.55,134.05,,,
9/02/2010,130.4,132.25,133.85,,,
10/02/2010,132.2,133.8,135.3,,,
11/02/2010,132.2,133.65,135.15,,,
12/02/2010,132.75,134.3,135.8,,,
16/02/2010,133.45,135.05,136.55,,,
17/02/2010,132.25,134.65,136.15,,,
18/02/2010,134.1,136.4,137.9,,,
19/02/2010,134.75,137.05,138.7,,,
22/02/2010,129.85,131.9,133.6,,,
23/02/2010,130.35,132.25,133.9,,,
24/02/2010,130.45,132.85,134.55,,,
25/02/2010,127.7,129.8,131.5,,,
26/02/2010,129.05,131.2,132.9,,,
1/03/2010,129.55,131.75,133.45,,,
2/03/2010,130.2,132.3,134.05,,,
3/03/2010,129.7,132.1,133.8,,,
4/03/2010,127.85,130.2,131.85,,,
5/03/2010,128,130.4,132.1,,,
8/03/2010,128.7,131.1,132.8,,,
9/03/2010,130.25,132.75,134.45,,,
10/03/2010,130.5,132.75,134.45,,,
11/03/2010,131.45,133.75,135.4,,,
12/03/2010,130.15,132.5,134.05,,,
15/03/2010,128.65,131.05,132.7,,,
16/03/2010,130.35,132.75,134.4,,,
17/03/2010,131.2,133.6,135.3,,,
18/03/2010,133.15,135.55,137.2,,,
19/03/2010,130.3,132.5,134.2,,,
22/03/2010,133,134.7,136.3,,,
23/03/2010,134.75,136.35,137.85,,,
24/03/2010,134.3,135.95,137.4,,,
25/03/2010,137,138.6,140,,,
26/03/2010,135.85,137.4,138.75,,,
29/03/2010,138.15,139.6,140.8,,,
30/03/2010,138.95,140.55,141.75,,,
31/03/2010,136.15,137.85,139.35,,,
1/04/2010,137.4,139.05,140.5,,,
5/04/2010,139.65,141.3,142.65,,,
6/04/2010,139.2,140.85,142.2,,,
7/04/2010,137.55,139.25,140.7,,,
8/04/2010,134.7,136.45,138,,,
9/04/2010,132.7,134.5,136.05,,,
12/04/2010,133.55,135.3,136.85,,,
13/04/2010,132.2,133.85,135.4,,,
14/04/2010,131.85,133.5,135.1,,,
15/04/2010,131.75,133.4,135,,,
16/04/2010,129.1,130.8,132.4,,,
19/04/2010,129,130.75,132.35,,,
20/04/2010,129.15,130.9,132.45,,,
21/04/2010,129.7,131.25,132.8,,,
22/04/2010,131.1,131.45,132.95,,,
23/04/2010,131.8,131.95,133.45,,,
26/04/2010,132.55,132.65,134.15,,,
27/04/2010,130.8,130.85,132.35,,,
28/04/2010,133.85,133.9,135.3,,,
29/04/2010,134.5,134.6,135.95,,,
30/04/2010,135.2,135.3,136.6,,,
3/05/2010,138.4,138.55,139.9,,,
4/05/2010,137.4,137.5,138.85,,,
5/05/2010,137.25,137.3,138.7,,,
6/05/2010,133.15,133.2,134.6,,,
7/05/2010,133,133.9,135.35,,,
10/05/2010,133.55,134.15,135.65,,,
11/05/2010,135.25,136.15,137.6,,,
12/05/2010,136.8,136.85,138.3,,,
13/05/2010,137.05,137.1,138.55,,,
14/05/2010,134.25,134.3,135.8,,,
17/05/2010,134.55,132.55,134,,,
18/05/2010,136.25,134.25,135.6,,,
19/05/2010,132.5,133.8,135.3,,,
20/05/2010,131.65,132.95,134.55,,,
21/05/2010,132.4,133.7,135.25,,,
24/05/2010,132.25,133.65,135.15,,,
25/05/2010,132.75,134.25,135.75,,,
26/05/2010,133.7,135.25,136.7,,,
27/05/2010,134.75,136.3,137.9,,,
28/05/2010,134.25,135.8,137.4,,,
1/06/2010,136.55,138.05,139.7,,,
2/06/2010,135.4,136.9,138.7,,,
3/06/2010,135.6,137.05,138.75,,,
4/06/2010,133.75,135.3,136.8,,,
7/06/2010,133.1,134.6,136.05,,,
8/06/2010,133.55,135.1,136.6,,,
9/06/2010,134.45,136.05,137.55,,,
10/06/2010,137,138.55,139.95,,,
11/06/2010,144.95,146.1,147.2,,,
14/06/2010,150.95,151.6,151.45,,,
15/06/2010,159.35,159.95,159.2,,,
16/06/2010,158.75,159.6,158.95,,,
17/06/2010,156.35,157.8,157.7,,,
18/06/2010,160.25,162.1,162.05,,,
21/06/2010,156.6,160.8,160.75,,,
22/06/2010,159.1,160.75,160.85,,,
23/06/2010,158.6,160.5,160.55,,,
24/06/2010,166.75,168.75,168.85,,,
25/06/2010,167,168.9,168.9,,,
28/06/2010,166.3,168.1,168.2,,,
29/06/2010,161.5,163.15,163.4,,,
30/06/2010,164.2,165.85,166.05,,,
1/07/2010,166.2,168.25,168.65,,,
2/07/2010,162.3,164.3,165,,,
6/07/2010,155.5,157.65,158.45,,,
7/07/2010,160.65,163.05,163.45,,,
8/07/2010,159.65,162.1,162.65,,,
9/07/2010,161.2,163.85,164.35,,,
12/07/2010,161.15,163.55,163.9,,,
13/07/2010,163.25,165.65,165.95,,,
14/07/2010,162.6,164.9,165.25,,,
15/07/2010,164.8,167.1,167.45,,,
16/07/2010,164.8,167.05,167.45,,,
19/07/2010,162,163.8,164.5,,,
20/07/2010,156.45,158.55,159.3,,,
21/07/2010,157.3,158.05,158.1,,,
22/07/2010,161.7,162.3,162.15,,,
23/07/2010,166,166.7,166.55,,,
26/07/2010,165.6,166.55,166.4,,,
27/07/2010,163.75,164.75,164.7,,,
28/07/2010,167.4,168.35,168.25,,,
29/07/2010,173.05,173.75,173.5,,,
30/07/2010,176.3,176.8,176.4,,,
2/08/2010,172.5,173.3,172.95,,,
3/08/2010,166.65,167.65,167.3,,,
4/08/2010,169.75,170.85,170.6,,,
5/08/2010,169.85,171.05,170.85,,,
6/08/2010,167.4,168.7,168.45,,,
9/08/2010,169.6,171.1,170.9,,,
10/08/2010,169.65,171.3,171.2,,,
11/08/2010,170.6,172.35,172.15,,,
12/08/2010,175.55,177.55,176.7,,,
13/08/2010,175.5,177.6,177.1,,,
16/08/2010,178.7,181.1,181.05,,,
17/08/2010,175.5,178.3,178.75,,,
18/08/2010,175.15,177.8,178.25,,,
19/08/2010,177.3,179.85,179.9,,,
20/08/2010,181.55,185.05,185,,,
23/08/2010,181.5,183.25,183.2,,,
24/08/2010,166.85,168.45,168.85,,,
25/08/2010,164.1,166.6,166.95,,,
26/08/2010,169.95,172.4,172.65,,,
27/08/2010,177.05,178.85,178.9,,,
30/08/2010,179.55,181.4,181.4,,,
31/08/2010,176.8,178.45,178.5,,,
1/09/2010,180.5,182.35,182.4,,,
2/09/2010,183.2,184.85,184.8,,,
3/09/2010,185.05,186.95,186.85,,,
7/09/2010,190.7,192.3,192.7,,,
8/09/2010,193.1,194.55,195.2,,,
9/09/2010,189.15,190.7,191.75,,,
10/09/2010,188.25,189.8,190.85,,,
13/09/2010,187.5,189.15,190.35,,,
14/09/2010,193.7,195.3,196.25,,,
15/09/2010,192.65,194.15,195.05,,,
16/09/2010,190.35,191.8,192.75,,,
17/09/2010,187.85,189.3,190.7,,,
20/09/2010,180.55,181.95,183.55,,,
21/09/2010,182.9,184.35,183.7,,,
22/09/2010,179.95,181.55,181,,,
23/09/2010,181.65,183.1,182.55,,,
24/09/2010,180.6,182.2,181.85,,,
27/09/2010,182.25,183.85,183.65,,,
28/09/2010,188.95,190.3,189.95,,,
29/09/2010,185.75,187.25,187.05,,,
30/09/2010,183.05,184.55,184.3,,,
1/10/2010,181.1,182.8,183,,,
4/10/2010,172.5,174.3,174.65,,,
5/10/2010,177,178.75,179,,,
6/10/2010,175.55,177.3,177.45,,,
7/10/2010,173.45,175.3,175.3,,,
8/10/2010,182.15,183.85,183.8,,,
11/10/2010,178.65,180.35,180.3,,,
12/10/2010,185.7,187.2,186.95,,,
13/10/2010,186.15,187.75,187.55,,,
14/10/2010,187.6,189.4,189.3,,,
15/10/2010,186.4,188.25,188.55,,,
18/10/2010,185.6,187.5,187.85,,,
19/10/2010,190.9,192.75,193.1,,,
20/10/2010,196.75,198.35,198.4,,,
21/10/2010,201,202.35,201.95,,,
22/10/2010,198.85,200.25,199.8,,,
25/10/2010,200.5,202.2,202.1,,,
26/10/2010,201.75,203.55,203.65,,,
27/10/2010,200.3,202.15,202.35,,,
28/10/2010,196.6,198.6,198.9,,,
29/10/2010,203.45,205.35,205.7,,,
1/11/2010,197.7,199.8,200.25,,,
2/11/2010,199.4,201.55,202.1,,,
3/11/2010,196.15,198.45,199.05,,,
4/11/2010,205.8,208.25,208.55,,,
5/11/2010,205.15,207.65,208.35,,,
8/11/2010,208.1,210.7,211.55,,,
9/11/2010,217.05,219.75,220.6,,,
10/11/2010,212.25,214.95,215.8,,,
11/11/2010,206.65,209.5,210.45,,,
12/11/2010,200.45,203.35,204.25,,,
15/11/2010,204.45,207.25,208,,,
16/11/2010,197.8,200.5,201.05,,,
17/11/2010,199.45,202.85,203.45,,,
18/11/2010,208.65,211.3,211.7,,,
19/11/2010,209.85,211.25,211.6,,,
22/11/2010,206.15,207.15,207.7,,,
23/11/2010,210.35,210.55,210.95,,,
24/11/2010,207.15,207.45,207.95,,,
26/11/2010,202.15,202.7,203.2,,,
29/11/2010,202.4,202.65,203.2,,,
30/11/2010,200.95,201.2,201.9,,,
1/12/2010,203.3,203.55,204.3,,,
2/12/2010,203.4,203.7,204.45,,,
3/12/2010,204.5,204.8,205.45,,,
6/12/2010,208.65,208.95,209.65,,,
7/12/2010,207.6,207.9,209.05,,,
8/12/2010,204.25,204.65,205.85,,,
9/12/2010,204.3,204.55,205.95,,,
10/12/2010,209.35,209.6,210.95,,,
13/12/2010,217.2,217.55,218.9,,,
14/12/2010,216.35,216.7,217.9,,,
15/12/2010,216.9,217.5,218.8,,,
16/12/2010,216.15,216.55,218,,,
17/12/2010,225.25,225.3,226.65,,,
20/12/2010,224.65,224.65,226.1,,,
21/12/2010,233.85,235.25,233.9,,,
22/12/2010,230.2,231.6,230.2,,,
23/12/2010,235.9,237.25,236.05,,,
27/12/2010,237.45,238.8,237.55,,,
28/12/2010,239.3,240.65,239.5,,,
29/12/2010,239.65,241,239.9,,,
30/12/2010,236.3,237.7,236.55,,,
31/12/2010,240.5,241.8,240.65,,,
4/01/2011,234.95,236.55,236.05,,,
5/01/2011,233,234.55,234.4,,,
6/01/2011,233,234.65,234.55,,,
7/01/2011,230.7,232.25,232.6,,,
10/01/2011,231.25,232.75,233.4,,,
11/01/2011,234.7,236.1,236.85,,,
12/01/2011,240.6,242.05,242.9,,,
13/01/2011,237.5,239.15,240.25,,,
14/01/2011,234.6,236.3,237.45,,,
18/01/2011,235.35,237.1,238.3,,,
19/01/2011,232.5,234.25,235.5,,,
20/01/2011,231.8,233.65,234.95,,,
21/01/2011,240.4,242.2,243.3,,,
24/01/2011,237.3,239.1,240.25,,,
25/01/2011,231.25,233.1,234.35,,,
26/01/2011,237.5,239.3,240.45,,,
27/01/2011,236.95,238.65,239.85,,,
28/01/2011,245,246.8,247.65,,,
31/01/2011,244.8,246.55,247.7,,,
1/02/2011,249.4,251.25,252.2,,,
2/02/2011,250.4,252.25,253.25,,,
3/02/2011,251.35,253.25,254.4,,,
4/02/2011,249.3,251.25,252.5,,,
7/02/2011,249.75,251.7,253.2,,,
8/02/2011,247.6,249.6,251.2,,,
9/02/2011,253.6,255.65,257.15,,,
10/02/2011,255.6,257.85,259.3,,,
11/02/2011,251.95,254.95,256.55,,,
14/02/2011,258.65,261.7,263.3,,,
15/02/2011,258.05,261.1,262.7,,,
16/02/2011,258.65,261.6,263.35,,,
17/02/2011,267.35,268.85,270.45,,,
18/02/2011,271.65,273,274.75,,,
22/02/2011,273.6,274.35,276.2,,,
23/02/2011,268.75,269.45,271.4,,,
24/02/2011,264.2,264.65,266.6,,,
25/02/2011,267.7,267.8,269.55,,,
28/02/2011,271.7,271.7,273.6,,,
1/03/2011,269.3,269.3,271.1,,,
2/03/2011,269.5,269.55,271.35,,,
3/03/2011,274.5,274.75,276.55,,,
4/03/2011,272.9,272.8,274.6,,,
7/03/2011,280.95,281.15,283,,,
8/03/2011,287.15,287.2,289.3,,,
9/03/2011,294.4,294.85,296.65,,,
10/03/2011,280.3,280.55,282.5,,,
11/03/2011,273.7,274.4,276.45,,,
14/03/2011,273.15,273.3,275.35,,,
15/03/2011,262.45,262.95,265.1,,,
16/03/2011,264.55,265.35,267.5,,,
17/03/2011,271.4,270.9,273.1,,,
18/03/2011,276.8,276.2,278.4,,,
21/03/2011,275.75,277,279.15,,,
22/03/2011,273.45,275.7,277.55,,,
23/03/2011,268.6,270.95,272.9,,,
24/03/2011,265.8,268.25,270.3,,,
25/03/2011,268.6,271.05,273.15,,,
28/03/2011,263.95,266.45,268.65,,,
29/03/2011,261.45,264.05,266.3,,,
30/03/2011,264.8,267.4,269.7,,,
31/03/2011,264.15,266.75,269.1,,,
1/04/2011,259.9,262.65,265,,,
4/04/2011,256.05,258.7,260.95,,,
5/04/2011,268.25,270.95,273.35,,,
6/04/2011,265.15,267.9,270.3,,,
7/04/2011,272.8,275.65,278.1,,,
8/04/2011,274.95,277.85,280.3,,,
11/04/2011,274.6,277.6,280.15,,,
12/04/2011,273.8,276.9,279.45,,,
13/04/2011,280.7,283.7,286,,,
14/04/2011,282.4,285.15,287.65,,,
15/04/2011,288.1,291.1,293.55,,,
18/04/2011,284.45,287.4,289.85,,,
19/04/2011,291.2,294.25,296.7,,,
20/04/2011,294.4,299.45,302.05,,,
21/04/2011,291.3,294.55,297.25,,,
25/04/2011,287.9,290.8,293.65,,,
26/04/2011,294.95,296.3,299.15,,,
27/04/2011,295.55,296.4,299.15,,,
28/04/2011,298.6,299.2,301.85,,,
29/04/2011,299.35,299.85,302.5,,,
2/05/2011,304.55,305.1,307.8,,,
3/05/2011,304.9,306.15,308.9,,,
4/05/2011,293.75,294.5,297.3,,,
5/05/2011,287.5,288.25,291.05,,,
6/05/2011,287.05,287.55,290.4,,,
9/05/2011,287.05,287.4,290.3,,,
10/05/2011,281.7,282.6,285.45,,,
11/05/2011,272.5,273.15,275.95,,,
12/05/2011,273.95,274.95,277.75,,,
13/05/2011,269.3,269.4,272.3,,,
16/05/2011,264,264.1,267.05,,,
17/05/2011,265.1,266.1,269,,,
18/05/2011,268.45,270.05,272.95,,,
19/05/2011,263.7,266.65,270.1,,,
20/05/2011,259.15,262.1,265.5,,,
23/05/2011,262.55,265.5,268.95,,,
24/05/2011,261.2,264.2,267.7,,,
25/05/2011,264.85,267.9,271.6,,,
26/05/2011,265.6,268.7,272.55,,,
27/05/2011,263.7,266.8,270.75,,,
31/05/2011,264.6,267.75,271.95,,,
1/06/2011,255.95,259.3,263.55,,,
2/06/2011,261.25,264.8,269.1,,,
3/06/2011,270.95,274.15,278.15,,,
6/06/2011,260.5,263.8,268.25,,,
7/06/2011,263,266.4,270.9,,,
8/06/2011,263.85,266.5,270.85,,,
9/06/2011,266.8,269.85,274.15,,,
10/06/2011,264.95,268.35,272.5,,,
13/06/2011,267.45,270.5,274.5,,,
14/06/2011,269.25,272.3,276.25,,,
15/06/2011,262.65,265.85,270.2,,,
16/06/2011,257.9,261.15,265.25,,,
17/06/2011,249.55,252.5,256.7,,,
20/06/2011,243.6,246.3,250.5,,,
21/06/2011,243.5,246.95,251.25,,,
22/06/2011,243.75,246.2,250.55,,,
23/06/2011,247.7,248.7,252.95,,,
24/06/2011,249,250.5,254.4,,,
27/06/2011,250.15,251.05,254.85,,,
28/06/2011,257.9,258.9,262.4,,,
29/06/2011,260.25,260.7,264.05,,,
30/06/2011,265.35,265.6,269,,,
1/07/2011,263.45,263.65,267.15,,,
5/07/2011,268.95,269.6,272.9,,,
6/07/2011,266.85,267.5,270.9,,,
7/07/2011,267.75,268.6,271.85,,,
8/07/2011,263.15,263.3,266.95,,,
11/07/2011,257.9,259.05,262.85,,,
12/07/2011,256.7,257.85,261.8,,,
13/07/2011,262.8,263.95,267.6,,,
14/07/2011,257.35,258.35,262.1,,,
15/07/2011,252.55,253.55,257.3,,,
18/07/2011,248.2,248.2,252.1,,,
19/07/2011,243.85,243.85,247.7,,,
20/07/2011,243.4,247.4,250.1,,,
21/07/2011,240.8,244.9,247.65,,,
22/07/2011,241.5,245.75,248.65,,,
25/07/2011,242.9,247.15,250.05,,,
26/07/2011,244.95,249.25,252.35,,,
27/07/2011,241.2,245.55,248.95,,,
28/07/2011,238.65,243,246.45,,,
29/07/2011,239.55,243.6,246.7,,,
1/08/2011,241.35,245.3,248.2,,,
2/08/2011,243.2,247.1,249.7,,,
3/08/2011,241.9,245.5,247.75,,,
4/08/2011,235.85,239.75,242.55,,,
5/08/2011,238,241.9,244.75,,,
8/08/2011,234.2,237.95,240.85,,,
9/08/2011,234.75,238.5,241.35,,,
10/08/2011,234.85,238.35,241,,,
11/08/2011,240.85,244.05,246.4,,,
12/08/2011,240.35,243.85,246.4,,,
15/08/2011,245.7,249.4,251.55,,,
16/08/2011,251.55,255,257.2,,,
17/08/2011,263.2,266.8,269,,,
18/08/2011,264.8,268.4,270.7,,,
19/08/2011,266.15,269.85,272.35,,,
22/08/2011,264.7,268.35,271.15,,,
23/08/2011,268.85,271.6,274.4,,,
24/08/2011,272.5,273.75,276.45,,,
25/08/2011,274.65,275.5,278.15,,,
26/08/2011,278.9,279.2,281.7,,,
29/08/2011,284.95,284.45,286.95,,,
30/08/2011,287.45,286.7,289.25,,,
31/08/2011,289.1,288.25,290.6,,,
1/09/2011,290.7,289.75,292.05,,,
2/09/2011,289.2,288.05,290.6,,,
6/09/2011,282.4,280.95,283.75,,,
7/09/2011,285.8,284.5,287.35,,,
8/09/2011,285.4,284.1,287.05,,,
9/09/2011,271.25,270,273.05,,,
12/09/2011,273.7,270.95,273.9,,,
13/09/2011,272.85,270.3,273.05,,,
14/09/2011,268.35,265.7,268.35,,,
15/09/2011,263.35,260.55,263.25,,,
16/09/2011,263,260.4,263.25,,,
19/09/2011,262.8,262.05,265.05,,,
20/09/2011,259.45,260.2,263.15,,,
21/09/2011,251.95,255.05,256.3,,,
22/09/2011,239.25,242.3,243.5,,,
23/09/2011,231.45,234.6,235.8,,,
26/09/2011,235.95,239.1,240.3,,,
27/09/2011,240.85,243.95,245.2,,,
28/09/2011,233.5,236.8,238.5,,,
29/09/2011,231.15,234.4,235.8,,,
30/09/2011,228.9,232.05,233.6,,,
3/10/2011,223.45,226.7,228.35,,,
4/10/2011,226.55,229.55,231.05,,,
5/10/2011,227.7,230.8,232.35,,,
6/10/2011,234.4,237.6,239.2,,,
7/10/2011,224.35,227.7,229.5,,,
10/10/2011,226.3,229.6,231.4,,,
11/10/2011,223.4,226.75,228.55,,,
12/10/2011,229.45,232.75,234.55,,,
13/10/2011,237.65,240.85,242.6,,,
14/10/2011,239.55,242.75,244.35,,,
17/10/2011,234,237.2,238.85,,,
18/10/2011,231.5,234.65,236.25,,,
19/10/2011,236.15,239.1,240.55,,,
20/10/2011,231.65,234.65,236,,,
21/10/2011,244.85,247.55,248.5,,,
24/10/2011,250.8,253.6,254.8,,,
25/10/2011,236.55,239.9,241.45,,,
26/10/2011,233.7,236.9,238.3,,,
27/10/2011,234.6,237.75,239.05,,,
28/10/2011,235.15,238.55,240,,,
31/10/2011,226.95,230.4,232.1,,,
1/11/2011,223.65,227.3,229.3,,,
2/11/2011,224,227.75,229.85,,,
3/11/2011,226.8,230.6,232.75,,,
4/11/2011,230.2,233.8,235.95,,,
7/11/2011,233,236.4,238.5,,,
8/11/2011,229.6,232.85,234.75,,,
9/11/2011,230.2,233.45,235.25,,,
10/11/2011,230,233.4,235.25,,,
11/11/2011,233.95,237.3,239.35,,,
14/11/2011,230.95,234.15,236.3,,,
15/11/2011,239.5,242.7,244.85,,,
16/11/2011,235.75,239.05,241.2,,,
17/11/2011,232.15,236.1,238.4,,,
18/11/2011,234.2,238.85,241.05,,,
21/11/2011,232.2,237,239.35,,,
22/11/2011,232.9,236.9,239.1,,,
23/11/2011,231.6,235.4,237.65,,,
25/11/2011,229.6,232.55,234.7,,,
28/11/2011,224.7,227.8,230.1,,,
29/11/2011,225.25,227.55,229.85,,,
30/11/2011,233.8,236.9,239.15,,,
1/12/2011,233.2,235.7,238,,,
2/12/2011,227.15,229.55,232,,,
5/12/2011,233.95,236.4,238.95,,,
6/12/2011,232.85,235.75,238.35,,,
7/12/2011,226.75,229.85,232.6,,,
8/12/2011,225.7,228.65,231.4,,,
9/12/2011,224.65,227.75,230.5,,,
12/12/2011,218.5,221.05,223.85,,,
13/12/2011,218.65,222.95,225.7,,,
14/12/2011,215.1,218,220.8,,,
15/12/2011,213.75,217.75,220.55,,,
16/12/2011,210.95,215.1,217.85,,,
19/12/2011,215.3,219.45,222.1,,,
20/12/2011,222.8,225.5,227.95,,,
21/12/2011,219.9,222.7,225.25,,,
22/12/2011,221.4,224.15,226.6,,,
23/12/2011,219.65,222.4,224.95,,,
27/12/2011,222.85,225.6,228.05,,,
28/12/2011,226.75,229.5,231.95,,,
29/12/2011,224.25,227.05,229.45,,,
30/12/2011,226.85,229.65,232.2,,,
3/01/2012,227.2,230,232.5,,,
4/01/2012,226.7,229.45,232.05,,,
5/01/2012,219.55,222.3,224.85,,,
6/01/2012,221.75,224.55,227.15,,,
9/01/2012,221.85,224.65,227.3,,,
10/01/2012,225.95,228.8,231.45,,,
11/01/2012,234.9,237.55,240.15,,,
12/01/2012,233.9,236.65,239.3,,,
13/01/2012,225.25,228.1,230.8,,,
17/01/2012,225.15,228.1,230.85,,,
18/01/2012,224.85,227.85,230.6,,,
19/01/2012,226.65,229.7,232.5,,,
20/01/2012,225.4,228.5,231.4,,,
23/01/2012,219.45,222.55,225.45,,,
24/01/2012,220.45,223.5,226.4,,,
25/01/2012,217.2,220.15,223.05,,,
26/01/2012,219.7,222.55,225.35,,,
27/01/2012,217.35,220.2,223,,,
30/01/2012,216.6,219.45,222.25,,,
31/01/2012,215.05,218,220.9,,,
1/02/2012,214.1,217.1,220.05,,,
2/02/2012,215.6,218.55,221.5,,,
3/02/2012,215.95,218.9,221.9,,,
6/02/2012,218.8,221.7,224.75,,,
7/02/2012,220.95,223.65,226.6,,,
8/02/2012,220.05,222.6,225.45,,,
9/02/2012,216,218.25,221.15,,,
10/02/2012,215.3,217.4,220.35,,,
13/02/2012,212.3,214.6,217.55,,,
14/02/2012,204.2,206.15,209.1,,,
15/02/2012,200.4,202.55,205.5,,,
16/02/2012,199.3,201.2,204.2,,,
17/02/2012,200.05,202.35,205.3,,,
21/02/2012,204.65,206.05,208.9,,,
22/02/2012,200.75,201.85,204.7,,,
23/02/2012,202,202.05,204.8,,,
24/02/2012,203.25,203.6,206.45,,,
27/02/2012,204.45,204.6,207.35,,,
28/02/2012,206.15,206.25,209.05,,,
29/02/2012,203.15,203.25,206,,,
1/03/2012,204,204.1,206.75,,,
2/03/2012,201.65,201.8,204.45,,,
5/03/2012,201.5,201.7,204.3,,,
6/03/2012,192.95,193.05,195.8,,,
7/03/2012,188.4,188.6,191.25,,,
8/03/2012,189.35,189.4,192.1,,,
9/03/2012,185.6,186.2,188.9,,,
12/03/2012,182.6,184.85,187.45,,,
13/03/2012,185.35,186.15,188.8,,,
14/03/2012,182.75,183.6,186.3,,,
15/03/2012,184.45,185.3,188,,,
16/03/2012,181.35,182.35,185.2,,,
19/03/2012,182.5,183.5,186.3,,,
20/03/2012,183.1,183.6,186.35,,,
21/03/2012,184.7,187.35,190.15,,,
22/03/2012,176.95,179.75,182.6,,,
23/03/2012,178.75,181.55,184.35,,,
26/03/2012,178.8,181.4,184.2,,,
27/03/2012,187.35,189.85,192.5,,,
28/03/2012,182,184.7,187.45,,,
29/03/2012,176.45,179.15,182.05,,,
30/03/2012,182.45,185,187.85,,,
2/04/2012,186.2,188.85,191.65,,,
3/04/2012,185.35,188.05,190.85,,,
4/04/2012,184.75,187.35,190.2,,,
5/04/2012,183,185.5,188.35,,,
9/04/2012,178.05,180.55,183.25,,,
10/04/2012,178.15,180.45,183.1,,,
11/04/2012,180.65,182.65,185.3,,,
12/04/2012,182.9,184.25,186.85,,,
13/04/2012,179.2,180.2,182.85,,,
16/04/2012,174.7,175.85,178.5,,,
17/04/2012,173.05,174.7,177.3,,,
18/04/2012,172.65,175,177.6,,,
19/04/2012,173.65,175.65,178.25,,,
20/04/2012,177.7,178.95,181.45,,,
23/04/2012,177.7,178.95,181.4,,,
24/04/2012,182.5,183.5,185.8,,,
25/04/2012,175.95,176.75,179.25,,,
26/04/2012,174.7,175.85,178.3,,,
27/04/2012,175,176.5,178.7,,,
30/04/2012,177.95,179.55,181.8,,,
1/05/2012,182.85,184.15,186.45,,,
2/05/2012,181.3,182.75,185.15,,,
3/05/2012,174.3,175.8,178.3,,,
4/05/2012,173.5,174.6,177.2,,,
7/05/2012,174.15,175.2,177.7,,,
8/05/2012,175.15,174.95,177.3,,,
9/05/2012,175.15,175.05,177.45,,,
10/05/2012,178.5,178.65,180.95,,,
11/05/2012,176.55,177.15,179.4,,,
14/05/2012,177.4,177.95,180.25,,,
15/05/2012,177.05,178.4,180.7,,,
16/05/2012,177.4,178,180.2,,,
17/05/2012,178.65,180.1,182.3,,,
18/05/2012,177.7,179.15,181.3,,,
21/05/2012,175.15,177.35,180.9,,,
22/05/2012,174.5,176.5,179.95,,,
23/05/2012,166.9,169.15,172.7,,,
24/05/2012,166.9,169.2,172.8,,,
25/05/2012,167.8,170.25,173.95,,,
29/05/2012,165.4,167.9,171.65,,,
30/05/2012,164.4,166.8,170.55,,,
31/05/2012,160.65,162.95,166.7,,,
1/06/2012,157.5,159.85,163.7,,,
4/06/2012,158.45,160.8,164.7,,,
5/06/2012,156.2,158.45,162.35,,,
6/06/2012,155.9,158,161.8,,,
7/06/2012,156.65,158.4,162.1,,,
8/06/2012,155.6,157.4,160.95,,,
11/06/2012,155.1,156.7,160.15,,,
12/06/2012,154.2,155.35,158.7,,,
13/06/2012,152.5,154.2,157.6,,,
14/06/2012,149.2,151.05,154.4,,,
15/06/2012,150.05,152,155.3,,,
18/06/2012,149.55,151.5,154.75,,,
19/06/2012,156.6,158.8,162.15,,,
20/06/2012,150.75,152.4,155.85,,,
21/06/2012,157.75,158.8,162,,,
22/06/2012,155.15,155.9,159.1,,,
25/06/2012,158.7,158.75,161.95,,,
26/06/2012,165.4,165.75,168.95,,,
27/06/2012,164.5,164.85,168.1,,,
28/06/2012,163,163.05,166.2,,,
29/06/2012,170.1,170.7,173.75,,,
2/07/2012,174.3,174.6,177.65,,,
3/07/2012,180.1,180.45,183.35,,,
5/07/2012,179.25,180.35,183.25,,,
6/07/2012,175.9,176.45,179.4,,,
9/07/2012,181.75,182.35,185.25,,,
10/07/2012,183.75,184.5,187.35,,,
11/07/2012,182.7,184.7,187.55,,,
12/07/2012,181.15,182.05,185.05,,,
13/07/2012,184.45,186.1,189.2,,,
16/07/2012,182.55,183.95,187.15,,,
17/07/2012,180.75,181.85,185.05,,,
18/07/2012,181.4,182.15,185.1,,,
19/07/2012,188.2,188.95,191.55,,,
20/07/2012,186.95,189.6,192.45,,,
23/07/2012,185.1,187.65,190.55,,,
24/07/2012,175.45,178.3,181.55,,,
25/07/2012,176.3,179.15,182.35,,,
26/07/2012,174.05,176.9,180.2,,,
27/07/2012,173.7,176.65,180,,,
30/07/2012,178.35,181.15,184.5,,,
31/07/2012,174.4,177.25,180.65,,,
1/08/2012,174.6,177.35,180.8,,,
2/08/2012,171.65,174.3,177.75,,,
3/08/2012,173.8,176.55,180.05,,,
6/08/2012,175.5,178.2,181.7,,,
7/08/2012,172.65,175.3,178.9,,,
8/08/2012,170.5,173.2,176.85,,,
9/08/2012,166.45,169.55,173.2,,,
10/08/2012,166.25,169.35,173.1,,,
13/08/2012,164.1,167.05,170.9,,,
14/08/2012,163.05,166,169.85,,,
15/08/2012,161.9,164.95,168.8,,,
16/08/2012,158.85,161.8,165.6,,,
17/08/2012,160.3,163.2,167.1,,,
20/08/2012,161.2,164.55,168.3,,,
21/08/2012,160.65,164.2,167.95,,,
22/08/2012,158.95,162.1,165.85,,,
23/08/2012,160.25,161.85,165.5,,,
24/08/2012,162.6,162.9,166.55,,,
27/08/2012,167.05,167.35,170.9,,,
28/08/2012,167.75,167.95,171.45,,,
29/08/2012,166.4,166.65,170.15,,,
30/08/2012,163,163.4,167.1,,,
31/08/2012,164.55,164.75,168.45,,,
4/09/2012,164.9,165.3,169.1,,,
5/09/2012,160.45,160.6,164.3,,,
6/09/2012,157.9,158.2,161.85,,,
7/09/2012,162.7,163.05,166.55,,,
10/09/2012,173.4,173.65,177,,,
11/09/2012,177.25,177.55,181.15,,,
12/09/2012,177.15,177.5,181.2,,,
13/09/2012,178.5,178.85,182.55,,,
14/09/2012,180.8,181.1,184.85,,,
17/09/2012,175.05,175.65,179.6,,,
18/09/2012,177.4,177.5,181.4,,,
19/09/2012,174.4,178.3,181,,,
20/09/2012,168.6,172.55,175.35,,,
21/09/2012,173.3,177.4,180.15,,,
24/09/2012,172.3,176.35,179.15,,,
25/09/2012,173.65,177.7,180.45,,,
26/09/2012,169.45,173.45,176.2,,,
27/09/2012,174.3,178.25,180.95,,,
28/09/2012,173.5,177.5,180.25,,,
1/10/2012,178.05,181.95,184.7,,,
2/10/2012,183.65,187.5,190.15,,,
3/10/2012,181.05,184.9,187.45,,,
4/10/2012,175.05,179.05,181.65,,,
5/10/2012,168.1,172.1,174.8,,,
8/10/2012,169.1,173.1,175.85,,,
9/10/2012,165.3,169.5,172.3,,,
10/10/2012,163.45,167.85,170.65,,,
11/10/2012,160.75,165.1,167.9,,,
12/10/2012,161.7,166.15,168.95,,,
15/10/2012,160.85,165.35,168.05,,,
16/10/2012,162.8,167.3,170,,,
17/10/2012,161.5,166,168.8,,,
18/10/2012,158.6,163.25,166.1,,,
19/10/2012,161.65,166.15,169.05,,,
22/10/2012,164.5,168.75,171.55,,,
23/10/2012,160.85,165.2,168.05,,,
24/10/2012,159.8,164.2,167.1,,,
25/10/2012,161,165.45,168.35,,,
26/10/2012,157.75,162.15,165.05,,,
29/10/2012,161.65,165.9,168.65,,,
30/10/2012,157.2,161.7,164.5,,,
31/10/2012,154.65,159.35,162.25,,,
1/11/2012,153.45,158.2,161.1,,,
2/11/2012,154.7,159.75,162.65,,,
5/11/2012,150.9,155.8,158.65,,,
6/11/2012,150.6,155.4,158.2,,,
7/11/2012,151.2,155.85,158.65,,,
8/11/2012,151.4,156.85,159.7,,,
9/11/2012,149.9,155.55,158.4,,,
12/11/2012,153.05,158.2,161.1,,,
13/11/2012,146,151.25,154.1,,,
14/11/2012,147.7,152.75,155.6,,,
15/11/2012,149,154,156.8,,,
16/11/2012,147.3,152.5,155.35,,,
19/11/2012,151.4,157.4,160.15,,,
20/11/2012,143.75,152.45,155.25,,,
21/11/2012,144.8,153.45,156.35,,,
23/11/2012,142.15,150.8,153.7,,,
26/11/2012,139.9,148.9,151.8,,,
27/11/2012,139.8,149.15,152.05,,,
28/11/2012,144.65,154.85,157.7,,,
29/11/2012,146.15,156.4,159.25,,,
30/11/2012,142.1,150.6,153.5,,,
3/12/2012,141.7,150.7,153.6,,,
4/12/2012,137.35,148.35,151.2,,,
5/12/2012,139.6,149.1,151.95,,,
6/12/2012,140.45,150.95,153.8,,,
7/12/2012,142.1,153.85,156.7,,,
10/12/2012,138.1,147,149.9,,,
11/12/2012,141.15,149.5,152.4,,,
12/12/2012,138.15,146.5,149.45,,,
13/12/2012,135.25,143.6,146.55,,,
14/12/2012,137.4,143.15,146.1,,,
17/12/2012,137.95,145.95,148.9,,,
18/12/2012,133.5,144,146.85,,,
19/12/2012,144.9,147.7,150.45,,,
20/12/2012,142.95,145.8,148.55,,,
21/12/2012,146.6,149.35,152.05,,,
24/12/2012,147,149.7,152.45,,,
26/12/2012,148.3,150.95,153.65,,,
27/12/2012,147.9,150.7,153.4,,,
28/12/2012,146.85,149.65,152.4,,,
31/12/2012,143.8,146.7,149.55,,,
2/01/2013,149.4,152.15,154.95,,,
3/01/2013,146.5,149.25,152.1,,,
4/01/2013,147.35,150.15,152.95,,,
7/01/2013,150.4,153.15,155.95,,,
8/01/2013,148.15,150.95,153.8,,,
9/01/2013,147.9,150.75,153.65,,,
10/01/2013,149.65,152.4,155.25,,,
11/01/2013,153.35,156.1,158.85,,,
14/01/2013,153.3,156.15,158.85,,,
15/01/2013,152.5,155.3,157.95,,,
16/01/2013,153,155.8,158.5,,,
17/01/2013,155.5,158.3,161.1,,,
18/01/2013,156.3,159.1,161.85,,,
22/01/2013,148.6,151.5,154.35,,,
23/01/2013,150.4,153.35,156.25,,,
24/01/2013,146.55,149.5,152.4,,,
25/01/2013,148.3,151.25,154.1,,,
28/01/2013,149,151.85,154.75,,,
29/01/2013,149.8,152.65,155.5,,,
30/01/2013,147.7,150.7,153.55,,,
31/01/2013,146.95,150,152.9,,,
1/02/2013,147.95,150.95,153.85,,,
4/02/2013,144.35,147.35,150.3,,,
5/02/2013,144.05,147.1,150.1,,,
6/02/2013,142.1,145.25,148.25,,,
7/02/2013,140.3,143.5,146.45,,,
8/02/2013,141.05,144.2,147.15,,,
11/02/2013,140.15,142.95,145.9,,,
12/02/2013,140.65,143.25,146.1,,,
13/02/2013,138.75,141.6,144.5,,,
14/02/2013,138,140.75,143.7,,,
15/02/2013,136.95,140.2,143.1,,,
19/02/2013,136.5,138.4,141.3,,,
20/02/2013,141,141.65,144.3,,,
21/02/2013,141.75,141.75,144.4,,,
22/02/2013,143.1,143.8,146.5,,,
25/02/2013,142.6,143.1,145.85,,,
26/02/2013,142.9,143.5,146.2,,,
27/02/2013,142.4,143.45,146.15,,,
28/02/2013,142.65,143.2,145.9,,,
1/03/2013,142.9,143.35,146,,,
4/03/2013,145.95,146.65,149.2,,,
5/03/2013,140.5,141.15,143.75,,,
6/03/2013,140.6,141.25,143.95,,,
7/03/2013,142.45,143.1,145.8,,,
8/03/2013,143.35,144.05,146.75,,,
11/03/2013,143.05,143.75,146.45,,,
12/03/2013,141.65,142.35,145,,,
13/03/2013,140.05,140.6,143.25,,,
14/03/2013,138.9,139.65,142.35,,,
15/03/2013,136.5,137.5,140.25,,,
18/03/2013,133.15,134.35,137.1,,,
19/03/2013,133.1,135.9,138.7,,,
20/03/2013,133.6,136.35,139.1,,,
21/03/2013,133.75,136.45,139.25,,,
22/03/2013,135.3,137.95,140.7,,,
25/03/2013,135.6,138.2,140.95,,,
26/03/2013,137.6,140.05,142.75,,,
27/03/2013,136.6,139.2,141.95,,,
28/03/2013,137.15,139.65,142.4,,,
1/04/2013,138.4,140.9,143.6,,,
2/04/2013,136.15,138.8,141.5,,,
3/04/2013,139.45,142.05,144.7,,,
4/04/2013,139.5,141.95,144.55,,,
5/04/2013,140.15,142.6,145.2,,,
8/04/2013,135.9,138.6,141.2,,,
9/04/2013,135.4,137.85,140.5,,,
10/04/2013,136.05,138.35,141,,,
11/04/2013,136.8,139.15,141.75,,,
12/04/2013,135.25,137.15,139.7,,,
15/04/2013,134.45,136.1,138.65,,,
16/04/2013,135.85,137.25,139.65,,,
17/04/2013,136.1,136.85,139.2,,,
18/04/2013,138.9,140.8,143.2,,,
19/04/2013,141.65,143.2,145.6,,,
22/04/2013,142.5,143.1,145.45,,,
23/04/2013,137.55,137.55,139.9,,,
24/04/2013,138.4,138.4,140.6,,,
25/04/2013,137.2,137.4,139.6,,,
26/04/2013,133.9,133.95,136.2,,,
29/04/2013,133.6,133.75,136.05,,,
30/04/2013,134.95,135.1,137.35,,,
1/05/2013,134.5,134.7,136.85,,,
2/05/2013,138.95,139.45,141.5,,,
3/05/2013,140.3,140.9,143.05,,,
6/05/2013,141.35,141.75,143.95,,,
7/05/2013,142.3,142.7,144.8,,,
8/05/2013,144.15,144.15,146.2,,,
9/05/2013,145.8,147.9,150,,,
10/05/2013,143.8,144.45,146.7,,,
13/05/2013,144.55,145.75,148,,,
14/05/2013,141.65,144,146.15,,,
15/05/2013,138,140.55,142.75,,,
16/05/2013,138.35,139.85,142.05,,,
17/05/2013,135.6,136.9,139.1,,,
20/05/2013,133.85,135.15,137.35,,,
21/05/2013,132.7,134.95,138.5,,,
22/05/2013,128.45,130.75,134.35,,,
23/05/2013,130.05,132.3,135.95,,,
24/05/2013,127.25,129.5,133.1,,,
28/05/2013,126.45,128.5,132,,,
29/05/2013,127.6,129.5,132.9,,,
30/05/2013,125.85,127.9,131.35,,,
31/05/2013,127.05,129.15,132.6,,,
3/06/2013,129,130.95,134.4,,,
4/06/2013,127.65,129.65,133.1,,,
5/06/2013,127.45,129.5,133,,,
6/06/2013,129.45,131.3,134.75,,,
7/06/2013,126.95,129,132.45,,,
10/06/2013,128.75,130.85,134.3,,,
11/06/2013,127.7,129.6,132.95,,,
12/06/2013,122.75,124.45,127.8,,,
13/06/2013,123.7,125.4,128.75,,,
14/06/2013,122.25,123.8,127.25,,,
17/06/2013,122.35,123.25,126.45,,,
18/06/2013,122,123.5,126.7,,,
19/06/2013,122.75,124.35,127.6,,,
20/06/2013,117.65,118.35,121.5,,,
21/06/2013,118.7,119.3,122.35,,,
24/06/2013,119.45,120.15,123.2,,,
25/06/2013,120.25,120.55,123.5,,,
26/06/2013,118.15,118.45,121.55,,,
27/06/2013,121.6,121.9,124.9,,,
28/06/2013,120,120.4,123.35,,,
1/07/2013,121.2,121.6,124.65,,,
2/07/2013,124.1,124.35,127.3,,,
3/07/2013,121.15,121.4,124.4,,,
5/07/2013,120.95,121.25,124.25,,,
8/07/2013,123.25,123.45,126.3,,,
9/07/2013,122.05,122.25,125.1,,,
10/07/2013,121.45,121.65,124.5,,,
11/07/2013,123.15,123.4,126.15,,,
12/07/2013,119.15,119.4,122.2,,,
15/07/2013,122.9,123.25,125.85,,,
16/07/2013,125.6,125.95,128.25,,,
17/07/2013,127.55,127.95,130.05,,,
18/07/2013,127.15,127.55,129.8,,,
19/07/2013,122.6,122.7,125.15,,,
22/07/2013,125.3,127.85,130.5,,,
23/07/2013,126.1,128.75,131.5,,,
24/07/2013,121.25,123.95,126.85,,,
25/07/2013,124.8,127.3,130.1,,,
26/07/2013,122.25,124.25,126.9,,,
29/07/2013,121.15,123.45,126.2,,,
30/07/2013,120.3,122.95,125.8,,,
31/07/2013,118.6,121.3,124.15,,,
1/08/2013,115.6,118.35,121.2,,,
2/08/2013,118.25,121.05,123.8,,,
5/08/2013,119.65,122.5,125.2,,,
6/08/2013,117.9,120.7,123.55,,,
7/08/2013,121.05,123.8,126.7,,,
8/08/2013,122.05,124.8,127.65,,,
9/08/2013,122.9,125.6,128.45,,,
12/08/2013,123.45,126.1,128.9,,,
13/08/2013,120.6,123,125.8,,,
14/08/2013,122.65,125.3,128.1,,,
15/08/2013,121.85,124.7,127.5,,,
16/08/2013,120.5,123.65,126.5,,,
19/08/2013,119.25,122.75,125.65,,,
20/08/2013,114.95,118.8,121.7,,,
21/08/2013,113.5,117.15,120.1,,,
22/08/2013,113.2,117.05,120,,,
23/08/2013,113.05,117.05,120,,,
26/08/2013,114.05,117.75,120.65,,,
27/08/2013,113.15,116.75,119.65,,,
28/08/2013,114.6,118.45,121.3,,,
29/08/2013,113.15,117.65,120.6,,,
30/08/2013,112.1,116.3,119.25,,,
3/09/2013,112.8,117.2,120.15,,,
4/09/2013,112.55,116.85,119.85,,,
5/09/2013,112.55,116.85,119.85,,,
6/09/2013,113.95,117.85,120.85,,,
9/09/2013,113.85,118.05,121.1,,,
10/09/2013,112.35,116.65,119.7,,,
11/09/2013,116.45,120.8,123.8,,,
12/09/2013,116.25,120.6,123.55,,,
13/09/2013,115.55,120,123,,,
16/09/2013,114.8,119.25,122.25,,,
17/09/2013,111.05,114.95,118,,,
18/09/2013,111.3,114.9,117.95,,,
19/09/2013,115.8,118.85,120.9,,,
20/09/2013,114.65,117.75,119.8,,,
23/09/2013,117.05,120.15,122.25,,,
24/09/2013,117.85,120.95,123,,,
25/09/2013,117.25,120.35,122.4,,,
26/09/2013,115.65,118.8,120.85,,,
27/09/2013,113.7,116.85,119,,,
30/09/2013,113.7,116.85,119.05,,,
1/10/2013,114.1,117.25,119.45,,,
2/10/2013,114.45,117.65,119.85,,,
3/10/2013,115.35,118.5,120.7,,,
4/10/2013,114.4,117.55,119.75,,,
7/10/2013,114.5,117.65,119.9,,,
8/10/2013,115.05,118.2,120.4,,,
9/10/2013,115.25,118.45,120.65,,,
10/10/2013,114.4,117.55,119.7,,,
11/10/2013,116.7,119.85,122.1,,,
14/10/2013,117,120.1,122.4,,,
15/10/2013,116.45,119.6,121.85,,,
16/10/2013,115.85,118.95,121.2,,,
17/10/2013,114.7,117.8,120.05,,,
18/10/2013,114.65,117.7,119.85,,,
21/10/2013,112.7,115.8,118.05,,,
22/10/2013,111.95,115.1,117.35,,,
23/10/2013,110.55,113.75,116.05,,,
24/10/2013,110.3,113.55,115.9,,,
25/10/2013,109.1,112.3,114.6,,,
28/10/2013,107.55,110.65,112.95,,,
29/10/2013,106.95,109.9,112.1,,,
30/10/2013,106.85,109.95,112.2,,,
31/10/2013,105.4,108.55,110.7,,,
1/11/2013,105.55,108.6,110.85,,,
4/11/2013,103.7,106.8,109,,,
5/11/2013,103.45,106.5,108.65,,,
6/11/2013,101.5,104.6,106.75,,,
7/11/2013,103.95,106.9,109.1,,,
8/11/2013,104.05,107.1,109.35,,,
11/11/2013,103.25,106.3,108.55,,,
12/11/2013,105.8,108.8,111.05,,,
13/11/2013,103.05,105.95,108.2,,,
14/11/2013,102.6,105.65,107.9,,,
15/11/2013,105.75,109.1,111.3,,,
18/11/2013,105.75,109.45,111.65,,,
19/11/2013,104.65,108.55,110.8,,,
20/11/2013,107.35,110.2,112.45,,,
21/11/2013,110.45,111.4,113.65,,,
22/11/2013,107.1,107.5,109.8,,,
25/11/2013,108.1,108.55,110.75,,,
26/11/2013,108.15,108.75,110.95,,,
27/11/2013,107.6,108.1,110.35,,,
29/11/2013,110.25,110.85,113.1,,,
2/12/2013,109.4,109.9,112.1,,,
3/12/2013,109.55,110.2,112.45,,,
4/12/2013,107.8,108.4,110.7,,,
5/12/2013,105.4,106,108.25,,,
6/12/2013,105.8,106.4,108.65,,,
9/12/2013,105.5,106.1,108.4,,,
10/12/2013,109.65,110.25,112.5,,,
11/12/2013,109.1,109.7,112,,,
12/12/2013,110.7,111.3,113.6,,,
13/12/2013,114.5,115.25,117.45,,,
16/12/2013,114.7,115.3,117.35,,,
17/12/2013,113.55,114.15,116.35,,,
18/12/2013,115.1,115.95,118.15,,,
19/12/2013,113.75,116,118.1,,,
20/12/2013,115.3,117.5,119.6,,,
23/12/2013,115.85,118.05,120.1,,,
24/12/2013,114.75,117,119.15,,,
26/12/2013,115.45,117.7,119.8,,,
27/12/2013,116.35,118.6,120.65,,,
30/12/2013,114.7,116.95,119.05,,,
31/12/2013,110.7,112.95,115.1,,,
2/01/2014,111.4,113.7,115.9,,,
3/01/2014,116.35,118.55,120.7,,,
6/01/2014,121,123.15,125.25,,,
7/01/2014,117.25,119.35,121.45,,,
8/01/2014,120.9,123,125.2,,,
9/01/2014,119.35,121.5,123.7,,,
10/01/2014,120.65,122.9,125.15,,,
13/01/2014,119.85,122.15,124.45,,,
14/01/2014,119.2,121.45,123.75,,,
15/01/2014,117.2,119.45,121.75,,,
16/01/2014,118.35,120.6,122.8,,,
17/01/2014,117.15,119.35,121.55,,,
21/01/2014,116.2,118.45,120.7,,,
22/01/2014,114.85,117.15,119.35,,,
23/01/2014,115.2,117.5,119.75,,,
24/01/2014,114.4,116.7,118.95,,,
27/01/2014,113.85,116.05,118.3,,,
28/01/2014,114.65,116.8,119,,,
29/01/2014,117.1,119.15,121.3,,,
30/01/2014,120,122.05,124.15,,,
31/01/2014,125.2,127.2,129.05,,,
3/02/2014,135.95,137.85,139.55,,,
4/02/2014,136.25,138.4,140.3,,,
5/02/2014,143.1,145.1,146.85,,,
6/02/2014,135.75,137.85,139.75,,,
7/02/2014,135.7,137.85,139.85,,,
10/02/2014,136.2,138.45,140.45,,,
11/02/2014,137.15,139.45,141.5,,,
12/02/2014,141.05,143.15,145.1,,,
13/02/2014,139.7,141.95,144,,,
14/02/2014,139.9,142.3,144.35,,,
18/02/2014,152.65,154.85,156.6,,,
19/02/2014,171.75,172.6,174.45,,,
20/02/2014,168.8,169.45,171.4,,,
21/02/2014,168.55,169.5,171.35,,,
24/02/2014,175.6,176.35,178.3,,,
25/02/2014,175.65,176.25,178.3,,,
26/02/2014,177.1,177.7,179.65,,,
27/02/2014,178.75,179.3,181.2,,,
28/02/2014,179.8,180.3,182.25,,,
3/03/2014,192.6,193.45,195.4,,,
4/03/2014,185.15,185.45,187.45,,,
5/03/2014,200.65,202.4,204.35,,,
6/03/2014,194.8,195.55,197.5,,,
7/03/2014,196.05,196.85,198.7,,,
10/03/2014,202.5,203.4,205.2,,,
11/03/2014,205.05,205.65,207.5,,,
12/03/2014,204.8,205.3,207.15,,,
13/03/2014,205.05,205.95,207.8,,,
14/03/2014,197.85,198.4,200.2,,,
17/03/2014,189.9,191.4,193.25,,,
18/03/2014,190.95,191.55,193.4,,,
19/03/2014,185.1,185.5,187.35,,,
20/03/2014,174.15,175.95,177.6,,,
21/03/2014,171.15,173.05,174.65,,,
24/03/2014,176.4,178.3,180,,,
25/03/2014,175.3,177.25,178.95,,,
26/03/2014,176,178,179.9,,,
27/03/2014,176.35,178.3,180.25,,,
28/03/2014,180.6,182.6,184.6,,,
31/03/2014,177.9,180,182.05,,,
1/04/2014,175.25,177.35,179.35,,,
2/04/2014,172.7,174.8,176.8,,,
3/04/2014,174.6,176.7,178.65,,,
4/04/2014,185,187.1,189.1,,,
7/04/2014,193.35,195.55,197.65,,,
8/04/2014,196.5,198.7,200.8,,,
9/04/2014,199.85,202.1,204.05,,,
10/04/2014,206.1,208.4,210.4,,,
11/04/2014,201.2,203.55,205.6,,,
14/04/2014,204.85,207.4,209.5,,,
15/04/2014,192.15,195.05,197.1,,,
16/04/2014,185.95,188.85,190.95,,,
17/04/2014,201.2,204.1,206.2,,,
21/04/2014,196.7,199.2,201.25,,,
22/04/2014,211.8,213.4,215.4,,,
23/04/2014,212.35,213.95,215.95,,,
24/04/2014,212.45,214.8,216.85,,,
25/04/2014,204.75,207,209.05,,,
28/04/2014,198.8,201.15,203.15,,,
29/04/2014,208.9,211.9,213.85,,,
30/04/2014,203.05,205.85,207.75,,,
1/05/2014,201.45,204.15,206.25,,,
2/05/2014,200.6,203.2,205.3,,,
5/05/2014,202.4,205.25,207.35,,,
6/05/2014,199.55,202.25,204.45,,,
7/05/2014,198.4,201,203.15,,,
8/05/2014,192.95,195.5,197.7,,,
9/05/2014,180.8,183.9,186.15,,,
12/05/2014,186.1,189.25,191.5,,,
13/05/2014,183.65,186.95,189.2,,,
14/05/2014,180.75,184.2,186.45,,,
15/05/2014,194.15,196.8,199.05,,,
16/05/2014,182.5,185.05,187.3,,,
19/05/2014,180.15,183.5,185.75,,,
20/05/2014,185.7,187.95,191.2,,,
21/05/2014,181.4,183.7,186.95,,,
22/05/2014,181.35,183.7,187,,,
23/05/2014,181.9,184.25,187.5,,,
27/05/2014,179.35,181.7,184.9,,,
28/05/2014,176.15,178.55,181.9,,,
29/05/2014,181.95,184.35,187.6,,,
30/05/2014,177.5,179.9,183.2,,,
2/06/2014,172.35,174.75,178.15,,,
3/06/2014,171.15,173.6,177,,,
4/06/2014,170.2,172.6,176,,,
5/06/2014,169.15,171.65,175.05,,,
6/06/2014,172.1,174.65,178.1,,,
9/06/2014,165.35,167.95,171.45,,,
10/06/2014,165.65,168.3,171.8,,,
11/06/2014,171.6,174.3,177.7,,,
12/06/2014,171.95,174.7,178.1,,,
13/06/2014,173.7,176.45,179.95,,,
16/06/2014,172.95,175.8,179.25,,,
17/06/2014,169.05,171.95,175.5,,,
18/06/2014,166.75,169.85,173.4,,,
19/06/2014,167,169.1,172.6,,,
20/06/2014,173.25,175.5,179,,,
23/06/2014,175.1,177.4,181,,,
24/06/2014,174.15,176.25,179.8,,,
25/06/2014,179.95,182.05,185.6,,,
26/06/2014,178.8,180.85,184.35,,,
27/06/2014,170.45,172.55,176.05,,,
30/06/2014,173,175.1,178.7,,,
1/07/2014,168.3,170.95,174.55,,,
2/07/2014,171.05,173.3,176.95,,,
3/07/2014,169.4,171.8,175.45,,,
7/07/2014,169,171.1,174.75,,,
8/07/2014,170.2,172.95,176.5,,,
9/07/2014,170.2,172.9,176.45,,,
10/07/2014,160.25,163,166.65,,,
11/07/2014,158.95,161.4,165.15,,,
14/07/2014,162.3,164.35,168.1,,,
15/07/2014,159.4,161.95,165.7,,,
16/07/2014,160.35,162.5,166.3,,,
17/07/2014,161.7,163.85,167.7,,,
18/07/2014,170.7,172.4,176.25,,,
21/07/2014,171.65,172.9,176.65,,,
22/07/2014,168.3,172.1,175.5,,,
23/07/2014,176.6,180.35,183.55,,,
24/07/2014,178.3,181.95,185.15,,,
25/07/2014,179.15,182.8,186,,,
28/07/2014,181.1,184.95,188.2,,,
29/07/2014,180.7,184.6,187.95,,,
30/07/2014,182.5,186.35,189.7,,,
31/07/2014,195.05,198.75,201.95,,,
1/08/2014,192.35,196.1,199.35,,,
4/08/2014,190.5,194.4,197.8,,,
5/08/2014,189.4,193.4,196.85,,,
6/08/2014,190.85,194.85,198.35,,,
7/08/2014,184,188.15,191.75,,,
8/08/2014,180.85,185.05,188.6,,,
11/08/2014,189.15,193.35,196.95,,,
12/08/2014,184.6,188.9,192.55,,,
13/08/2014,185.25,189.6,193.35,,,
14/08/2014,184.1,188.45,192.15,,,
15/08/2014,188.75,193.15,196.8,,,
18/08/2014,188.9,193.1,196.8,,,
19/08/2014,182.2,186.15,189.85,,,
20/08/2014,184.1,188.95,192.65,,,
21/08/2014,183.75,189.6,193.35,,,
22/08/2014,181.6,187.35,191.15,,,
25/08/2014,182.75,187.65,191.4,,,
26/08/2014,193.1,197.45,201.2,,,
27/08/2014,192.4,198.15,202.05,,,
28/08/2014,194.65,200,203.9,,,
29/08/2014,195.75,201.2,205.1,,,
2/09/2014,204.45,209.45,213.4,,,
3/09/2014,197.3,202.3,206.25,,,
4/09/2014,197.45,202.45,206.45,,,
5/09/2014,192.85,198.05,202.1,,,
8/09/2014,189.65,194.45,198.5,,,
9/09/2014,188.1,192.6,196.6,,,
10/09/2014,177,181.25,185.3,,,
11/09/2014,180.55,185.45,189.5,,,
12/09/2014,179.65,184.55,188.6,,,
15/09/2014,177.3,182.2,186.3,,,
16/09/2014,180.6,185.25,189.35,,,
17/09/2014,180.65,184.85,189,,,
18/09/2014,175.9,181.2,185.35,,,
19/09/2014,178,182.2,184.65,,,
22/09/2014,179.4,183.55,186,,,
23/09/2014,180.9,185.05,187.55,,,
24/09/2014,189.1,193.25,195.7,,,
25/09/2014,182.3,186.5,188.95,,,
26/09/2014,186.05,190.25,192.7,,,
29/09/2014,191.25,195.4,197.85,,,
30/09/2014,193.35,197.45,199.85,,,
1/10/2014,200.4,204.5,206.75,,,
2/10/2014,208.6,212.5,214.2,,,
3/10/2014,206.5,210.3,212.05,,,
6/10/2014,220.8,224.45,226.1,,,
7/10/2014,216.35,220.2,221.9,,,
8/10/2014,214.45,218.3,220.05,,,
9/10/2014,221.65,225.45,227.2,,,
10/10/2014,220.4,224.2,226.05,,,
13/10/2014,218.1,222,223.8,,,
14/10/2014,221.9,225.75,227.6,,,
15/10/2014,216,219.9,221.85,,,
16/10/2014,217.1,221.05,223.05,,,
17/10/2014,210.65,214.6,216.65,,,
20/10/2014,199.4,203.5,205.6,,,
21/10/2014,199.6,203.75,206.05,,,
22/10/2014,191.1,195.3,197.65,,,
23/10/2014,193.3,197.5,199.8,,,
24/10/2014,191.5,195.75,198.1,,,
27/10/2014,190.9,195.15,197.55,,,
28/10/2014,192.35,196.65,199,,,
29/10/2014,189.6,193.95,196.35,,,
30/10/2014,187.6,192,194.45,,,
31/10/2014,188,192.3,194.8,,,
3/11/2014,185.85,190.15,192.6,,,
4/11/2014,188.2,192.5,194.9,,,
5/11/2014,186.25,190.55,193,,,
6/11/2014,183.75,188,190.45,,,
7/11/2014,182.4,186.75,189.25,,,
10/11/2014,181.4,185.7,188.25,,,
11/11/2014,184.55,188.75,191.2,,,
12/11/2014,184.4,188.75,191.15,,,
13/11/2014,188.75,193.15,195.55,,,
14/11/2014,192,196.35,198.8,,,
17/11/2014,187.5,191.8,194.25,,,
18/11/2014,191.1,192.9,195.3,,,
19/11/2014,197.85,199.1,201.45,,,
20/11/2014,187.7,188.85,191.2,,,
21/11/2014,189.65,190.7,193.1,,,
24/11/2014,189.65,190.5,192.9,,,
25/11/2014,194.25,195.05,197.35,,,
26/11/2014,193.5,194.25,196.6,,,
28/11/2014,186.65,187.45,189.9,,,
1/12/2014,189.35,190.4,192.9,,,
2/12/2014,182.3,183.4,185.9,,,
3/12/2014,182.55,183.65,186.15,,,
4/12/2014,181.55,182.45,185,,,
5/12/2014,179.1,180.1,182.65,,,
8/12/2014,177.05,178.05,180.6,,,
9/12/2014,179.45,180.45,182.95,,,
10/12/2014,177.55,178.55,181,,,
11/12/2014,175.4,176.4,178.95,,,
12/12/2014,173,174,176.55,,,
15/12/2014,177.65,178.65,181.2,,,
16/12/2014,176.7,177.7,180.2,,,
17/12/2014,170.85,171.85,174.45,,,
18/12/2014,173.65,174.35,176.95,,,
19/12/2014,174.7,177.25,179.7,,,
22/12/2014,172.15,174.75,177.2,,,
23/12/2014,171,173.6,176.1,,,
24/12/2014,170.15,172.8,175.3,,,
26/12/2014,168.6,171.25,173.75,,,
29/12/2014,165.15,167.8,170.35,,,
30/12/2014,164.8,167.5,170.1,,,
31/12/2014,166.6,169.3,171.9,,,
2/01/2015,161.05,163.75,166.35,,,
5/01/2015,168.1,170.75,173.15,,,
6/01/2015,174.9,177.55,179.9,,,
7/01/2015,175.05,177.75,180.2,,,
8/01/2015,176.9,179.55,182.05,,,
9/01/2015,180.05,182.7,185.15,,,
12/01/2015,176.75,179.4,181.85,,,
13/01/2015,176.95,179.65,182.15,,,
14/01/2015,179.85,182.55,184.95,,,
15/01/2015,176.65,179.3,181.7,,,
16/01/2015,171,173.65,176.1,,,
20/01/2015,164.3,167,169.45,,,
21/01/2015,161.25,163.95,166.45,,,
22/01/2015,159.95,162.65,165.2,,,
23/01/2015,162.45,165.15,167.75,,,
26/01/2015,161.85,164.55,167.15,,,
27/01/2015,168.2,170.9,173.5,,,
28/01/2015,167.7,170.4,173.05,,,
29/01/2015,160,162.75,165.45,,,
30/01/2015,161.9,164.65,167.35,,,
2/02/2015,162.45,165.25,167.85,,,
3/02/2015,160.75,163.6,166.2,,,
4/02/2015,164.9,167.7,170.3,,,
5/02/2015,164.75,167.55,170.2,,,
6/02/2015,166.85,169.6,172.25,,,
9/02/2015,167.6,170.4,173.05,,,
10/02/2015,159.4,162.25,164.9,,,
11/02/2015,159.45,162.3,164.85,,,
12/02/2015,164.55,167.45,170.05,,,
13/02/2015,163.2,166.5,169.15,,,
17/02/2015,155.65,158.85,161.55,,,
18/02/2015,152.8,156.95,159.7,,,
19/02/2015,149.2,152.65,155.45,,,
20/02/2015,148.65,152.9,155.75,,,
23/02/2015,144.45,148.25,151.1,,,
24/02/2015,145.35,148.9,151.8,,,
25/02/2015,139.75,143.45,146.35,,,
26/02/2015,136.55,140.55,143.45,,,
27/02/2015,136.75,140.5,143.5,,,
2/03/2015,135.1,138.35,141.35,,,
3/03/2015,126.25,129.75,132.85,,,
4/03/2015,134.05,137.55,140.65,,,
5/03/2015,131.55,135.05,138.15,,,
6/03/2015,136.5,139.9,143,,,
9/03/2015,133.65,137,140.1,,,
10/03/2015,131.7,135.05,138.25,,,
11/03/2015,128.4,131.75,135.05,,,
12/03/2015,128.85,132.2,135.45,,,
13/03/2015,126.45,129.8,133.15,,,
16/03/2015,134.9,138.05,141.35,,,
17/03/2015,133.95,138.15,141.4,,,
18/03/2015,136.25,140.05,143.35,,,
19/03/2015,140,144.15,147.35,,,
20/03/2015,143.35,146.65,149.65,,,
23/03/2015,141.85,145.15,148.15,,,
24/03/2015,137.3,140.55,143.55,,,
25/03/2015,139.95,143.2,146.2,,,
26/03/2015,140.25,143.5,146.5,,,
27/03/2015,138.2,141.5,144.45,,,
30/03/2015,132.35,135.65,138.7,,,
31/03/2015,132.9,136.1,139.15,,,
1/04/2015,134.85,138.05,141,,,
2/04/2015,140.9,143.75,146.7,,,
6/04/2015,146.2,148.85,151.55,,,
7/04/2015,141.95,144.85,147.65,,,
8/04/2015,135.7,138.75,141.65,,,
9/04/2015,137.45,140.15,143,,,
10/04/2015,135.1,137.85,140.75,,,
13/04/2015,133.75,136.2,139.05,,,
14/04/2015,134.6,136.65,139.45,,,
15/04/2015,135.8,137.35,140,,,
16/04/2015,139.6,141.5,144.05,,,
17/04/2015,138.7,141.4,144,,,
20/04/2015,138.7,141.25,143.95,,,
21/04/2015,140.3,142.7,145.45,,,
22/04/2015,142.4,143.65,146.3,,,
23/04/2015,140.45,141.5,144.1,,,
24/04/2015,141.15,142.15,144.8,,,
27/04/2015,136.1,137.05,139.8,,,
28/04/2015,138.15,138.55,141.35,,,
29/04/2015,138.35,139,141.8,,,
30/04/2015,136.55,137.45,140.15,,,
1/05/2015,133.45,134.2,136.9,,,
4/05/2015,131.85,132.9,135.65,,,
5/05/2015,132.55,133.65,136.35,,,
6/05/2015,128.05,129.95,132.75,,,
7/05/2015,130.85,131.7,134.5,,,
8/05/2015,132.9,134.65,137.35,,,
11/05/2015,133.35,134.35,136.9,,,
12/05/2015,134.5,135.5,137.8,,,
13/05/2015,134.4,135.4,137.85,,,
14/05/2015,135.65,137.5,139.95,,,
15/05/2015,137.2,138.25,140.65,,,
18/05/2015,141.65,143.15,145.65,,,
19/05/2015,139.85,142.35,145.85,,,
20/05/2015,136,138.7,142.4,,,
21/05/2015,128.45,131.25,135.1,,,
22/05/2015,126.95,129.8,133.65,,,
26/05/2015,124.05,126.85,130.75,,,
27/05/2015,124.5,127.2,131.05,,,
28/05/2015,125.15,127.8,131.6,,,
29/05/2015,126.15,128.6,132.3,,,
1/06/2015,129.8,132.05,135.65,,,
2/06/2015,132.7,135.05,138.55,,,
3/06/2015,134.3,136.8,140.25,,,
4/06/2015,135.7,138.05,141.45,,,
5/06/2015,135.1,137.4,140.9,,,
8/06/2015,136.55,138.75,142.2,,,
9/06/2015,137.35,139.55,143,,,
10/06/2015,136.45,138.55,141.95,,,
11/06/2015,132,134.45,138.05,,,
12/06/2015,132.05,134.4,138,,,
15/06/2015,127.8,130.3,133.95,,,
16/06/2015,129.35,132,135.65,,,
17/06/2015,126.65,129.4,133.1,,,
18/06/2015,128.7,131.95,135.7,,,
19/06/2015,127.15,130.1,133.9,,,
22/06/2015,130.35,132.5,136.3,,,
23/06/2015,127.7,129.7,133.5,,,
24/06/2015,133.3,135.1,138.65,,,
25/06/2015,133.35,135.1,138.7,,,
26/06/2015,131.7,133.45,137,,,
29/06/2015,130.8,132.4,136,,,
30/06/2015,130.65,132.4,136,,,
1/07/2015,125.1,127,130.75,,,
2/07/2015,125.6,127.4,131.15,,,
6/07/2015,123.3,125.15,128.95,,,
7/07/2015,122.9,124.7,128.35,,,
8/07/2015,123.15,124.95,128.4,,,
9/07/2015,122.75,125.25,128.75,,,
10/07/2015,122.95,126.25,129.7,,,
13/07/2015,126.6,128.8,132.2,,,
14/07/2015,129.85,132,135.35,,,
15/07/2015,128,129.75,133.15,,,
16/07/2015,127.45,128.85,132.35,,,
17/07/2015,127,128.4,131.9,,,
20/07/2015,125.85,127.45,131,,,
21/07/2015,123.85,125.95,129.55,,,
22/07/2015,125.05,128.55,132.2,,,
23/07/2015,121.55,125.05,128.7,,,
24/07/2015,122.25,125.65,129.25,,,
27/07/2015,120.4,123.65,127.25,,,
28/07/2015,120.25,123.25,126.75,,,
29/07/2015,122.15,125.25,128.75,,,
30/07/2015,124.9,128.1,131.55,,,
31/07/2015,125.25,128.5,132,,,
3/08/2015,123.95,127.15,130.65,,,
4/08/2015,124.9,128.05,131.45,,,
5/08/2015,125.9,129,132.4,,,
6/08/2015,124.25,127.35,130.75,,,
7/08/2015,127.8,130.85,134.25,,,
10/08/2015,133.5,136.55,139.9,,,
11/08/2015,137.2,140.35,143.65,,,
12/08/2015,131.85,135.25,138.55,,,
13/08/2015,137.05,140.6,143.9,,,
14/08/2015,137.5,141.15,144.5,,,
17/08/2015,134.75,138.55,141.95,,,
18/08/2015,135.3,139.05,142.5,,,
19/08/2015,131.15,134.8,138.25,,,
20/08/2015,127.65,132.45,135.95,,,
21/08/2015,121.9,126.45,130,,,
24/08/2015,117.5,121.7,125.25,,,
25/08/2015,117.05,120.55,124.05,,,
26/08/2015,118.7,122.2,125.6,,,
27/08/2015,121.05,124.55,128,,,
28/08/2015,120.45,124.05,127.5,,,
31/08/2015,120.55,124.3,127.75,,,
1/09/2015,117.05,120.8,124.3,,,
2/09/2015,114.7,118.35,121.85,,,
3/09/2015,116.2,119.55,123.05,,,
4/09/2015,115.85,119.15,122.6,,,
8/09/2015,117.7,121,124.45,,,
9/09/2015,117.8,121.1,124.55,,,
10/09/2015,113.05,116.4,119.9,,,
11/09/2015,113.35,116.55,120,,,
14/09/2015,117,120.2,123.65,,,
15/09/2015,115.5,118.7,122.05,,,
16/09/2015,113.8,118.1,121.5,,,
17/09/2015,113.5,118.55,121.95,,,
18/09/2015,113.35,118.35,121.8,,,
21/09/2015,117.25,120.6,122.85,,,
22/09/2015,115.45,118.75,121,,,
23/09/2015,116.2,119.45,121.65,,,
24/09/2015,118.3,121.5,123.65,,,
25/09/2015,122.7,125.9,127.95,,,
28/09/2015,119.15,122.45,124.65,,,
29/09/2015,120.85,123.95,126.1,,,
30/09/2015,121.35,124.4,126.5,,,
1/10/2015,120.75,123.85,125.95,,,
2/10/2015,124.3,127.35,129.5,,,
5/10/2015,127.55,130.7,132.8,,,
6/10/2015,128.1,131.2,133.3,,,
7/10/2015,126.05,129.25,131.35,,,
8/10/2015,128.45,131.7,133.7,,,
9/10/2015,131.6,134.9,136.95,,,
12/10/2015,134.5,137.85,139.9,,,
13/10/2015,134.35,137.75,139.8,,,
14/10/2015,134.65,138.05,140.05,,,
15/10/2015,133.7,137.1,139,,,
16/10/2015,125.85,129.2,131.15,,,
19/10/2015,123.9,127.3,129.35,,,
20/10/2015,124.75,128.1,130.15,,,
21/10/2015,121,124.35,126.45,,,
22/10/2015,119.85,123.15,125.3,,,
23/10/2015,118.45,121.8,124,,,
26/10/2015,117.3,120.7,122.85,,,
27/10/2015,117.3,120.6,122.7,,,
28/10/2015,119.1,122.45,124.5,,,
29/10/2015,120.3,123.65,125.7,,,
30/10/2015,120.95,124.25,126.3,,,
2/11/2015,118.8,122.15,124.2,,,
3/11/2015,120.25,123.6,125.7,,,
4/11/2015,120.5,123.9,125.95,,,
5/11/2015,120.9,124.25,126.35,,,
6/11/2015,117.75,121.15,123.35,,,
9/11/2015,117.75,121.35,123.6,,,
10/11/2015,116.3,119.7,122,,,
11/11/2015,116.8,120.15,122.4,,,
12/11/2015,115.3,118.75,120.95,,,
13/11/2015,112.15,115.8,118,,,
16/11/2015,114.35,118.2,120.4,,,
17/11/2015,114.25,118.25,120.45,,,
18/11/2015,112.75,115.75,117.95,,,
19/11/2015,119.9,122.2,124.35,,,
20/11/2015,121.9,124.4,126.55,,,
23/11/2015,119.95,122.45,124.65,,,
24/11/2015,122.45,124.5,126.7,,,
25/11/2015,122.9,125.55,127.6,,,
27/11/2015,121,123.6,125.75,,,
30/11/2015,116.9,119.65,121.8,,,
1/12/2015,117.15,119.9,122.05,,,
2/12/2015,117.8,120.45,122.65,,,
3/12/2015,122.05,124.85,127.05,,,
4/12/2015,124,126.95,129.1,,,
7/12/2015,122.65,126.05,128.15,,,
8/12/2015,122.25,125.2,127.35,,,
9/12/2015,123.85,126.8,128.9,,,
10/12/2015,122.65,126.35,128.4,,,
11/12/2015,118.1,121.2,123.3,,,
14/12/2015,117.25,119.9,122.1,,,
15/12/2015,115.65,119.9,122.1,,,
16/12/2015,118.1,119.25,121.5,,,
17/12/2015,117.8,118.3,120.55,,,
18/12/2015,118.45,119,121.3,,,
21/12/2015,117.5,119.75,121.85,,,
22/12/2015,119.15,121.35,123.4,,,
23/12/2015,120.95,123.1,125.05,,,
24/12/2015,119.7,121.95,123.95,,,
28/12/2015,119.15,121.4,123.45,,,
29/12/2015,121.45,123.6,125.6,,,
30/12/2015,123.65,125.75,127.7,,,
31/12/2015,126.7,128.8,130.75,,,
4/01/2016,123.9,126,127.95,,,
5/01/2016,123,125.1,127.1,,,
6/01/2016,119.95,122.1,124.1,,,
7/01/2016,118.45,120.6,122.6,,,
8/01/2016,119,121.2,123.15,,,
11/01/2016,114.45,116.8,118.8,,,
12/01/2016,114.35,116.7,118.75,,,
13/01/2016,114.8,117.1,119.2,,,
14/01/2016,115.9,118.15,120.2,,,
15/01/2016,114.9,117.15,119.25,,,
19/01/2016,115.65,117.9,119.95,,,
20/01/2016,111.6,113.9,116,,,
21/01/2016,114.4,116.6,118.65,,,
22/01/2016,116,118.25,120.15,,,
25/01/2016,116.45,118.7,120.6,,,
26/01/2016,116.7,118.85,120.65,,,
27/01/2016,118.2,120.35,122.05,,,
28/01/2016,119.15,121.3,123,,,
29/01/2016,116.35,118.5,120.25,,,
1/02/2016,117.75,119.85,121.5,,,
2/02/2016,119.85,121.9,123.6,,,
3/02/2016,121.55,123.5,125.2,,,
4/02/2016,123.2,125.15,126.9,,,
5/02/2016,120.4,122.4,124.25,,,
8/02/2016,115.75,117.95,119.95,,,
9/02/2016,114.75,116.85,118.85,,,
10/02/2016,114.75,116.85,118.8,,,
11/02/2016,113,115,116.95,,,
12/02/2016,115.55,117.5,119.35,,,
16/02/2016,114.9,117,118.8,,,
17/02/2016,114.55,116.6,118.5,,,
18/02/2016,114.15,116.1,118,,,
19/02/2016,115.75,116.55,118.4,,,
22/02/2016,119.85,120.6,122.3,,,
23/02/2016,117.8,119.25,121,,,
24/02/2016,115.05,117,118.85,,,
25/02/2016,114.65,116.15,118.05,,,
26/02/2016,113,115.2,117.15,,,
29/02/2016,112.65,115.05,117,,,
1/03/2016,112.5,114.75,116.7,,,
2/03/2016,113.35,115.55,117.4,,,
3/03/2016,115.6,117.85,119.6,,,
4/03/2016,118.8,121.05,122.8,,,
7/03/2016,118.65,120.9,122.7,,,
8/03/2016,120.2,121.7,123.6,,,
9/03/2016,120.85,122.35,124.25,,,
10/03/2016,120.6,122.15,124.05,,,
11/03/2016,124.4,125.8,127.55,,,
14/03/2016,125.6,127.2,128.95,,,
15/03/2016,124.1,125.7,127.5,,,
16/03/2016,127.4,129.05,130.75,,,
17/03/2016,132,132.55,134.25,,,
18/03/2016,133.85,134.3,136.15,,,
21/03/2016,131.55,133.35,134.95,,,
22/03/2016,134.65,136.5,138.15,,,
23/03/2016,131.1,133,134.65,,,
24/03/2016,127.55,129.5,131.25,,,
28/03/2016,128.55,130.55,132.3,,,
29/03/2016,127.45,129.45,131.15,,,
30/03/2016,127,129.05,130.7,,,
31/03/2016,127.45,129.55,131.25,,,
1/04/2016,127.25,129.35,131.05,,,
4/04/2016,122.8,124.95,126.75,,,
5/04/2016,120.9,123.05,124.85,,,
6/04/2016,121.5,123.65,125.4,,,
7/04/2016,119.8,121.95,123.75,,,
8/04/2016,120.45,122.55,124.3,,,
11/04/2016,123.35,125.25,126.9,,,
12/04/2016,124.6,126.3,127.95,,,
13/04/2016,121.75,123.6,125.35,,,
14/04/2016,123.15,125.1,126.85,,,
15/04/2016,122.95,124.85,126.6,,,
18/04/2016,124,125.95,127.65,,,
19/04/2016,125.85,127.9,129.6,,,
20/04/2016,127.15,128.7,130.45,,,
21/04/2016,123.55,124.1,125.85,,,
22/04/2016,122.75,123.35,125.05,,,
25/04/2016,123.1,123.55,125.3,,,
26/04/2016,125.25,125.75,127.4,,,
27/04/2016,121.05,121.5,123.3,,,
28/04/2016,120.4,120.95,122.75,,,
29/04/2016,120.85,121.5,123.35,,,
2/05/2016,119.1,119.65,121.5,,,
3/05/2016,118.6,119.25,121.15,,,
4/05/2016,119.1,119.7,121.55,,,
5/05/2016,120.9,121.5,123.25,,,
6/05/2016,123.45,124.5,126.25,,,
9/05/2016,125.15,126.45,128.1,,,
10/05/2016,126.9,128.75,130.45,,,
11/05/2016,127.9,129.75,131.5,,,
12/05/2016,128.2,130.05,131.9,,,
13/05/2016,128.8,130.1,131.95,,,
16/05/2016,132.7,133.6,135.4,,,
17/05/2016,131.85,132.7,134.6,,,
18/05/2016,129.3,130.1,132.05,,,
19/05/2016,123.95,125.9,128.7,,,
20/05/2016,124.7,126.65,129.4,,,
23/05/2016,122.15,124.1,126.9,,,
24/05/2016,121.8,123.8,126.55,,,
25/05/2016,121.4,123.35,126.1,,,
26/05/2016,121.5,123.4,126.2,,,
27/05/2016,121.3,123.25,126,,,
31/05/2016,121.55,123.45,126.15,,,
1/06/2016,121.9,123.85,126.45,,,
2/06/2016,123,125,127.55,,,
3/06/2016,127.1,129.05,131.55,,,
6/06/2016,131.7,133.6,136.15,,,
7/06/2016,132.2,134.15,136.8,,,
8/06/2016,139.65,141.65,144.2,,,
9/06/2016,133.95,135.85,138.4,,,
10/06/2016,136.95,138.85,141.25,,,
13/06/2016,137.3,139.3,141.8,,,
14/06/2016,135.1,137.05,139.75,,,
15/06/2016,138.2,140.1,142.7,,,
16/06/2016,139.5,141.45,144.05,,,
17/06/2016,140.75,142.85,145.35,,,
20/06/2016,139.5,141.3,143.8,,,
21/06/2016,138.5,140.95,143.55,,,
22/06/2016,136.95,139.7,142.35,,,
23/06/2016,139.25,142.9,145.55,,,
24/06/2016,134.35,137.15,139.9,,,
27/06/2016,134.5,136.05,138.95,,,
28/06/2016,138.9,140.6,143.25,,,
29/06/2016,142.85,144.45,147.2,,,
30/06/2016,144.1,145.65,148.3,,,
1/07/2016,144.85,146.4,149.15,,,
5/07/2016,144.2,145.55,148.4,,,
6/07/2016,141.95,143.3,146.3,,,
7/07/2016,140.45,141.8,144.8,,,
8/07/2016,142.75,144.1,147.05,,,
11/07/2016,147.95,149.3,152.15,,,
12/07/2016,145.95,147.4,150.25,,,
13/07/2016,146.2,147.65,150.55,,,
14/07/2016,150.3,152.15,155.1,,,
15/07/2016,145.7,147.55,150.5,,,
18/07/2016,147.8,149.45,152.4,,,
19/07/2016,144.65,146.55,149.5,,,
20/07/2016,147,149.95,152.75,,,
21/07/2016,146.85,149.9,152.7,,,
22/07/2016,141.9,145,147.8,,,
25/07/2016,141.1,144.2,147.05,,,
26/07/2016,141.6,144.75,147.65,,,
27/07/2016,141.2,144.35,147.3,,,
28/07/2016,142.15,145.35,148.3,,,
29/07/2016,146.2,149.5,152.4,,,
1/08/2016,143.45,146.75,149.7,,,
2/08/2016,141.25,144.6,147.6,,,
3/08/2016,140.4,143.85,146.95,,,
4/08/2016,142.1,145.7,148.8,,,
5/08/2016,142.5,146.15,149.3,,,
8/08/2016,141.1,144.8,147.95,,,
9/08/2016,141.1,144.75,147.95,,,
10/08/2016,138.65,142.35,145.55,,,
11/08/2016,137.7,141.15,144.4,,,
12/08/2016,136.85,140.35,143.55,,,
15/08/2016,136.95,140.55,143.75,,,
16/08/2016,137.4,140.75,143.9,,,
17/08/2016,135.05,138.1,141.3,,,
18/08/2016,138.15,141.45,144.55,,,
19/08/2016,138.8,141.6,144.8,,,
22/08/2016,144.1,146.4,149.6,,,
23/08/2016,145.3,147.25,150.45,,,
24/08/2016,142.15,143.1,146.3,,,
25/08/2016,143.5,144.45,147.6,,,
26/08/2016,143.9,144.85,148,,,
29/08/2016,144,145.1,148.25,,,
30/08/2016,144.75,146.05,149.25,,,
31/08/2016,145.9,147.05,150.2,,,
1/09/2016,150.1,151.4,154.5,,,
2/09/2016,150.1,151.4,154.5,,,
6/09/2016,152.45,153.75,156.85,,,
7/09/2016,153.85,155.1,158.3,,,
8/09/2016,153.7,154.9,158.15,,,
9/09/2016,149.95,151.15,154.35,,,
12/09/2016,149.7,150.9,154.1,,,
13/09/2016,147.35,148.4,151.6,,,
14/09/2016,147.8,148.9,152.1,,,
15/09/2016,147.6,148.9,152.1,,,
16/09/2016,147.1,148.4,151.65,,,
19/09/2016,151.5,152.8,156,,,
20/09/2016,155.5,156.8,159.9,,,
21/09/2016,156.55,159.75,161.5,,,
22/09/2016,155.25,158.5,160.3,,,
23/09/2016,151.4,154.6,156.45,,,
26/09/2016,153.55,156.85,158.75,,,
27/09/2016,153.7,157,158.85,,,
28/09/2016,153.1,156.4,158.3,,,
29/09/2016,150.15,153.5,155.4,,,
30/09/2016,151.55,154.9,156.7,,,
3/10/2016,147.55,150.9,152.8,,,
4/10/2016,147.45,150.8,152.75,,,
5/10/2016,148.2,151.55,153.5,,,
6/10/2016,146.4,149.75,151.7,,,
7/10/2016,148,151.35,153.3,,,
10/10/2016,152.85,156.25,158.35,,,
11/10/2016,150.8,154.2,156.3,,,
12/10/2016,152.1,155.55,157.65,,,
13/10/2016,152.7,156.15,158.25,,,
14/10/2016,155.4,158.8,160.9,,,
17/10/2016,157.1,160.55,162.55,,,
18/10/2016,158.75,162.2,164.2,,,
19/10/2016,157.85,161.35,163.5,,,
20/10/2016,155.9,159.4,161.65,,,
21/10/2016,156.1,159.6,161.8,,,
24/10/2016,157.9,161.4,163.65,,,
25/10/2016,164.5,167.9,170,,,
26/10/2016,163.7,167.2,169.35,,,
27/10/2016,164.8,168.3,170.4,,,
28/10/2016,165.5,168.95,171.05,,,
31/10/2016,164.15,167.55,169.7,,,
1/11/2016,161.45,165,167.15,,,
2/11/2016,162.9,166.45,168.65,,,
3/11/2016,165.65,169.2,171.4,,,
4/11/2016,171.35,174.9,177,,,
7/11/2016,174.35,177.95,180.15,,,
8/11/2016,167.5,171.2,173.45,,,
9/11/2016,170.1,173.8,176.1,,,
10/11/2016,161.85,165.65,167.95,,,
11/11/2016,159.45,163.1,165.4,,,
14/11/2016,161.8,165.45,167.85,,,
15/11/2016,161.8,165.3,167.7,,,
16/11/2016,161.25,164.4,166.75,,,
17/11/2016,159.3,162.95,165.3,,,
18/11/2016,157.85,162.1,164.35,,,
21/11/2016,158.65,163.3,165.6,,,
22/11/2016,157.25,161.85,164.2,,,
23/11/2016,154.65,157.7,160.1,,,
25/11/2016,152.3,155.4,157.7,,,
28/11/2016,153,156.65,158.9,,,
29/11/2016,149.9,153.05,155.35,,,
30/11/2016,147.5,150.6,152.9,,,
1/12/2016,141.8,144.9,147.2,,,
2/12/2016,141.2,145.8,148.2,,,
5/12/2016,140.2,144.5,146.85,,,
6/12/2016,137.95,142,144.3,,,
7/12/2016,137.9,141.7,144.05,,,
8/12/2016,137.6,141.4,143.75,,,
9/12/2016,135.55,139.35,141.65,,,
12/12/2016,138.05,142,144.25,,,
13/12/2016,138.9,142.85,145.1,,,
14/12/2016,140.25,144.15,146.4,,,
15/12/2016,138.3,142.2,144.45,,,
16/12/2016,138.2,142.45,144.8,,,
19/12/2016,141.2,144.25,146.55,,,
20/12/2016,143.85,146.1,148.35,,,
21/12/2016,144.55,146.75,149.05,,,
22/12/2016,139.1,141.35,143.65,,,
23/12/2016,136.15,138.4,140.7,,,
27/12/2016,134.2,136.5,138.8,,,
28/12/2016,133.5,135.85,138.15,,,
29/12/2016,135.45,137.75,140.05,,,
30/12/2016,137.05,139.4,141.7,,,
3/01/2017,137.4,139.7,142,,,
4/01/2017,141.8,144.1,146.4,,,
5/01/2017,143.75,146.05,148.3,,,
6/01/2017,142.85,145.15,147.45,,,
9/01/2017,144.2,146.55,148.85,,,
10/01/2017,147.7,150.05,152.3,,,
11/01/2017,149,151.4,153.65,,,
12/01/2017,149.6,152,154.3,,,
13/01/2017,149.3,151.7,154,,,
17/01/2017,149.9,152.3,154.6,,,
18/01/2017,149.2,151.55,153.9,,,
19/01/2017,150.75,153.15,155.45,,,
20/01/2017,153.2,155.6,157.9,,,
23/01/2017,155.4,157.8,160.1,,,
24/01/2017,152.35,154.8,157.1,,,
25/01/2017,152.9,155.35,157.65,,,
26/01/2017,151.45,153.95,156.3,,,
27/01/2017,152.4,154.9,157.2,,,
30/01/2017,151.15,153.7,156.05,,,
31/01/2017,149.55,152,154.35,,,
1/02/2017,150.15,152.55,154.85,,,
2/02/2017,145.95,148.5,150.8,,,
3/02/2017,146.25,148.7,151.05,,,
6/02/2017,144.2,146.55,148.85,,,
7/02/2017,142.6,145.05,147.45,,,
8/02/2017,142.9,145.3,147.6,,,
9/02/2017,145.2,147.6,149.8,,,
10/02/2017,145.75,148.15,150.45,,,
13/02/2017,144.25,146.55,148.85,,,
14/02/2017,143.65,145.95,148.25,,,
15/02/2017,144.5,146.95,149.2,,,
16/02/2017,146.3,148.4,150.65,,,
17/02/2017,147.8,149.55,151.8,,,
21/02/2017,150.35,151.85,154.1,,,
22/02/2017,149.2,150.9,153.2,,,
23/02/2017,147.85,149.95,152.2,,,
24/02/2017,144.4,146.25,148.5,,,
27/02/2017,139.1,141.1,143.45,,,
28/02/2017,140.7,142.6,144.9,,,
1/03/2017,142.65,144.8,147.15,,,
2/03/2017,142.2,144.35,146.7,,,
3/03/2017,141.25,143.3,145.6,,,
6/03/2017,139.65,141.45,143.75,,,
7/03/2017,139,140.7,143,,,
8/03/2017,140.05,141.75,144.05,,,
9/03/2017,138.75,140.45,142.8,,,
10/03/2017,139.65,141.35,143.7,,,
13/03/2017,140.5,142.35,144.7,,,
14/03/2017,139.6,141.25,143.6,,,
15/03/2017,139.2,140.9,143.2,,,
16/03/2017,139.75,141.45,143.75,,,
17/03/2017,140.8,142.05,144.35,,,
20/03/2017,144,145.25,147.6,,,
21/03/2017,143.5,144.75,147.1,,,
22/03/2017,141.7,144.05,146.35,,,
23/03/2017,140.5,142.9,145.25,,,
24/03/2017,137.6,140,142.4,,,
27/03/2017,139.2,141.55,143.9,,,
28/03/2017,138.85,141.2,143.55,,,
29/03/2017,139.3,141.7,144.05,,,
30/03/2017,139.3,141.7,144.05,,,
31/03/2017,139.3,141.65,144,,,
3/04/2017,137.85,140.25,142.6,,,
4/04/2017,137.75,140.05,142.4,,,
5/04/2017,137.3,139.6,141.9,,,
6/04/2017,137.75,140.1,142.45,,,
7/04/2017,140.05,142.4,144.75,,,
10/04/2017,139.85,142.15,144.5,,,
11/04/2017,140.2,142.4,144.7,,,
12/04/2017,138.3,140.6,142.85,,,
13/04/2017,138.9,141.25,143.55,,,
17/04/2017,141.1,143.5,145.75,,,
18/04/2017,142.9,145.55,147.85,,,
19/04/2017,138,140.65,143,,,
20/04/2017,131.65,134.3,136.7,,,
21/04/2017,129.85,132.9,135.25,,,
24/04/2017,129.5,131.9,134.25,,,
25/04/2017,129.9,132.4,134.8,,,
26/04/2017,128.15,130.7,133.1,,,
27/04/2017,127.1,129.5,131.9,,,
28/04/2017,131.05,133.4,135.75,,,
1/05/2017,133.6,135.85,138.15,,,
2/05/2017,134,136.25,138.55,,,
3/05/2017,135,137.45,139.7,,,
4/05/2017,132.7,134.95,137.3,,,
5/05/2017,133.1,135.7,138,,,
8/05/2017,134.55,136.9,139.2,,,
9/05/2017,132.8,135.15,137.5,,,
10/05/2017,134.3,136.65,139,,,
11/05/2017,131.9,134.25,136.65,,,
12/05/2017,132.6,134.95,137.3,,,
15/05/2017,131.25,133.45,135.8,,,
16/05/2017,129.25,131.45,133.85,,,
17/05/2017,132.2,134.4,136.75,,,
18/05/2017,127.4,129.65,132.05,,,
19/05/2017,132.1,134.5,137.9,,,
22/05/2017,130.6,132.95,136.45,,,
23/05/2017,130.25,132.65,136.15,,,
24/05/2017,128.55,130.95,134.5,,,
25/05/2017,129.3,131.65,135.2,,,
26/05/2017,131.2,133.55,137.05,,,
30/05/2017,132.1,134.4,137.95,,,
31/05/2017,129.35,131.7,135.25,,,
1/06/2017,127.7,130.05,133.55,,,
2/06/2017,125.55,127.9,131.45,,,
5/06/2017,128.45,130.8,134.3,,,
6/06/2017,125.55,127.9,131.45,,,
7/06/2017,125.75,128.05,131.6,,,
8/06/2017,126.35,128.65,132.15,,,
9/06/2017,126.55,128.85,132.35,,,
12/06/2017,127.6,129.8,133.3,,,
13/06/2017,126.4,128.65,132.1,,,
14/06/2017,125.55,127.75,131.15,,,
15/06/2017,125.8,128.05,131.45,,,
16/06/2017,123.55,125.95,129.35,,,
19/06/2017,124.2,126.6,130.05,,,
20/06/2017,121.95,124.6,128.1,,,
21/06/2017,119.35,122.05,125.6,,,
22/06/2017,113.45,116.5,120.05,,,
23/06/2017,119.95,123,126.55,,,
26/06/2017,121.95,124.5,128.05,,,
27/06/2017,122.75,125.3,128.8,,,
28/06/2017,122.75,124.4,127.85,,,
29/06/2017,124.75,126.35,129.85,,,
30/06/2017,124.05,125.7,129.2,,,
3/07/2017,125.85,127.7,131.1,,,
5/07/2017,127.65,130,133.4,,,
6/07/2017,126.75,129.1,132.6,,,
7/07/2017,126.55,128.9,132.4,,,
10/07/2017,126.25,128.6,132.15,,,
11/07/2017,124.45,126.9,130.45,,,
12/07/2017,126,127.6,131.15,,,
13/07/2017,129.35,131.2,134.8,,,
14/07/2017,131.7,133.7,137.3,,,
17/07/2017,131.55,133.55,137.15,,,
18/07/2017,131.9,134.9,138.45,,,
19/07/2017,131.2,135.8,139.35,,,
20/07/2017,135,138.55,142,,,
21/07/2017,136.55,140.1,143.6,,,
24/07/2017,132.55,136.15,139.65,,,
25/07/2017,130.6,134.2,137.75,,,
26/07/2017,134.8,138.35,141.9,,,
27/07/2017,135.95,139.5,143.05,,,
28/07/2017,137.85,141.4,144.95,,,
31/07/2017,139.25,142.75,146.3,,,
1/08/2017,137.85,141.4,144.95,,,
2/08/2017,140.35,143.95,147.45,,,
3/08/2017,140.2,143.8,147.35,,,
4/08/2017,140.15,143.7,147.25,,,
7/08/2017,142.05,145.55,149.1,,,
8/08/2017,142.75,146.3,149.8,,,
9/08/2017,142.65,146.15,149.7,,,
10/08/2017,138.5,142,145.55,,,
11/08/2017,140.3,143.85,147.4,,,
14/08/2017,136.95,140.5,144,,,
15/08/2017,132,135.55,139.1,,,
16/08/2017,130.95,134.5,138.1,,,
17/08/2017,128.45,132.05,135.6,,,
18/08/2017,128.05,131.7,135.3,,,
21/08/2017,126.4,130.15,133.7,,,
22/08/2017,125.85,129.1,132.7,,,
23/08/2017,126.25,128.7,132.3,,,
24/08/2017,126.7,127.9,131.45,,,
25/08/2017,130.2,131.4,134.9,,,
28/08/2017,129.9,131.35,134.8,,,
29/08/2017,127.3,128.65,132.1,,,
30/08/2017,126.95,128.2,131.7,,,
31/08/2017,128.15,129.35,132.85,,,
1/09/2017,127.75,129.05,132.65,,,
5/09/2017,126.5,127.85,131.35,,,
6/09/2017,126.6,127.9,131.45,,,
7/09/2017,127.9,129.15,132.65,,,
8/09/2017,129.4,130.65,134.15,,,
11/09/2017,130.6,131.85,135.35,,,
12/09/2017,133.8,135.05,138.5,,,
13/09/2017,136.6,137.85,141.3,,,
14/09/2017,135.85,137.65,141.1,,,
15/09/2017,140,141.4,144.85,,,
18/09/2017,138.95,140.35,143.85,,,
19/09/2017,133.95,135.35,138.9,,,
20/09/2017,136.55,140.1,142.4,,,
21/09/2017,135,138.55,140.9,,,
22/09/2017,134.45,138.1,140.45,,,
25/09/2017,131.55,135.15,137.55,,,
26/09/2017,132.25,135.85,138.2,,,
27/09/2017,129.35,132.95,135.3,,,
28/09/2017,128.5,132.1,134.45,,,
29/09/2017,128.05,131.65,134,,,
2/10/2017,127.2,130.75,133.15,,,
3/10/2017,125.45,129,131.4,,,
4/10/2017,125.15,128.7,131.1,,,
5/10/2017,127.2,130.75,133.15,,,
6/10/2017,130,133.6,135.95,,,
9/10/2017,130.95,134.6,137,,,
10/10/2017,131,134.7,137.05,,,
11/10/2017,126.8,130.55,132.9,,,
12/10/2017,126.35,130.1,132.5,,,
13/10/2017,126.45,130.2,132.6,,,
16/10/2017,123.75,127.6,130.05,,,
17/10/2017,124.15,128,130.45,,,
18/10/2017,124.3,128.1,130.55,,,
19/10/2017,126.85,130.6,133.05,,,
20/10/2017,125.25,129,131.45,,,
23/10/2017,124.35,128.1,130.5,,,
24/10/2017,123.2,126.95,129.4,,,
25/10/2017,124.1,127.8,130.3,,,
26/10/2017,124.55,128.15,130.55,,,
27/10/2017,126.6,130.15,132.55,,,
30/10/2017,125.9,129.45,131.85,,,
31/10/2017,125.1,128.6,130.95,,,
1/11/2017,122.95,126.45,128.85,,,
2/11/2017,126.4,129.85,132.15,,,
3/11/2017,123.95,127.5,129.8,,,
6/11/2017,125.55,129.05,131.35,,,
7/11/2017,124.7,128.2,130.5,,,
8/11/2017,125.75,129.2,131.5,,,
9/11/2017,126.4,129.8,132,,,
10/11/2017,127.55,130.9,133.15,,,
13/11/2017,127.6,130.75,133.05,,,
14/11/2017,127.05,130.45,132.7,,,
15/11/2017,126.75,130.1,132.35,,,
16/11/2017,126.7,130.15,132.35,,,
17/11/2017,123.8,127.25,129.55,,,
20/11/2017,122.9,125.75,128,,,
21/11/2017,123.85,126.65,128.9,,,
22/11/2017,124.55,127,129.25,,,
24/11/2017,124.8,127.55,129.85,,,
27/11/2017,125.55,128.2,130.45,,,
28/11/2017,127.45,129.85,132.05,,,
29/11/2017,129.6,132.2,134.4,,,
30/11/2017,126.3,128.5,130.65,,,
1/12/2017,127.55,129.55,131.7,,,
4/12/2017,126.75,128.5,130.7,,,
5/12/2017,125.95,127.4,129.55,,,
6/12/2017,124.85,126.1,128.25,,,
7/12/2017,120.85,122.9,125.15,,,
8/12/2017,120.6,122.6,124.8,,,
11/12/2017,119,120,122.2,,,
12/12/2017,117.05,118.45,120.65,,,
13/12/2017,118.95,120.1,122.25,,,
14/12/2017,119.15,120.3,122.45,,,
15/12/2017,116.95,120.75,122.95,,,
18/12/2017,118.55,121.9,124.15,,,
19/12/2017,121.75,124,126.4,,,
20/12/2017,123.15,125.45,127.85,,,
21/12/2017,122.25,124.55,126.95,,,
22/12/2017,120.4,122.7,125.1,,,
26/12/2017,122.2,124.6,127,,,
27/12/2017,124.5,126.85,129.2,,,
28/12/2017,124.8,127.15,129.5,,,
29/12/2017,126.2,128.55,130.95,,,
2/01/2018,130.2,132.4,134.7,,,
3/01/2018,128.6,130.95,133.3,,,
4/01/2018,129.55,131.9,134.2,,,
5/01/2018,128.45,130.75,133.05,,,
8/01/2018,125.15,127.5,129.8,,,
9/01/2018,125.15,127.55,129.85,,,
10/01/2018,123.95,126.35,128.65,,,
11/01/2018,122.8,125.25,127.6,,,
12/01/2018,122.25,124.7,127.05,,,
16/01/2018,120.45,122.95,125.35,,,
17/01/2018,123.1,125.55,127.95,,,
18/01/2018,121.1,123.55,125.9,,,
19/01/2018,121.25,123.7,126.1,,,
22/01/2018,122.55,125,127.35,,,
23/01/2018,120.95,123.4,125.75,,,
24/01/2018,122.5,124.9,127.3,,,
25/01/2018,123.65,126.05,128.45,,,
26/01/2018,125.15,127.5,129.85,,,
29/01/2018,124.95,127.2,129.55,,,
30/01/2018,122.3,124.65,127.05,,,
31/01/2018,121.85,124.2,126.55,,,
1/02/2018,121.4,123.75,126.15,,,
2/02/2018,120.4,122.75,125.1,,,
5/02/2018,119.8,122.1,124.45,,,
6/02/2018,122.85,125.05,127.4,,,
7/02/2018,123.3,125.45,127.7,,,
8/02/2018,122.85,124.9,127.15,,,
9/02/2018,121.85,123.8,125.95,,,
12/02/2018,121.4,123.5,125.65,,,
13/02/2018,122.75,125.05,127.15,,,
14/02/2018,122.8,125.1,127.2,,,
15/02/2018,121.75,124.15,126.35,,,
16/02/2018,117.95,120.45,122.75,,,
20/02/2018,118.2,119.7,122,,,
21/02/2018,116.95,118.9,121.15,,,
22/02/2018,119.6,120.9,123,,,
23/02/2018,119.45,121,123.15,,,
26/02/2018,120.5,121.9,124.05,,,
27/02/2018,119.95,121.1,123.3,,,
28/02/2018,121.05,122,124.1,,,
1/03/2018,122.45,123.95,126,,,
2/03/2018,120.35,122.2,124.4,,,
5/03/2018,119.2,121.1,123.35,,,
6/03/2018,119.95,121.25,123.45,,,
7/03/2018,119.3,120.75,122.95,,,
8/03/2018,119,120.3,122.6,,,
9/03/2018,118.85,120.15,122.4,,,
12/03/2018,118.15,119.45,121.7,,,
13/03/2018,120.45,121.55,123.8,,,
14/03/2018,119.95,121.05,123.2,,,
15/03/2018,117.65,118.75,120.95,,,
16/03/2018,116.95,118.05,120.2,,,
19/03/2018,118.35,119.35,121.45,,,
20/03/2018,118.95,121.05,123.2,,,
21/03/2018,118.85,121,123.25,,,
22/03/2018,119,121.2,123.4,,,
23/03/2018,117.2,119.4,121.7,,,
26/03/2018,118.15,120.2,122.45,,,
27/03/2018,118.95,121,123.2,,,
28/03/2018,117.75,119.8,122,,,
29/03/2018,118.15,120.2,122.35,,,
2/04/2018,116.4,118.5,120.7,,,
3/04/2018,116.6,118.65,120.8,,,
4/04/2018,116.9,118.9,121.05,,,
5/04/2018,117.55,119.55,121.65,,,
6/04/2018,117.45,119.4,121.4,,,
9/04/2018,118.65,120.55,122.55,,,
10/04/2018,117.6,119.55,121.65,,,
11/04/2018,118.15,120.25,122.3,,,
12/04/2018,117.9,120,122,,,
13/04/2018,117.3,119.5,121.55,,,
16/04/2018,114.25,116.55,118.65,,,
17/04/2018,113.55,115.85,118.1,,,
18/04/2018,114.9,117.15,119.3,,,
19/04/2018,114.25,116.25,118.4,,,
20/04/2018,115.75,117.7,119.8,,,
23/04/2018,117,118.95,121,,,
24/04/2018,118.5,120.45,122.5,,,
25/04/2018,116.85,118.8,120.95,,,
26/04/2018,117.6,119.65,121.75,,,
27/04/2018,120.35,122.4,124.45,,,
30/04/2018,120.65,122.8,124.95,,,
1/05/2018,122.6,124.8,127,,,
2/05/2018,121.6,123.75,126.05,,,
3/05/2018,122.2,124.35,126.7,,,
4/05/2018,120.45,122.6,124.95,,,
7/05/2018,118.2,120.75,123.15,,,
8/05/2018,116.55,119.6,122,,,
9/05/2018,115.5,118.75,121.1,,,
10/05/2018,116.3,119.55,121.85,,,
11/05/2018,115.25,119.4,121.7,,,
14/05/2018,113.65,117.6,119.9,,,
15/05/2018,112.9,116.95,119.25,,,
16/05/2018,113.25,117.3,119.5,,,
17/05/2018,113.85,117.9,120.1,,,
18/05/2018,113.95,118,120.25,,,
21/05/2018,120.2,122.45,125.95,,,
22/05/2018,120.85,123.15,126.7,,,
23/05/2018,119.35,121.65,125.2,,,
24/05/2018,120.55,122.8,126.35,,,
25/05/2018,120.4,122.65,126.2,,,
29/05/2018,120.25,122.4,125.95,,,
30/05/2018,120.3,122.5,126.05,,,
31/05/2018,123.7,125.9,129.45,,,
1/06/2018,122.75,124.95,128.45,,,
4/06/2018,121.5,123.75,127.25,,,
5/06/2018,119.45,121.75,125.3,,,
6/06/2018,118.25,120.55,124,,,
7/06/2018,115.7,118,121.5,,,
8/06/2018,117.25,119.5,123,,,
11/06/2018,117.1,119.2,122.75,,,
12/06/2018,117.35,119.5,123.05,,,
13/06/2018,116.35,118.6,122.1,,,
14/06/2018,115.7,117.95,121.5,,,
15/06/2018,115.2,117.55,121,,,
18/06/2018,114.45,116.7,120.15,,,
19/06/2018,114.1,116.4,119.85,,,
20/06/2018,113.65,116.65,120.1,,,
21/06/2018,112.6,116.25,119.7,,,
22/06/2018,113.85,116.95,120.35,,,
25/06/2018,114.15,117.2,120.6,,,
26/06/2018,114.8,117.7,121.1,,,
27/06/2018,114.3,117.45,120.85,,,
28/06/2018,112.15,115.75,119.2,,,
29/06/2018,111.5,115.1,118.55,,,
2/07/2018,107.8,111.65,115.1,,,
3/07/2018,108.35,111.9,115.3,,,
5/07/2018,106.3,109.15,112.6,,,
6/07/2018,111.25,114.1,117.55,,,
9/07/2018,112.2,115.05,118.5,,,
10/07/2018,111.95,114.8,118.3,,,
11/07/2018,109.2,112.05,115.6,,,
12/07/2018,108.7,111.55,115.1,,,
13/07/2018,107.05,109.9,113.4,,,
16/07/2018,107.45,110.3,113.8,,,
17/07/2018,105.7,109.25,112.75,,,
18/07/2018,104.6,108.15,111.6,,,
19/07/2018,105.25,108.8,112.25,,,
20/07/2018,110.65,114.05,117.7,,,
23/07/2018,111.65,115.05,118.65,,,
24/07/2018,110.95,114.25,117.85,,,
25/07/2018,111,114.35,117.9,,,
26/07/2018,109.55,112.85,116.35,,,
27/07/2018,110.45,113.6,117.15,,,
30/07/2018,111.4,114.6,118.05,,,
31/07/2018,109.9,113.1,116.6,,,
1/08/2018,108.05,111.3,114.85,,,
2/08/2018,106.7,110.1,113.65,,,
3/08/2018,107.75,111.1,114.6,,,
6/08/2018,108.75,112,115.5,,,
7/08/2018,109.05,112.2,115.55,,,
8/08/2018,107.85,111,114.3,,,
9/08/2018,107.65,110.75,113.95,,,
10/08/2018,107,110.05,113.3,,,
13/08/2018,106.25,109.3,112.55,,,
14/08/2018,105.05,108.5,111.75,,,
15/08/2018,102.4,106,109.25,,,
16/08/2018,101.7,105.35,108.55,,,
17/08/2018,101.2,104.7,107.95,,,
20/08/2018,97.25,100.95,104.35,,,
21/08/2018,97.95,101.8,105.15,,,
22/08/2018,96.4,100.9,104.25,,,
23/08/2018,97.2,101.5,104.8,,,
24/08/2018,100.55,104.7,108,,,
27/08/2018,101.85,105.75,109.05,,,
28/08/2018,99.25,103.05,106.4,,,
29/08/2018,98.65,102.9,106.25,,,
30/08/2018,98.95,102.65,106,,,
31/08/2018,98.1,101.8,105.1,,,
4/09/2018,97.75,101.45,104.75,,,
5/09/2018,100.1,103.8,107.1,,,
6/09/2018,97.95,102.2,105.55,,,
7/09/2018,98.8,102.45,105.8,,,
10/09/2018,97.5,101.25,104.65,,,
11/09/2018,96.2,100.45,103.85,,,
12/09/2018,97.85,102.1,105.5,,,
13/09/2018,96.4,100.65,104.05,,,
14/09/2018,95.45,99.7,103.15,,,
17/09/2018,93.45,97.3,100.75,,,
18/09/2018,92,95.85,99.2,,,
19/09/2018,96.7,100.05,102.45,,,
20/09/2018,99.75,103.1,105.45,,,
21/09/2018,99.9,103.3,105.75,,,
24/09/2018,98.5,101.9,104.35,,,
25/09/2018,97.1,100.45,102.9,,,
26/09/2018,97.75,101.15,103.5,,,
27/09/2018,99.3,102.65,105,,,
28/09/2018,102.45,105.85,108.25,,,
1/10/2018,102.2,105.6,107.95,,,
2/10/2018,107.65,111,113.4,,,
3/10/2018,106.6,110.05,112.4,,,
4/10/2018,106.95,110.4,112.8,,,
5/10/2018,108.95,112.4,114.85,,,
8/10/2018,111.85,115.35,117.8,,,
9/10/2018,113.15,116.7,119.15,,,
10/10/2018,111.9,115.5,117.95,,,
11/10/2018,112.9,116.5,118.95,,,
12/10/2018,116.55,120.1,122.5,,,
15/10/2018,119.35,122.95,125.35,,,
16/10/2018,117.65,121.3,123.7,,,
17/10/2018,122.55,126.25,128.7,,,
18/10/2018,122.05,125.85,128.35,,,
19/10/2018,122.1,125.9,128.4,,,
22/10/2018,117.65,121.45,124,,,
23/10/2018,121.1,124.85,127.4,,,
24/10/2018,120.25,124.05,126.65,,,
25/10/2018,121.15,125.05,127.6,,,
26/10/2018,119.65,123.4,125.95,,,
29/10/2018,114.25,118.05,120.6,,,
30/10/2018,112.4,116.25,118.75,,,
31/10/2018,112.7,116.45,119,,,
1/11/2018,117.8,121.5,124.05,,,
2/11/2018,120.05,123.85,126.45,,,
5/11/2018,117.1,121.05,123.65,,,
6/11/2018,113.25,117.65,120.45,,,
7/11/2018,115.6,119.45,122.3,,,
8/11/2018,116.65,120.2,123,,,
9/11/2018,113.85,117.5,120.4,,,
12/11/2018,110.15,114,116.9,,,
13/11/2018,109.2,112.75,115.6,,,
14/11/2018,112.65,116.2,119.05,,,
15/11/2018,110.05,113.8,116.6,,,
16/11/2018,112.6,116.3,119.1,,,
19/11/2018,112.35,116.65,119.45,,,
20/11/2018,110.65,114.9,117.75,,,
21/11/2018,110.3,114.1,116.95,,,
23/11/2018,107.15,110.95,113.8,,,
26/11/2018,107,110.8,113.65,,,
27/11/2018,109.5,113.3,116.15,,,
28/11/2018,110.1,113.9,116.7,,,
29/11/2018,108.5,112.3,115.15,,,
30/11/2018,103.25,107.55,110.45,,,
3/12/2018,103.5,107.8,110.7,,,
4/12/2018,101.9,106.9,109.8,,,
5/12/2018,100.95,105.95,108.85,,,
6/12/2018,100.65,105.95,109.1,,,
7/12/2018,98.8,104.1,107.2,,,
10/12/2018,100.45,105.15,108.3,,,
11/12/2018,97.65,102.35,105.6,,,
12/12/2018,97.75,103.05,106.1,,,
13/12/2018,98.8,104.1,107.2,,,
14/12/2018,96.95,102.25,105.4,,,
17/12/2018,94.7,100.1,103.35,,,
18/12/2018,94.35,99.4,102.65,,,
19/12/2018,100.85,104,106.8,,,
20/12/2018,102.5,105.65,108.4,,,
21/12/2018,99.7,102.9,105.7,,,
24/12/2018,102.2,105.3,108.15,,,
26/12/2018,103.9,107,109.8,,,
27/12/2018,101.75,104.9,107.75,,,
28/12/2018,100.95,104.1,106.95,,,
31/12/2018,101.85,104.95,107.8,,,
2/01/2019,99.5,102.65,105.45,,,
3/01/2019,102.15,105.15,107.95,,,
4/01/2019,101.6,104.65,107.5,,,
7/01/2019,102.75,105.75,108.55,,,
8/01/2019,105.05,108.1,110.95,,,
9/01/2019,105.3,108.5,111.4,,,
10/01/2019,104.25,107.65,110.6,,,
11/01/2019,103.85,107.2,110.1,,,
14/01/2019,102.75,106.25,109.15,,,
15/01/2019,101.3,104.55,107.35,,,
16/01/2019,102.4,105.55,108.25,,,
17/01/2019,102.4,105.55,108.25,,,
18/01/2019,104.95,108.05,110.75,,,
22/01/2019,103.35,106.6,109.35,,,
23/01/2019,103.4,106.65,109.4,,,
24/01/2019,105.3,108.45,111.2,,,
25/01/2019,106.8,109.9,112.65,,,
28/01/2019,102.65,105.8,108.55,,,
29/01/2019,102.6,105.75,108.55,,,
30/01/2019,102.1,105.3,108.1,,,
31/01/2019,105.9,109,111.75,,,
1/02/2019,103.7,106.8,109.55,,,
4/02/2019,105.6,108.65,111.3,,,
5/02/2019,104.85,107.95,110.55,,,
6/02/2019,105.5,108.55,111.15,,,
7/02/2019,104.3,107.3,109.85,,,
8/02/2019,102.6,105.6,108.3,,,
11/02/2019,100.2,103.3,106,,,
12/02/2019,100.45,103.55,106.25,,,
13/02/2019,98.9,102.3,104.95,,,
14/02/2019,97.85,101.45,104.05,,,
15/02/2019,97.95,101.65,104.3,,,
19/02/2019,97.2,100.85,103.55,,,
20/02/2019,97.55,101.4,104.15,,,
21/02/2019,96.1,99.45,102.15,,,
22/02/2019,96.45,100,102.65,,,
25/02/2019,96.4,99.85,102.6,,,
26/02/2019,93.55,96.8,99.6,,,
27/02/2019,95.7,98.95,101.7,,,
28/02/2019,95.2,98.45,101.15,,,
1/03/2019,96.95,100.2,102.85,,,
4/03/2019,94.1,97.35,100,,,
5/03/2019,96.45,99.65,102.3,,,
6/03/2019,95.5,98.7,101.3,,,
7/03/2019,93.65,96.85,99.55,,,
8/03/2019,95.3,98.5,101.2,,,
11/03/2019,94,97.2,100,,,
12/03/2019,92.8,96,98.75,,,
13/03/2019,94.45,97.65,100.35,,,
14/03/2019,93.95,97.15,99.8,,,
15/03/2019,94.6,97.8,100.45,,,
18/03/2019,93.65,96.85,99.55,,,
19/03/2019,93.45,96.65,99.4,,,
20/03/2019,94.75,97.45,100.25,,,
21/03/2019,94.8,97.55,100.3,,,
22/03/2019,93.9,96.65,99.4,,,
25/03/2019,94.25,96.9,99.7,,,
26/03/2019,95.35,97.95,100.65,,,
27/03/2019,93.85,96.45,99.2,,,
28/03/2019,94,96.6,99.35,,,
29/03/2019,94.5,97.05,99.75,,,
1/04/2019,92.1,94.6,97.3,,,
2/04/2019,91.65,94.2,96.9,,,
3/04/2019,95.35,97.85,100.45,,,
4/04/2019,95.3,97.8,100.3,,,
5/04/2019,93.2,95.75,98.2,,,
8/04/2019,92.95,95.5,98,,,
9/04/2019,93.65,96.1,98.5,,,
10/04/2019,94.25,96.75,99.2,,,
11/04/2019,90.25,92.7,95.3,,,
12/04/2019,90.4,92.95,95.55,,,
15/04/2019,91.4,93.9,96.4,,,
16/04/2019,90.5,92.95,95.55,,,
17/04/2019,87.05,89.65,92.25,,,
18/04/2019,90.2,92.9,95.4,,,
22/04/2019,91.1,92.85,95.35,,,
23/04/2019,91.5,93.25,95.7,,,
24/04/2019,90.45,92.35,94.8,,,
25/04/2019,92.05,93.35,95.75,,,
26/04/2019,92.7,94.1,96.5,,,
29/04/2019,91.35,92.65,95,,,
30/04/2019,91.85,93.15,95.45,,,
1/05/2019,89.8,91.1,93.5,,,
2/05/2019,90.25,91.55,93.95,,,
3/05/2019,89.25,90.6,92.95,,,
6/05/2019,88.8,90.15,92.55,,,
7/05/2019,86.65,88,90.4,,,
8/05/2019,87.2,88.55,90.85,,,
9/05/2019,89.5,90.85,93.1,,,
10/05/2019,89.45,90.8,93.1,,,
13/05/2019,88.25,89.6,92,,,
14/05/2019,89.55,90.95,93.3,,,
15/05/2019,89.9,91.3,93.55,,,
16/05/2019,90,91.65,93.9,,,
17/05/2019,87.35,89,91.35,,,
20/05/2019,88.25,89.9,92.25,,,
21/05/2019,92.9,95.15,98.65,,,
22/05/2019,91.75,94.15,97.65,,,
23/05/2019,93.5,95.8,99.3,,,
24/05/2019,93.3,95.6,99.1,,,
28/05/2019,96.05,98.3,101.8,,,
29/05/2019,99.5,101.75,105.3,,,
30/05/2019,102.35,104.7,108.15,,,
31/05/2019,104.6,107.1,110.65,,,
3/06/2019,103.75,106.3,109.95,,,
4/06/2019,105.65,108.2,111.75,,,
5/06/2019,99.1,101.75,105.4,,,
6/06/2019,102.05,104.6,108.25,,,
7/06/2019,100.95,103.6,107.3,,,
10/06/2019,98.6,101.15,104.9,,,
11/06/2019,97,99.5,103.25,,,
12/06/2019,99.05,101.5,105.25,,,
13/06/2019,97.35,99.75,103.55,,,
14/06/2019,96,98.05,101.75,,,
17/06/2019,96.05,98.25,101.9,,,
18/06/2019,94.3,96.6,100.25,,,
19/06/2019,96.25,97.95,101.5,,,
20/06/2019,101.05,101.8,105.35,,,
21/06/2019,99.8,100.65,104.25,,,
24/06/2019,102,103,106.5,,,
25/06/2019,106.45,107.45,111.05,,,
26/06/2019,104.9,106.05,109.6,,,
27/06/2019,105.55,106.7,110.3,,,
28/06/2019,108.25,109.45,113.05,,,
1/07/2019,110.15,111.35,114.95,,,
2/07/2019,108.25,109.65,113.35,,,
3/07/2019,112.25,113.65,117.35,,,
5/07/2019,109.45,111.1,114.8,,,
8/07/2019,104.75,106.4,110.2,,,
9/07/2019,105.9,107.45,111.3,,,
10/07/2019,104.35,105.9,109.7,,,
11/07/2019,105.5,106.95,110.75,,,
12/07/2019,105.2,106.65,110.4,,,
15/07/2019,108.8,110.25,114,,,
16/07/2019,104.1,105.55,109.35,,,
17/07/2019,105.95,107.4,111.2,,,
18/07/2019,107.15,108.6,112.45,,,
19/07/2019,105.85,107.3,111.15,,,
22/07/2019,105.1,108.95,112.65,,,
23/07/2019,102.3,106.15,109.85,,,
24/07/2019,101,104.7,108.4,,,
25/07/2019,100.65,104.35,108.05,,,
26/07/2019,99.75,103.4,107.1,,,
29/07/2019,101.15,104.75,108.5,,,
30/07/2019,99.5,103.1,106.8,,,
31/07/2019,99.65,103.3,107.05,,,
1/08/2019,97.25,100.8,104.5,,,
2/08/2019,98.15,101.7,105.25,,,
5/08/2019,95.65,99.15,102.75,,,
6/08/2019,97.05,100.6,104.15,,,
7/08/2019,96.9,100.3,103.85,,,
8/08/2019,97.4,100.85,104.35,,,
9/08/2019,97.3,100.7,104.25,,,
12/08/2019,93.75,97.3,100.95,,,
13/08/2019,96.35,99.7,103.3,,,
14/08/2019,94.45,97.9,101.5,,,
15/08/2019,94.55,98,101.5,,,
16/08/2019,92.85,96.35,99.9,,,
19/08/2019,91.15,94.8,98.4,,,
20/08/2019,91.45,95.25,98.8,,,
21/08/2019,92.85,96.65,100.3,,,
22/08/2019,93.5,97.3,100.9,,,
23/08/2019,92.6,96.05,99.65,,,
26/08/2019,94.15,97.5,101.1,,,
27/08/2019,93.8,97.15,100.75,,,
28/08/2019,94.2,97.55,101.05,,,
29/08/2019,91.9,95.25,98.8,,,
30/08/2019,93.6,96.85,100.3,,,
3/09/2019,92.35,95.55,99,,,
4/09/2019,93.4,96.6,100.05,,,
5/09/2019,92.2,95.4,98.8,,,
6/09/2019,93.85,97.05,100.45,,,
9/09/2019,95,98.25,101.65,,,
10/09/2019,98.35,101.6,105,,,
11/09/2019,100.15,103.4,106.9,,,
12/09/2019,100.35,103.6,107.15,,,
13/09/2019,99.5,102.75,106.3,,,
16/09/2019,100.8,104.3,107.85,,,
17/09/2019,96.85,100.35,103.95,,,
18/09/2019,96.85,100.35,103.95,,,
19/09/2019,98.35,101.95,104.25,,,
20/09/2019,98.4,101.9,104.2,,,
23/09/2019,99,102.5,104.8,,,
24/09/2019,99.15,102.6,104.9,,,
25/09/2019,100.95,104.45,106.7,,,
26/09/2019,100.85,104.35,106.6,,,
27/09/2019,100.9,104.45,106.7,,,
30/09/2019,101.15,104.7,107,,,
1/10/2019,101.35,104.95,107.25,,,
2/10/2019,100.6,104.2,106.5,,,
3/10/2019,102.05,105.65,107.95,,,
4/10/2019,99,102.55,104.9,,,
7/10/2019,97,100.65,102.95,,,
8/10/2019,95.7,99.35,101.65,,,
9/10/2019,95.45,99.1,101.4,,,
10/10/2019,93.5,97.15,99.55,,,
11/10/2019,93.7,97.35,99.7,,,
14/10/2019,94.85,98.45,100.75,,,
15/10/2019,94.45,97.95,100.2,,,
16/10/2019,93.55,97.05,99.35,,,
17/10/2019,92.9,96.4,98.7,,,
18/10/2019,95.7,99.1,101.35,,,
21/10/2019,96.35,99.7,101.9,,,
22/10/2019,98.9,102.3,104.5,,,
23/10/2019,97.75,101.2,103.35,,,
24/10/2019,96.45,99.9,102.1,,,
25/10/2019,99.45,102.85,104.95,,,
28/10/2019,100.5,103.95,106.1,,,
29/10/2019,98.95,102.5,104.7,,,
30/10/2019,99.35,102.8,104.9,,,
31/10/2019,101.95,105.45,107.55,,,
1/11/2019,104,107.55,109.65,,,
4/11/2019,103.65,107.25,109.5,,,
5/11/2019,105.8,109.45,111.65,,,
6/11/2019,108,111.55,113.8,,,
7/11/2019,109.1,112.6,114.95,,,
8/11/2019,109.45,112.85,115.2,,,
11/11/2019,106,109.45,111.75,,,
12/11/2019,105.6,108.9,111.25,,,
13/11/2019,107.95,111.15,113.5,,,
14/11/2019,108.05,111.5,113.85,,,
15/11/2019,106.15,109.65,112,,,
18/11/2019,105.55,109.2,111.55,,,
19/11/2019,102.7,106.15,108.5,,,
20/11/2019,109.7,110.95,113.15,,,
21/11/2019,115.25,116.25,118.6,,,
22/11/2019,114.6,115.65,117.95,,,
25/11/2019,117.8,118.9,121.15,,,
26/11/2019,115.7,116.85,119.15,,,
27/11/2019,117.3,118.45,120.75,,,
29/11/2019,118.55,119.05,121.25,,,
2/12/2019,121.5,122,124.25,,,
3/12/2019,122.85,123.8,126.05,,,
4/12/2019,120.6,121.25,123.5,,,
5/12/2019,123.95,124.85,127,,,
6/12/2019,123.7,124.8,126.95,,,
9/12/2019,127.3,128.4,130.55,,,
10/12/2019,132.05,133.3,135.4,,,
11/12/2019,133.85,135.2,137.35,,,
12/12/2019,135.9,137.25,139.4,,,
13/12/2019,129.45,130.9,133,,,
16/12/2019,135.8,138.95,141,,,
17/12/2019,132.2,133.7,135.85,,,
18/12/2019,131.7,133.2,135.4,,,
19/12/2019,127.2,129.4,131.4,,,
20/12/2019,130.7,132.95,134.95,,,
23/12/2019,125.3,127.5,129.55,,,
24/12/2019,129.4,131.55,133.65,,,
26/12/2019,127.3,129.5,131.55,,,
27/12/2019,132.5,134.65,136.75,,,
30/12/2019,132.15,134.35,136.45,,,
31/12/2019,129.7,131.9,133.95,,,
2/01/2020,127.1,129.4,131.45,,,
3/01/2020,126.35,128.65,130.75,,,
6/01/2020,122.15,124.5,126.65,,,
7/01/2020,122.4,124.7,126.95,,,
8/01/2020,119.15,121.45,123.7,,,
9/01/2020,117.35,119.7,122,,,
10/01/2020,118.95,121.3,123.6,,,
13/01/2020,114.55,116.9,119.25,,,
14/01/2020,114.9,117.25,119.55,,,
15/01/2020,114.3,116.65,118.9,,,
16/01/2020,112.95,115.25,117.55,,,
17/01/2020,112.15,114.45,116.75,,,
21/01/2020,111.05,113.35,115.65,,,
22/01/2020,111,113.25,115.5,,,
23/01/2020,112.6,114.8,117.05,,,
24/01/2020,110.15,112.4,114.65,,,
27/01/2020,106.6,108.85,111.15,,,
28/01/2020,105.05,107.3,109.55,,,
29/01/2020,102.05,104.25,106.55,,,
30/01/2020,101.5,103.65,105.95,,,
31/01/2020,102.65,104.9,107.15,,,
3/02/2020,97.9,100.2,102.5,,,
4/02/2020,98.15,100.35,102.6,,,
5/02/2020,97.75,99.85,102.1,,,
6/02/2020,98.15,100.35,102.55,,,
7/02/2020,98.35,100.5,102.7,,,
10/02/2020,100.3,102.1,104.25,,,
11/02/2020,100.5,102.55,104.7,,,
12/02/2020,100.65,102.75,104.85,,,
13/02/2020,104.45,106.7,108.75,,,
14/02/2020,109.1,111.35,113.4,,,
18/02/2020,106.55,108.85,111.05,,,
19/02/2020,106.8,109,111.15,,,
20/02/2020,103.6,104.95,107.1,,,
21/02/2020,108.85,110.25,112.35,,,
24/02/2020,105.9,106.9,109.05,,,
25/02/2020,107.1,108.5,110.6,,,
26/02/2020,109.1,110.65,112.7,,,
27/02/2020,108.2,109.75,111.7,,,
28/02/2020,110.1,111.35,113.25,,,
2/03/2020,114.65,115.6,117.5,,,
3/03/2020,121.05,122.2,124.2,,,
4/03/2020,117.15,118.4,120.4,,,
5/03/2020,109.85,111.35,113.3,,,
6/03/2020,105.6,107.4,109.3,,,
9/03/2020,108.95,109.2,111.15,,,
10/03/2020,114.25,114.35,116.15,,,
11/03/2020,111.55,112.05,113.9,,,
12/03/2020,109.15,108.85,110.45,,,
13/03/2020,107.05,106.75,108.45,,,
16/03/2020,103.9,103.9,105.5,,,
17/03/2020,102.9,102.6,104,,,
18/03/2020,108.05,108.3,108.15,,,
19/03/2020,116.65,112.7,113.45,,,
20/03/2020,119.7,119.75,120.1,,,
23/03/2020,121.25,122,122.45,,,
24/03/2020,125.6,125.4,125.45,,,
25/03/2020,129.95,128.95,128.95,,,
26/03/2020,124.65,124.15,124.6,,,
27/03/2020,115.85,116.75,117.25,,,
30/03/2020,119.3,120.1,120.9,,,
31/03/2020,119.55,120.35,121.05,,,
1/04/2020,116,117.35,118.3,,,
2/04/2020,119.35,120.7,121.7,,,
3/04/2020,114.9,116.5,117.6,,,
6/04/2020,116.65,117.9,118.95,,,
7/04/2020,119.9,121.05,122.35,,,
8/04/2020,119.8,120.9,122.15,,,
9/04/2020,118.6,119.75,120.95,,,
13/04/2020,119.75,120.6,121.75,,,
14/04/2020,117.2,118.35,119.55,,,
15/04/2020,120.2,121.2,122.25,,,
16/04/2020,118.6,119.7,120.7,,,
17/04/2020,116.05,117.55,118.7,,,
20/04/2020,113.65,115.25,116.5,,,
21/04/2020,109.65,111.5,112.7,,,
22/04/2020,110.6,112.05,113,,,
23/04/2020,111.05,112.4,113.3,,,
24/04/2020,105.2,106.75,107.85,,,
27/04/2020,104.6,106.2,107.3,,,
28/04/2020,105.7,107.6,108.6,,,
29/04/2020,103.65,105.3,106.6,,,
30/04/2020,104.65,106.3,107.5,,,
1/05/2020,104.45,106.1,107.25,,,
4/05/2020,105.55,107.2,108.45,,,
5/05/2020,108.85,110.65,111.85,,,
6/05/2020,109.35,110.6,111.9,,,
7/05/2020,107.45,109,110.1,,,
8/05/2020,110.1,111.65,112.7,,,
11/05/2020,108.95,110.75,111.85,,,
12/05/2020,105.6,107.35,108.55,,,
13/05/2020,103.55,105.05,106.35,,,
14/05/2020,104.9,106.7,107.95,,,
15/05/2020,104.8,106.85,108,,,
18/05/2020,105.7,107.75,109,,,
19/05/2020,107.05,108.4,110.2,,,
20/05/2020,105.65,107.05,108.95,,,
21/05/2020,104.75,106.3,108.4,,,
22/05/2020,103.6,105.2,107.35,,,
26/05/2020,105.1,106.65,108.75,,,
27/05/2020,102.5,104.2,106.35,,,
28/05/2020,99.1,100.9,103.2,,,
29/05/2020,96.3,98.15,100.55,,,
1/06/2020,98.3,100,102.25,,,
2/06/2020,98.2,99.75,102.1,,,
3/06/2020,99.1,100.55,102.8,,,
4/06/2020,98.15,99.7,102,,,
5/06/2020,98.9,100.65,103,,,
8/06/2020,98.9,100.7,102.9,,,
9/06/2020,97.8,99.7,101.85,,,
10/06/2020,96.75,98.55,100.8,,,
11/06/2020,96,97.7,100,,,
12/06/2020,95.2,97,99.25,,,
15/06/2020,94,95.9,98.1,,,
16/06/2020,93.65,95.6,97.8,,,
17/06/2020,96.25,98.15,100.3,,,
18/06/2020,94.6,96.75,98.85,,,
19/06/2020,93.75,95.9,98.15,,,
22/06/2020,95.95,98,100.2,,,
23/06/2020,96.25,98.2,100.4,,,
24/06/2020,96.65,97.8,100.05,,,
25/06/2020,94.85,95.8,98.25,,,
26/06/2020,95.65,96.65,98.95,,,
29/06/2020,98.65,100.1,102.5,,,
30/06/2020,100.05,101,103.45,,,
1/07/2020,103.05,104,106.55,,,
2/07/2020,102.25,103.2,105.9,,,
6/07/2020,97.2,98.15,100.9,,,
7/07/2020,99.25,100.3,102.9,,,
8/07/2020,98.95,100,102.55,,,
9/07/2020,97.7,98.75,101.35,,,
10/07/2020,96.15,97.4,100.05,,,
13/07/2020,97.4,98.65,101.25,,,
14/07/2020,96.7,97.95,100.55,,,
15/07/2020,95.95,97.2,99.8,,,
16/07/2020,97.1,98.35,100.9,,,
17/07/2020,101.05,102.3,104.8,,,
20/07/2020,98.5,99.75,102.45,,,
21/07/2020,100.5,101.75,104.5,,,
22/07/2020,108.35,111,113,,,
23/07/2020,107.5,110.3,112.35,,,
24/07/2020,108.4,111.3,113.3,,,
27/07/2020,110.4,113.3,115.2,,,
28/07/2020,109.65,112.6,114.55,,,
29/07/2020,111.6,114.5,116.35,,,
30/07/2020,115.35,118.25,119.9,,,
31/07/2020,118.95,121.6,123.15,,,
3/08/2020,117.9,120.5,122.3,,,
4/08/2020,121.05,123.45,125.35,,,
5/08/2020,121.55,123.4,125.4,,,
6/08/2020,117,118.95,121.1,,,
7/08/2020,115.45,117.9,120.1,,,
10/08/2020,112.6,115.3,117.55,,,
11/08/2020,111.35,113.6,115.95,,,
12/08/2020,112.05,114.25,116.5,,,
13/08/2020,116.2,118.1,120.35,,,
14/08/2020,114.7,116.45,118.45,,,
17/08/2020,115.55,117.45,119.4,,,
18/08/2020,119.3,121.05,122.85,,,
19/08/2020,118.45,119.35,121.25,,,
20/08/2020,118.55,118.95,120.8,,,
21/08/2020,120.1,119.8,121.6,,,
24/08/2020,120.25,120.15,121.85,,,
25/08/2020,123.2,122.95,124.45,,,
26/08/2020,122.8,122.1,123.5,,,
27/08/2020,122.95,122.35,123.7,,,
28/08/2020,127.1,126.35,127.35,,,
31/08/2020,129.8,129.05,129.8,,,
1/09/2020,131.9,131.4,131.75,,,
2/09/2020,131.5,131.3,131.8,,,
3/09/2020,131.6,131.2,131.65,,,
4/09/2020,134.8,134,134.55,,,
8/09/2020,132.8,132.1,132.75,,,
9/09/2020,129.65,128.85,129.65,,,
10/09/2020,132.5,131.7,132.6,,,
11/09/2020,133.35,132.45,133.4,,,
14/09/2020,123.55,123.05,124.3,,,
15/09/2020,122.2,121.8,123.3,,,
16/09/2020,120.55,119.85,121.55,,,
17/09/2020,118.1,118,119.65,,,
18/09/2020,113.6,113.5,115.3,,,
21/09/2020,112,113.85,115.35,,,
22/09/2020,110.65,112.45,113.95,,,
23/09/2020,110.5,112.25,113.7,,,
24/09/2020,111.15,112.85,114.3,,,
25/09/2020,113.65,115.2,116.6,,,
28/09/2020,109.55,111.25,112.7,,,
29/09/2020,109.55,111.4,112.8,,,
30/09/2020,110.95,112.7,114.1,,,
1/10/2020,107.05,109.2,110.65,,,
2/10/2020,108.95,110.95,112.35,,,
5/10/2020,107.2,109.4,110.95,,,
6/10/2020,107.65,109.85,111.45,,,
7/10/2020,109.6,111.8,113.4,,,
8/10/2020,110.25,112.55,114.05,,,
9/10/2020,111.55,113.8,115.2,,,
12/10/2020,109.15,111.5,112.95,,,
13/10/2020,110.1,112.6,114.1,,,
14/10/2020,109.6,112.2,113.7,,,
15/10/2020,109.5,112.1,113.6,,,
16/10/2020,107.25,110,111.4,,,
19/10/2020,106.05,108.95,110.5,,,
20/10/2020,104.9,107.8,109.45,,,
21/10/2020,104.15,107,108.65,,,
22/10/2020,106.7,109.4,111.1,,,
23/10/2020,105.6,108.4,110.05,,,
26/10/2020,106.65,109.35,111.05,,,
27/10/2020,106.95,109.55,111.25,,,
28/10/2020,105,107.7,109.4,,,
29/10/2020,104.6,107.2,108.9,,,
30/10/2020,104.4,106.85,108.6,,,
2/11/2020,102.8,105.35,107.1,,,
3/11/2020,103.45,106.05,107.8,,,
4/11/2020,103,105.65,107.35,,,
5/11/2020,105.95,108.45,110.1,,,
6/11/2020,106.95,109.45,111.2,,,
9/11/2020,106.85,109.55,111.35,,,
10/11/2020,107.3,110,111.85,,,
11/11/2020,109.1,111.95,113.8,,,
12/11/2020,110.1,112.95,114.8,,,
13/11/2020,109.25,112.2,114.1,,,
16/11/2020,115.65,118.75,120.55,,,
17/11/2020,116.2,119.5,121.35,,,
18/11/2020,119.75,122.85,124.7,,,
19/11/2020,120.65,123.2,125.05,,,
20/11/2020,115.5,118.05,119.95,,,
23/11/2020,114.45,117.05,118.95,,,
24/11/2020,113.15,115.9,117.85,,,
25/11/2020,114.5,117.15,119,,,
27/11/2020,121.7,124.2,125.85,,,
30/11/2020,120.7,123.3,125.1,,,
1/12/2020,115.65,118.45,120.4,,,
2/12/2020,116.85,119.1,120.9,,,
3/12/2020,117.65,120.05,121.8,,,
4/12/2020,115.35,117.55,119.35,,,
7/12/2020,116.95,119.1,120.8,,,
8/12/2020,117.1,119.25,120.95,,,
9/12/2020,114.9,117.05,118.8,,,
10/12/2020,118.55,121.05,122.85,,,
11/12/2020,119.1,121.6,123.4,,,
14/12/2020,123.55,126.15,127.95,,,
15/12/2020,123.1,124.65,126.5,,,
16/12/2020,125.05,126.6,128.45,,,
17/12/2020,125.05,126.6,128.5,,,
18/12/2020,123.7,125.25,127.1,,,
21/12/2020,124.3,126.2,127.7,,,
22/12/2020,124.2,126.15,127.7,,,
23/12/2020,124.55,126.45,128,,,
24/12/2020,125.95,127.85,129.45,,,
28/12/2020,123.35,125.3,126.9,,,
29/12/2020,125.4,127.3,128.95,,,
30/12/2020,125.4,127.3,129,,,
31/12/2020,128.25,130.15,131.85,,,
4/01/2021,126.15,128.1,129.8,,,
5/01/2021,125.1,127.1,128.9,,,
6/01/2021,120.9,122.95,124.75,,,
7/01/2021,121.1,123.1,124.95,,,
8/01/2021,123.7,125.75,127.6,,,
11/01/2021,121.45,123.55,125.4,,,
12/01/2021,121.4,123.45,125.35,,,
13/01/2021,125.25,127.25,129.15,,,
14/01/2021,127.35,129.4,131.25,,,
15/01/2021,128.15,130.25,132.15,,,
19/01/2021,127.15,129.25,131.1,,,
20/01/2021,125.2,127.3,129.2,,,
21/01/2021,126.45,128.5,130.4,,,
22/01/2021,124.05,126.2,128.1,,,
25/01/2021,123.25,125.4,127.35,,,
26/01/2021,124.5,126.6,128.55,,,
27/01/2021,125.5,127.55,129.45,,,
28/01/2021,124,126.1,128,,,
29/01/2021,122.95,125,126.95,,,
1/02/2021,125.35,127.4,129.25,,,
2/02/2021,123.4,125.55,127.5,,,
3/02/2021,123.95,126.1,128.05,,,
4/02/2021,124.05,126.15,128.1,,,
5/02/2021,124.5,126.65,128.55,,,
8/02/2021,124.1,126.25,128.15,,,
9/02/2021,122.95,125,126.95,,,
10/02/2021,121.1,123.15,125.1,,,
11/02/2021,121.2,123.05,124.95,,,
12/02/2021,121.15,123.05,125,,,
16/02/2021,124.35,126.2,128.1,,,
17/02/2021,125.7,127.4,129.25,,,
18/02/2021,127.6,129.3,131.2,,,
19/02/2021,127.5,129.15,131,,,
22/02/2021,133.45,134.95,136.7,,,
23/02/2021,136.85,138.3,140.05,,,
24/02/2021,135.65,137.25,139.05,,,
25/02/2021,139.2,140.05,141.85,,,
26/02/2021,136.85,137.5,139.3,,,
1/03/2021,135.15,135.8,137.75,,,
2/03/2021,133.2,133.85,135.8,,,
3/03/2021,131.15,132.8,134.75,,,
4/03/2021,128.4,132.15,134.05,,,
5/03/2021,128.75,128.85,130.85,,,
8/03/2021,129.05,129.15,131.15,,,
9/03/2021,128.9,130.4,132.4,,,
10/03/2021,129.35,130.85,132.85,,,
11/03/2021,131.8,132.35,134.35,,,
12/03/2021,132.45,133,134.95,,,
15/03/2021,131.45,132.1,134.1,,,
16/03/2021,133.8,134.5,136.45,,,
17/03/2021,132.85,133.55,135.5,,,
18/03/2021,126.4,129.95,131.95,,,
19/03/2021,125.45,129,131.05,,,
22/03/2021,130.1,132.1,134,,,
23/03/2021,127.6,129.65,131.6,,,
24/03/2021,126.5,128.55,130.5,,,
25/03/2021,126.6,128.65,130.6,,,
26/03/2021,128.5,130.5,132.45,,,
29/03/2021,127.05,129.05,131,,,
30/03/2021,122.6,124.65,126.6,,,
31/03/2021,123.5,125.4,127.3,,,
1/04/2021,121.6,123.55,125.4,,,
5/04/2021,122.1,124.05,125.95,,,
6/04/2021,126.85,128.7,130.55,,,
7/04/2021,126.75,128.7,130.6,,,
8/04/2021,127.85,129.75,131.7,,,
9/04/2021,127.25,129.15,131,,,
12/04/2021,128.1,130,131.8,,,
13/04/2021,130.05,131.95,133.8,,,
14/04/2021,132.1,134.05,135.85,,,
15/04/2021,132.7,134.7,136.55,,,
16/04/2021,129.15,131.2,133.15,,,
19/04/2021,129.85,131.9,133.8,,,
20/04/2021,132.45,134.45,136.35,,,
21/04/2021,132.2,134.2,136.1,,,
22/04/2021,134.3,136.15,138.05,,,
23/04/2021,136.85,138.5,140.4,,,
26/04/2021,141.75,143.35,145.25,,,
27/04/2021,144.35,145.9,147.8,,,
28/04/2021,144.3,145.85,147.8,,,
29/04/2021,141.4,143,144.9,,,
30/04/2021,139.95,141.45,143.4,,,
3/05/2021,138.75,140.25,142.15,,,
4/05/2021,138.9,140.35,142.3,,,
5/05/2021,148.5,149.85,151.75,,,
6/05/2021,153.5,154.3,156.2,,,
7/05/2021,152.3,152.9,154.8,,,
10/05/2021,147.6,148.05,150,,,
11/05/2021,147.9,150.1,152,,,
12/05/2021,145.75,146.5,148.45,,,
13/05/2021,145.65,146.4,148.35,,,
14/05/2021,144.25,145,146.95,,,
17/05/2021,145,145.75,147.75,,,
18/05/2021,151.8,152.8,154.75,,,
19/05/2021,150.95,152.9,155.5,,,
20/05/2021,150.95,152.95,155.55,,,
21/05/2021,150.1,152.1,154.75,,,
24/05/2021,149,151,153.7,,,
25/05/2021,150.5,152.45,155.2,,,
26/05/2021,155.7,157.65,160.35,,,
27/05/2021,155.35,157.3,160.1,,,
28/05/2021,162.35,164.3,167,,,
1/06/2021,161.05,163.05,165.8,,,
2/06/2021,161.15,163.15,165.9,,,
3/06/2021,157.6,159.65,162.45,,,
4/06/2021,161.65,163.65,166.35,,,
7/06/2021,160.15,162.2,165,,,
8/06/2021,157.7,159.85,162.8,,,
9/06/2021,157.2,159.3,162.2,,,
10/06/2021,158.7,160.8,163.75,,,
11/06/2021,157.45,159.6,162.55,,,
14/06/2021,154.1,156.2,159.15,,,
15/06/2021,151.2,153.25,156.2,,,
16/06/2021,153.35,155.45,158.45,,,
17/06/2021,149.55,151.6,154.6,,,
18/06/2021,149.9,151.95,154.95,,,
21/06/2021,152.35,154.05,156.95,,,
22/06/2021,151.25,152.1,155,,,
23/06/2021,153.15,153.9,156.75,,,
24/06/2021,152.4,153.4,156.25,,,
25/06/2021,157.25,157.8,160.65,,,
28/06/2021,162.25,162.7,165.45,,,
29/06/2021,159.7,160.2,163.1,,,
30/06/2021,159.35,159.75,162.65,,,
1/07/2021,156,156.4,159.3,,,
2/07/2021,152.55,153.05,155.95,,,
6/07/2021,147.9,148.1,151.1,,,
7/07/2021,149.75,149.95,152.95,,,
8/07/2021,152.05,152.25,155.15,,,
9/07/2021,151.3,151.5,154.35,,,
12/07/2021,153.85,154,156.8,,,
13/07/2021,152.1,152.25,155.1,,,
14/07/2021,156.45,156.6,159.45,,,
15/07/2021,156.9,157.05,159.9,,,
16/07/2021,161.2,161.35,164.1,,,
19/07/2021,155.25,156.4,159.35,,,
20/07/2021,165.65,166.8,169.7,,,
21/07/2021,176,178.9,181.05,,,
22/07/2021,193.65,196.6,198.55,,,
23/07/2021,189,191.95,194.05,,,
26/07/2021,207.8,210.7,212.6,,,
27/07/2021,201.75,204.6,206.55,,,
28/07/2021,200.45,203.35,205.4,,,
29/07/2021,196.5,199.3,201.4,,,
30/07/2021,179.55,182.45,184.65,,,
2/08/2021,172.8,175.75,178.25,,,
3/08/2021,174.85,177.85,180.4,,,
4/08/2021,175.65,178.7,181.25,,,
5/08/2021,176.9,179.9,182.5,,,
6/08/2021,176,179.05,181.7,,,
9/08/2021,179.35,182.45,185.1,,,
10/08/2021,182,185.1,187.8,,,
11/08/2021,183.85,187,189.8,,,
12/08/2021,186.55,189.6,192.35,,,
13/08/2021,182.75,185.75,188.45,,,
16/08/2021,183.2,186.25,189,,,
17/08/2021,178.95,182,184.75,,,
18/08/2021,179.7,182.85,185.65,,,
19/08/2021,178.2,181.3,184.05,,,
20/08/2021,178.25,181.5,184.25,,,
23/08/2021,179.95,181.85,184.6,,,
24/08/2021,183.3,185.75,188.4,,,
25/08/2021,184.05,186.35,189.05,,,
26/08/2021,185.65,188,190.65,,,
27/08/2021,189.5,192.2,194.75,,,
30/08/2021,197.4,199.9,202.4,,,
31/08/2021,193.45,195.9,198.5,,,
1/09/2021,193.2,195.65,198.25,,,
2/09/2021,191.9,194.35,197.05,,,
3/09/2021,190.55,193,195.7,,,
7/09/2021,191.5,193.95,196.65,,,
8/09/2021,187.75,190.2,192.9,,,
9/09/2021,185,187.45,190.2,,,
10/09/2021,185.6,188.05,190.75,,,
13/09/2021,184.35,186.8,189.55,,,
14/09/2021,183,185.45,188.2,,,
15/09/2021,187,187.35,190.15,,,
16/09/2021,187.8,188.15,190.9,,,
17/09/2021,187.3,186.4,189.2,,,
20/09/2021,183.5,182.6,185.4,,,
21/09/2021,183.35,186.15,187.3,,,
22/09/2021,184.85,187.65,188.85,,,
23/09/2021,190.6,193.4,194.5,,,
24/09/2021,194.35,197.15,198.2,,,
27/09/2021,193.65,196.45,197.55,,,
28/09/2021,198.6,201.45,202.6,,,
29/09/2021,193.4,196.25,197.35,,,
30/09/2021,194,196.8,197.9,,,
1/10/2021,204.05,206.9,207.95,,,
4/10/2021,200.35,203.25,204.4,,,
5/10/2021,191.9,194.85,196,,,
6/10/2021,193.45,196.4,197.55,,,
7/10/2021,197.9,200.8,201.9,,,
8/10/2021,201.35,204.25,205.2,,,
11/10/2021,204.25,207.2,208.15,,,
12/10/2021,213.15,216.05,216.9,,,
13/10/2021,208.65,211.6,212.55,,,
14/10/2021,209.25,212.15,213.15,,,
15/10/2021,203.4,206.25,207.25,,,
18/10/2021,201.6,204.35,205.35,,,
19/10/2021,204.25,207,207.95,,,
20/10/2021,205.55,208.35,209.3,,,
21/10/2021,203.3,206.15,207,,,
22/10/2021,199.85,202.6,203.4,,,
25/10/2021,202.55,205.15,205.9,,,
26/10/2021,208.1,210.7,211.4,,,
27/10/2021,201.35,204.05,204.8,,,
28/10/2021,199.95,202.7,203.45,,,
29/10/2021,203.95,206.65,207.2,,,
1/11/2021,208.7,211.45,211.85,,,
2/11/2021,208.05,210.85,211.35,,,
3/11/2021,209.3,212.15,212.55,,,
4/11/2021,208.6,211.45,212.1,,,
5/11/2021,203.55,206.4,207.15,,,
8/11/2021,199.65,202.45,203.35,,,
9/11/2021,205.9,208.65,209.5,,,
10/11/2021,204,206.7,207.55,,,
11/11/2021,210.9,213.3,213.95,,,
12/11/2021,219.7,221.95,222.45,,,
15/11/2021,222.75,225,225.5,,,
16/11/2021,222.05,224.5,225.05,,,
17/11/2021,232.6,234.75,235,,,
18/11/2021,228.95,229.15,229.4,,,
19/11/2021,233.3,233.4,233.4,,,
22/11/2021,231.35,231.3,231.3,,,
23/11/2021,242.55,242.05,241.55,,,
24/11/2021,246.3,245.4,244.8,,,
26/11/2021,243.85,242.95,242.15,,,
29/11/2021,233.85,233,232.3,,,
30/11/2021,233.25,232.3,231.65,,,
1/12/2021,234.2,233.25,232.55,,,
2/12/2021,237.45,236.6,235.8,,,
3/12/2021,244.05,243.35,242.4,,,
6/12/2021,250.2,249.85,248.8,,,
7/12/2021,243.9,243.3,242.6,,,
8/12/2021,244.75,244.2,243.65,,,
9/12/2021,240.35,240.2,239.65,,,
10/12/2021,232.7,232.6,232.35,,,
13/12/2021,236.7,236.7,236.5,,,
14/12/2021,237.15,237.15,237.1,,,
15/12/2021,237.4,237.3,237.5,,,
16/12/2021,236.95,236.85,237,,,
17/12/2021,235.9,234.75,234.85,,,
20/12/2021,224.4,224.1,224.1,,,
21/12/2021,228.25,228.2,227.7,,,
22/12/2021,233.55,233.4,232.65,,,
23/12/2021,231.2,231.1,230.4,,,
27/12/2021,227.05,227.1,226.55,,,
28/12/2021,225.6,225.65,225.05,,,
29/12/2021,228.9,228.95,228.35,,,
30/12/2021,228.85,228.8,228.05,,,
31/12/2021,226.1,226,225.25,,,
3/01/2022,223.3,223.3,222.6,,,
4/01/2022,231.75,231.8,231.2,,,
5/01/2022,231.75,231.8,231.35,,,
6/01/2022,231.7,231.85,231.55,,,
7/01/2022,238.45,238.3,237.9,,,
10/01/2022,234.9,234.95,234.65,,,
11/01/2022,237.05,237,236.4,,,
12/01/2022,240.85,240.65,239.75,,,
13/01/2022,237,236.95,236.05,,,
14/01/2022,239.65,239.55,238.65,,,
18/01/2022,239.6,239.5,238.5,,,
19/01/2022,244.45,244.45,243.4,,,
20/01/2022,243.65,243.8,242.75,,,
21/01/2022,237.9,238.1,237.2,,,
24/01/2022,232.95,233.25,232.55,,,
25/01/2022,237.9,238.15,237.4,,,
26/01/2022,238.9,239.25,238.45,,,
27/01/2022,232.05,232.65,231.95,,,
28/01/2022,235.9,236.45,235.6,,,
31/01/2022,235.1,235.5,234.6,,,
1/02/2022,236.7,237.3,236.3,,,
2/02/2022,238.8,239.5,238.65,,,
3/02/2022,243.9,244.5,243.6,,,
4/02/2022,241.85,242.45,241.45,,,
7/02/2022,241.65,242.3,241.25,,,
8/02/2022,248.95,249.4,248.15,,,
9/02/2022,258.35,258.45,257,,,
10/02/2022,255.2,255.25,253.6,,,
11/02/2022,251.65,252.05,250.55,,,
14/02/2022,247.55,247.9,246.4,,,
15/02/2022,251.85,251.75,250.2,,,
16/02/2022,252.25,252.7,251.2,,,
17/02/2022,251.5,250.65,249.15,,,
18/02/2022,246.85,246,244.7,,,
22/02/2022,248.45,247.25,246,,,
23/02/2022,248.6,247.55,246.35,,,
24/02/2022,239.35,237.9,236.9,,,
25/02/2022,240.05,238.65,237.2,,,
28/02/2022,234.25,232.9,231.55,,,
1/03/2022,237.25,236,234.5,,,
2/03/2022,230.45,229.2,228.15,,,
3/03/2022,224.15,222.9,221.65,,,
4/03/2022,224.15,224.25,223,,,
7/03/2022,225.5,224.25,223.1,,,
8/03/2022,234.05,232.9,231.7,,,
9/03/2022,230.45,229.3,228.25,,,
10/03/2022,225.2,224.2,223.45,,,
11/03/2022,222.95,221.95,221.4,,,
14/03/2022,219.65,218.8,218.35,,,
15/03/2022,212.3,211.15,210.8,,,
16/03/2022,218.6,217.5,217.25,,,
17/03/2022,217.3,216.1,216,,,
18/03/2022,220.3,220.05,219.65,,,
21/03/2022,225.85,224.65,224.45,,,
22/03/2022,225.05,224.85,223.9,,,
23/03/2022,225.3,225.1,224.25,,,
24/03/2022,221.85,221.7,220.9,,,
25/03/2022,221.85,221.8,221.05,,,
28/03/2022,214.55,214.7,214.2,,,
29/03/2022,215.7,215.8,215.3,,,
30/03/2022,221.85,221.9,221.2,,,
31/03/2022,226.4,226.45,225.7,,,
1/04/2022,228.4,228.45,227.75,,,
4/04/2022,230.6,230.6,229.8,,,
5/04/2022,231.3,231.25,230.45,,,
6/04/2022,227.6,227.6,226.9,,,
7/04/2022,226.15,226.15,225.6,,,
8/04/2022,231.65,231.55,231.05,,,
11/04/2022,236.6,236.55,236,,,
12/04/2022,233.6,233.55,233.25,,,
13/04/2022,225.05,225.15,225.15,,,
14/04/2022,223.6,223.75,223.7,,,
18/04/2022,223.5,223.75,223.65,,,
19/04/2022,221.3,221.7,221.7,,,
20/04/2022,218.8,219.45,219.55,,,
21/04/2022,228.15,228.1,228.15,,,
22/04/2022,227.3,227.15,227.05,,,
25/04/2022,220.8,220.7,220.65,,,
26/04/2022,221.4,221.15,221,,,
27/04/2022,215.95,215.55,215.5,,,
28/04/2022,217.9,217.6,217.4,,,
29/04/2022,222.55,222.1,221.9,,,
2/05/2022,216.4,215.9,215.85,,,
3/05/2022,218.2,217.95,217.8,,,
4/05/2022,221.2,220.8,220.75,,,
5/05/2022,218.4,217.25,217.2,,,
6/05/2022,211.6,210.45,210.45,,,
9/05/2022,206.3,206.1,206.05,,,
10/05/2022,204,203.8,203.8,,,
11/05/2022,220.1,219.9,219.8,,,
12/05/2022,215,215.3,215.35,,,
13/05/2022,212.9,213.9,214.05,,,
16/05/2022,225.8,224.8,224.85,,,
17/05/2022,228.2,227.2,227.25,,,
18/05/2022,218.6,217.6,217.7,,,
19/05/2022,218.7,218.8,218.45,,,
20/05/2022,215.85,216,215.75,,,
23/05/2022,215.75,215.95,215.7,,,
24/05/2022,213.65,213.95,213.8,,,
25/05/2022,217.05,217.3,217,,,
26/05/2022,226.6,226.8,226.3,,,
27/05/2022,229.45,229.7,229.05,,,
31/05/2022,231.25,231.45,230.8,,,
1/06/2022,239.45,239.4,238.45,,,
2/06/2022,238.25,238.25,237.4,,,
3/06/2022,232.4,232.55,231.75,,,
6/06/2022,237.55,237.65,237,,,
7/06/2022,232.15,232.35,231.7,,,
8/06/2022,231.85,232,231.5,,,
9/06/2022,234.65,234.8,234.1,,,
10/06/2022,228.9,228.8,228.25,,,
13/06/2022,223.35,223.45,223.05,,,
14/06/2022,226.95,226.9,226.35,,,
15/06/2022,228.5,228.5,227.65,,,
16/06/2022,231.95,231.8,230.75,,,
17/06/2022,227.65,227.4,226.3,,,
21/06/2022,233.1,232.35,231,,,
22/06/2022,238.6,236.4,234.85,,,
23/06/2022,232.45,229,227.25,,,
24/06/2022,226.6,223.25,221.45,,,
27/06/2022,226,222.1,220.25,,,
28/06/2022,221.9,217.75,215.65,,,
29/06/2022,232.65,228.25,225.35,,,
30/06/2022,233.6,230.1,227.05,,,
1/07/2022,228.45,224.65,221.5,,,
5/07/2022,224.65,221.05,218.05,,,
6/07/2022,222.5,219.2,216.25,,,
7/07/2022,222.2,218.9,216.05,,,
8/07/2022,222.9,220.45,217.6,,,
11/07/2022,216.9,213.25,210.6,,,
12/07/2022,209.25,205.35,202.75,,,
13/07/2022,211.25,207.35,204.7,,,
14/07/2022,199.2,195.3,192.75,,,
15/07/2022,203.7,199.8,196.6,,,
18/07/2022,219.1,215.2,211.2,,,
19/07/2022,220.4,216.5,212.2,,,
20/07/2022,218.15,213.95,209.85,,,
21/07/2022,215.85,211.75,207.8,,,
22/07/2022,206.7,202.65,198.8,,,
25/07/2022,210.05,206.15,202.2,,,
26/07/2022,213.2,209.45,205.45,,,
27/07/2022,219.1,215.35,210.85,,,
28/07/2022,218.4,214.6,209.85,,,
29/07/2022,217.2,213.8,208.95,,,
1/08/2022,213.2,210,205.5,,,
2/08/2022,209.9,206.7,202.1,,,
3/08/2022,214.65,211.25,206.2,,,
4/08/2022,219.3,215.75,210.2,,,
5/08/2022,209.45,206.4,201.95,,,
8/08/2022,211.85,208.55,204.7,,,
9/08/2022,212.75,209,205.3,,,
10/08/2022,220.45,215.65,211.1,,,
11/08/2022,223.95,219.55,215.15,,,
12/08/2022,226.6,222.4,217.55,,,
15/08/2022,225.5,221.55,216.7,,,
16/08/2022,219.35,216.3,212.1,,,
17/08/2022,217.45,214.4,210.15,,,
18/08/2022,214.7,211.85,207.65,,,
19/08/2022,215.95,213.35,209.1,,,
22/08/2022,224.3,221.2,216.45,,,
23/08/2022,230.65,228.25,222.4,,,
24/08/2022,242.95,239,232.25,,,
25/08/2022,243.4,239.5,233,,,
26/08/2022,242,238.1,231.65,,,
29/08/2022,240.5,236.6,230.45,,,
30/08/2022,239.15,235.2,228.8,,,
31/08/2022,239.1,235.25,228.6,,,
1/09/2022,236.35,232.5,225.75,,,
2/09/2022,232.65,228.8,222.1,,,
6/09/2022,233.9,230.25,223.65,,,
7/09/2022,226.9,223.25,217.35,,,
8/09/2022,225.85,222.2,216.7,,,
9/09/2022,231.5,228.5,222.65,,,
12/09/2022,227.75,224.75,219.2,,,
13/09/2022,223.95,220.7,215.45,,,
14/09/2022,217.6,214.85,210.15,,,
15/09/2022,219.15,216.4,211.2,,,
16/09/2022,218.05,215.1,209.75,,,
19/09/2022,224.05,221.1,215.45,,,
20/09/2022,228.1,225.15,218.75,,,
21/09/2022,221.3,215.1,211.4,,,
22/09/2022,223.55,217.25,213.5,,,
23/09/2022,220.45,214.1,210.25,,,
26/09/2022,223.8,216.5,212.3,,,
27/09/2022,224.35,216.3,211.5,,,
28/09/2022,228.7,219.6,213.9,,,
29/09/2022,225.7,216.85,211.55,,,
30/09/2022,221.55,212.55,207.6,,,
3/10/2022,215.75,207.35,202.55,,,
4/10/2022,219.3,210.6,206.1,,,
5/10/2022,224.65,214.65,209.9,,,
6/10/2022,217.7,207.65,203.3,,,
7/10/2022,218.1,208.25,203.85,,,
10/10/2022,217.45,207.65,203.45,,,
11/10/2022,217.85,207.95,203.75,,,
12/10/2022,209.75,201.4,198.05,,,
13/10/2022,202.15,196.05,193.6,,,
14/10/2022,196.7,193,190.95,,,
17/10/2022,195.55,191.35,189,,,
18/10/2022,195.1,190.3,187.65,,,
19/10/2022,192.3,187.25,184.7,,,
20/10/2022,191.05,186.4,183.85,,,
21/10/2022,190.9,185.8,183.05,,,
24/10/2022,190.4,184.95,182,,,
25/10/2022,185.8,182.5,180.4,,,
26/10/2022,179.75,177.3,175.8,,,
27/10/2022,178.85,176.95,175.85,,,
28/10/2022,169.8,167.75,166.85,,,
31/10/2022,177.7,174.05,172.95,,,
1/11/2022,174.6,170.2,168.55,,,
2/11/2022,182.15,176.95,175.15,,,
3/11/2022,172.2,168.35,166.95,,,
4/11/2022,175.75,171.65,170.2,,,
7/11/2022,170.55,166.05,164.9,,,
8/11/2022,166.45,164.15,163.4,,,
9/11/2022,165.15,162.35,161.55,,,
10/11/2022,171,167.7,166.9,,,
11/11/2022,170.1,168.1,167.5,,,
14/11/2022,166.2,166.9,166.7,,,
15/11/2022,156.75,159.5,160.3,,,
16/11/2022,155.45,158.4,158.8,,,
17/11/2022,152.7,156.35,157,,,
18/11/2022,151.3,155.1,155.7,,,
21/11/2022,157.5,160.4,160.75,,,
22/11/2022,161.8,164.7,164.4,,,
23/11/2022,160.1,162.75,162.95,,,
25/11/2022,163.55,165.05,165.15,,,
28/11/2022,160.65,162.85,163.1,,,
29/11/2022,166.7,168.9,169.1,,,
30/11/2022,167.7,169.9,170.15,,,
1/12/2022,163.35,165.75,166.5,,,
2/12/2022,160.15,162.6,163.2,,,
5/12/2022,160.15,162.6,163.25,,,
6/12/2022,161.05,163.5,164.1,,,
7/12/2022,157.7,160.2,160.9,,,
8/12/2022,156.9,158.7,159.4,,,
9/12/2022,157.75,158.15,158.95,,,
12/12/2022,166.35,167.05,167.4,,,
13/12/2022,167.15,167.9,168.15,,,
14/12/2022,168.3,168.15,168.5,,,
15/12/2022,171.5,171.75,171.65,,,
16/12/2022,164.15,164.4,164.6,,,
19/12/2022,164.05,164.3,164.5,,,
20/12/2022,167.8,167.6,167.45,,,
21/12/2022,169.35,169.05,168.85,,,
22/12/2022,168.9,168.75,168.45,,,
23/12/2022,172,171.6,171.4,,,
27/12/2022,166.95,166.75,166.55,,,
28/12/2022,173.55,173.15,172.85,,,
29/12/2022,170.05,169.75,169.35,,,
30/12/2022,167.3,166.95,166.6,,,
3/01/2023,166.3,166.3,166.25,,,
4/01/2023,161.3,161.35,161.5,,,
5/01/2023,160.55,160.6,160.85,,,
6/01/2023,158.3,158.5,158.8,,,
9/01/2023,158.05,158.45,158.55,,,
10/01/2023,150.9,151.6,152.2,,,
11/01/2023,143.9,144.7,145.35,,,
12/01/2023,149.4,150.15,150.6,,,
13/01/2023,151.7,152.55,153.1,,,
17/01/2023,151.1,151.8,152.4,,,
18/01/2023,155,155.7,156.1,,,
19/01/2023,154.6,155.5,155.95,,,
20/01/2023,154.8,155.75,156.3,,,
23/01/2023,158.55,159.15,159.35,,,
24/01/2023,159.85,160.3,160.25,,,
25/01/2023,162.45,162.85,162.5,,,
26/01/2023,167.15,167.3,166.7,,,
27/01/2023,169.9,170.05,169.4,,,
30/01/2023,170.4,170.55,170,,,
31/01/2023,181.75,181.7,180.95,,,
1/02/2023,175.9,176.1,175.6,,,
2/02/2023,177.9,178.1,177.7,,,
3/02/2023,172.8,173.3,173.15,,,
6/02/2023,175.7,175.8,175.55,,,
7/02/2023,177.05,177.35,177.35,,,
8/02/2023,175.6,175.65,175.7,,,
9/02/2023,173.65,173.7,173.7,,,
10/02/2023,174.75,174.65,174.3,,,
13/02/2023,177.05,176.75,176.25,,,
14/02/2023,183.55,183.25,182.7,,,
15/02/2023,176.85,177,176.55,,,
16/02/2023,180.7,180.25,179.55,,,
17/02/2023,188.7,185.75,184.25,,,
21/02/2023,194.45,189.85,188.15,,,
22/02/2023,199.5,193.35,191.7,,,
23/02/2023,193.65,189.7,188.1,,,
24/02/2023,191.2,187.7,186,,,
27/02/2023,190.7,186.45,184.9,,,
28/02/2023,190.4,186.3,184.9,,,
1/03/2023,185.3,183.55,182.15,,,
2/03/2023,183.95,182.2,181.4,,,
3/03/2023,180.8,177.85,177.2,,,
6/03/2023,182.45,180.3,179.7,,,
7/03/2023,184.55,182.55,181.9,,,
8/03/2023,179.55,177.35,176.8,,,
9/03/2023,178,175.05,174.6,,,
10/03/2023,182.25,177.8,177.1,,,
13/03/2023,183.2,179.2,178.25,,,
14/03/2023,180.9,175.45,174.7,,,
15/03/2023,178.05,172.6,171.75,,,
16/03/2023,185.5,180.05,178.75,,,
17/03/2023,183,176.6,175.45,,,
20/03/2023,184.9,178.5,177.5,,,
21/03/2023,186.7,180.3,179.25,,,
22/03/2023,178,176.85,174.9,,,
23/03/2023,174.3,173.45,171.7,,,
24/03/2023,179.25,178.3,176.5,,,
27/03/2023,176.9,176.15,174.55,,,
28/03/2023,173.75,173,171.65,,,
29/03/2023,169.7,168.95,167.75,,,
30/03/2023,169.8,169,167.75,,,
31/03/2023,170.5,169.7,168.45,,,
3/04/2023,176.25,175.25,174.05,,,
4/04/2023,174.85,173.95,172.65,,,
5/04/2023,180.15,179,177.55,,,
6/04/2023,183.6,181.7,179.7,,,
10/04/2023,182.6,180.7,178.8,,,
11/04/2023,190.5,188.45,186.2,,,
12/04/2023,190.25,188.5,186.3,,,
13/04/2023,196.1,194.4,191.45,,,
14/04/2023,193.4,191.5,188.85,,,
17/04/2023,201,199.05,196.05,,,
18/04/2023,205.25,203.05,199.95,,,
19/04/2023,202.55,200.15,197.2,,,
20/04/2023,195.9,193.9,191.25,,,
21/04/2023,194.2,191.45,188.6,,,
24/04/2023,196.75,193.45,190.65,,,
25/04/2023,192.45,188.4,185.65,,,
26/04/2023,195.85,191.6,188.55,,,
27/04/2023,192.1,188.2,185.4,,,
28/04/2023,189.85,185.95,183.2,,,
1/05/2023,189.25,185.6,182.75,,,
2/05/2023,190.65,186.75,183.95,,,
3/05/2023,189.2,185.5,182.85,,,
4/05/2023,186.4,182.95,180.5,,,
5/05/2023,191,188.05,185.6,,,
8/05/2023,186.9,183.95,181.6,,,
9/05/2023,188,186.5,184.2,,,
10/05/2023,187.45,185.95,183.7,,,
11/05/2023,185.8,183,180.85,,,
12/05/2023,186,182.85,180.65,,,
15/05/2023,193.05,189.4,186.75,,,
16/05/2023,190.35,186.8,184.45,,,
17/05/2023,189.85,186.05,183.75,,,
18/05/2023,190.45,186.65,184.25,,,
19/05/2023,192,189.3,187.3,,,
22/05/2023,189.2,186.9,185,,,
23/05/2023,187.45,185.2,183.3,,,
24/05/2023,188,185.75,183.9,,,
25/05/2023,182.7,180.65,178.8,,,
26/05/2023,181.6,179.55,177.65,,,
30/05/2023,177.1,174.85,172.8,,,
31/05/2023,178.65,175.85,173.6,,,
1/06/2023,183.05,180.25,177.9,,,
2/06/2023,180.3,177.7,175.35,,,
5/06/2023,183.1,180.2,177.7,,,
6/06/2023,182.6,179.55,177.1,,,
7/06/2023,185.4,181.7,179,,,
8/06/2023,194.85,190.35,187.65,,,
9/06/2023,190.65,186.65,184.6,,,
12/06/2023,185.55,181.5,179.55,,,
13/06/2023,182.75,178.7,176.9,,,
14/06/2023,184.4,180.15,178.35,,,
15/06/2023,187,182.95,181.25,,,
16/06/2023,184.9,180.75,179,,,
20/06/2023,177.45,176.1,174.65,,,
21/06/2023,172,172.25,171.2,,,
22/06/2023,171.7,170.25,169.05,,,
23/06/2023,168.05,164.85,163.85,,,
26/06/2023,167.95,165.15,163.65,,,
27/06/2023,169.45,166.95,165.4,,,
28/06/2023,165.65,161.95,160.8,,,
29/06/2023,163.6,161.6,160.25,,,
30/06/2023,161,159,158.1,,,
3/07/2023,162.5,160.5,159.7,,,
5/07/2023,161.05,158.9,158.15,,,
6/07/2023,162.35,160.45,159.65,,,
7/07/2023,162.8,160.9,160.05,,,
10/07/2023,161.75,159.85,159.3,,,
11/07/2023,159.3,157.55,157,,,
12/07/2023,158.75,157,156.45,,,
13/07/2023,159.35,157.6,157.05,,,
14/07/2023,161.95,160.8,160.3,,,
17/07/2023,154.75,155.8,155.65,,,
18/07/2023,155.25,156.3,156.45,,,
19/07/2023,152.45,155.5,155.85,,,
20/07/2023,158.05,158.3,159.25,,,
21/07/2023,161.85,161.55,162.25,,,
24/07/2023,163,163.3,164.35,,,
25/07/2023,161.85,162.2,163.4,,,
26/07/2023,163.15,163.2,164.3,,,
27/07/2023,161.45,161.7,162.95,,,
28/07/2023,157.9,158.2,159.45,,,
31/07/2023,164.65,164.55,165.6,,,
1/08/2023,164.55,164.4,165.55,,,
2/08/2023,166.95,166.35,167.3,,,
3/08/2023,164.75,164,165.05,,,
4/08/2023,161.35,160.95,162.15,,,
7/08/2023,163.95,163.45,164.6,,,
8/08/2023,161.35,160.85,162,,,
9/08/2023,160.75,160.2,161.35,,,
10/08/2023,159.9,159.65,160.9,,,
11/08/2023,157.8,157.7,158.8,,,
14/08/2023,151.1,152.6,153.95,,,
15/08/2023,149.25,151.35,152.7,,,
16/08/2023,148.9,150.6,152.05,,,
17/08/2023,147,149.1,150.6,,,
18/08/2023,147.45,150,151.45,,,
21/08/2023,147.55,150.8,152.4,,,
22/08/2023,146.6,150.05,151.55,,,
23/08/2023,152.95,153.9,155.1,,,
24/08/2023,153,154.3,155.3,,,
25/08/2023,151.75,153.15,154.3,,,
28/08/2023,151.8,152.75,153.85,,,
29/08/2023,151.35,153.1,154.2,,,
30/08/2023,153.35,155.35,156.35,,,
31/08/2023,152.7,154.5,155.65,,,
1/09/2023,150.95,151.9,153.25,,,
5/09/2023,151.4,153.45,154.35,,,
6/09/2023,151.75,153.8,154.8,,,
7/09/2023,147.4,149.8,150.95,,,
8/09/2023,146.25,148.65,149.8,,,
11/09/2023,151.55,152.85,153.85,,,
12/09/2023,150.7,152,153.15,,,
13/09/2023,151.05,151.95,153.15,,,
14/09/2023,153.1,154,154.9,,,
15/09/2023,158.25,159.15,159.75,,,
18/09/2023,158.7,159.6,160.55,,,
19/09/2023,167.5,160.95,162.05,,,
20/09/2023,158.2,159.25,160.1,,,
21/09/2023,154.85,156.05,157.05,,,
22/09/2023,151.15,152.25,153.25,,,
25/09/2023,148.8,149.9,150.8,,,
26/09/2023,150.85,151.9,152.65,,,
27/09/2023,149.25,150.35,150.95,,,
28/09/2023,147.2,148.35,149.15,,,
29/09/2023,146.15,147.2,147.95,,,
2/10/2023,149.1,150.1,150.85,,,
3/10/2023,148.75,149.7,150.35,,,
4/10/2023,146.35,147.35,148.15,,,
5/10/2023,145.4,146.4,147.05,,,
6/10/2023,146.05,147.2,148,,,
9/10/2023,146.05,147.25,148.1,,,
10/10/2023,147.5,148.45,149.25,,,
11/10/2023,147.7,148.65,149.3,,,
12/10/2023,149.3,150,150.65,,,
13/10/2023,154.9,155.15,155.6,,,
16/10/2023,154.15,154.7,155.25,,,
17/10/2023,157.05,156.7,157.05,,,
18/10/2023,158.05,157.65,158.05,,,
19/10/2023,163.95,161.8,161.75,,,
20/10/2023,165.25,164.4,164.65,,,
23/10/2023,165.85,164.95,165.3,,,
24/10/2023,168.15,167.1,167.55,,,
25/10/2023,162.3,162.05,162.65,,,
26/10/2023,161.2,160.9,161.4,,,
27/10/2023,160.95,160.5,161.1,,,
30/10/2023,159.1,158.3,158.8,,,
31/10/2023,167.3,164.9,165.05,,,
1/11/2023,159.8,158.85,159.35,,,
2/11/2023,165.35,163.85,164.25,,,
3/11/2023,170.9,169.15,169.6,,,
6/11/2023,173.7,171.7,172.15,,,
7/11/2023,170.75,169.5,169.85,,,
8/11/2023,174.35,172.1,172.2,,,
9/11/2023,178.8,174.2,174.2,,,
10/11/2023,174.5,170.55,170.6,,,
13/11/2023,178.65,173.2,173.05,,,
14/11/2023,176.45,171.4,171.6,,,
15/11/2023,180.8,175.15,175,,,
16/11/2023,176.1,171.2,171.3,,,
17/11/2023,170.95,166.65,166.55,,,
20/11/2023,177.9,171.15,170.4,,,
21/11/2023,176.55,168.55,167.7,,,
22/11/2023,178.65,169.05,167.95,,,
24/11/2023,178.65,168.15,166.6,,,
27/11/2023,179.7,169.05,166.3,,,
28/11/2023,183.65,173.1,170.5,,,
29/11/2023,182.1,172.7,170.05,,,
30/11/2023,195,184.7,180.75,,,
1/12/2023,193.9,184.35,181.7,,,
4/12/2023,188.9,179.4,177.25,,,
5/12/2023,193.85,183.75,181.5,,,
6/12/2023,185.25,175.25,173.55,,,
7/12/2023,185.5,177.5,175.65,,,
8/12/2023,185.15,177.15,175.5,,,
11/12/2023,194,184.1,181.8,,,
12/12/2023,191.15,185.25,182.5,,,
13/12/2023,194.65,188.65,185.3,,,
14/12/2023,200.1,190.6,187.25,,,
15/12/2023,201.8,189.3,186.8,,,
18/12/2023,209.55,191.1,188.05,,,
19/12/2023,202.4,199.6,199.4,,,
20/12/2023,190.6,188.15,188.1,,,
21/12/2023,193.6,191.1,190.95,,,
22/12/2023,192.8,190.25,190.2,,,
26/12/2023,194.35,191.95,192,,,
27/12/2023,197.75,195.35,195.4,,,
28/12/2023,198,195.75,195.9,,,
29/12/2023,188.3,186.2,186.3,,,
2/01/2024,190.15,187.65,187.75,,,
3/01/2024,186.25,184.1,184.4,,,
4/01/2024,185.55,183.5,183.8,,,
5/01/2024,182.8,181.1,181.5,,,
8/01/2024,181.4,179.65,180.1,,,
9/01/2024,184.1,182.05,182.3,,,
10/01/2024,181.15,178.95,179.15,,,
11/01/2024,184.05,181,181.05,,,
12/01/2024,180,177.35,177.45,,,
16/01/2024,185.25,182.05,181.8,,,
17/01/2024,179.2,176,175.85,,,
18/01/2024,179.95,177,176.8,,,
19/01/2024,185.15,181.85,181.35,,,
22/01/2024,192.25,187.55,186.75,,,
23/01/2024,192.95,187,185.8,,,
24/01/2024,189.45,186.2,185.45,,,
25/01/2024,186.95,183.7,182.9,,,
26/01/2024,193.85,189.45,187.95,,,
29/01/2024,189.25,186.05,185.3,,,
30/01/2024,194,190.25,189.25,,,
31/01/2024,194.05,190.95,189.9,,,
1/02/2024,194.2,190.95,189.85,,,
2/02/2024,191.95,189,188.1,,,
5/02/2024,189.5,186.7,185.8,,,
6/02/2024,188.2,185.1,184.35,,,
7/02/2024,190.7,187.85,187.1,,,
8/02/2024,188.8,185.85,185.15,,,
9/02/2024,196.3,191.5,190.2,,,
12/02/2024,195.6,191.15,189.85,,,
13/02/2024,193,188.05,187.3,,,
14/02/2024,187.05,182.8,182.15,,,
15/02/2024,189.3,185.15,184.1,,,
16/02/2024,190.85,186.7,185.6,,,
20/02/2024,191.6,186.25,185.05,,,
21/02/2024,198.35,188.1,186.65,,,
22/02/2024,193.85,183.15,182.1,,,
23/02/2024,191,180.3,179.05,,,
26/02/2024,190.1,179.6,178.8,,,
27/02/2024,194.05,183.05,181.65,,,
28/02/2024,193.35,181.75,180.35,,,
29/02/2024,195.85,184.35,182.7,,,
1/03/2024,193.8,183.3,181.4,,,
4/03/2024,197.4,186.9,184.5,,,
5/03/2024,195,183.35,181.4,,,
6/03/2024,194.45,186.3,184,,,
7/03/2024,198.35,192.2,189.9,,,
8/03/2024,191.4,185.2,183.45,,,
11/03/2024,194.35,185,183.15,,,
12/03/2024,195.4,185.9,184.1,,,
13/03/2024,191.65,182.65,181.25,,,
14/03/2024,191.35,183.85,182.25,,,
15/03/2024,182.85,182.95,181.65,,,
18/03/2024,181.85,181.75,180.6,,,
19/03/2024,183.05,181.8,181.45,,,
20/03/2024,182.4,181.4,181,,,
21/03/2024,185.7,184.65,184.05,,,
22/03/2024,184.85,184,183.55,,,
25/03/2024,185.65,184.9,184.5,,,
26/03/2024,188.05,187.25,186.8,,,
27/03/2024,190.65,189.9,189.45,,,
28/03/2024,188.85,188.05,187.6,,,
1/04/2024,191.8,191.1,190.7,,,
2/04/2024,197.75,197.1,196.4,,,
3/04/2024,203.6,202.8,202.1,,,
4/04/2024,206.75,205.8,205,,,
5/04/2024,212.5,211,210.15,,,
8/04/2024,211.1,209.45,208.45,,,
9/04/2024,213.55,211.85,211.15,,,
10/04/2024,214.65,212.65,211.85,,,
11/04/2024,220.35,217.35,216.1,,,
12/04/2024,224.65,220.45,219.3,,,
15/04/2024,231.55,226.85,225.2,,,
16/04/2024,236.75,228.4,226.85,,,
17/04/2024,247.95,240.35,238.4,,,
18/04/2024,239.85,231.1,229.35,,,
19/04/2024,241.4,231.85,230.15,,,
22/04/2024,231.65,227.65,225.75,,,
23/04/2024,224.5,221.85,220.1,,,
24/04/2024,228.45,225.9,224.25,,,
25/04/2024,231.95,228.1,226.3,,,
26/04/2024,230.6,224,222.4,,,
29/04/2024,233.55,227.5,225.8,,,
30/04/2024,220.65,216.65,214.8,,,
1/05/2024,219.05,216,214.05,,,
2/05/2024,208.65,206.1,204.35,,,
3/05/2024,205.9,200.75,199.1,,,
6/05/2024,200.7,195.2,194.15,,,
7/05/2024,199,196.65,195.4,,,
8/05/2024,200.25,197.55,196.25,,,
9/05/2024,203.7,201.45,200,,,
10/05/2024,204.4,201.15,199.95,,,
13/05/2024,200.4,196.05,195.25,,,
14/05/2024,202.85,200.85,199.9,,,
15/05/2024,201.25,199.4,198.4,,,
16/05/2024,199.55,197.9,196.95,,,
17/05/2024,208.15,206.6,205.45,,,
20/05/2024,209.3,206.7,205.75,,,
21/05/2024,217.2,216,214.7,,,
22/05/2024,220.45,219.25,217.9,,,
23/05/2024,215.65,214.8,213.6,,,
24/05/2024,218.25,217.35,216.1,,,
28/05/2024,230.95,229.8,228.45,,,
29/05/2024,229.45,228.3,226.95,,,
30/05/2024,233,231.95,230.55,,,
31/05/2024,222.35,221.25,219.8,,,
3/06/2024,226.55,225.5,223.9,,,
4/06/2024,233.9,232.7,230.75,,,
5/06/2024,231.95,231,229.15,,,
6/06/2024,234.2,233.35,231.6,,,
7/06/2024,224.8,224.9,223.6,,,
10/06/2024,221.4,222,220.9,,,
11/06/2024,220.55,221.45,220.4,,,
12/06/2024,224.35,224.85,223.6,,,
13/06/2024,226.05,226.25,225,,,
14/06/2024,224.15,224.4,223.2,,,
17/06/2024,227.15,227.3,226.05,,,
18/06/2024,226.3,226.25,224.85,,,
20/06/2024,230.25,230.35,228.55,,,
21/06/2024,226.55,225,223.25,,,
24/06/2024,238,236.25,234.25,,,
25/06/2024,231.2,229.3,227.25,,,
26/06/2024,226.35,224.35,222.5,,,
27/06/2024,228.25,226.35,224.2,,,
28/06/2024,228.95,226.8,224.5,,,
1/07/2024,226.7,224.85,222.35,,,
2/07/2024,229.1,227.3,224.7,,,
3/07/2024,225.95,224.2,222.05,,,
5/07/2024,230.3,228.95,226.55,,,
8/07/2024,236.2,234.4,232.15,,,
9/07/2024,252,249.95,247.2,,,
10/07/2024,245.7,243.55,241.25,,,
11/07/2024,246.75,244.85,242.65,,,
12/07/2024,250.45,248.75,246.8,,,
15/07/2024,244.15,242.15,240.4,,,
16/07/2024,245.4,243.6,241.8,,,
17/07/2024,247.35,243.15,241.45,,,
18/07/2024,243.4,240.9,239.35,,,
19/07/2024,238.2,238.2,236.7,,,
22/07/2024,243.05,241.3,239.45,,,
23/07/2024,239.1,237.5,235.85,,,
24/07/2024,231.15,230.1,228.8,,,
25/07/2024,234.7,233.55,232.15,,,
26/07/2024,230.25,229.15,227.9,,,
29/07/2024,230.4,229.35,228.15,,,
30/07/2024,230.8,229.6,228.3,,,
31/07/2024,229.2,228.15,226.9,,,
1/08/2024,227.25,226.4,225.35,,,
2/08/2024,230.5,229.55,228.35,,,
5/08/2024,225.7,224.3,223.1,,,
6/08/2024,235.95,232.95,230.75,,,
7/08/2024,246.3,242,238.7,,,
8/08/2024,245.3,239.35,235.3,,,
9/08/2024,234.05,230.25,226.8,,,
12/08/2024,240.85,238.55,235.4,,,
13/08/2024,232.7,229.05,226.3,,,
14/08/2024,237,234.65,232.15,,,
15/08/2024,239.9,238.05,235.7,,,
16/08/2024,245.45,244.1,241.6,,,
19/08/2024,245.9,244.35,241.65,,,
20/08/2024,249.45,248.5,245.9,,,
21/08/2024,249.45,249.25,247.05,,,
22/08/2024,246.8,242.9,241.2,,,
23/08/2024,251.2,247.3,244.8,,,
26/08/2024,253.65,249.65,247.15,,,
27/08/2024,259.4,255.25,253.15,,,
28/08/2024,260.45,256.45,254,,,
29/08/2024,251.8,247.6,245.2,,,
30/08/2024,248.2,244.05,242.1,,,
3/09/2024,246.75,242.8,241.05,,,
4/09/2024,245.55,243.7,242,,,
5/09/2024,246.6,244.2,242.65,,,
6/09/2024,240.05,236,234.55,,,
9/09/2024,249.45,245.4,243.45,,,
10/09/2024,248,247.2,244.8,,,
11/09/2024,249.45,246.65,244.45,,,
12/09/2024,252,249.4,247,,,
13/09/2024,262.05,259.45,256.6,,,
16/09/2024,259.05,258.55,256.1,,,
17/09/2024,265,264.5,262.35,,,
18/09/2024,263.15,264.4,262.3,,,
19/09/2024,261.65,259.7,257.4,,,
20/09/2024,250.75,248.65,246.45,,,
23/09/2024,263.65,261.3,258.8,,,
24/09/2024,267.8,265.85,263.35,,,
25/09/2024,269.1,266.85,264.15,,,
26/09/2024,273.9,271.75,269.05,,,
27/09/2024,269.15,266.9,264.35,,,
30/09/2024,270.25,267.95,265.25,,,
1/10/2024,264.15,262.15,259.8,,,
2/10/2024,256.5,254.75,252.8,,,
3/10/2024,252.05,250.5,248.55,,,
4/10/2024,257.35,255.65,253.55,,,
7/10/2024,244.65,243.35,241.45,,,
8/10/2024,248.2,246.95,245.15,,,
9/10/2024,250.05,248.8,247,,,
10/10/2024,254.75,253.45,251.6,,,
11/10/2024,252.05,250.75,248.9,,,
14/10/2024,262.05,260.55,258.5,,,
15/10/2024,256.7,255.5,253.55,,,
16/10/2024,258,256.65,254.7,,,
17/10/2024,255.15,253.85,252,,,
18/10/2024,257.3,256,254.05,,,
21/10/2024,251.7,250.45,248.55,,,
22/10/2024,249.85,248.75,247.2,,,
23/10/2024,252.35,251.05,249.55,,,
24/10/2024,245.45,244.45,243,,,
25/10/2024,248.4,247.5,246.15,,,
28/10/2024,252.35,251.35,249.9,,,
29/10/2024,248.1,247.25,245.85,,,
30/10/2024,249.6,249.05,247.8,,,
31/10/2024,245.9,245.5,244.45,,,
1/11/2024,242.95,242.4,241.35,,,
4/11/2024,245.95,244.95,243.8,,,
5/11/2024,250.15,249.4,248.15,,,
6/11/2024,248.75,248.05,246.7,,,
7/11/2024,260.4,259.75,258.35,,,
8/11/2024,253.35,253.1,251.8,,,
11/11/2024,256.2,255.85,254.5,,,
12/11/2024,263.55,263.1,261.45,,,
13/11/2024,271.65,271.2,269.9,,,
14/11/2024,278.95,279.4,277.75,,,
15/11/2024,281.8,283.3,281.45,,,
18/11/2024,280.75,282.2,280.15,,,
19/11/2024,279.75,281.3,279.3,,,
20/11/2024,295.3,292.5,290.25,,,
21/11/2024,298.65,295.7,293.15,,,
22/11/2024,305.25,302.1,299.6,,,
25/11/2024,308.35,304.8,302.25,,,
26/11/2024,312.15,308.85,306.3,,,
27/11/2024,326.15,323.05,320.7,,,
29/11/2024,321.65,318.05,315.5,,,
2/12/2024,299.2,296.05,294.25,,,
3/12/2024,297.7,295.5,293.65,,,
4/12/2024,305.95,303.7,301.75,,,
5/12/2024,315.75,313.5,311.3,,,
6/12/2024,332.5,330.25,327.6,,,
9/12/2024,332.3,330.1,327.65,,,
10/12/2024,335.65,334.15,331.55,,,
11/12/2024,321.7,320.2,317.8,,,
12/12/2024,322.6,321.25,319,,,
13/12/2024,320.85,319.5,317.05,,,
16/12/2024,328.75,327.4,324.65,,,
17/12/2024,325.45,324.95,321.9,,,
18/12/2024,333.15,332.65,327.4,,,
19/12/2024,323.75,318.3,311,,,
20/12/2024,325,319.3,311.65,,,
23/12/2024,327.25,321.85,314.1,,,
24/12/2024,328.6,323.35,315.95,,,
26/12/2024,324.65,319.7,313.35,,,
27/12/2024,322.65,317.6,311.05,,,
30/12/2024,321,316.95,311.75,,,
31/12/2024,319.75,314.85,308.45,,,
2/01/2025,326.85,322.1,316.15,,,
3/01/2025,318.65,314.9,309.1,,,
6/01/2025,318.6,315.5,310.4,,,
7/01/2025,320.5,317.3,312.4,,,
8/01/2025,316.45,313,307.95,,,
9/01/2025,318.5,314.7,309.3,,,
10/01/2025,323.85,319.8,313.6,,,
13/01/2025,325.95,321.9,316.1,,,
14/01/2025,321.95,318,312,,,
15/01/2025,330.45,326.05,319.4,,,
16/01/2025,327.15,323.15,316.55,,,
17/01/2025,328.35,324.6,318.25,,,
21/01/2025,327.8,323.95,317.7,,,
22/01/2025,341.85,337.85,331.15,,,
23/01/2025,343.95,340.1,333.55,,,
24/01/2025,347.55,343.05,336.4,,,
27/01/2025,349.2,344.15,337.45,,,
28/01/2025,357.5,351.9,345.1,,,
29/01/2025,366.55,361.35,354.45,,,
30/01/2025,373.4,368.15,361.3,,,
31/01/2025,377.85,371.35,364.05,,,
3/02/2025,380.9,374.35,366.2,,,
4/02/2025,383.35,377.4,369.35,,,
5/02/2025,397.75,390.65,381.4,,,
6/02/2025,403.95,397.1,388.75,,,
7/02/2025,404.35,396.7,386.8,,,
10/02/2025,429.05,421.1,408.05,,,
11/02/2025,413.45,404.4,392.15,,,
12/02/2025,431.8,420.2,407.3,,,
13/02/2025,438.9,425.1,408.2,,,
14/02/2025,419.75,407.4,393.4,,,
18/02/2025,419,405.25,390.3,,,
19/02/2025,417.9,411.9,397.3,,,
20/02/2025,395.75,389.9,379.55,,,
21/02/2025,400,389.25,378.9,,,
24/02/2025,393.8,384.8,374.9,,,
25/02/2025,380.5,375.9,366.9,,,
26/02/2025,379.45,375.2,365.6,,,
27/02/2025,378.75,373.6,364.75,,,
28/02/2025,379.05,373.05,364.75,,,
3/03/2025,392.7,386.65,378.2,,,
4/03/2025,403.75,398.4,387.7,,,
5/03/2025,415.5,409.95,399.55,,,
6/03/2025,393,387.15,377.55,,,
7/03/2025,390.2,384.4,374.25,,,
10/03/2025,389.35,384,374.7,,,
11/03/2025,399.45,393.75,384.4,,,
12/03/2025,392.2,386.75,378.55,,,
13/03/2025,390.6,385.7,378.65,,,
14/03/2025,382.1,377.2,370.9,,,
17/03/2025,389.35,383.4,376.75,,,
18/03/2025,387.15,383.8,377.35,,,
19/03/2025,394.6,391.05,384.1,,,
20/03/2025,392.15,385.35,378.15,,,
21/03/2025,391.4,385.3,378.8,,,
24/03/2025,393.4,387.4,380.75,,,
25/03/2025,398.55,392.65,386.45,,,
26/03/2025,392,386.15,380.5,,,
27/03/2025,378.8,374.95,370.3,,,
28/03/2025,379.95,376.4,371.6,,,
31/03/2025,379.75,375.4,370.35,,,
1/04/2025,389.05,385.2,380.35,,,
2/04/2025,388.85,385.4,380.8,,,
3/04/2025,385.25,381.75,377,,,
4/04/2025,365.7,363.3,359.15,,,
7/04/2025,344.8,341.95,337.75,,,
8/04/2025,342.9,341.35,336.9,,,
9/04/2025,341.7,340.55,336.5,,,
10/04/2025,342.85,341.6,337.45,,,
11/04/2025,357.7,353.6,347.8,,,
14/04/2025,360.4,358.5,352.9,,,
15/04/2025,369.4,367.15,361.35,,,
16/04/2025,376.05,373.8,367.7,,,
17/04/2025,375.5,372.6,366.05,,,
21/04/2025,366.8,364.55,358.45,,,
22/04/2025,377.65,372.75,366.5,,,
23/04/2025,392.4,385.75,378.6,,,
24/04/2025,408,398.8,391.3,,,
25/04/2025,408.25,399.85,392.6,,,
28/04/2025,421.55,410.05,401.9,,,
29/04/2025,412.65,399.8,392,,,
30/04/2025,413.6,400.75,393.35,,,
1/05/2025,395.7,384.65,377.5,,,
2/05/2025,395.4,385.4,378.7,,,
5/05/2025,398.95,388.25,381.8,,,
6/05/2025,401.1,389.85,383.75,,,
7/05/2025,396.2,384.1,378.7,,,
8/05/2025,397.8,387.35,381.8,,,
9/05/2025,397.15,387.75,382.45,,,
12/05/2025,382.45,372.95,368.45,,,
13/05/2025,384.85,376.35,372.25,,,
14/05/2025,373.95,364.8,361.8,,,
15/05/2025,384.95,375,371.35,,,
16/05/2025,376.25,365.65,362.5,,,
19/05/2025,376.15,374.7,371.45,,,
20/05/2025,369.3,366.4,361.35,,,
21/05/2025,370.3,367.45,362.4,,,
22/05/2025,360.75,358.65,354.2,,,
23/05/2025,361,358.7,354.1,,,
27/05/2025,361.7,359.45,355.1,,,
28/05/2025,351.95,349.85,345.65,,,
29/05/2025,348.4,345.6,341.25,,,
30/05/2025,342.45,339.8,335.65,,,
2/06/2025,344.45,341.8,337,,,
3/06/2025,340.85,338.6,334.25,,,
4/06/2025,346.15,343.85,339.45,,,
5/06/2025,359.75,357.2,352.45,,,
6/06/2025,358.05,355.45,350.9,,,
9/06/2025,361.55,359.4,353.5,,,
10/06/2025,355.05,353.05,347.55,,,
11/06/2025,350.65,348.6,343.45,,,
12/06/2025,347.8,345.3,340.1,,,
13/06/2025,349.7,346,341,,,
16/06/2025,343.95,340.25,335.25,,,
17/06/2025,335.85,332.45,328.2,,,
18/06/2025,324.9,322.3,317.8,,,
20/06/2025,319.05,315.05,309.95,,,
23/06/2025,330.3,326.55,320.6,,,
24/06/2025,315.35,311.35,306.55,,,
25/06/2025,308.65,304.5,298.8,,,
26/06/2025,309.5,305.65,300.4,,,
27/06/2025,309.9,303.75,297.4,,,
30/06/2025,306.75,300.1,294.6,,,
1/07/2025,298.85,291.95,286.15,,,
2/07/2025,297.95,291.2,285.35,,,
3/07/2025,292.65,289.6,284.15,,,
7/07/2025,280.05,278.25,273.2,,,
8/07/2025,287.4,285.6,280.45,,,
9/07/2025,285.85,284.05,279.05,,,
10/07/2025,289.9,287.8,282.1,,,
11/07/2025,288.6,286.5,280.45,,,
14/07/2025,305.7,301.85,294.85,,,
15/07/2025,301.6,297.35,290.25,,,
16/07/2025,314.55,308.45,300.9,,,
17/07/2025,312.5,307.2,298.7,,,
18/07/2025,308.9,303.6,295.95,,,
21/07/2025,297.25,291.95,284.9,,,
22/07/2025,296.35,288.7,281.9,,,
23/07/2025,301.35,293.8,286.8,,,
24/07/2025,304.85,297,289.8,,,
25/07/2025,297.55,290.45,283.8,,,
28/07/2025,301.7,294.65,288.05,,,
29/07/2025,296.5,289.75,283.35,,,
30/07/2025,293.4,286.85,280.45,,,
31/07/2025,295.8,288.7,282,,,
1/08/2025,284.2,277.55,271,,,
4/08/2025,288.55,281.65,275.1,,,
5/08/2025,298.7,290.9,283.35,,,
6/08/2025,293.4,286.4,278.85,,,
7/08/2025,297.8,291.15,283.7,,,
8/08/2025,309.35,302.45,293.65,,,
11/08/2025,320.7,314.05,304.25,,,
12/08/2025,315.15,308.3,298.45,,,
13/08/2025,319.6,312.65,303,,,
14/08/2025,326.5,318.7,308.9,,,
15/08/2025,341.65,334.2,322.95,,,
18/08/2025,343.6,336.05,325.8,,,
19/08/2025,356.2,349.05,339,,,
20/08/2025,360.25,353.45,343.7,,,
21/08/2025,375.25,365,355.15,,,
22/08/2025,390.65,378.3,368.5,,,
25/08/2025,389.95,377.75,368.15,,,
26/08/2025,384.05,372.3,362.6,,,
27/08/2025,393.8,385.3,374.2,,,
28/08/2025,387.75,377.5,366.95,,,
29/08/2025,396.85,386.1,373.9,,,
2/09/2025,382.2,370.35,358.75,,,
3/09/2025,385.25,373.65,361.8,,,
4/09/2025,385.75,374.4,362.2,,,
5/09/2025,385.6,373.65,361.3,,,
8/09/2025,397.8,384.85,372.15,,,
9/09/2025,393,381.8,368.7,,,
10/09/2025,401,386.9,373.55,,,
11/09/2025,400.05,386.1,372.8,,,
12/09/2025,410.65,396.85,382.35,,,
15/09/2025,432.35,417.65,401.1,,,
16/09/2025,422.25,409.35,390.55,,,
17/09/2025,388.55,375.65,357.3,,,
18/09/2025,385.85,380.85,361.25,,,
19/09/2025,366.5,346.25,332.45,,,
22/09/2025,367.35,347.9,334.3,,,
23/09/2025,350.15,335.05,323.2,,,
24/09/2025,367.75,348.4,335.4,,,
25/09/2025,371.35,351.45,337.75,,,
26/09/2025,378.05,358.9,345.35,,,
29/09/2025,372.2,355.55,343.65,,,
30/09/2025,374.85,358.95,347.45,,,
1/10/2025,383.9,368.05,357.05,,,
2/10/2025,378.1,362.45,351.45,,,
3/10/2025,390.75,374.15,362.5,,,
6/10/2025,381.35,364.95,353.25,,,
7/10/2025,375.4,359.15,347.3,,,
8/10/2025,385.1,368,355.6,,,
9/10/2025,377.25,360.4,348,,,
10/10/2025,373.05,356.35,343.75,,,
13/10/2025,385.2,366.95,354,,,
14/10/2025,399.65,377.8,363.15,,,
15/10/2025,394.9,373.3,359,,,
16/10/2025,393.8,373.4,359.25,,,
17/10/2025,397.45,375.6,360.35,,,
20/10/2025,406.05,383.3,367.6,,,
21/10/2025,413.55,391.25,375.6,,,
22/10/2025,420.85,398.75,382.2,,,
23/10/2025,410.15,389.75,373.45,,,
24/10/2025,403,383.05,367.85,,,
27/10/2025,390.1,368.95,354.5,,,
28/10/2025,387.9,366,351.2,,,
29/10/2025,390.7,370.8,356.55,,,
30/10/2025,392,372.25,358.15,,,
31/10/2025,392.05,372.25,357.45,,,
3/11/2025,406.65,386.7,371.35,,,
4/11/2025,405.25,385.35,370.8,,,
5/11/2025,413.6,394.4,380.1,,,
6/11/2025,396.75,379.05,365,,,
7/11/2025,407.8,385.85,370.95,,,
10/11/2025,414.75,393.15,378.2,,,
11/11/2025,422.7,399.3,383.65,,,
12/11/2025,403.65,376.65,360.8,,,
13/11/2025,401.7,374.25,358.65,,,
14/11/2025,399.8,374,356.9,,,
17/11/2025,402.55,376.6,358.75,,,
18/11/2025,415.35,387.7,370.25,,,
19/11/2025,404.5,374.85,357.3,,,
20/11/2025,406.5,376.65,359.5,,,
21/11/2025,400,369.45,352.25,,,
24/11/2025,407.45,376.55,359,,,
25/11/2025,414.2,383.3,365.7,,,
26/11/2025,411.5,379.7,362.7,,,
28/11/2025,413,381.2,364,,,
1/12/2025,411.5,379.7,362.45,,,
2/12/2025,405.55,373.45,356.05,,,
3/12/2025,403.75,372.45,355.1,,,
4/12/2025,411.95,380.5,363.1,,,
5/12/2025,406.25,374.85,357.35,,,
8/12/2025,396.05,366.2,348.8,,,
9/12/2025,394.2,368.75,351.4,,,
10/12/2025,400.8,372.3,355.2,,,
11/12/2025,405.45,376.2,358.9,,,
12/12/2025,397.2,369.3,353.35,,,
15/12/2025,387.7,360.3,344.75,,,
16/12/2025,379.3,352.1,336.5,,,
17/12/2025,351.9,347.4,331,,,
18/12/2025,345.45,345.1,328.9,,,
19/12/2025,340.65,325.9,316.65,,,
22/12/2025,347.35,332.7,323.4,,,
23/12/2025,346.95,332.6,323.55,,,
24/12/2025,345.15,330.85,322.7,,,
26/12/2025,350.25,334.85,326.7,,,
29/12/2025,352.15,336.9,328.85,,,
30/12/2025,350.2,335.05,327.3,,,
31/12/2025,348.75,333.35,326,,,
2/01/2026,357.3,341.45,334.25,,,
5/01/2026,359.35,341.8,334.4,,,
6/01/2026,373.85,353.05,344.55,,,
7/01/2026,375.45,355.05,347.25,,,
8/01/2026,372.35,352.85,345.4,,,
9/01/2026,357.65,339.9,332.95,,,
12/01/2026,356.05,338.45,331.95,,,
13/01/2026,360.25,341.6,335.25,,,
14/01/2026,356,338.25,332.1,,,
15/01/2026,358.1,340.4,334.15,,,
16/01/2026,355.3,337.5,331.35,,,
20/01/2026,346.5,329.9,323.55,,,
21/01/2026,347.5,330.8,324.25,,,
22/01/2026,347.7,331.3,324.8,,,
23/01/2026,350.9,333.45,327.05,,,
26/01/2026,356.25,338.1,331.3,,,
27/01/2026,367.25,346.7,338.85,,,
28/01/2026,351,334.3,327,,,
29/01/2026,345.5,328.8,322.15,,,
30/01/2026,332.25,315.35,309,,,
2/02/2026,333.25,315.05,308.5,,,
3/02/2026,317.1,300.9,295.65,,,
4/02/2026,308.65,297.85,293,,,
5/02/2026,308.4,296.5,291.35,,,
6/02/2026,296.55,289.3,284,,,
9/02/2026,299.85,293.85,288.6,,,
10/02/2026,294.2,290.7,285.4,,,
11/02/2026,294.8,292.85,289.1,,,
12/02/2026,299.65,297.45,293.7,,,
13/02/2026,300.05,298.3,294.35,,,
17/02/2026,284.6,283.1,279.55,,,
18/02/2026,287.55,285.15,281.6,,,
19/02/2026,287.4,285.4,281.05,,,
20/02/2026,288.3,285.7,281.1,,,
23/02/2026,281.15,278.05,273.6,,,
24/02/2026,288.25,285.5,280.3,,,
25/02/2026,288.3,284.85,279.9,,,
26/02/2026,286,282.3,277.4,,,
27/02/2026,284.6,280.75,275.9,,,
2/03/2026,288.35,284.6,279.7,,,
3/03/2026,286.95,283.15,278.5,,,
4/03/2026,290.7,286.25,281.2,,,
5/03/2026,293,288.8,283.95,,,
6/03/2026,297.6,293.3,288.45,,,
9/03/2026,301.75,296.9,290.9,,,
10/03/2026,300.55,295.8,290.1,,,
11/03/2026,292,287.4,282.2,,,
12/03/2026,296.5,291.9,286.45,,,
13/03/2026,290.35,285.15,279.4,,,
16/03/2026,297.75,292.85,286.25,,,
17/03/2026,302.05,294.75,288.45,,,
18/03/2026,299.7,292.9,287.1,,,
19/03/2026,306.2,300.9,294.2,,,
20/03/2026,309.75,302.35,290.4,,,
23/03/2026,307,299.85,287.15,,,
24/03/2026,317.85,310.35,296.25,,,
25/03/2026,316.1,309.7,296.25,,,
26/03/2026,307.65,302,290.6,,,
27/03/2026,301.7,295.9,284.6,,,
30/03/2026,292.55,286.6,275.6,,,
31/03/2026,298.35,290.8,278.1,,,
1/04/2026,297.8,291.25,278.1,,,
2/04/2026,295.4,289.4,276.65,,,
6/04/2026,298.05,292.4,279.35,,,
7/04/2026,286.1,281.3,269.2,,,
8/04/2026,294.05,289.3,275.95,,,
9/04/2026,293.7,289.55,275.8,,,
10/04/2026,300.1,295.9,281.1,,,
13/04/2026,300.85,296.25,281.8,,,
14/04/2026,302.65,297.6,283.25,,,
15/04/2026,304.25,298.25,284.1,,,
16/04/2026,296.45,290.4,277.35,,,
17/04/2026,289.3,284.25,272.95,,,
20/04/2026,292.2,287.75,277.1,,,
21/04/2026,289,282.65,272.05,,,
22/04/2026,302.4,289.15,278.4,,,
23/04/2026,316.35,300.35,288.35,,,
24/04/2026,309.8,294.9,285.1,,,
27/04/2026,304.1,288.5,278.8,,,
28/04/2026,306.4,290.7,280.6,,,
29/04/2026,305.25,290.7,280.25,,,
30/04/2026,300.9,285.55,275.35,,,
1/05/2026,302,286.4,275.9,,,
4/05/2026,302.2,285.5,276.2,,,
5/05/2026,305.85,289.75,280.4,,,
6/05/2026,299.45,283.85,276.1,,,
7/05/2026,291.05,273.25,265.15,,,
8/05/2026,289.7,274.8,267.15,,,
11/05/2026,298.6,282.3,274.85,,,
12/05/2026,294.8,280.15,272.8,,,
13/05/2026,296.25,280.75,273.4,,,
14/05/2026,294.45,275.7,268.35,,,
15/05/2026,284.6,266.9,260.1,,,
18/05/2026,276.2,264.2,256.75,,,
19/05/2026,270.15,262.15,254.65,,,
20/05/2026,268.3,260.5,252.9,,,
21/05/2026,273.4,265.5,257.25,,,
22/05/2026,272.35,264.8,256.95,,,
26/05/2026,274,266.35,258.3,,,
27/05/2026,269.85,262.1,254.2,,,
28/05/2026,274.25,266.7,258.9,,,
29/05/2026,265.6,258.7,251.2,,,
1/06/2026,260.6,254.2,246.75,,,
2/06/2026,259.2,252.85,245.25,,,
3/06/2026,253.1,247.6,240.45,,,
4/06/2026,247.15,242.4,235.35,,,
5/06/2026,246.5,242.1,234.85,,,
8/06/2026,245.9,241.65,234.35,,,
9/06/2026,244.4,240.9,233.9,,,
10/06/2026,248.4,244.6,237.25,,,
11/06/2026,253.95,250.25,243.2,,,
12/06/2026,257.2,253.4,246.45,,,
15/06/2026,262.95,259.2,251.75,,,
16/06/2026,277.25,272.8,263.6,,,
17/06/2026,277.85,271.9,263.15,,,
18/06/2026,275.1,267.8,257.9,,,
22/06/2026,277,267,256,,,
23/06/2026,287.95,275.95,261.95,,,
24/06/2026,291.55,277.2,263.85,,,
25/06/2026,288.8,276.4,263.4,,,
26/06/2026,286.75,273.2,260.9,,,
29/06/2026,291.1,277.8,263.4,,,
30/06/2026,311.2,296.45,282.1,,,
1/07/2026,324.3,309.9,294.85,,,
2/07/2026,315.65,301.2,286.3,,,
6/07/2026,363.95,349.95,335.4,,,
7/07/2026,331.6,317.6,305,,,
8/07/2026,324.25,309.8,297.25,,,
9/07/2026,356.95,347.9,328.2,,,
10/07/2026,343,334.25,316,,,
13/07/2026,341.4,330,311.05,,,
14/07/2026,337.2,326.1,308,,,
15/07/2026,334.45,326.75,309.95,,,
16/07/2026,321.3,312.6,297.25,,,
17/07/2026,328.45,320.3,303.8,,,
20/07/2026,334.4,324.55,309.45,,,
21/07/2026,331.95,322.1,307.9,,,
22/07/2026,316.65,303.7,297.55,,,
23/07/2026,309.4,296.45,290.55,,,
24/07/2026,313.8,298.05,291.25,,,
27/07/2026,324.55,305.9,298.45,,,
28/07/2026,339.4,317.3,309.4,,,
29/07/2026,325.8,308.55,300.45,,,
30/07/2026,323.05,307.7,299.6,,,
31/07/2026,332.1,314.65,305.3,,,
3/08/2026,319.5,304.7,295.95,,,
4/08/2026,324.1,308.8,299.7,,,
5/08/2026,326.9,311.45,302.35,,,
6/08/2026,321.65,306.1,297.3,,,
7/08/2026,335.55,315.9,305.85,,,
10/08/2026,332.3,313.9,304.55,,,
11/08/2026,335.75,315.7,306.3,,,
12/08/2026,340.1,319.95,310.05,,,
13/08/2026,333.1,312.8,303.25,,,
14/08/2026,338.1,314.3,303.2,,,
17/08/2026,345.1,317.9,306.2,,,
18/08/2026,363.4,332.45,317.8,,,
19/08/2026,359.5,328.2,314.7,,,
20/08/2026,363.6,329.3,315.5,,,
21/08/2026,358.75,322.65,309.75,,,
24/08/2026,377.75,341.65,326.85,,,
25/08/2026,371.4,335.5,321.25,,,
26/08/2026,357.6,322.15,308.1,,,
27/08/2026,341.9,309.65,298.3,,,
28/08/2026,345.85,312.85,300.6,,,
31/08/2026,343.9,311.5,299.3,,,
1/09/2026,342.25,309.45,297.65,,,
2/09/2026,328.4,298.1,287.75,,,
3/09/2026,324.35,295.35,285.05,,,
4/09/2026,324.25,295.6,287.4,,,
8/09/2026,318.45,291.3,282.65,,,
