Date,HG1,HG2,HG3,,,,,,
3/01/2005,147.35,143.7,140,,,,,,
4/01/2005,134.3,131.1,128,,,,,,
5/01/2005,137.5,134.2,130.8,,,,,,
6/01/2005,137.5,134.25,130.8,,,,,,
7/01/2005,137,133.7,130.3,,,,,,
10/01/2005,136.95,133.65,130.25,,,,,,
11/01/2005,139.7,136.35,132.95,,,,,,
12/01/2005,140.4,137.1,133.7,,,,,,
13/01/2005,138.1,135,131.8,,,,,,
14/01/2005,139.6,136.8,133.6,,,,,,
18/01/2005,140.15,137.2,134.25,,,,,,
19/01/2005,140.95,137.8,134.65,,,,,,
20/01/2005,141.5,138.25,135.15,,,,,,
21/01/2005,143.5,139.85,136.75,,,,,,
24/01/2005,143,139.7,136.35,,,,,,
25/01/2005,142.9,139.95,136.65,,,,,,
26/01/2005,143.55,140.6,137.2,,,,,,
27/01/2005,142.7,140,136.7,,,,,,
28/01/2005,143.85,141.1,137.6,,,,,,
31/01/2005,143.5,141,137.5,,,,,,
1/02/2005,141.6,139.55,136.25,,,,,,
2/02/2005,139.35,137.55,134.45,,,,,,
3/02/2005,138.85,137.2,134.2,,,,,,
4/02/2005,137.55,136,133,,,,,,
7/02/2005,138.85,137.3,134.3,,,,,,
8/02/2005,138.8,137.65,134.55,,,,,,
9/02/2005,138.7,137.65,134.65,,,,,,
10/02/2005,142.5,141.4,138.25,,,,,,
11/02/2005,142.25,141.15,137.75,,,,,,
14/02/2005,143.95,142.8,139.2,,,,,,
15/02/2005,145.85,144.9,141.45,,,,,,
16/02/2005,144.8,144.05,140.65,,,,,,
17/02/2005,149.35,148.6,144.9,,,,,,
18/02/2005,149.2,148.75,144.95,,,,,,
22/02/2005,148.95,148.9,145.2,,,,,,
23/02/2005,150,149.5,146.1,,,,,,
24/02/2005,148.3,148,144.5,,,,,,
25/02/2005,148.9,148.6,145.1,,,,,,
28/02/2005,150,149.85,146.25,,,,,,
1/03/2005,146.45,146.45,143.4,,,,,,
2/03/2005,147.7,147.7,144.6,,,,,,
3/03/2005,147.5,147.6,144.5,,,,,,
4/03/2005,149.2,149.4,146.5,,,,,,
7/03/2005,149.45,149.65,146.8,,,,,,
8/03/2005,149.75,149.95,147.55,,,,,,
9/03/2005,150.2,150.35,148.15,,,,,,
10/03/2005,149.5,149.6,147.55,,,,,,
11/03/2005,148.1,147.9,145.9,,,,,,
14/03/2005,147.5,147.05,144.9,,,,,,
15/03/2005,149.55,149.05,146.8,,,,,,
16/03/2005,150.6,150.6,148.45,,,,,,
17/03/2005,150.6,150.45,148.6,,,,,,
18/03/2005,150.75,150.7,148.85,,,,,,
21/03/2005,148.9,148.9,147.6,,,,,,
22/03/2005,149.85,149.75,148.55,,,,,,
23/03/2005,144.7,144.45,143.55,,,,,,
24/03/2005,145.95,145.35,144.55,,,,,,
28/03/2005,146.05,145.45,144.8,,,,,,
29/03/2005,147.65,147.05,146.35,,,,,,
30/03/2005,149.2,148.2,144.9,,,,,,
31/03/2005,150.25,149.2,145.75,,,,,,
1/04/2005,148.45,147.6,144.15,,,,,,
4/04/2005,149.5,148.75,145.45,,,,,,
5/04/2005,148.45,147.65,144.5,,,,,,
6/04/2005,150.85,149.85,146.55,,,,,,
7/04/2005,150.65,149.9,146.75,,,,,,
8/04/2005,150.75,150,147.1,,,,,,
11/04/2005,152.5,151.65,148.75,,,,,,
12/04/2005,149.6,148.8,146,,,,,,
13/04/2005,145.95,145.45,142.85,,,,,,
14/04/2005,142.85,142.35,139.85,,,,,,
15/04/2005,144.5,143.95,141.45,,,,,,
18/04/2005,144.5,144,141.7,,,,,,
19/04/2005,147.15,146.7,144.5,,,,,,
20/04/2005,150.95,150.3,147.7,,,,,,
21/04/2005,148.35,148,145.6,,,,,,
22/04/2005,148.8,148.4,146,,,,,,
25/04/2005,148.95,148.4,146.25,,,,,,
26/04/2005,146.65,146,144,,,,,,
27/04/2005,145.8,144.3,142.7,,,,,,
28/04/2005,145.45,144.4,142.6,,,,,,
29/04/2005,149.3,146.4,144.2,,,,,,
2/05/2005,149.6,145.5,143.4,,,,,,
3/05/2005,147.85,144.35,142.45,,,,,,
4/05/2005,145.9,142.9,141.05,,,,,,
5/05/2005,145.9,143,141.1,,,,,,
6/05/2005,147.2,144.1,142.2,,,,,,
9/05/2005,147.65,144.65,142.75,,,,,,
10/05/2005,149.2,145.7,143.7,,,,,,
11/05/2005,148.25,144.25,142.25,,,,,,
12/05/2005,145.55,137.6,135.5,,,,,,
13/05/2005,142.45,135.25,133.05,,,,,,
16/05/2005,142.25,134.6,132.1,,,,,,
17/05/2005,143.35,134.85,131.65,,,,,,
18/05/2005,146.6,137.6,134.6,,,,,,
19/05/2005,145.8,136.3,133.3,,,,,,
20/05/2005,147.5,137.5,134,,,,,,
23/05/2005,148.85,138.85,134.35,,,,,,
24/05/2005,150.5,140.5,135.65,,,,,,
25/05/2005,152.9,141.95,136.3,,,,,,
26/05/2005,161.4,144.95,138.7,,,,,,
27/05/2005,145.1,138.4,131.9,,,,,,
31/05/2005,145.65,139.35,132.45,,,,,,
1/06/2005,148.55,142.05,135.05,,,,,,
2/06/2005,151.65,145.45,138.05,,,,,,
3/06/2005,155.75,149,140.6,,,,,,
6/06/2005,156.4,149.75,141.35,,,,,,
7/06/2005,154.3,149,141,,,,,,
8/06/2005,154.6,149.4,141,,,,,,
9/06/2005,154.7,149.25,140.75,,,,,,
10/06/2005,156.25,151,141.4,,,,,,
13/06/2005,153.95,150.2,140.35,,,,,,
14/06/2005,152.65,149.4,139.7,,,,,,
15/06/2005,154.9,151.25,141.05,,,,,,
16/06/2005,156.95,153.3,142.8,,,,,,
17/06/2005,160.4,156.15,144.75,,,,,,
20/06/2005,158.75,155.45,144.45,,,,,,
21/06/2005,159.25,156.55,145.8,,,,,,
22/06/2005,158.45,154.55,144.2,,,,,,
23/06/2005,158.25,152.75,142.75,,,,,,
24/06/2005,159.3,155.05,144.45,,,,,,
27/06/2005,159.8,156.3,145.7,,,,,,
28/06/2005,158.9,155.4,145.3,,,,,,
29/06/2005,159.75,156.2,145.7,,,,,,
30/06/2005,155.35,151,141.1,,,,,,
1/07/2005,153.65,147.35,138.25,,,,,,
5/07/2005,158,150.9,141.55,,,,,,
6/07/2005,160.3,153,143.4,,,,,,
7/07/2005,160.95,153.55,144.25,,,,,,
8/07/2005,162.55,155.6,145.95,,,,,,
11/07/2005,162.4,156.1,146.9,,,,,,
12/07/2005,160.3,153.9,145.05,,,,,,
13/07/2005,162,154.95,146.35,,,,,,
14/07/2005,161.8,154.7,146,,,,,,
15/07/2005,162.9,156.2,147.2,,,,,,
18/07/2005,163.05,156.65,147.85,,,,,,
19/07/2005,165.05,158.65,149.7,,,,,,
20/07/2005,165.55,159.15,150.1,,,,,,
21/07/2005,163.1,157,148.9,,,,,,
22/07/2005,165.55,160.35,152.4,,,,,,
25/07/2005,165.8,161.8,154.35,,,,,,
26/07/2005,166.6,160.6,153.4,,,,,,
27/07/2005,167.75,162.7,155.55,,,,,,
28/07/2005,164.9,157.8,148.6,,,,,,
29/07/2005,164.45,157.95,148.45,,,,,,
1/08/2005,166.3,160.5,151,,,,,,
2/08/2005,166.25,160.65,151.15,,,,,,
3/08/2005,167.15,161.85,152.5,,,,,,
4/08/2005,165.45,160.55,151.55,,,,,,
5/08/2005,164.9,160.2,151.7,,,,,,
8/08/2005,164.65,160.45,152.15,,,,,,
9/08/2005,160.75,156.85,149.05,,,,,,
10/08/2005,163.45,159.2,150.75,,,,,,
11/08/2005,164.7,159.8,151.6,,,,,,
12/08/2005,167.6,161.65,153.25,,,,,,
15/08/2005,170.75,163.9,155.3,,,,,,
16/08/2005,171.45,165.45,156.85,,,,,,
17/08/2005,165.7,160.3,152.2,,,,,,
18/08/2005,165.9,160.25,151.7,,,,,,
19/08/2005,165.9,161.2,153.5,,,,,,
22/08/2005,168.5,164.1,156.25,,,,,,
23/08/2005,169.2,164.3,156.45,,,,,,
24/08/2005,166.7,162.4,154.75,,,,,,
25/08/2005,164.9,160.6,153.2,,,,,,
26/08/2005,169.3,164.3,156.6,,,,,,
29/08/2005,167.65,162.15,154.45,,,,,,
30/08/2005,170.95,164.7,156.8,,,,,,
31/08/2005,169.5,161.95,154.45,,,,,,
1/09/2005,172.7,164.8,157.1,,,,,,
2/09/2005,174.7,167.35,159.55,,,,,,
6/09/2005,173.6,166.1,158.6,,,,,,
7/09/2005,172.1,164.7,157.4,,,,,,
8/09/2005,169.65,161.85,154.75,,,,,,
9/09/2005,168.4,160.4,153.8,,,,,,
12/09/2005,171.9,164.4,157.4,,,,,,
13/09/2005,170,162.55,155.9,,,,,,
14/09/2005,168.2,161.1,154.6,,,,,,
15/09/2005,167.8,160.45,154.15,,,,,,
16/09/2005,167.3,159.3,153,,,,,,
19/09/2005,173.95,165.45,158.7,,,,,,
20/09/2005,174.95,166.6,159.8,,,,,,
21/09/2005,179.65,170.65,163.45,,,,,,
22/09/2005,181,171,163.6,,,,,,
23/09/2005,179.85,169.85,162.55,,,,,,
26/09/2005,184.1,173.65,165.75,,,,,,
27/09/2005,183.8,172.8,164.8,,,,,,
28/09/2005,187.65,174.8,166.7,,,,,,
29/09/2005,173.95,166.05,160.65,,,,,,
30/09/2005,172.75,165.25,160.05,,,,,,
3/10/2005,175.9,168.2,163,,,,,,
4/10/2005,176.6,168.85,163.6,,,,,,
5/10/2005,178.65,170.35,164.85,,,,,,
6/10/2005,178.3,170.2,164.7,,,,,,
7/10/2005,180.85,172.7,167,,,,,,
10/10/2005,180.6,172.4,166.7,,,,,,
11/10/2005,183.5,175.4,169.6,,,,,,
12/10/2005,179.35,171.95,166.15,,,,,,
13/10/2005,176.5,169.45,163.65,,,,,,
14/10/2005,175.65,168.7,163.2,,,,,,
17/10/2005,182.1,174.65,168.75,,,,,,
18/10/2005,182.55,175.4,169.5,,,,,,
19/10/2005,180.6,173.4,167.5,,,,,,
20/10/2005,179.3,172.5,166.6,,,,,,
21/10/2005,179.3,172.6,166.9,,,,,,
24/10/2005,178.45,171.9,166.1,,,,,,
25/10/2005,182.45,175.7,169.7,,,,,,
26/10/2005,181.8,175.1,169.1,,,,,,
27/10/2005,180.4,173.8,167.8,,,,,,
28/10/2005,182,175.5,169.75,,,,,,
31/10/2005,181.1,174.65,168.75,,,,,,
1/11/2005,181.6,175.4,169.5,,,,,,
2/11/2005,183.05,176.95,171.05,,,,,,
3/11/2005,182.7,176.8,170.8,,,,,,
4/11/2005,184.6,178.8,172.9,,,,,,
7/11/2005,184.75,179.3,173.4,,,,,,
8/11/2005,183.8,178.45,172.7,,,,,,
9/11/2005,183.15,177.55,171.8,,,,,,
10/11/2005,187.15,180.75,174.85,,,,,,
11/11/2005,190.55,184.6,178.65,,,,,,
14/11/2005,191.35,185.45,179.5,,,,,,
15/11/2005,193.2,187.05,180.85,,,,,,
16/11/2005,193.5,187.45,181.15,,,,,,
17/11/2005,194.6,187.9,181.7,,,,,,
18/11/2005,197.8,191.3,184.8,,,,,,
21/11/2005,197.35,191.1,184.8,,,,,,
22/11/2005,191.75,184.75,178.75,,,,,,
23/11/2005,196.85,186.1,180.1,,,,,,
28/11/2005,201.6,191.1,184.8,,,,,,
29/11/2005,204.05,191.15,185.05,,,,,,
30/11/2005,207.5,192.6,186.75,,,,,,
1/12/2005,216.8,199.95,193.65,,,,,,
2/12/2005,215.25,198.1,191.9,,,,,,
5/12/2005,216.6,200.75,194.65,,,,,,
6/12/2005,211.9,198.7,192.7,,,,,,
7/12/2005,216.05,203.15,197,,,,,,
8/12/2005,217,203,197.05,,,,,,
9/12/2005,218,203,197.1,,,,,,
12/12/2005,215.55,198.6,193.1,,,,,,
13/12/2005,217.3,202.65,196.9,,,,,,
14/12/2005,212.6,196.95,191.3,,,,,,
15/12/2005,214.15,200.1,194.4,,,,,,
16/12/2005,216.95,202.9,197,,,,,,
19/12/2005,215.95,201.3,195.4,,,,,,
20/12/2005,216.5,202,196.2,,,,,,
21/12/2005,217.9,201.75,196.05,,,,,,
22/12/2005,220.6,202.55,196.75,,,,,,
23/12/2005,223.05,203.95,197.75,,,,,,
27/12/2005,228,206.75,200.55,,,,,,
28/12/2005,219.4,206.9,200.7,,,,,,
29/12/2005,204.55,198.55,193.2,,,,,,
30/12/2005,204.2,198.35,193,,,,,,
3/01/2006,204.85,198.85,193.35,,,,,,
4/01/2006,209.75,203.7,198.25,,,,,,
5/01/2006,206.05,200.7,195.4,,,,,,
6/01/2006,208.6,203.3,198,,,,,,
9/01/2006,209.7,204.7,199.5,,,,,,
10/01/2006,210.7,205.8,200.8,,,,,,
11/01/2006,209.5,204.75,199.9,,,,,,
12/01/2006,208.75,203.95,199,,,,,,
13/01/2006,211.25,206.25,201.3,,,,,,
17/01/2006,211.1,206.3,201.35,,,,,,
18/01/2006,212,207.4,202.4,,,,,,
19/01/2006,211.1,206.8,201.8,,,,,,
20/01/2006,209,204.85,200,,,,,,
23/01/2006,211.95,207.95,203.1,,,,,,
24/01/2006,215.25,211.3,206.55,,,,,,
25/01/2006,220.35,216.45,211.55,,,,,,
26/01/2006,220.15,216.35,211.65,,,,,,
27/01/2006,223.3,219.75,215.1,,,,,,
30/01/2006,222.95,219.9,215.7,,,,,,
31/01/2006,222.85,220.4,216.4,,,,,,
1/02/2006,224.9,222.65,218.45,,,,,,
2/02/2006,230.9,228.15,224.15,,,,,,
3/02/2006,230.8,228.55,224.9,,,,,,
6/02/2006,233,230.8,227.2,,,,,,
7/02/2006,227.8,225.85,222.6,,,,,,
8/02/2006,227.45,225.45,222.2,,,,,,
9/02/2006,230.5,228.35,225,,,,,,
10/02/2006,222.45,220.6,217.85,,,,,,
13/02/2006,223.4,222,219.35,,,,,,
14/02/2006,226.65,224.6,221.9,,,,,,
15/02/2006,219.1,216.8,214.15,,,,,,
16/02/2006,222.25,219.9,216.9,,,,,,
17/02/2006,220.1,218.55,215.45,,,,,,
21/02/2006,227.35,226.05,222.6,,,,,,
22/02/2006,226.45,225.85,222.35,,,,,,
23/02/2006,220.5,219.95,216.95,,,,,,
24/02/2006,220.75,220.7,218.05,,,,,,
27/02/2006,214.05,213.05,210.55,,,,,,
28/02/2006,218.55,217.85,214.75,,,,,,
1/03/2006,224.35,223.55,220.45,,,,,,
2/03/2006,227.55,226.75,223.65,,,,,,
3/03/2006,226.95,226.4,223.4,,,,,,
6/03/2006,220.1,219.65,217.25,,,,,,
7/03/2006,218.6,217.7,215.45,,,,,,
8/03/2006,217.25,216.35,213.65,,,,,,
9/03/2006,220.45,219.55,216.65,,,,,,
10/03/2006,221.7,221,218.15,,,,,,
13/03/2006,225.15,224.55,221.7,,,,,,
14/03/2006,226,225.4,222.95,,,,,,
15/03/2006,225.2,225.05,222.55,,,,,,
16/03/2006,226.65,226.55,224,,,,,,
17/03/2006,236.9,236,232.95,,,,,,
20/03/2006,234.4,233.4,230.75,,,,,,
21/03/2006,233.4,232.4,230.1,,,,,,
22/03/2006,235,233.9,231.65,,,,,,
23/03/2006,240.9,239.8,237.8,,,,,,
24/03/2006,241.15,239.45,237.65,,,,,,
27/03/2006,247.5,243,241.45,,,,,,
28/03/2006,249.4,242.85,241.5,,,,,,
29/03/2006,247.65,243.85,242.35,,,,,,
30/03/2006,248.45,246.85,244.05,,,,,,
31/03/2006,246.3,245.05,242.35,,,,,,
3/04/2006,254.75,253.75,251.15,,,,,,
4/04/2006,253.55,252.55,249.95,,,,,,
5/04/2006,259.6,258.5,255.95,,,,,,
6/04/2006,264.65,263.6,261.3,,,,,,
7/04/2006,264.05,263.2,260.7,,,,,,
10/04/2006,270.9,270,267.7,,,,,,
11/04/2006,272.15,271.25,268.75,,,,,,
12/04/2006,277.15,275.8,273.25,,,,,,
13/04/2006,281.55,279.35,276.35,,,,,,
17/04/2006,289.5,287.5,284.3,,,,,,
18/04/2006,297.1,294.6,291.1,,,,,,
19/04/2006,295.95,292.45,289.15,,,,,,
20/04/2006,296.2,292.6,289,,,,,,
21/04/2006,314.05,311.15,307.2,,,,,,
24/04/2006,311.1,308.4,304.7,,,,,,
25/04/2006,332.05,327.25,322.75,,,,,,
26/04/2006,339.5,331.4,325.9,,,,,,
27/04/2006,326,318.1,313.25,,,,,,
28/04/2006,333.55,322.05,317.45,,,,,,
1/05/2006,345.3,332.05,326.8,,,,,,
2/05/2006,341.65,327.65,323.15,,,,,,
3/05/2006,342.5,330.5,326.2,,,,,,
4/05/2006,359.3,347.95,342.75,,,,,,
5/05/2006,359.7,349.35,344.15,,,,,,
8/05/2006,360.55,350.15,345.15,,,,,,
9/05/2006,369.6,359.6,353.5,,,,,,
10/05/2006,378.4,368.8,361.7,,,,,,
11/05/2006,403.3,392.3,383.55,,,,,,
12/05/2006,396.65,386.4,380.15,,,,,,
15/05/2006,386.9,374.65,369.15,,,,,,
16/05/2006,398.2,384.2,378.3,,,,,,
17/05/2006,383.05,367.15,361.65,,,,,,
18/05/2006,386.95,371.1,365.35,,,,,,
19/05/2006,364.3,346.9,341.5,,,,,,
22/05/2006,364,346.15,340.85,,,,,,
23/05/2006,407.55,388.55,382.15,,,,,,
24/05/2006,383.05,363.9,358.2,,,,,,
25/05/2006,390.15,370.75,365.3,,,,,,
26/05/2006,401.5,381.5,376.75,,,,,,
30/05/2006,367.4,363.2,352.7,,,,,,
31/05/2006,362.4,358.7,347.9,,,,,,
1/06/2006,347.1,343.45,333.6,,,,,,
2/06/2006,358.65,354.95,344.95,,,,,,
5/06/2006,360.1,356.5,347.1,,,,,,
6/06/2006,348.95,344.3,334.95,,,,,,
7/06/2006,358.4,353.9,344.65,,,,,,
8/06/2006,335.7,331.65,322.9,,,,,,
9/06/2006,326.75,322.5,314,,,,,,
12/06/2006,322.85,318.45,309.95,,,,,,
13/06/2006,301.05,295.7,287.6,,,,,,
14/06/2006,305.6,298,288.55,,,,,,
15/06/2006,321.5,313.15,303.3,,,,,,
16/06/2006,329.15,322.15,311.4,,,,,,
19/06/2006,315.25,308.85,299.1,,,,,,
20/06/2006,317.15,309.2,299.05,,,,,,
21/06/2006,319.05,311,301,,,,,,
22/06/2006,313.55,304.85,294.35,,,,,,
23/06/2006,324.05,315.1,305.05,,,,,,
26/06/2006,332.4,323.3,312.8,,,,,,
27/06/2006,318.7,308.6,299.1,,,,,,
28/06/2006,329.3,318.7,309.1,,,,,,
29/06/2006,342.3,332.1,322.4,,,,,,
30/06/2006,346.25,335.5,326.15,,,,,,
3/07/2006,346.25,335.5,326.15,,,,,,
5/07/2006,349.45,340.4,331.4,,,,,,
6/07/2006,371.45,361.7,352.4,,,,,,
7/07/2006,364.25,354.75,345,,,,,,
10/07/2006,367.7,358.25,348.65,,,,,,
11/07/2006,372.25,363.5,353.9,,,,,,
12/07/2006,377.5,366.5,356.75,,,,,,
13/07/2006,379.15,367.65,358.15,,,,,,
14/07/2006,382.95,371.25,361.25,,,,,,
17/07/2006,371.45,359.95,350.85,,,,,,
18/07/2006,368.05,357.45,348.4,,,,,,
19/07/2006,367.85,359.35,350.6,,,,,,
20/07/2006,348.5,340.95,332.8,,,,,,
21/07/2006,341.65,332.3,325.15,,,,,,
24/07/2006,348.35,338.2,330.9,,,,,,
25/07/2006,353.85,346.1,338.75,,,,,,
26/07/2006,348.45,344.95,337.8,,,,,,
27/07/2006,351.85,347.85,341.75,,,,,,
28/07/2006,354.9,348.5,339,,,,,,
31/07/2006,357,351.1,342,,,,,,
1/08/2006,359.3,353.65,345.15,,,,,,
2/08/2006,359.1,353.35,345.85,,,,,,
3/08/2006,348.95,343.45,336.2,,,,,,
4/08/2006,363.25,357.95,350.35,,,,,,
7/08/2006,361.05,356.45,349.35,,,,,,
8/08/2006,360.2,355.85,348.25,,,,,,
9/08/2006,371,365.85,356.85,,,,,,
10/08/2006,362.45,357.8,349.05,,,,,,
11/08/2006,347.65,343.15,335.15,,,,,,
14/08/2006,353.7,350,342.15,,,,,,
15/08/2006,352.75,348.95,341.7,,,,,,
16/08/2006,347,342.7,335.2,,,,,,
17/08/2006,335.75,331.5,325,,,,,,
18/08/2006,343.45,339.8,333.2,,,,,,
21/08/2006,351.95,348.95,342.05,,,,,,
22/08/2006,349.3,347.8,342.05,,,,,,
23/08/2006,346.5,346.75,340.55,,,,,,
24/08/2006,342.85,341.9,336.1,,,,,,
25/08/2006,344.25,343.15,337.45,,,,,,
28/08/2006,345.45,345.05,339.75,,,,,,
29/08/2006,339.05,338.4,333.6,,,,,,
30/08/2006,336.5,335.25,330.5,,,,,,
31/08/2006,346.9,345.6,340.35,,,,,,
1/09/2006,347.5,346.1,341,,,,,,
5/09/2006,365.1,362.45,356.45,,,,,,
6/09/2006,370.2,367.95,361.2,,,,,,
7/09/2006,366.55,364.8,358.1,,,,,,
8/09/2006,357.8,356.8,350.95,,,,,,
11/09/2006,343.4,341.75,336.5,,,,,,
12/09/2006,339.05,337.3,332.4,,,,,,
13/09/2006,339.25,338.5,333.65,,,,,,
14/09/2006,338.2,337.45,333.05,,,,,,
15/09/2006,331.65,331.15,327.95,,,,,,
18/09/2006,341.8,341.45,337.95,,,,,,
19/09/2006,337.55,337.55,334.45,,,,,,
20/09/2006,337,337.6,334.8,,,,,,
21/09/2006,342.2,343.15,340.35,,,,,,
22/09/2006,343.95,344.35,341.35,,,,,,
25/09/2006,344.75,344.75,341.25,,,,,,
26/09/2006,346.35,346.6,342.5,,,,,,
27/09/2006,347.55,348.7,344.55,,,,,,
28/09/2006,342.8,339.5,334.5,,,,,,
29/09/2006,346.05,343.25,338.5,,,,,,
2/10/2006,342.95,340.25,336,,,,,,
3/10/2006,328.25,326.05,322.55,,,,,,
4/10/2006,320.55,318.35,315.35,,,,,,
5/10/2006,330,327.5,324.1,,,,,,
6/10/2006,338.85,336.05,332.05,,,,,,
9/10/2006,341.3,338.7,334.55,,,,,,
10/10/2006,337.8,335.5,331.5,,,,,,
11/10/2006,341,338.6,334.4,,,,,,
12/10/2006,338.65,335.95,331.55,,,,,,
13/10/2006,341.35,338.6,334.2,,,,,,
16/10/2006,358.1,354.35,348.95,,,,,,
17/10/2006,349.6,346.4,341.4,,,,,,
18/10/2006,349.6,346.7,341.95,,,,,,
19/10/2006,350.95,348.25,343.75,,,,,,
20/10/2006,346.2,343.8,339.3,,,,,,
23/10/2006,345.1,343.1,339.1,,,,,,
24/10/2006,341.8,340.25,336.75,,,,,,
25/10/2006,340.45,339.25,335.75,,,,,,
26/10/2006,340,338.95,335.7,,,,,,
27/10/2006,340.5,339.85,336.85,,,,,,
30/10/2006,335.85,335.85,332.85,,,,,,
31/10/2006,334.55,334.7,331.8,,,,,,
1/11/2006,324.1,324.85,322.6,,,,,,
2/11/2006,329.15,330.15,327.75,,,,,,
3/11/2006,332.25,333.2,330.7,,,,,,
6/11/2006,333.7,334.8,332.3,,,,,,
7/11/2006,336.55,337.7,335.2,,,,,,
8/11/2006,324.45,326.1,324.25,,,,,,
9/11/2006,330.9,333.8,332,,,,,,
10/11/2006,308.85,312.15,311.15,,,,,,
13/11/2006,307.5,311.35,310.35,,,,,,
14/11/2006,308.9,312.4,311.4,,,,,,
15/11/2006,309.45,312.5,311.8,,,,,,
16/11/2006,304.1,307.5,307.75,,,,,,
17/11/2006,305.75,309.25,309.5,,,,,,
20/11/2006,304.15,307.85,308.1,,,,,,
21/11/2006,311.55,314.75,314.5,,,,,,
22/11/2006,311.1,313.6,313.1,,,,,,
24/11/2006,311.1,313.6,313.1,,,,,,
27/11/2006,318.75,321.55,321.1,,,,,,
28/11/2006,313.8,317,317,,,,,,
29/11/2006,312.8,315.5,315.5,,,,,,
30/11/2006,317.15,319.55,320.05,,,,,,
1/12/2006,314.7,317.2,317.7,,,,,,
4/12/2006,315.7,317.6,317.9,,,,,,
5/12/2006,323.45,324.7,325.1,,,,,,
6/12/2006,314.9,316,316.45,,,,,,
7/12/2006,309.4,310.2,310.85,,,,,,
8/12/2006,310.7,311.2,311.95,,,,,,
11/12/2006,312,313.35,314.35,,,,,,
12/12/2006,308.45,309.45,310.7,,,,,,
13/12/2006,302.45,303.3,304.7,,,,,,
14/12/2006,304.5,305.75,307,,,,,,
15/12/2006,300.4,301.65,302.95,,,,,,
18/12/2006,301.7,302.95,304.25,,,,,,
19/12/2006,300.25,301.75,303.05,,,,,,
20/12/2006,293.95,295.45,296.85,,,,,,
21/12/2006,286.05,288.05,289.65,,,,,,
22/12/2006,283,285.35,286.95,,,,,,
26/12/2006,285.05,287.8,289.35,,,,,,
27/12/2006,288.2,291.4,292.9,,,,,,
28/12/2006,289.5,291,291.25,,,,,,
29/12/2006,287.1,288.6,289.05,,,,,,
2/01/2007,287.1,288.6,289.05,,,,,,
3/01/2007,264.9,266.2,266.8,,,,,,
4/01/2007,260.2,261.2,261.45,,,,,,
5/01/2007,253.5,254.95,254.55,,,,,,
8/01/2007,252.8,253.6,253.6,,,,,,
9/01/2007,255.6,256.2,256.1,,,,,,
10/01/2007,266.4,266.5,265.9,,,,,,
11/01/2007,265.9,265.8,265,,,,,,
12/01/2007,260.3,260.3,258.8,,,,,,
16/01/2007,257.75,258.75,257.65,,,,,,
17/01/2007,256.95,258.1,256.6,,,,,,
18/01/2007,249.2,250.2,249.3,,,,,,
19/01/2007,252.8,253.9,252.2,,,,,,
22/01/2007,252.95,253.6,253.1,,,,,,
23/01/2007,257.95,258.45,257.85,,,,,,
24/01/2007,260.15,260.5,259.5,,,,,,
25/01/2007,265.45,265.85,264.85,,,,,,
26/01/2007,264.05,264.5,263.45,,,,,,
29/01/2007,254.2,255.2,255.1,,,,,,
30/01/2007,256.15,257.35,257.15,,,,,,
31/01/2007,259.45,260.4,260.3,,,,,,
1/02/2007,253.05,254.2,254.2,,,,,,
2/02/2007,242.3,243.45,243.85,,,,,,
5/02/2007,241.65,242.5,242.9,,,,,,
6/02/2007,249.65,250.25,249.75,,,,,,
7/02/2007,245.5,246.35,246.15,,,,,,
8/02/2007,245.05,246.2,246.15,,,,,,
9/02/2007,252.05,253.4,253.95,,,,,,
12/02/2007,247.75,249.45,249.5,,,,,,
13/02/2007,258.45,259.95,259.85,,,,,,
14/02/2007,257.7,259.15,259.15,,,,,,
15/02/2007,266.4,267.9,267.7,,,,,,
16/02/2007,264.4,265.9,265.75,,,,,,
20/02/2007,258.6,260,260.15,,,,,,
21/02/2007,265.45,266.45,266.8,,,,,,
22/02/2007,276.6,277.7,277.95,,,,,,
23/02/2007,284.05,285.1,286,,,,,,
26/02/2007,285.55,287,287.45,,,,,,
27/02/2007,280.5,282.5,282.9,,,,,,
28/02/2007,273.3,275.2,275.7,,,,,,
1/03/2007,273.65,275.45,275.7,,,,,,
2/03/2007,267,268.4,269,,,,,,
5/03/2007,265.8,267.05,267.35,,,,,,
6/03/2007,270.1,271.35,271.6,,,,,,
7/03/2007,277.2,278.2,278.3,,,,,,
8/03/2007,282.55,283.35,283.45,,,,,,
9/03/2007,278,278,278.9,,,,,,
12/03/2007,284.4,284.9,285.05,,,,,,
13/03/2007,282.45,282.45,282.4,,,,,,
14/03/2007,282.2,282.6,281.6,,,,,,
15/03/2007,298.5,298.8,297.3,,,,,,
16/03/2007,300.85,301.1,300,,,,,,
19/03/2007,301.75,302.15,300.85,,,,,,
20/03/2007,303.1,303.4,301.75,,,,,,
21/03/2007,301.9,301.9,300.55,,,,,,
22/03/2007,306.75,307.3,305.9,,,,,,
23/03/2007,306.9,306.9,305.5,,,,,,
26/03/2007,312.45,313.85,312.55,,,,,,
27/03/2007,305.25,305.75,305,,,,,,
28/03/2007,305.15,306.25,305.75,,,,,,
29/03/2007,309.75,308.25,307.4,,,,,,
30/03/2007,314.6,313.9,311.7,,,,,,
2/04/2007,317.9,317.35,315,,,,,,
3/04/2007,331.45,330.4,327.05,,,,,,
4/04/2007,338.75,338.2,334.9,,,,,,
5/04/2007,337.7,337.3,334.1,,,,,,
9/04/2007,350.6,350.75,347.55,,,,,,
10/04/2007,352.6,352.9,349.3,,,,,,
11/04/2007,358.25,358.75,355.05,,,,,,
12/04/2007,350.2,350.2,346.6,,,,,,
13/04/2007,353.2,353.6,350.45,,,,,,
16/04/2007,353.95,354.2,351.2,,,,,,
17/04/2007,367.7,367.9,364.5,,,,,,
18/04/2007,361.9,362.35,358.95,,,,,,
19/04/2007,358.65,359.5,356.5,,,,,,
20/04/2007,361.05,362.1,359.1,,,,,,
23/04/2007,363.25,364.55,361.55,,,,,,
24/04/2007,355.25,356.4,353.8,,,,,,
25/04/2007,358.6,360.55,358.05,,,,,,
26/04/2007,348.8,350.9,348.75,,,,,,
27/04/2007,351.45,353.25,351.05,,,,,,
30/04/2007,354.15,355.65,353.55,,,,,,
1/05/2007,361.55,363.45,360.95,,,,,,
2/05/2007,362.85,364.45,361.85,,,,,,
3/05/2007,371.2,372.65,370,,,,,,
4/05/2007,375.05,375.85,373.1,,,,,,
7/05/2007,371.05,371.55,369.45,,,,,,
8/05/2007,371.55,372.25,370.5,,,,,,
9/05/2007,367.55,367.9,366,,,,,,
10/05/2007,356.4,356.65,355.1,,,,,,
11/05/2007,360.1,360.4,358.65,,,,,,
14/05/2007,349.2,349.7,348.35,,,,,,
15/05/2007,353.35,353.75,352.3,,,,,,
16/05/2007,342.4,342.25,341.15,,,,,,
17/05/2007,330.9,330.65,329.8,,,,,,
18/05/2007,332.85,332.35,331.45,,,,,,
21/05/2007,340.6,340.05,339.15,,,,,,
22/05/2007,330.85,330.25,329.5,,,,,,
23/05/2007,330.4,330.05,329.6,,,,,,
24/05/2007,318.35,318.05,317.65,,,,,,
25/05/2007,332.7,332.05,331.65,,,,,,
29/05/2007,332.6,332,331.5,,,,,,
30/05/2007,330.35,329.85,324.55,,,,,,
31/05/2007,339.55,338.9,333.2,,,,,,
1/06/2007,340.5,339.8,333.8,,,,,,
4/06/2007,346.8,346.3,339.65,,,,,,
5/06/2007,344.15,344,337.9,,,,,,
6/06/2007,340.4,340.6,334.8,,,,,,
7/06/2007,337.7,338.1,332.25,,,,,,
8/06/2007,325.75,325.75,320,,,,,,
11/06/2007,335.6,335.5,329.8,,,,,,
12/06/2007,328.7,329,323.75,,,,,,
13/06/2007,331.3,331.6,326.25,,,,,,
14/06/2007,339.25,338.85,333.15,,,,,,
15/06/2007,342.2,342.15,336.05,,,,,,
18/06/2007,341.8,342,336.1,,,,,,
19/06/2007,339.45,339.95,334.7,,,,,,
20/06/2007,344.25,344.1,338.6,,,,,,
21/06/2007,340.3,340.25,335.3,,,,,,
22/06/2007,338.2,338.35,333.85,,,,,,
25/06/2007,339.7,339.8,335.3,,,,,,
26/06/2007,331.35,331.65,327.7,,,,,,
27/06/2007,335.7,335.3,331.05,,,,,,
28/06/2007,342.95,342.75,338.15,,,,,,
29/06/2007,345.35,345.05,340.3,,,,,,
2/07/2007,353.55,352.7,347.55,,,,,,
3/07/2007,356.3,354.5,349.5,,,,,,
5/07/2007,360.85,359.35,354.4,,,,,,
6/07/2007,361.1,359.45,354,,,,,,
9/07/2007,364.85,362.95,357.2,,,,,,
10/07/2007,362.85,361,355.55,,,,,,
11/07/2007,364.15,362.15,356.7,,,,,,
12/07/2007,360.2,358.1,352.95,,,,,,
13/07/2007,361.55,359.3,354.3,,,,,,
16/07/2007,358.85,356.2,351.5,,,,,,
17/07/2007,358.5,355.25,350.85,,,,,,
18/07/2007,361,356.3,351.95,,,,,,
19/07/2007,370.95,366.2,361.8,,,,,,
20/07/2007,375.4,370.55,366.15,,,,,,
23/07/2007,369,365.65,361.95,,,,,,
24/07/2007,364.85,361.95,358.7,,,,,,
25/07/2007,357.05,355.55,352.85,,,,,,
26/07/2007,352.85,352.25,349.5,,,,,,
27/07/2007,355.1,354.7,352,,,,,,
30/07/2007,358.85,356.4,350.45,,,,,,
31/07/2007,364.85,362.15,356.2,,,,,,
1/08/2007,358.5,356.6,351.05,,,,,,
2/08/2007,357.3,355.95,350.05,,,,,,
3/08/2007,347.9,347.25,342.15,,,,,,
6/08/2007,347.35,346.7,341.85,,,,,,
7/08/2007,350.65,350.45,346.35,,,,,,
8/08/2007,343.9,344,340.4,,,,,,
9/08/2007,336.1,335.85,331.85,,,,,,
10/08/2007,335.95,335.35,331.4,,,,,,
13/08/2007,344.1,343.35,339.1,,,,,,
14/08/2007,337,335.95,331.75,,,,,,
15/08/2007,333.2,332.2,328.1,,,,,,
16/08/2007,309,309.1,306.1,,,,,,
17/08/2007,314.65,314.75,311.5,,,,,,
20/08/2007,315.95,316.3,313.3,,,,,,
21/08/2007,315,316.5,314.25,,,,,,
22/08/2007,321.2,322.25,319.9,,,,,,
23/08/2007,326.3,327.65,324.9,,,,,,
24/08/2007,333.75,335,332.3,,,,,,
27/08/2007,334.95,335.6,332.9,,,,,,
28/08/2007,331.15,331.25,328.7,,,,,,
29/08/2007,335,334.4,331.65,,,,,,
30/08/2007,335.35,334.8,332.4,,,,,,
31/08/2007,341.1,339.7,336.8,,,,,,
4/09/2007,332.25,330.6,328.1,,,,,,
5/09/2007,327.9,326.3,323.95,,,,,,
6/09/2007,331.55,330.25,327.75,,,,,,
7/09/2007,325.95,325.15,323.1,,,,,,
10/09/2007,326.4,325.6,323.55,,,,,,
11/09/2007,338.9,338.75,336.55,,,,,,
12/09/2007,335.95,335.95,334,,,,,,
13/09/2007,339.5,339.65,337.7,,,,,,
14/09/2007,339.1,339.25,337.55,,,,,,
17/09/2007,341.75,342,340.25,,,,,,
18/09/2007,344.25,344.8,342.95,,,,,,
19/09/2007,356.75,357.55,355.5,,,,,,
20/09/2007,357.4,359.45,357.3,,,,,,
21/09/2007,357.25,359.25,357.25,,,,,,
24/09/2007,362.7,364.5,362.5,,,,,,
25/09/2007,361.15,362.9,361,,,,,,
26/09/2007,361.3,361.4,359.5,,,,,,
27/09/2007,364.8,362.8,359.5,,,,,,
28/09/2007,364,362.1,358.9,,,,,,
1/10/2007,369.15,367.2,363.85,,,,,,
2/10/2007,371.1,369.3,365.85,,,,,,
3/10/2007,376.35,374.25,370.35,,,,,,
4/10/2007,373.8,372,368.5,,,,,,
5/10/2007,372.55,370.8,366.9,,,,,,
8/10/2007,361.3,360.3,357.1,,,,,,
9/10/2007,361.75,361.25,358.25,,,,,,
10/10/2007,369.4,369,366.05,,,,,,
11/10/2007,366.9,366.65,363.95,,,,,,
12/10/2007,365.25,365.3,363,,,,,,
15/10/2007,368.2,368.55,367,,,,,,
16/10/2007,364.45,364.65,362.5,,,,,,
17/10/2007,359.6,359.9,358.3,,,,,,
18/10/2007,354.15,354.5,352.85,,,,,,
19/10/2007,355.15,355.5,353.8,,,,,,
22/10/2007,348.65,349.35,348,,,,,,
23/10/2007,351.35,352.65,351.35,,,,,,
24/10/2007,345.25,346.75,345.75,,,,,,
25/10/2007,348.6,350.2,349.1,,,,,,
26/10/2007,353.75,355,353.7,,,,,,
29/10/2007,352.1,353.65,352.55,,,,,,
30/10/2007,348.15,350.2,349.6,,,,,,
31/10/2007,347.3,349.3,348.75,,,,,,
1/11/2007,336.25,338.8,338.25,,,,,,
2/11/2007,332.5,335.4,335.15,,,,,,
5/11/2007,330.2,333.35,333.2,,,,,,
6/11/2007,334.15,337.15,337.05,,,,,,
7/11/2007,325.9,329.3,329.25,,,,,,
8/11/2007,320.4,323.85,323.85,,,,,,
9/11/2007,314.55,318.1,318.4,,,,,,
12/11/2007,310.9,314.7,315.3,,,,,,
13/11/2007,310.7,315,315.5,,,,,,
14/11/2007,329.65,333.65,333.7,,,,,,
15/11/2007,307.3,311.9,312,,,,,,
16/11/2007,316.15,319.9,320.6,,,,,,
19/11/2007,298.35,302.5,304,,,,,,
20/11/2007,302.7,306.95,308.25,,,,,,
21/11/2007,288.8,293,294.45,,,,,,
23/11/2007,299.1,302.95,303.8,,,,,,
26/11/2007,302.3,305.05,305.9,,,,,,
27/11/2007,296.25,299.25,300.3,,,,,,
28/11/2007,300.6,303.4,304.55,,,,,,
29/11/2007,306.35,309.4,310.35,,,,,,
30/11/2007,315.7,318.45,319.2,,,,,,
3/12/2007,306.1,307.85,308.65,,,,,,
4/12/2007,299.8,302,303.05,,,,,,
5/12/2007,301.6,304,305.05,,,,,,
6/12/2007,301.85,304.85,305.75,,,,,,
7/12/2007,309.45,312.6,313.2,,,,,,
10/12/2007,306.1,309.3,310,,,,,,
11/12/2007,305.75,309,310,,,,,,
12/12/2007,301.6,303.6,304.9,,,,,,
13/12/2007,293.95,296.1,297.4,,,,,,
14/12/2007,293.65,295.65,296.95,,,,,,
17/12/2007,287.3,288.9,290.45,,,,,,
18/12/2007,287,288.45,289.95,,,,,,
19/12/2007,294.55,295.8,297.15,,,,,,
20/12/2007,295.85,296.55,297.75,,,,,,
21/12/2007,309.35,309.75,310.7,,,,,,
24/12/2007,314.7,315.35,316.4,,,,,,
26/12/2007,315.5,317,318.3,,,,,,
27/12/2007,310.5,313.2,314.55,,,,,,
28/12/2007,307.2,308.4,308.95,,,,,,
31/12/2007,304.1,305.2,305.7,,,,,,
2/01/2008,306.4,307.85,308.4,,,,,,
3/01/2008,318.8,320.3,320.8,,,,,,
4/01/2008,315.75,317.55,318.25,,,,,,
7/01/2008,314.1,316.15,316.95,,,,,,
8/01/2008,329.85,331.8,332.4,,,,,,
9/01/2008,328.35,330.3,330.75,,,,,,
10/01/2008,328.15,330.1,330.6,,,,,,
11/01/2008,330.4,332.4,332.9,,,,,,
14/01/2008,333.9,336.05,336.5,,,,,,
15/01/2008,324.15,326.35,326.95,,,,,,
16/01/2008,317.25,319.35,319.75,,,,,,
17/01/2008,318.2,320.05,320.2,,,,,,
18/01/2008,323.45,324.55,323.75,,,,,,
22/01/2008,319.65,320.8,319.55,,,,,,
23/01/2008,307.2,308.45,307.35,,,,,,
24/01/2008,317.15,318.6,317.4,,,,,,
25/01/2008,318.4,320.2,320.05,,,,,,
28/01/2008,318.95,320.95,321.4,,,,,,
29/01/2008,329.9,331.6,331.15,,,,,,
30/01/2008,322.65,324.6,324.3,,,,,,
31/01/2008,329.8,331.6,331.15,,,,,,
1/02/2008,327.3,329.25,328.85,,,,,,
4/02/2008,329.85,332,331.9,,,,,,
5/02/2008,321.2,323.3,323.3,,,,,,
6/02/2008,330.9,332.85,332.7,,,,,,
7/02/2008,345.4,346.85,346.35,,,,,,
8/02/2008,353.95,353.25,352.25,,,,,,
11/02/2008,355.85,356.35,355.3,,,,,,
12/02/2008,356,356.95,355.8,,,,,,
13/02/2008,353.05,354.35,353.3,,,,,,
14/02/2008,348.8,350.05,349,,,,,,
15/02/2008,352.3,353.9,353.05,,,,,,
19/02/2008,372.35,373.3,371.75,,,,,,
20/02/2008,370.85,371.9,370.15,,,,,,
21/02/2008,381.05,382.2,380.3,,,,,,
22/02/2008,378.95,380.3,378.7,,,,,,
25/02/2008,373.95,375.7,374.65,,,,,,
26/02/2008,377.9,379.25,378.05,,,,,,
27/02/2008,383.8,385.05,383.4,,,,,,
28/02/2008,386.35,387.8,386.45,,,,,,
29/02/2008,385.2,385.5,384.25,,,,,,
3/03/2008,393.1,392.85,391.35,,,,,,
4/03/2008,382.7,382.15,380.75,,,,,,
5/03/2008,398.95,398.2,396.7,,,,,,
6/03/2008,391.45,390.35,389.1,,,,,,
7/03/2008,393.2,392.15,391,,,,,,
10/03/2008,380.85,379.5,378.65,,,,,,
11/03/2008,379.9,378.55,377.9,,,,,,
12/03/2008,385.15,383.7,382.85,,,,,,
13/03/2008,384,382.5,381.4,,,,,,
14/03/2008,384.7,382.8,381.55,,,,,,
17/03/2008,371.2,368.5,367.85,,,,,,
18/03/2008,377.05,374.65,374.1,,,,,,
19/03/2008,365.95,363.35,362.9,,,,,,
20/03/2008,361.1,357.35,357.05,,,,,,
24/03/2008,365.5,362.25,362.25,,,,,,
25/03/2008,369.95,367.85,367.95,,,,,,
26/03/2008,375.1,372.5,372.55,,,,,,
27/03/2008,390.35,387.3,387.25,,,,,,
28/03/2008,383.15,383.1,380.35,,,,,,
31/03/2008,383.1,383.1,380.6,,,,,,
1/04/2008,380.65,380.7,378.3,,,,,,
2/04/2008,387.75,387.8,385.55,,,,,,
3/04/2008,390.15,389.2,386.6,,,,,,
4/04/2008,395.45,395.35,392.9,,,,,,
7/04/2008,397.95,397.25,394.7,,,,,,
8/04/2008,389.05,388.8,386.8,,,,,,
9/04/2008,400,399.6,397.4,,,,,,
10/04/2008,392.4,392.1,389.9,,,,,,
11/04/2008,394.45,394.45,392.5,,,,,,
14/04/2008,389.65,389.75,387.8,,,,,,
15/04/2008,385.9,386,384.2,,,,,,
16/04/2008,395.8,395.5,393.6,,,,,,
17/04/2008,391.2,391.45,389.65,,,,,,
18/04/2008,388.8,389.25,387.7,,,,,,
21/04/2008,386.6,386.65,385.35,,,,,,
22/04/2008,396.55,395.85,394.15,,,,,,
23/04/2008,390.4,390.05,388.4,,,,,,
24/04/2008,387.5,387.5,385.95,,,,,,
25/04/2008,391.55,391.1,389.65,,,,,,
28/04/2008,393.55,392.9,391.15,,,,,,
29/04/2008,389.95,388.1,386.3,,,,,,
30/04/2008,393.4,390.45,388.25,,,,,,
1/05/2008,372.55,369.45,367.8,,,,,,
2/05/2008,385.8,382.05,380.3,,,,,,
5/05/2008,397.85,394.75,392.9,,,,,,
6/05/2008,391.25,387.85,386.15,,,,,,
7/05/2008,386.3,383.4,382,,,,,,
8/05/2008,382.05,378.75,377.65,,,,,,
9/05/2008,375.35,371.65,370.65,,,,,,
12/05/2008,378.4,374.95,373.9,,,,,,
13/05/2008,376.5,373.15,372.4,,,,,,
14/05/2008,370.7,368.1,367.45,,,,,,
15/05/2008,376.1,373.85,373.25,,,,,,
16/05/2008,384.65,382.65,382,,,,,,
19/05/2008,379.55,377.55,377.15,,,,,,
20/05/2008,379.05,377.65,377.15,,,,,,
21/05/2008,375.35,374.45,374.25,,,,,,
22/05/2008,372.25,371.25,371.05,,,,,,
23/05/2008,375.5,373.6,373.05,,,,,,
27/05/2008,374.1,371.6,371.2,,,,,,
28/05/2008,372.85,369.5,369.2,,,,,,
29/05/2008,355.85,355.85,354.25,,,,,,
30/05/2008,360.6,360.7,358.95,,,,,,
2/06/2008,359.65,360.05,358.45,,,,,,
3/06/2008,357.8,358.2,356.6,,,,,,
4/06/2008,354.5,354.7,352.7,,,,,,
5/06/2008,354.3,354.55,352.6,,,,,,
6/06/2008,362.3,362.45,360.45,,,,,,
9/06/2008,361.3,361.65,359.9,,,,,,
10/06/2008,356,356.4,354.85,,,,,,
11/06/2008,357.95,358.1,356.5,,,,,,
12/06/2008,353.8,354.15,352.6,,,,,,
13/06/2008,358.9,359.1,357.1,,,,,,
16/06/2008,366.55,366.4,364.15,,,,,,
17/06/2008,364.95,365.05,363.1,,,,,,
18/06/2008,374.75,374.75,372.3,,,,,,
19/06/2008,377.95,377.8,375.05,,,,,,
20/06/2008,383.2,383.05,380.15,,,,,,
23/06/2008,380.95,380.8,378.25,,,,,,
24/06/2008,378.8,378.65,376.35,,,,,,
25/06/2008,377.7,377.3,375.3,,,,,,
26/06/2008,383,382.5,380.15,,,,,,
27/06/2008,388.4,387.8,385.35,,,,,,
30/06/2008,389.55,388.25,385.95,,,,,,
1/07/2008,392.25,391.05,388.7,,,,,,
2/07/2008,407.75,406.35,402.9,,,,,,
3/07/2008,396.3,394.9,391.6,,,,,,
7/07/2008,386.5,384.9,382.2,,,,,,
8/07/2008,371.25,369.65,367.75,,,,,,
9/07/2008,375.5,373.9,372.05,,,,,,
10/07/2008,373.35,371.85,370.1,,,,,,
11/07/2008,375.55,374,372.2,,,,,,
14/07/2008,376.95,375.2,373.5,,,,,,
15/07/2008,372.2,370,368.45,,,,,,
16/07/2008,367.7,365.05,363.05,,,,,,
17/07/2008,373.5,371.5,367.9,,,,,,
18/07/2008,368.65,366.9,364.05,,,,,,
21/07/2008,371,368.1,365.9,,,,,,
22/07/2008,373.55,369.05,366.9,,,,,,
23/07/2008,371.65,365.75,363.85,,,,,,
24/07/2008,367.7,357.7,355.65,,,,,,
25/07/2008,370.4,360.5,358.2,,,,,,
28/07/2008,370.95,361.2,359.05,,,,,,
29/07/2008,368.35,359.05,357.25,,,,,,
30/07/2008,364.6,362.55,359.55,,,,,,
31/07/2008,366.15,364.25,361.4,,,,,,
1/08/2008,357.85,356.3,353.75,,,,,,
4/08/2008,344,343.2,341.35,,,,,,
5/08/2008,341.7,340.7,338.75,,,,,,
6/08/2008,342.35,341.4,339.4,,,,,,
7/08/2008,341.8,340.8,338.8,,,,,,
8/08/2008,333.3,332.7,331.2,,,,,,
11/08/2008,329.15,328.55,327.25,,,,,,
12/08/2008,322.75,321.8,320.65,,,,,,
13/08/2008,335.2,334,332.75,,,,,,
14/08/2008,330.5,329.8,328.95,,,,,,
15/08/2008,332.25,331.45,330.3,,,,,,
18/08/2008,331.5,330.9,329.35,,,,,,
19/08/2008,342.85,342.7,341,,,,,,
20/08/2008,341.15,339.55,338,,,,,,
21/08/2008,354.6,353.85,352,,,,,,
22/08/2008,347.25,345.95,344.4,,,,,,
25/08/2008,348.15,346.45,344.6,,,,,,
26/08/2008,343.85,341.65,340.05,,,,,,
27/08/2008,347.15,344.5,342.95,,,,,,
28/08/2008,342.7,340.05,338.8,,,,,,
29/08/2008,342.95,338.7,337.4,,,,,,
2/09/2008,332.25,327.3,326.55,,,,,,
3/09/2008,335.4,331.2,330.4,,,,,,
4/09/2008,329.7,326.6,326.1,,,,,,
5/09/2008,312.35,309.85,310.05,,,,,,
8/09/2008,310.9,309.3,310,,,,,,
9/09/2008,309.5,308.7,309.45,,,,,,
10/09/2008,312.35,311.4,311.85,,,,,,
11/09/2008,313.45,312.25,312.85,,,,,,
12/09/2008,320.9,319.4,319.95,,,,,,
15/09/2008,318.4,313.65,314.4,,,,,,
16/09/2008,311.3,308.9,309.6,,,,,,
17/09/2008,307.1,304.25,304.55,,,,,,
18/09/2008,309.55,306.6,306.65,,,,,,
19/09/2008,318.5,317.65,317.65,,,,,,
22/09/2008,326.6,325.5,325.65,,,,,,
23/09/2008,316.7,315.2,315.5,,,,,,
24/09/2008,312.15,310.65,311.05,,,,,,
25/09/2008,314.55,313.45,313.75,,,,,,
26/09/2008,307.95,307.45,307.8,,,,,,
29/09/2008,290.65,291.25,291.45,,,,,,
30/09/2008,287.9,288.35,288.8,,,,,,
1/10/2008,278.95,279.55,280.15,,,,,,
2/10/2008,262.75,263.3,263.8,,,,,,
3/10/2008,269,269.55,269.75,,,,,,
6/10/2008,249.3,249.8,250.25,,,,,,
7/10/2008,253.45,253.8,254.1,,,,,,
8/10/2008,235.5,236.1,236.6,,,,,,
9/10/2008,240.6,241.2,241.6,,,,,,
10/10/2008,214.45,215.1,215.7,,,,,,
13/10/2008,231.25,231.95,232.6,,,,,,
14/10/2008,239.45,240.3,241.25,,,,,,
15/10/2008,221.05,221.85,223,,,,,,
16/10/2008,208.55,209.4,210.8,,,,,,
17/10/2008,217.95,218.85,220,,,,,,
20/10/2008,211.65,212.65,213.75,,,,,,
21/10/2008,200.7,201.7,203,,,,,,
22/10/2008,186.55,187.45,188.95,,,,,,
23/10/2008,180.45,181.15,182.3,,,,,,
24/10/2008,168.65,169.25,170.3,,,,,,
27/10/2008,180.5,181.2,182.3,,,,,,
28/10/2008,185.85,186.55,187.6,,,,,,
29/10/2008,208.8,209.4,210.35,,,,,,
30/10/2008,189.05,189.7,190.7,,,,,,
31/10/2008,182.9,183.5,184.5,,,,,,
3/11/2008,184,184.45,185.4,,,,,,
4/11/2008,195.8,196.2,197.1,,,,,,
5/11/2008,181.9,181.95,182.85,,,,,,
6/11/2008,172.55,172.35,173.4,,,,,,
7/11/2008,169.7,170.1,171.3,,,,,,
10/11/2008,175.2,175.85,176.9,,,,,,
11/11/2008,164.8,165.5,166.8,,,,,,
12/11/2008,165.55,166.15,167.45,,,,,,
13/11/2008,162.4,163,164.4,,,,,,
14/11/2008,170.8,171.5,172.9,,,,,,
17/11/2008,165.65,166.7,168.1,,,,,,
18/11/2008,166.2,167.15,168.6,,,,,,
19/11/2008,160.15,160.95,162.45,,,,,,
20/11/2008,157.55,158,159.4,,,,,,
21/11/2008,157.9,157.9,159.2,,,,,,
24/11/2008,167.35,167.15,168.2,,,,,,
25/11/2008,165.3,165.4,166.6,,,,,,
26/11/2008,166.8,169.15,170.3,,,,,,
28/11/2008,162.35,164.95,166.1,,,,,,
1/12/2008,160.35,163.1,164.3,,,,,,
2/12/2008,157.85,160.05,161.1,,,,,,
3/12/2008,153.35,155.45,156.45,,,,,,
4/12/2008,145.2,146.95,148,,,,,,
5/12/2008,135.5,137.35,138.6,,,,,,
8/12/2008,147.8,149.8,150.95,,,,,,
9/12/2008,142.15,144.35,145.5,,,,,,
10/12/2008,146.9,149.55,150.7,,,,,,
11/12/2008,148.65,151.2,152.4,,,,,,
12/12/2008,140.6,142.85,144.1,,,,,,
15/12/2008,138.5,140.5,141.75,,,,,,
16/12/2008,135.45,137.85,139.1,,,,,,
17/12/2008,134.7,137.3,138.6,,,,,,
18/12/2008,126.95,130.15,131.6,,,,,,
19/12/2008,130.5,132.65,134.05,,,,,,
22/12/2008,131.7,134.55,135.95,,,,,,
23/12/2008,125.3,128.1,129.5,,,,,,
24/12/2008,124.75,127.4,128.8,,,,,,
26/12/2008,127.45,130.35,131.7,,,,,,
29/12/2008,129.7,131.15,132.45,,,,,,
30/12/2008,132.05,133.3,134.2,,,,,,
31/12/2008,141,142.05,142.7,,,,,,
2/01/2009,146.1,147.1,147.8,,,,,,
5/01/2009,145.9,147,147.8,,,,,,
6/01/2009,158.3,159.6,160.3,,,,,,
7/01/2009,151.15,152.45,153.15,,,,,,
8/01/2009,147.9,149.3,150.05,,,,,,
9/01/2009,155.95,157.35,158.05,,,,,,
12/01/2009,148.85,150.25,151,,,,,,
13/01/2009,154.7,156.15,157,,,,,,
14/01/2009,148.75,150.25,151.35,,,,,,
15/01/2009,145.35,146.75,147.75,,,,,,
16/01/2009,152.75,154.05,155,,,,,,
20/01/2009,150.45,151.75,152.7,,,,,,
21/01/2009,143.35,144.75,145.7,,,,,,
22/01/2009,139.6,141,142,,,,,,
23/01/2009,147.2,148.65,149.65,,,,,,
26/01/2009,158.65,160.1,161.05,,,,,,
27/01/2009,148.45,149.9,150.9,,,,,,
28/01/2009,149.6,151,151.95,,,,,,
29/01/2009,145.75,147.15,148.2,,,,,,
30/01/2009,146.85,148.3,149.4,,,,,,
2/02/2009,143.1,144.5,145.65,,,,,,
3/02/2009,152.2,153.5,154.65,,,,,,
4/02/2009,153.1,154.3,155.35,,,,,,
5/02/2009,150,151.2,152,,,,,,
6/02/2009,162.85,164.2,165.2,,,,,,
9/02/2009,161.3,162.55,163.6,,,,,,
10/02/2009,157.6,158.85,160,,,,,,
11/02/2009,154,155.35,156.5,,,,,,
12/02/2009,153.45,154.95,156.05,,,,,,
13/02/2009,153.85,155.45,156.55,,,,,,
17/02/2009,142.3,144.25,145.55,,,,,,
18/02/2009,143.6,145.45,146.65,,,,,,
19/02/2009,147.1,148.8,149.95,,,,,,
20/02/2009,141.6,143.3,144.5,,,,,,
23/02/2009,143.7,145.1,146.3,,,,,,
24/02/2009,148.7,150,151.05,,,,,,
25/02/2009,152.45,153.7,154.7,,,,,,
26/02/2009,156.5,157.9,158.9,,,,,,
27/02/2009,152.6,153.85,154.9,,,,,,
2/03/2009,150.75,151.6,152.65,,,,,,
3/03/2009,159.6,160.45,161.2,,,,,,
4/03/2009,168.55,169.4,170.15,,,,,,
5/03/2009,164.6,165.35,166.2,,,,,,
6/03/2009,168.05,168.9,169.8,,,,,,
9/03/2009,162.95,163.95,165.05,,,,,,
10/03/2009,167.45,168.45,169.45,,,,,,
11/03/2009,161.6,162.55,163.55,,,,,,
12/03/2009,161.75,162.45,163.5,,,,,,
13/03/2009,165.85,166.45,167.2,,,,,,
16/03/2009,173.95,174.7,175.45,,,,,,
17/03/2009,171.75,172.4,173.2,,,,,,
18/03/2009,170.9,171.65,172.65,,,,,,
19/03/2009,179.8,180.75,181.6,,,,,,
20/03/2009,178.75,179.6,180.45,,,,,,
23/03/2009,183.2,184.1,185.05,,,,,,
24/03/2009,179.85,180.6,181.6,,,,,,
25/03/2009,179.7,180.3,181.3,,,,,,
26/03/2009,184.95,185.5,186.4,,,,,,
27/03/2009,183.35,183.6,184.45,,,,,,
30/03/2009,176.6,177.55,178.5,,,,,,
31/03/2009,184.45,185.4,186.35,,,,,,
1/04/2009,184.9,185.7,186.5,,,,,,
2/04/2009,189,189.75,190.5,,,,,,
3/04/2009,200.05,200.95,201.4,,,,,,
6/04/2009,195.9,196.7,197.3,,,,,,
7/04/2009,199,200.25,201.05,,,,,,
8/04/2009,199.85,201.2,202.05,,,,,,
9/04/2009,207.1,208.45,209.3,,,,,,
13/04/2009,212.55,213.95,214.85,,,,,,
14/04/2009,211.5,212.85,213.75,,,,,,
15/04/2009,219.9,220.9,221.4,,,,,,
16/04/2009,216.95,217.9,218.4,,,,,,
17/04/2009,219.4,219.75,219.45,,,,,,
20/04/2009,210.35,210.5,210.2,,,,,,
21/04/2009,208.7,208,207.5,,,,,,
22/04/2009,205.95,206.05,205.45,,,,,,
23/04/2009,199.2,199.1,198.6,,,,,,
24/04/2009,205.05,205,204.4,,,,,,
27/04/2009,198.65,198.55,198.15,,,,,,
28/04/2009,191.6,191.65,191.6,,,,,,
29/04/2009,201,200.5,200.3,,,,,,
30/04/2009,205.3,204.75,204.4,,,,,,
1/05/2009,210.15,210.1,209.9,,,,,,
4/05/2009,214.5,214.4,214.3,,,,,,
5/05/2009,208.45,208.25,208.25,,,,,,
6/05/2009,218.85,218.7,218.55,,,,,,
7/05/2009,216.55,216.45,216.75,,,,,,
8/05/2009,214.7,214.55,214.95,,,,,,
11/05/2009,209.35,208.85,209.6,,,,,,
12/05/2009,209,208.6,209.3,,,,,,
13/05/2009,203.7,203.1,203.85,,,,,,
14/05/2009,203.5,202.7,203.3,,,,,,
15/05/2009,202.8,201.75,202.5,,,,,,
18/05/2009,207.55,207.2,207.85,,,,,,
19/05/2009,206.95,206.95,207.7,,,,,,
20/05/2009,210.85,210.65,211.3,,,,,,
21/05/2009,205.4,205.1,205.8,,,,,,
22/05/2009,210.25,209.75,210.35,,,,,,
26/05/2009,214.75,214.1,214.65,,,,,,
27/05/2009,211.65,212.1,212.9,,,,,,
28/05/2009,213.7,214.55,215,,,,,,
29/05/2009,219.75,220.35,220.4,,,,,,
1/06/2009,231.9,232.65,232.6,,,,,,
2/06/2009,229.75,230.6,230.8,,,,,,
3/06/2009,221.2,222.2,222.8,,,,,,
4/06/2009,230.1,231.2,231.7,,,,,,
5/06/2009,228.4,229.6,230.35,,,,,,
8/06/2009,225.3,226.5,227.3,,,,,,
9/06/2009,236.55,237.7,238.4,,,,,,
10/06/2009,236.7,237.65,238.3,,,,,,
11/06/2009,244.5,245.4,246,,,,,,
12/06/2009,237.35,238.3,239.1,,,,,,
15/06/2009,228.5,229.65,230.55,,,,,,
16/06/2009,225.55,226.5,227.35,,,,,,
17/06/2009,225.95,226.95,227.7,,,,,,
18/06/2009,227.2,228.2,229,,,,,,
19/06/2009,225.05,226.15,227,,,,,,
22/06/2009,213.2,214.4,215.45,,,,,,
23/06/2009,219.85,221.2,222.2,,,,,,
24/06/2009,226.75,228.1,228.85,,,,,,
25/06/2009,230.15,231.6,232.2,,,,,,
26/06/2009,229.35,230.9,231.65,,,,,,
29/06/2009,231.25,232.6,233.4,,,,,,
30/06/2009,225.8,227.2,228.05,,,,,,
1/07/2009,231.5,233.05,234,,,,,,
2/07/2009,229,230.55,231.6,,,,,,
6/07/2009,225.05,226.25,227.45,,,,,,
7/07/2009,221.4,222.55,223.9,,,,,,
8/07/2009,214.8,215.9,217.4,,,,,,
9/07/2009,222.65,223.75,225.1,,,,,,
10/07/2009,220.05,221.15,222.3,,,,,,
13/07/2009,221.3,222.3,223.3,,,,,,
14/07/2009,229,229.9,230.8,,,,,,
15/07/2009,238.25,239.2,239.9,,,,,,
16/07/2009,238,238.95,239.7,,,,,,
17/07/2009,241.4,242.3,243.1,,,,,,
20/07/2009,246,246.9,247.65,,,,,,
21/07/2009,244.35,245.1,245.85,,,,,,
22/07/2009,251.8,252.55,253.2,,,,,,
23/07/2009,251.9,252.4,252.95,,,,,,
24/07/2009,251.7,252.2,252.8,,,,,,
27/07/2009,254,254.5,255.25,,,,,,
28/07/2009,251.5,252.05,253.1,,,,,,
29/07/2009,247.2,247.75,248.7,,,,,,
30/07/2009,256.4,256.85,257.05,,,,,,
31/07/2009,262.35,262.9,263.15,,,,,,
3/08/2009,273.85,274.95,274.95,,,,,,
4/08/2009,279.55,280.7,280.45,,,,,,
5/08/2009,281.2,282.4,282.1,,,,,,
6/08/2009,275.2,276.45,276.3,,,,,,
7/08/2009,278.55,279.95,280,,,,,,
10/08/2009,277.05,278.6,278.85,,,,,,
11/08/2009,273.65,275.2,275.55,,,,,,
12/08/2009,282.35,283.8,284.05,,,,,,
13/08/2009,291.4,292.9,293.15,,,,,,
14/08/2009,283.6,285.1,285.4,,,,,,
17/08/2009,277.05,278.55,278.8,,,,,,
18/08/2009,276.15,277.45,277.2,,,,,,
19/08/2009,276.05,277.1,276.7,,,,,,
20/08/2009,274.15,275.4,275,,,,,,
21/08/2009,288.05,289.4,288.95,,,,,,
24/08/2009,291.5,293.05,292.6,,,,,,
25/08/2009,285.6,287.35,287.15,,,,,,
26/08/2009,285.7,287.7,287.9,,,,,,
27/08/2009,284.85,287.2,287.55,,,,,,
28/08/2009,292.3,295.05,295.25,,,,,,
31/08/2009,280.8,282.65,282.95,,,,,,
1/09/2009,279.65,281.85,282.6,,,,,,
2/09/2009,280.25,282.6,283.45,,,,,,
3/09/2009,284.35,286.5,287.1,,,,,,
4/09/2009,284.35,286.65,287.3,,,,,,
8/09/2009,293.45,295.6,296.05,,,,,,
9/09/2009,290.6,292.4,292.95,,,,,,
10/09/2009,285.95,287.65,288.5,,,,,,
11/09/2009,282.75,284.65,285.6,,,,,,
14/09/2009,278.7,280.45,281.75,,,,,,
15/09/2009,282.85,284.5,285.75,,,,,,
16/09/2009,292.05,293.65,294.85,,,,,,
17/09/2009,288,289.6,290.85,,,,,,
18/09/2009,277.1,278.5,279.9,,,,,,
21/09/2009,279.25,280.55,281.9,,,,,,
22/09/2009,285.25,286.45,287.9,,,,,,
23/09/2009,279.65,280.8,282.3,,,,,,
24/09/2009,269.95,270.95,272.35,,,,,,
25/09/2009,273.1,274.05,275.4,,,,,,
28/09/2009,271.4,272.7,274,,,,,,
29/09/2009,272.9,274.25,274.6,,,,,,
30/09/2009,281.9,283.15,283.45,,,,,,
1/10/2009,273.7,275.05,275.4,,,,,,
2/10/2009,268.15,269.55,269.95,,,,,,
5/10/2009,272.7,274.05,274.4,,,,,,
6/10/2009,278.45,279.65,279.85,,,,,,
7/10/2009,277.95,279.25,279.45,,,,,,
8/10/2009,289.85,291,291.1,,,,,,
9/10/2009,283.8,285.1,285.15,,,,,,
12/10/2009,285.7,286.95,287.1,,,,,,
13/10/2009,279.45,280.9,281.1,,,,,,
14/10/2009,284.45,285.9,286.3,,,,,,
15/10/2009,285.9,287.25,287.65,,,,,,
16/10/2009,284.55,286.1,286.65,,,,,,
19/10/2009,296.65,298,298.5,,,,,,
20/10/2009,293.2,294.65,295.15,,,,,,
21/10/2009,303.6,305,305.4,,,,,,
22/10/2009,299.8,301.2,301.65,,,,,,
23/10/2009,303.45,304.9,305.4,,,,,,
26/10/2009,301.1,302.65,303.3,,,,,,
27/10/2009,299.9,301.7,302.45,,,,,,
28/10/2009,293.05,294.85,295.65,,,,,,
29/10/2009,302.95,304.7,305.4,,,,,,
30/10/2009,295.55,297.4,298.15,,,,,,
2/11/2009,294.5,296.4,297.15,,,,,,
3/11/2009,295.6,297.45,298.15,,,,,,
4/11/2009,299.3,301.25,301.95,,,,,,
5/11/2009,295.7,297.75,298.6,,,,,,
6/11/2009,295.25,297.55,298.4,,,,,,
9/11/2009,296.75,299.2,300.1,,,,,,
10/11/2009,296.15,298.6,299.5,,,,,,
11/11/2009,296.6,299.1,300,,,,,,
12/11/2009,294.75,297.3,298.2,,,,,,
13/11/2009,297.25,299.95,300.95,,,,,,
16/11/2009,310.35,312.85,313.7,,,,,,
17/11/2009,310.85,313.3,314.05,,,,,,
18/11/2009,311.05,313.55,314.25,,,,,,
19/11/2009,308.1,310.6,311.45,,,,,,
20/11/2009,310.8,313.4,314.4,,,,,,
23/11/2009,313.55,316.2,317.1,,,,,,
24/11/2009,311.35,314.35,315.35,,,,,,
25/11/2009,316.5,319.7,320.85,,,,,,
27/11/2009,309.35,312.55,313.75,,,,,,
30/11/2009,314.85,317.7,318.85,,,,,,
1/12/2009,320.35,323.1,324.1,,,,,,
2/12/2009,323.15,325.85,326.85,,,,,,
3/12/2009,321.95,324.5,325.7,,,,,,
4/12/2009,321.35,323.75,325,,,,,,
7/12/2009,318.5,320.9,322.3,,,,,,
8/12/2009,313.95,316.5,317.95,,,,,,
9/12/2009,309.8,312.35,313.85,,,,,,
10/12/2009,307.95,310.3,311.9,,,,,,
11/12/2009,311,313.3,314.95,,,,,,
14/12/2009,313,315.2,316.85,,,,,,
15/12/2009,312.1,314.15,315.75,,,,,,
16/12/2009,318.6,320.55,322.15,,,,,,
17/12/2009,311.05,312.8,314.4,,,,,,
18/12/2009,312.1,313.85,315.4,,,,,,
21/12/2009,314.05,315.85,317.25,,,,,,
22/12/2009,312,313.8,315.25,,,,,,
23/12/2009,318.45,320.35,321.8,,,,,,
24/12/2009,327.1,329.25,330.65,,,,,,
28/12/2009,331.65,333.65,335.05,,,,,,
29/12/2009,329.6,331.35,332.75,,,,,,
30/12/2009,334.5,335.9,336.9,,,,,,
31/12/2009,334.65,336.05,337.05,,,,,,
4/01/2010,340.6,342.1,343.1,,,,,,
5/01/2010,341.35,342.85,343.85,,,,,,
6/01/2010,349.45,350.85,351.6,,,,,,
7/01/2010,342.7,344.1,344.95,,,,,,
8/01/2010,340.05,341.45,342.2,,,,,,
11/01/2010,344.1,345.4,346.1,,,,,,
12/01/2010,334.95,336.2,337,,,,,,
13/01/2010,340,341.2,342,,,,,,
14/01/2010,338.75,339.8,340.5,,,,,,
15/01/2010,336.6,337.75,338.55,,,,,,
19/01/2010,344.7,345.65,346.3,,,,,,
20/01/2010,335.5,336.55,337.3,,,,,,
21/01/2010,329.5,330.7,331.45,,,,,,
22/01/2010,334.7,335.9,336.65,,,,,,
25/01/2010,339.3,340.6,341.4,,,,,,
26/01/2010,333.95,335.35,336.05,,,,,,
27/01/2010,322.25,323.75,324.4,,,,,,
28/01/2010,309.8,311.35,312.15,,,,,,
29/01/2010,305.25,306.7,307.55,,,,,,
1/02/2010,308.35,309.85,310.7,,,,,,
2/02/2010,308.95,310.4,311.3,,,,,,
3/02/2010,297.35,298.75,299.55,,,,,,
4/02/2010,287.9,289.4,290.3,,,,,,
5/02/2010,285.75,287.35,288.3,,,,,,
8/02/2010,291.3,293.05,294,,,,,,
9/02/2010,298.7,300.55,301.5,,,,,,
10/02/2010,298.9,300.85,301.8,,,,,,
11/02/2010,313.35,315.15,316.05,,,,,,
12/02/2010,308.25,310.2,311.2,,,,,,
16/02/2010,322.15,323.95,324.7,,,,,,
17/02/2010,323.95,325.9,326.8,,,,,,
18/02/2010,328.55,330.55,331.55,,,,,,
19/02/2010,335.7,337.9,338.9,,,,,,
22/02/2010,330.65,332.85,333.95,,,,,,
23/02/2010,321.6,323.45,324.7,,,,,,
24/02/2010,323.6,325.35,326.65,,,,,,
25/02/2010,319.25,321,322.4,,,,,,
26/02/2010,326.85,328.4,329.85,,,,,,
1/03/2010,333.3,335,336.5,,,,,,
2/03/2010,339.55,341.15,342.5,,,,,,
3/03/2010,341.9,343.5,345,,,,,,
4/03/2010,336.05,337.55,338.95,,,,,,
5/03/2010,340.25,341.75,343.15,,,,,,
8/03/2010,339.65,341.05,342.55,,,,,,
9/03/2010,339.8,341.15,342.7,,,,,,
10/03/2010,335.5,336.8,338.3,,,,,,
11/03/2010,336.6,337.7,339.2,,,,,,
12/03/2010,336.95,338,339.5,,,,,,
15/03/2010,330.7,331.5,333,,,,,,
16/03/2010,335.7,336.5,338.05,,,,,,
17/03/2010,341,341.8,343.4,,,,,,
18/03/2010,338.75,339.55,341.25,,,,,,
19/03/2010,336.45,337.25,338.95,,,,,,
22/03/2010,337.25,338.05,339.85,,,,,,
23/03/2010,336.95,337.9,339.7,,,,,,
24/03/2010,333.65,334.55,336.35,,,,,,
25/03/2010,337.1,338.05,339.85,,,,,,
26/03/2010,339.3,340.3,342.1,,,,,,
29/03/2010,352.95,353.55,355.35,,,,,,
30/03/2010,356.35,358.1,359.2,,,,,,
31/03/2010,355.35,357.2,358.25,,,,,,
1/04/2010,358.4,360.25,361.3,,,,,,
5/04/2010,363.15,365.05,366.15,,,,,,
6/04/2010,361.7,363.65,364.7,,,,,,
7/04/2010,359.75,361.7,362.8,,,,,,
8/04/2010,358.65,360.65,361.9,,,,,,
9/04/2010,359,360.95,362.25,,,,,,
12/04/2010,356.45,358.4,359.8,,,,,,
13/04/2010,360.05,362,363.4,,,,,,
14/04/2010,361.05,362.95,364.35,,,,,,
15/04/2010,360.05,362.1,363.55,,,,,,
16/04/2010,351.45,353.55,355.05,,,,,,
19/04/2010,349.7,351.8,353.3,,,,,,
20/04/2010,351.35,353.55,355.1,,,,,,
21/04/2010,353.5,355.75,357.35,,,,,,
22/04/2010,348.65,350.65,352.2,,,,,,
23/04/2010,351.3,353.05,354.55,,,,,,
26/04/2010,352.8,354.8,356.35,,,,,,
27/04/2010,336.35,338.25,339.85,,,,,,
28/04/2010,336.85,338.65,340.25,,,,,,
29/04/2010,333.35,335.05,336.7,,,,,,
30/04/2010,333.75,335.35,337,,,,,,
3/05/2010,327.85,329.35,331.05,,,,,,
4/05/2010,316.45,317.85,319.6,,,,,,
5/05/2010,313.8,315.15,316.9,,,,,,
6/05/2010,310.35,311.7,313.5,,,,,,
7/05/2010,313.1,314.45,316.2,,,,,,
10/05/2010,321.5,322.8,324.65,,,,,,
11/05/2010,319.4,320.65,322.45,,,,,,
12/05/2010,317.6,318.8,320.65,,,,,,
13/05/2010,321.95,323.15,324.9,,,,,,
14/05/2010,312.3,313.4,315.25,,,,,,
17/05/2010,292.3,293.2,295.1,,,,,,
18/05/2010,302.25,303.1,305,,,,,,
19/05/2010,295,295.95,297.75,,,,,,
20/05/2010,293.55,294.45,296.25,,,,,,
21/05/2010,305.15,306.1,307.8,,,,,,
24/05/2010,313.65,314.75,316.5,,,,,,
25/05/2010,303.35,304.2,306.15,,,,,,
26/05/2010,307.15,308.05,310,,,,,,
27/05/2010,315.85,317.8,319.7,,,,,,
28/05/2010,310.45,312.4,314.3,,,,,,
1/06/2010,306.3,308.25,310.2,,,,,,
2/06/2010,304.05,306,308.1,,,,,,
3/06/2010,294.65,296.6,298.7,,,,,,
4/06/2010,281.95,283.85,286.05,,,,,,
7/06/2010,276.6,278.55,280.9,,,,,,
8/06/2010,277.95,279.95,282.35,,,,,,
9/06/2010,285,286.85,289.25,,,,,,
10/06/2010,286.25,288.1,290.5,,,,,,
11/06/2010,290.4,292.4,294.9,,,,,,
14/06/2010,299.2,301.25,303.7,,,,,,
15/06/2010,300.45,302.4,304.8,,,,,,
16/06/2010,299.55,301.35,303.7,,,,,,
17/06/2010,290.55,292.4,294.75,,,,,,
18/06/2010,288.4,290.15,292.45,,,,,,
21/06/2010,294.2,295.95,298.25,,,,,,
22/06/2010,299.2,301.05,303.4,,,,,,
23/06/2010,293.55,295.45,297.8,,,,,,
24/06/2010,300.55,302.4,304.65,,,,,,
25/06/2010,309.55,311.1,313.2,,,,,,
28/06/2010,307.15,308.95,311,,,,,,
29/06/2010,291.55,293.05,295.25,,,,,,
30/06/2010,293.6,295.05,297.4,,,,,,
1/07/2010,286.5,287.7,289.9,,,,,,
2/07/2010,290.4,291.6,293.75,,,,,,
6/07/2010,296,297.1,299.35,,,,,,
7/07/2010,300.55,301.5,303.7,,,,,,
8/07/2010,300.7,301.55,303.8,,,,,,
9/07/2010,304.45,305.35,307.65,,,,,,
12/07/2010,299.95,300.9,303.15,,,,,,
13/07/2010,300.95,301.75,303.95,,,,,,
14/07/2010,300.1,300.85,302.95,,,,,,
15/07/2010,300.5,301.2,303.3,,,,,,
16/07/2010,292.35,292.95,295.15,,,,,,
19/07/2010,293.25,293.8,296.15,,,,,,
20/07/2010,299.75,300.15,302.45,,,,,,
21/07/2010,308.7,309.3,311.4,,,,,,
22/07/2010,316.05,316.45,318.25,,,,,,
23/07/2010,318.5,318.5,320.35,,,,,,
26/07/2010,322.5,322.3,324.15,,,,,,
27/07/2010,320.5,320.65,322.7,,,,,,
28/07/2010,324,324.55,326.65,,,,,,
29/07/2010,329,331.15,332,,,,,,
30/07/2010,331.15,333.2,334.05,,,,,,
2/08/2010,338.95,341.05,341.95,,,,,,
3/08/2010,335.85,337.9,338.85,,,,,,
4/08/2010,340.45,342.5,343.4,,,,,,
5/08/2010,335.35,337.4,338.25,,,,,,
6/08/2010,334.3,336.4,337.4,,,,,,
9/08/2010,335.4,337.55,338.7,,,,,,
10/08/2010,331.25,333.4,334.6,,,,,,
11/08/2010,325.4,327.55,328.8,,,,,,
12/08/2010,328.4,330.55,331.8,,,,,,
13/08/2010,325.2,327.25,328.5,,,,,,
16/08/2010,327.95,330.05,331.4,,,,,,
17/08/2010,333.85,335.85,337.05,,,,,,
18/08/2010,334.95,337.05,338.2,,,,,,
19/08/2010,331.85,333.95,335.15,,,,,,
20/08/2010,329.1,331.15,332.3,,,,,,
23/08/2010,329.15,331.25,332.3,,,,,,
24/08/2010,324.1,326.2,327.25,,,,,,
25/08/2010,321.1,323.15,324.2,,,,,,
26/08/2010,330.45,332.55,333.5,,,,,,
27/08/2010,336.3,338.45,339.45,,,,,,
30/08/2010,341.3,342.95,343.85,,,,,,
31/08/2010,336.1,337,337.8,,,,,,
1/09/2010,346.85,347.75,348.5,,,,,,
2/09/2010,348.8,349.55,350.35,,,,,,
3/09/2010,349.35,350,350.8,,,,,,
7/09/2010,346.35,347.05,347.95,,,,,,
8/09/2010,349.05,350.05,351.15,,,,,,
9/09/2010,343.35,344.35,345.65,,,,,,
10/09/2010,339.7,340.65,341.95,,,,,,
13/09/2010,347.15,347.9,349.25,,,,,,
14/09/2010,345.95,346.85,348.15,,,,,,
15/09/2010,345.8,346.65,347.95,,,,,,
16/09/2010,348.3,349.35,350.45,,,,,,
17/09/2010,351.35,352.2,353.25,,,,,,
20/09/2010,349.6,350.45,351.6,,,,,,
21/09/2010,347.45,348.1,349.3,,,,,,
22/09/2010,355.85,356.5,357.5,,,,,,
23/09/2010,358.5,359.05,359.95,,,,,,
24/09/2010,361.35,361.8,362.45,,,,,,
27/09/2010,359.35,359.7,360.5,,,,,,
28/09/2010,363.4,363.7,364.45,,,,,,
29/09/2010,366.15,366.95,366.7,,,,,,
30/09/2010,365.15,366.15,366.05,,,,,,
1/10/2010,369.05,369.95,369.85,,,,,,
4/10/2010,366.4,367.45,367.35,,,,,,
5/10/2010,372.65,373.6,373.4,,,,,,
6/10/2010,375.3,376.15,375.85,,,,,,
7/10/2010,367.95,368.65,368.15,,,,,,
8/10/2010,377.45,377.9,377.15,,,,,,
11/10/2010,378.95,379.5,378.8,,,,,,
12/10/2010,378.95,379.3,378.45,,,,,,
13/10/2010,382.05,382.2,381.15,,,,,,
14/10/2010,381.55,381.95,380.95,,,,,,
15/10/2010,383.9,384.65,383.75,,,,,,
18/10/2010,385.5,386.3,385.5,,,,,,
19/10/2010,375.75,376.75,376.4,,,,,,
20/10/2010,379.35,380.4,380.1,,,,,,
21/10/2010,378.15,379.2,379.05,,,,,,
22/10/2010,379.7,380.85,380.8,,,,,,
25/10/2010,386.3,387.35,387.25,,,,,,
26/10/2010,386.9,388,387.65,,,,,,
27/10/2010,377.55,378.75,378.55,,,,,,
28/10/2010,378.75,379.9,379.7,,,,,,
29/10/2010,373.35,374.5,374.55,,,,,,
1/11/2010,378.5,379.75,379.75,,,,,,
2/11/2010,383.9,385.05,385.05,,,,,,
3/11/2010,378.5,379.75,379.95,,,,,,
4/11/2010,391.2,392.4,392.4,,,,,,
5/11/2010,394.85,396.1,396.2,,,,,,
8/11/2010,395.65,396.65,396.55,,,,,,
9/11/2010,404.3,404.95,404.75,,,,,,
10/11/2010,396.9,397.65,397.55,,,,,,
11/11/2010,402.25,402.95,402.85,,,,,,
12/11/2010,389.35,389.8,389.5,,,,,,
15/11/2010,392.5,392.45,392.05,,,,,,
16/11/2010,372.75,373.1,372.85,,,,,,
17/11/2010,372.95,373.4,372.9,,,,,,
18/11/2010,383.1,383.85,383.45,,,,,,
19/11/2010,383.35,384.25,383.95,,,,,,
22/11/2010,375.15,376.2,376,,,,,,
23/11/2010,370.25,371.1,370.85,,,,,,
24/11/2010,375.55,376.65,376.25,,,,,,
26/11/2010,375.1,376.25,375.9,,,,,,
29/11/2010,375.8,376.75,376.4,,,,,,
30/11/2010,382.3,382.55,382.05,,,,,,
1/12/2010,394.6,394.75,393.85,,,,,,
2/12/2010,397.7,397.9,396.9,,,,,,
3/12/2010,399.5,399.9,399,,,,,,
6/12/2010,400.4,400.8,399.85,,,,,,
7/12/2010,404.4,404.95,404.3,,,,,,
8/12/2010,409.45,410.05,409.4,,,,,,
9/12/2010,408.15,408.7,408.2,,,,,,
10/12/2010,410.5,411.2,410.55,,,,,,
13/12/2010,419.95,420.7,419.95,,,,,,
14/12/2010,420.15,420.9,420.05,,,,,,
15/12/2010,412.65,413.25,412.45,,,,,,
16/12/2010,411.05,411.6,410.9,,,,,,
17/12/2010,415.3,415.9,415.25,,,,,,
20/12/2010,420.05,420.6,420,,,,,,
21/12/2010,427.05,427.6,427,,,,,,
22/12/2010,426.9,427.5,426.9,,,,,,
23/12/2010,425.2,425.85,425.25,,,,,,
27/12/2010,427.5,428,427.45,,,,,,
28/12/2010,432.4,432.8,432.1,,,,,,
29/12/2010,430.9,431.15,430.5,,,,,,
30/12/2010,436.25,435.6,434.1,,,,,,
31/12/2010,444.7,443.95,442.3,,,,,,
3/01/2011,445.75,445,443.4,,,,,,
4/01/2011,436.9,436.3,434.9,,,,,,
5/01/2011,440.8,440.2,438.8,,,,,,
6/01/2011,432.95,432.5,431.3,,,,,,
7/01/2011,428.25,427.95,427.05,,,,,,
10/01/2011,426.45,426.4,425.75,,,,,,
11/01/2011,434.9,434.9,434.25,,,,,,
12/01/2011,441.15,441.15,440.6,,,,,,
13/01/2011,437.7,438,437.7,,,,,,
14/01/2011,441.2,441.45,440.95,,,,,,
18/01/2011,442.8,443,442.3,,,,,,
19/01/2011,437,437.4,436.75,,,,,,
20/01/2011,427.2,427.65,427.2,,,,,,
21/01/2011,430.9,431.3,430.6,,,,,,
24/01/2011,434.85,435.3,434.8,,,,,,
25/01/2011,422.6,423.25,422.95,,,,,,
26/01/2011,426.7,427.4,427.15,,,,,,
27/01/2011,433.85,434.55,434.3,,,,,,
28/01/2011,437.3,438.05,437.95,,,,,,
31/01/2011,445.85,446.55,446.4,,,,,,
1/02/2011,454.7,455.35,455.15,,,,,,
2/02/2011,454.4,455.15,454.95,,,,,,
3/02/2011,454.45,455.25,455.15,,,,,,
4/02/2011,457.95,458.75,458.65,,,,,,
7/02/2011,457.5,458.4,458.55,,,,,,
8/02/2011,457.4,458.25,458.4,,,,,,
9/02/2011,452.4,453.4,453.7,,,,,,
10/02/2011,454.35,455.35,455.7,,,,,,
11/02/2011,453.6,454.7,455,,,,,,
14/02/2011,462.85,463.75,463.95,,,,,,
15/02/2011,453.6,454.6,454.9,,,,,,
16/02/2011,447,448.25,448.75,,,,,,
17/02/2011,448.4,449.7,450.2,,,,,,
18/02/2011,448.2,449.6,450.15,,,,,,
22/02/2011,434.7,436.3,437.15,,,,,,
23/02/2011,427.55,429.15,430.1,,,,,,
24/02/2011,432.65,434.35,435.15,,,,,,
25/02/2011,443.6,445.5,446.3,,,,,,
28/02/2011,447.8,449.65,450.65,,,,,,
1/03/2011,449.05,450.95,452.15,,,,,,
2/03/2011,448,449.8,451.05,,,,,,
3/03/2011,447.5,449,450.25,,,,,,
4/03/2011,447.2,448.55,449.85,,,,,,
7/03/2011,431.3,432.7,434.15,,,,,,
8/03/2011,432.5,433.85,435.4,,,,,,
9/03/2011,419.95,421.25,422.9,,,,,,
10/03/2011,418.45,419.75,421.5,,,,,,
11/03/2011,419.5,420.75,422.4,,,,,,
14/03/2011,417.35,418.65,420.4,,,,,,
15/03/2011,412.5,413.7,415.3,,,,,,
16/03/2011,418.7,419.75,421.3,,,,,,
17/03/2011,433.6,434.4,435.95,,,,,,
18/03/2011,432.95,433.9,435.55,,,,,,
21/03/2011,427.55,428.6,430.3,,,,,,
22/03/2011,430.35,431.3,432.95,,,,,,
23/03/2011,441.85,442.85,444.45,,,,,,
24/03/2011,441.4,442.45,444.05,,,,,,
25/03/2011,440.85,441.9,443.55,,,,,,
28/03/2011,434.05,435,436.7,,,,,,
29/03/2011,433.75,434.65,436.35,,,,,,
30/03/2011,427.4,429.2,430.6,,,,,,
31/03/2011,430.75,432.55,433.95,,,,,,
1/04/2011,425.85,427.6,428.95,,,,,,
4/04/2011,425.5,427.3,428.65,,,,,,
5/04/2011,426.45,428.25,429.6,,,,,,
6/04/2011,437,438.8,440.05,,,,,,
7/04/2011,441.65,443.5,444.85,,,,,,
8/04/2011,450.15,452,453.35,,,,,,
11/04/2011,446,447.85,449.25,,,,,,
12/04/2011,438.35,440.3,441.8,,,,,,
13/04/2011,429.45,431.45,433.05,,,,,,
14/04/2011,428.4,430.35,431.8,,,,,,
15/04/2011,425.75,427.75,429.25,,,,,,
18/04/2011,419.8,421.75,423.35,,,,,,
19/04/2011,422.95,424.85,426.5,,,,,,
20/04/2011,433.95,435.9,437.55,,,,,,
21/04/2011,440,441.9,443.45,,,,,,
25/04/2011,430.3,432.35,433.85,,,,,,
26/04/2011,431.9,433.95,435.45,,,,,,
27/04/2011,422.8,424.65,426.2,,,,,,
28/04/2011,424.5,426.15,427.75,,,,,,
29/04/2011,416.55,417.9,419.5,,,,,,
2/05/2011,418.25,419.6,421.3,,,,,,
3/05/2011,424,425.3,426.95,,,,,,
4/05/2011,412.05,413.4,415.05,,,,,,
5/05/2011,398.55,399.8,401.5,,,,,,
6/05/2011,396.35,397.55,399.25,,,,,,
9/05/2011,400.4,401.65,403.4,,,,,,
10/05/2011,402.95,404.2,405.95,,,,,,
11/05/2011,390.2,391.35,393.15,,,,,,
12/05/2011,396.05,397.05,398.8,,,,,,
13/05/2011,397.5,398.35,400.1,,,,,,
16/05/2011,398.3,399.05,400.85,,,,,,
17/05/2011,399.1,399.85,401.7,,,,,,
18/05/2011,409.95,410.5,412.35,,,,,,
19/05/2011,404.7,405.25,407.05,,,,,,
20/05/2011,411.9,412.15,413.95,,,,,,
23/05/2011,399,399.15,401,,,,,,
24/05/2011,401.25,401.3,403.1,,,,,,
25/05/2011,410.2,410.7,412.4,,,,,,
26/05/2011,410.7,411.1,412.9,,,,,,
27/05/2011,418.6,420.4,422.1,,,,,,
31/05/2011,417.75,419.65,421.45,,,,,,
1/06/2011,410.65,412.6,414.55,,,,,,
2/06/2011,408.45,410.4,412.35,,,,,,
3/06/2011,413.45,415.4,417.2,,,,,,
6/06/2011,414.2,416,417.8,,,,,,
7/06/2011,414.95,416.75,418.7,,,,,,
8/06/2011,410.85,412.65,414.6,,,,,,
9/06/2011,410.75,412.55,414.55,,,,,,
10/06/2011,405.6,407.55,409.65,,,,,,
13/06/2011,403.45,405.35,407.45,,,,,,
14/06/2011,415.5,417.35,419.3,,,,,,
15/06/2011,412.2,413.9,415.8,,,,,,
16/06/2011,411.75,413.6,415.55,,,,,,
17/06/2011,410.2,412.1,414,,,,,,
20/06/2011,407.35,409.25,411.1,,,,,,
21/06/2011,408.85,410.7,412.45,,,,,,
22/06/2011,408.8,410.7,412.45,,,,,,
23/06/2011,403.9,405.65,407.45,,,,,,
24/06/2011,409.85,411.55,413.35,,,,,,
27/06/2011,405.15,406.75,408.55,,,,,,
28/06/2011,409.2,410.8,412.55,,,,,,
29/06/2011,420.95,422.4,423.95,,,,,,
30/06/2011,427.2,428.25,429.75,,,,,,
1/07/2011,429.2,430.25,431.75,,,,,,
5/07/2011,433.9,434.75,436.2,,,,,,
6/07/2011,432.65,433.5,435.05,,,,,,
7/07/2011,443.2,444.2,445.6,,,,,,
8/07/2011,440.25,441.2,442.65,,,,,,
11/07/2011,435.85,436.8,438.35,,,,,,
12/07/2011,438.15,439.15,440.75,,,,,,
13/07/2011,439.45,440.35,442,,,,,,
14/07/2011,437.2,438,439.75,,,,,,
15/07/2011,440.5,441.3,443.2,,,,,,
18/07/2011,439.6,440.3,442.25,,,,,,
19/07/2011,446.05,446.8,448.65,,,,,,
20/07/2011,442.85,443.6,445.5,,,,,,
21/07/2011,437.75,438.35,440.3,,,,,,
22/07/2011,440.45,441,442.95,,,,,,
25/07/2011,440.15,440.65,442.65,,,,,,
26/07/2011,447.4,447.8,449.8,,,,,,
27/07/2011,444.05,444.65,446.6,,,,,,
28/07/2011,446.95,448.9,450.05,,,,,,
29/07/2011,447.95,450.05,451.2,,,,,,
1/08/2011,441,443.2,444.45,,,,,,
2/08/2011,439.5,441.75,443.05,,,,,,
3/08/2011,432.6,434.95,436.35,,,,,,
4/08/2011,423.55,425.95,427.4,,,,,,
5/08/2011,411.7,414,415.55,,,,,,
8/08/2011,396.15,398.45,400.05,,,,,,
9/08/2011,397,399.3,400.95,,,,,,
10/08/2011,388.85,391.1,392.8,,,,,,
11/08/2011,400.85,403,404.65,,,,,,
12/08/2011,401.2,403.35,405.05,,,,,,
15/08/2011,403.2,405.3,406.95,,,,,,
16/08/2011,399.4,401.5,403.2,,,,,,
17/08/2011,403.2,405.3,406.95,,,,,,
18/08/2011,396.6,398.6,400.35,,,,,,
19/08/2011,398.35,400.25,401.95,,,,,,
22/08/2011,395.55,397.5,399.25,,,,,,
23/08/2011,399.6,401.45,403.15,,,,,,
24/08/2011,399.8,401.65,403.3,,,,,,
25/08/2011,407.9,409.8,411.4,,,,,,
26/08/2011,409.9,411.75,413.3,,,,,,
29/08/2011,408.9,410.95,412.55,,,,,,
30/08/2011,412.3,414.15,415.85,,,,,,
31/08/2011,418.7,420.45,422.15,,,,,,
1/09/2011,414.25,416.05,417.8,,,,,,
2/09/2011,410.7,412.45,414.25,,,,,,
6/09/2011,403.95,405.6,407.5,,,,,,
7/09/2011,411.55,413.2,415.05,,,,,,
8/09/2011,412.8,414.35,416.25,,,,,,
9/09/2011,398.75,400.25,402.2,,,,,,
12/09/2011,395.05,396.55,398.55,,,,,,
13/09/2011,395.6,397,399.05,,,,,,
14/09/2011,388.5,389.8,391.85,,,,,,
15/09/2011,394.5,395.7,397.7,,,,,,
16/09/2011,392,393.15,395.15,,,,,,
19/09/2011,377.15,378.25,380.35,,,,,,
20/09/2011,371.65,372.55,374.7,,,,,,
21/09/2011,375.35,376.4,378.55,,,,,,
22/09/2011,348.05,348.85,351,,,,,,
23/09/2011,327.2,328,330,,,,,,
26/09/2011,327.5,328.3,330.25,,,,,,
27/09/2011,342.95,343.95,345.95,,,,,,
28/09/2011,323.6,324.65,326.6,,,,,,
29/09/2011,324.6,326.6,327.85,,,,,,
30/09/2011,315.2,317.3,318.5,,,,,,
3/10/2011,315.05,317.1,318.4,,,,,,
4/10/2011,310.35,312.3,313.6,,,,,,
5/10/2011,310.6,312.6,313.85,,,,,,
6/10/2011,324.65,326.65,327.9,,,,,,
7/10/2011,327.35,329.3,330.55,,,,,,
10/10/2011,336.8,338.7,339.9,,,,,,
11/10/2011,329.05,330.95,332.1,,,,,,
12/10/2011,339.35,341.15,342.25,,,,,,
13/10/2011,330.7,332.55,333.7,,,,,,
14/10/2011,340.85,342.65,343.7,,,,,,
17/10/2011,337.8,339.7,340.75,,,,,,
18/10/2011,336,337.95,338.95,,,,,,
19/10/2011,325.8,327.75,328.8,,,,,,
20/10/2011,305.75,307.75,308.8,,,,,,
21/10/2011,322.3,324.25,325.25,,,,,,
24/10/2011,344.9,346.8,347.75,,,,,,
25/10/2011,342.05,344,344.95,,,,,,
26/10/2011,349,350.95,351.8,,,,,,
27/10/2011,369.2,371.15,371.85,,,,,,
28/10/2011,370.6,372.65,373.4,,,,,,
31/10/2011,363.2,365.2,366.05,,,,,,
1/11/2011,350.25,352.25,353.2,,,,,,
2/11/2011,358.1,360,360.95,,,,,,
3/11/2011,358.85,360.8,361.8,,,,,,
4/11/2011,356.45,358.5,359.5,,,,,,
7/11/2011,353.55,355.6,356.65,,,,,,
8/11/2011,353.3,355.35,356.45,,,,,,
9/11/2011,344.1,346.2,347.35,,,,,,
10/11/2011,337.4,339.45,340.65,,,,,,
11/11/2011,346.35,348.3,349.5,,,,,,
14/11/2011,348.8,350.7,351.9,,,,,,
15/11/2011,350.15,352,353.15,,,,,,
16/11/2011,348.45,350.3,351.45,,,,,,
17/11/2011,338.25,340.1,341.25,,,,,,
18/11/2011,340.2,342.05,343.1,,,,,,
21/11/2011,330.3,331.95,333.05,,,,,,
22/11/2011,333.3,334.8,335.95,,,,,,
23/11/2011,327.9,329.25,330.35,,,,,,
25/11/2011,327,328.4,329.5,,,,,,
28/11/2011,336.05,337.15,338.2,,,,,,
29/11/2011,337.6,339.05,340.05,,,,,,
30/11/2011,356.3,357.55,358.5,,,,,,
1/12/2011,352.2,353.4,354.4,,,,,,
2/12/2011,357.25,358.45,359.5,,,,,,
5/12/2011,360.4,361.55,362.65,,,,,,
6/12/2011,356.55,357.55,358.65,,,,,,
7/12/2011,354.5,355.6,356.75,,,,,,
8/12/2011,348.95,350,351.2,,,,,,
9/12/2011,354.7,355.75,357,,,,,,
12/12/2011,345.45,346.4,347.65,,,,,,
13/12/2011,343.25,344.15,345.45,,,,,,
14/12/2011,327.1,327.85,329.1,,,,,,
15/12/2011,325.95,326.7,327.85,,,,,,
16/12/2011,332.4,333.1,334.2,,,,,,
19/12/2011,330.1,330.85,331.9,,,,,,
20/12/2011,336.3,336.95,338,,,,,,
21/12/2011,338.9,339.45,340.5,,,,,,
22/12/2011,340.9,341.55,342.6,,,,,,
23/12/2011,346.35,346.95,348,,,,,,
27/12/2011,340.4,340.9,347.1,,,,,,
28/12/2011,336,336.55,341.95,,,,,,
29/12/2011,337,338.15,337.65,,,,,,
30/12/2011,343.6,344.75,338.85,,,,,,
2/01/2012,348.225,345,345.5,,,,,,
3/01/2012,352.85,354,354.75,,,,,,
4/01/2012,343.45,344.6,345.4,,,,,,
5/01/2012,342.65,343.75,344.55,,,,,,
6/01/2012,343.5,344.65,345.55,,,,,,
9/01/2012,341.6,342.75,343.65,,,,,,
10/01/2012,351.3,352.4,353.25,,,,,,
11/01/2012,354.6,355.7,356.6,,,,,,
12/01/2012,364.9,365.85,366.75,,,,,,
13/01/2012,363.7,364.65,365.55,,,,,,
17/01/2012,372.95,373.95,374.85,,,,,,
18/01/2012,375.25,376.3,377.25,,,,,,
19/01/2012,380.05,381.05,382,,,,,,
20/01/2012,374.5,375.55,376.45,,,,,,
23/01/2012,379.85,380.95,381.9,,,,,,
24/01/2012,380.75,381.95,382.95,,,,,,
25/01/2012,382.95,384.1,385,,,,,,
26/01/2012,390.15,391.25,392.2,,,,,,
27/01/2012,388.9,390,390.95,,,,,,
30/01/2012,382.65,383.7,384.7,,,,,,
31/01/2012,379,380.1,381.15,,,,,,
1/02/2012,384.2,385.25,386.25,,,,,,
2/02/2012,378.1,379.15,380.2,,,,,,
3/02/2012,390.15,391.15,392.15,,,,,,
6/02/2012,386.45,387.5,388.5,,,,,,
7/02/2012,387.6,388.6,389.65,,,,,,
8/02/2012,390.95,391.8,392.85,,,,,,
9/02/2012,397.85,398.4,399.45,,,,,,
10/02/2012,386.2,386.8,387.9,,,,,,
13/02/2012,383.95,384.7,385.9,,,,,,
14/02/2012,381.45,382.3,383.55,,,,,,
15/02/2012,380.15,381,382.3,,,,,,
16/02/2012,379.1,379.85,381.15,,,,,,
17/02/2012,370.8,371.6,372.9,,,,,,
21/02/2012,383.65,384.45,385.65,,,,,,
22/02/2012,383.35,384.25,385.4,,,,,,
23/02/2012,380.6,381.4,382.5,,,,,,
24/02/2012,386.3,387,387.8,,,,,,
27/02/2012,388.05,388.9,389.7,,,,,,
28/02/2012,391.2,392.15,393,,,,,,
29/02/2012,387.05,387.95,388.9,,,,,,
1/03/2012,392.45,393.15,394.05,,,,,,
2/03/2012,389.55,390.3,391.3,,,,,,
5/03/2012,385.25,385.95,387.05,,,,,,
6/03/2012,373.1,373.75,374.8,,,,,,
7/03/2012,376.05,376.7,377.75,,,,,,
8/03/2012,378.6,379.15,380.15,,,,,,
9/03/2012,385.25,385.85,386.75,,,,,,
12/03/2012,383.15,383.75,384.7,,,,,,
13/03/2012,389.65,390.25,391.15,,,,,,
14/03/2012,384.2,384.8,385.7,,,,,,
15/03/2012,389.2,389.75,390.5,,,,,,
16/03/2012,387.4,387.8,388.55,,,,,,
19/03/2012,390.6,390.9,391.6,,,,,,
20/03/2012,382.8,383.05,383.8,,,,,,
21/03/2012,384.95,384.55,385.3,,,,,,
22/03/2012,376.75,376.55,377.4,,,,,,
23/03/2012,380.95,380.85,381.7,,,,,,
26/03/2012,388.55,388.75,389.55,,,,,,
27/03/2012,387.9,388,388.9,,,,,,
28/03/2012,378.7,379.25,380.25,,,,,,
29/03/2012,379.65,380.6,381.55,,,,,,
30/03/2012,382.5,383.35,384.25,,,,,,
2/04/2012,392.1,392.85,393.75,,,,,,
3/04/2012,391.9,392.75,393.7,,,,,,
4/04/2012,379.05,380,380.95,,,,,,
5/04/2012,379.55,380.45,381.45,,,,,,
9/04/2012,372,372.8,373.75,,,,,,
10/04/2012,365,365.8,366.85,,,,,,
11/04/2012,363.95,364.7,365.75,,,,,,
12/04/2012,372.05,372.75,373.8,,,,,,
13/04/2012,362.7,363.45,364.55,,,,,,
16/04/2012,362.8,363.6,364.7,,,,,,
17/04/2012,364.7,365.4,366.45,,,,,,
18/04/2012,363.1,363.85,364.95,,,,,,
19/04/2012,362.75,363.6,364.7,,,,,,
20/04/2012,369.8,370.65,371.7,,,,,,
23/04/2012,362.6,363.4,364.4,,,,,,
24/04/2012,367.25,368.1,369,,,,,,
25/04/2012,370,370.75,371.5,,,,,,
26/04/2012,376.7,377.35,378,,,,,,
27/04/2012,382,382.5,383,,,,,,
30/04/2012,383.35,382.95,382.55,,,,,,
1/05/2012,384,384.35,384.7,,,,,,
2/05/2012,378.55,378.7,378.95,,,,,,
3/05/2012,373.35,373.6,374.1,,,,,,
4/05/2012,372.4,372.1,372.5,,,,,,
7/05/2012,377.75,377.35,377.8,,,,,,
8/05/2012,368.55,367.75,368.15,,,,,,
9/05/2012,366.95,365.95,366.2,,,,,,
10/05/2012,369.15,369.05,369.3,,,,,,
11/05/2012,364.85,364.8,365.1,,,,,,
14/05/2012,355.7,355.4,355.75,,,,,,
15/05/2012,352.2,351.75,352.3,,,,,,
16/05/2012,348.5,347.8,348.45,,,,,,
17/05/2012,347.95,347.9,348.65,,,,,,
18/05/2012,346.95,346.85,347.65,,,,,,
21/05/2012,350.4,350.2,350.9,,,,,,
22/05/2012,348.75,348.7,349.45,,,,,,
23/05/2012,339.8,339.6,340.4,,,,,,
24/05/2012,342.9,342.85,343.6,,,,,,
25/05/2012,344.8,344.8,345.6,,,,,,
29/05/2012,346.35,346.2,347,,,,,,
30/05/2012,339,339.75,340.6,,,,,,
31/05/2012,336.55,337.35,338.25,,,,,,
1/06/2012,331.35,332.3,333.3,,,,,,
4/06/2012,330.7,331.65,332.85,,,,,,
5/06/2012,328.9,329.85,331,,,,,,
6/06/2012,337.9,338.75,339.85,,,,,,
7/06/2012,337.05,337.95,339,,,,,,
8/06/2012,328.5,329.4,330.55,,,,,,
11/06/2012,334.3,335.1,336.2,,,,,,
12/06/2012,333.55,334.4,335.55,,,,,,
13/06/2012,333.95,334.75,335.95,,,,,,
14/06/2012,335.45,336.15,337.3,,,,,,
15/06/2012,338.35,339.05,340.25,,,,,,
18/06/2012,339.55,340.25,341.4,,,,,,
19/06/2012,343.35,344.1,345.2,,,,,,
20/06/2012,338.75,339.6,340.65,,,,,,
21/06/2012,329.8,330.65,331.75,,,,,,
22/06/2012,330.6,331.5,332.6,,,,,,
25/06/2012,331.6,332.55,333.6,,,,,,
26/06/2012,331.3,332.05,333.05,,,,,,
27/06/2012,334.95,335.65,336.55,,,,,,
28/06/2012,332.6,333.15,334.15,,,,,,
29/06/2012,349,349.65,350.65,,,,,,
2/07/2012,346.5,346.9,347.8,,,,,,
3/07/2012,353.45,354,354.85,,,,,,
5/07/2012,348.8,349.3,350.15,,,,,,
6/07/2012,340.45,340.95,341.8,,,,,,
9/07/2012,342.6,343.15,344.1,,,,,,
10/07/2012,339.3,339.8,340.8,,,,,,
11/07/2012,344.3,344.75,345.75,,,,,,
12/07/2012,341.15,341.5,342.4,,,,,,
13/07/2012,350.05,350.4,351.25,,,,,,
16/07/2012,348.1,348.5,349.45,,,,,,
17/07/2012,345.3,345.55,346.5,,,,,,
18/07/2012,347.3,347.4,348.25,,,,,,
19/07/2012,353.4,353.45,354.2,,,,,,
20/07/2012,344.85,344.8,345.65,,,,,,
23/07/2012,338.15,338,338.85,,,,,,
24/07/2012,335.3,335.3,336.2,,,,,,
25/07/2012,337.5,337.45,338.5,,,,,,
26/07/2012,339.4,339.35,340.45,,,,,,
27/07/2012,342.6,342.6,343.75,,,,,,
30/07/2012,341.6,342.85,343.95,,,,,,
31/07/2012,341.75,342.9,344,,,,,,
1/08/2012,337.5,338.65,339.75,,,,,,
2/08/2012,329.05,330.25,331.4,,,,,,
3/08/2012,336.75,337.95,339.1,,,,,,
6/08/2012,338.9,340.05,341.2,,,,,,
7/08/2012,344.05,345.2,346.2,,,,,,
8/08/2012,342.15,343.25,344.25,,,,,,
9/08/2012,342.5,343.65,344.6,,,,,,
10/08/2012,339.25,340.45,341.5,,,,,,
13/08/2012,335.35,336.55,337.6,,,,,,
14/08/2012,335.9,337.1,338.15,,,,,,
15/08/2012,334.95,336.1,337.15,,,,,,
16/08/2012,338.25,339.35,340.45,,,,,,
17/08/2012,341.95,342.8,343.85,,,,,,
20/08/2012,337.1,337.9,338.95,,,,,,
21/08/2012,345.3,346.1,347,,,,,,
22/08/2012,345.45,346.05,346.9,,,,,,
23/08/2012,349.25,349.85,350.7,,,,,,
24/08/2012,348.35,348.95,349.8,,,,,,
27/08/2012,347.65,348.25,349.15,,,,,,
28/08/2012,346.25,346.9,347.75,,,,,,
29/08/2012,344.25,344.9,345.8,,,,,,
30/08/2012,344.05,344.7,345.65,,,,,,
31/08/2012,345.4,345.7,346.55,,,,,,
4/09/2012,346.85,346.9,347.8,,,,,,
5/09/2012,353.2,352.9,353.7,,,,,,
6/09/2012,352.35,351.65,352.5,,,,,,
7/09/2012,365.6,364.5,365.25,,,,,,
10/09/2012,370,368.85,369.6,,,,,,
11/09/2012,371.45,369.7,370.5,,,,,,
12/09/2012,371,369.25,370.05,,,,,,
13/09/2012,372.7,371,371.8,,,,,,
14/09/2012,385.15,383.25,384.05,,,,,,
17/09/2012,381,379.2,380.1,,,,,,
18/09/2012,380.25,378.7,379.55,,,,,,
19/09/2012,382.9,381.4,382.25,,,,,,
20/09/2012,377.25,375.9,376.75,,,,,,
21/09/2012,380.35,378.9,379.7,,,,,,
24/09/2012,374.55,373.15,373.95,,,,,,
25/09/2012,377.35,375.85,376.65,,,,,,
26/09/2012,371.4,371,371.85,,,,,,
27/09/2012,374.4,375.2,375.6,,,,,,
28/09/2012,375.8,376.6,377,,,,,,
1/10/2012,378.55,379.35,379.7,,,,,,
2/10/2012,380.1,380.8,381.15,,,,,,
3/10/2012,378.4,379.2,379.55,,,,,,
4/10/2012,378.6,379.35,379.75,,,,,,
5/10/2012,377.8,378.5,378.9,,,,,,
8/10/2012,371.8,372.55,372.95,,,,,,
9/10/2012,371.8,372.6,373.05,,,,,,
10/10/2012,371.8,372.6,373.1,,,,,,
11/10/2012,375.15,375.9,376.4,,,,,,
12/10/2012,370.3,370.95,371.4,,,,,,
15/10/2012,370.15,370.85,371.35,,,,,,
16/10/2012,370,370.75,371.25,,,,,,
17/10/2012,374.8,375.4,375.8,,,,,,
18/10/2012,374.3,375,375.5,,,,,,
19/10/2012,363.75,364.55,365.15,,,,,,
22/10/2012,362.2,363.05,363.7,,,,,,
23/10/2012,356.95,357.85,358.5,,,,,,
24/10/2012,356.8,357.7,358.35,,,,,,
25/10/2012,355.05,356,356.65,,,,,,
26/10/2012,355,356,356.7,,,,,,
29/10/2012,349.45,350.45,351.1,,,,,,
30/10/2012,350.6,351.7,352.4,,,,,,
31/10/2012,351.75,352.85,353.6,,,,,,
1/11/2012,355.2,356.3,357.05,,,,,,
2/11/2012,348.15,349.25,350,,,,,,
5/11/2012,347,348.05,348.75,,,,,,
6/11/2012,350.6,351.7,352.4,,,,,,
7/11/2012,344.15,345.25,345.9,,,,,,
8/11/2012,346.95,348.05,348.8,,,,,,
9/11/2012,344.55,345.6,346.35,,,,,,
12/11/2012,346.8,347.9,348.6,,,,,,
13/11/2012,347.1,348.3,349.05,,,,,,
14/11/2012,345.35,346.5,347.25,,,,,,
15/11/2012,346.25,347.35,348.05,,,,,,
16/11/2012,345.15,346.15,346.85,,,,,,
19/11/2012,352.75,353.65,354.3,,,,,,
20/11/2012,351.65,352.65,353.35,,,,,,
21/11/2012,349.6,350.65,351.35,,,,,,
23/11/2012,352.8,353.9,354.65,,,,,,
26/11/2012,353.65,354.85,355.65,,,,,,
27/11/2012,353.65,355.1,355.95,,,,,,
28/11/2012,352.45,353.75,354.55,,,,,,
29/11/2012,358.85,360.55,361.35,,,,,,
30/11/2012,362.95,365,365.9,,,,,,
3/12/2012,364,365.85,366.75,,,,,,
4/12/2012,363.35,365.55,366.55,,,,,,
5/12/2012,366.7,368.65,369.65,,,,,,
6/12/2012,362.7,364.45,365.55,,,,,,
7/12/2012,364.75,366.3,367.45,,,,,,
10/12/2012,369.05,370.6,371.85,,,,,,
11/12/2012,367.1,368.65,369.85,,,,,,
12/12/2012,370,371.6,372.8,,,,,,
13/12/2012,364.45,366,367.15,,,,,,
14/12/2012,366.5,368.3,369.5,,,,,,
17/12/2012,364.9,366.6,367.8,,,,,,
18/12/2012,363.65,365.35,366.55,,,,,,
19/12/2012,359.5,360.55,361.6,,,,,,
20/12/2012,352.5,353.6,354.7,,,,,,
21/12/2012,355.55,356.7,357.75,,,,,,
24/12/2012,353.4,354.6,355.7,,,,,,
26/12/2012,358.3,359.75,360.85,,,,,,
27/12/2012,359,360.1,361.15,,,,,,
28/12/2012,358.95,359.95,360.9,,,,,,
31/12/2012,365.25,366.2,367.2,,,,,,
2/01/2013,373.6,374.55,375.55,,,,,,
3/01/2013,371.7,372.7,373.7,,,,,,
4/01/2013,369.35,370.35,371.35,,,,,,
7/01/2013,367.8,368.95,370,,,,,,
8/01/2013,367.2,368.5,369.6,,,,,,
9/01/2013,367.05,368.35,369.45,,,,,,
10/01/2013,370.9,372.2,373.25,,,,,,
11/01/2013,365.4,366.7,367.8,,,,,,
14/01/2013,363.4,364.8,366,,,,,,
15/01/2013,363.75,365.1,366.2,,,,,,
16/01/2013,360.65,362.05,363.2,,,,,,
17/01/2013,366.2,367.55,368.65,,,,,,
18/01/2013,367.9,369.3,370.4,,,,,,
22/01/2013,370.5,371.9,373.1,,,,,,
23/01/2013,368.45,369.85,371,,,,,,
24/01/2013,367.65,369.05,370.3,,,,,,
25/01/2013,365.2,366.6,367.85,,,,,,
28/01/2013,366.15,367.55,368.85,,,,,,
29/01/2013,369.15,370.6,371.9,,,,,,
30/01/2013,375,376.4,377.65,,,,,,
31/01/2013,373.2,374.5,375.65,,,,,,
1/02/2013,378.45,379.75,380.9,,,,,,
4/02/2013,376.85,378.2,379.35,,,,,,
5/02/2013,377,378.4,379.65,,,,,,
6/02/2013,374.05,375.5,376.75,,,,,,
7/02/2013,372.7,374.2,375.5,,,,,,
8/02/2013,375.95,377.5,378.85,,,,,,
11/02/2013,372.25,373.8,375.15,,,,,,
12/02/2013,374.4,376,377.35,,,,,,
13/02/2013,374.25,375.85,377.2,,,,,,
14/02/2013,373.75,375.25,376.65,,,,,,
15/02/2013,373.7,375.35,376.8,,,,,,
19/02/2013,364.95,366.65,368.05,,,,,,
20/02/2013,360.8,362.5,363.95,,,,,,
21/02/2013,355.3,356.95,358.35,,,,,,
22/02/2013,353.3,355.05,356.45,,,,,,
25/02/2013,354.3,356.1,357.5,,,,,,
26/02/2013,356.65,358.3,359.7,,,,,,
27/02/2013,354.5,356.7,358.2,,,,,,
28/02/2013,352.75,354.75,356.25,,,,,,
1/03/2013,348.15,350.1,351.65,,,,,,
4/03/2013,348.3,350.15,351.65,,,,,,
5/03/2013,349.65,351.5,353.1,,,,,,
6/03/2013,347.4,349.3,350.95,,,,,,
7/03/2013,350.15,352.05,353.7,,,,,,
8/03/2013,349.15,350.9,352.6,,,,,,
11/03/2013,350,351.7,353.4,,,,,,
12/03/2013,353.8,355.45,357.05,,,,,,
13/03/2013,350.95,352.5,354.1,,,,,,
14/03/2013,352.35,353.65,355.25,,,,,,
15/03/2013,350.8,352.05,353.8,,,,,,
18/03/2013,341.7,342.8,344.6,,,,,,
19/03/2013,339.55,340.55,342.35,,,,,,
20/03/2013,343.55,344.65,346.5,,,,,,
21/03/2013,342.3,343.5,345.35,,,,,,
22/03/2013,345.4,346.6,348.45,,,,,,
25/03/2013,343.5,344.5,346.45,,,,,,
26/03/2013,343.25,344.25,346.25,,,,,,
27/03/2013,344.35,346.3,348,,,,,,
28/03/2013,340.2,342.2,343.9,,,,,,
1/04/2013,337.45,339.5,341.3,,,,,,
2/04/2013,337.85,339.9,341.75,,,,,,
3/04/2013,333.3,335.25,337.1,,,,,,
4/04/2013,335.15,337.15,338.9,,,,,,
5/04/2013,334.4,336.4,338.15,,,,,,
8/04/2013,337.1,339.1,340.9,,,,,,
9/04/2013,344.15,346.15,347.9,,,,,,
10/04/2013,341.8,343.85,345.6,,,,,,
11/04/2013,343.35,345.35,347.15,,,,,,
12/04/2013,335,336.9,338.65,,,,,,
15/04/2013,327.3,329.15,330.8,,,,,,
16/04/2013,330.55,332.35,334,,,,,,
17/04/2013,318.75,320.25,321.7,,,,,,
18/04/2013,320.45,321.9,323.4,,,,,,
19/04/2013,314.85,316.3,317.8,,,,,,
22/04/2013,313.1,314.4,315.85,,,,,,
23/04/2013,309.3,310.4,311.65,,,,,,
24/04/2013,315.7,316.5,317.8,,,,,,
25/04/2013,323.7,324.25,325.55,,,,,,
26/04/2013,318.45,318.6,319.85,,,,,,
29/04/2013,322.55,322.65,323.85,,,,,,
30/04/2013,318.75,318.75,320.1,,,,,,
1/05/2013,308.25,308,309.35,,,,,,
2/05/2013,310.45,310.45,311.75,,,,,,
3/05/2013,331.35,331.45,332.65,,,,,,
6/05/2013,331,331.05,332.3,,,,,,
7/05/2013,330.05,330.25,331.5,,,,,,
8/05/2013,337.1,337.05,338.2,,,,,,
9/05/2013,334.15,334.05,335.15,,,,,,
10/05/2013,335.6,335.3,336.35,,,,,,
13/05/2013,336.2,335.95,337,,,,,,
14/05/2013,329.05,328.8,329.9,,,,,,
15/05/2013,326.7,326.5,327.65,,,,,,
16/05/2013,329.2,329.45,330.7,,,,,,
17/05/2013,332.1,332.3,333.55,,,,,,
20/05/2013,335.7,336,337.25,,,,,,
21/05/2013,333.9,334.35,335.7,,,,,,
22/05/2013,337.75,338.05,339.4,,,,,,
23/05/2013,329.95,330.4,331.85,,,,,,
24/05/2013,329.15,329.55,331.05,,,,,,
28/05/2013,331.15,331.5,333,,,,,,
29/05/2013,329.1,329.7,331.2,,,,,,
30/05/2013,331.55,333,334.65,,,,,,
31/05/2013,329.25,330.75,332.45,,,,,,
3/06/2013,333.05,334.55,336.3,,,,,,
4/06/2013,336.9,338.4,340.15,,,,,,
5/06/2013,337.15,338.65,340.45,,,,,,
6/06/2013,331.9,333.35,335.15,,,,,,
7/06/2013,326.85,328.35,330.2,,,,,,
10/06/2013,324.1,325.6,327.5,,,,,,
11/06/2013,319.5,321,322.95,,,,,,
12/06/2013,322.55,324,325.95,,,,,,
13/06/2013,318.5,319.9,321.8,,,,,,
14/06/2013,320.15,321.5,323.35,,,,,,
17/06/2013,319.75,321,322.85,,,,,,
18/06/2013,315.5,316.75,318.65,,,,,,
19/06/2013,314.1,315.15,316.95,,,,,,
20/06/2013,306.2,307.15,308.85,,,,,,
21/06/2013,309.55,310,311.45,,,,,,
24/06/2013,302.45,302.85,304.35,,,,,,
25/06/2013,307.25,307.6,309.15,,,,,,
26/06/2013,304.1,304.05,305.5,,,,,,
27/06/2013,305.25,305.95,307.35,,,,,,
28/06/2013,305.05,305.75,307.1,,,,,,
1/07/2013,315.5,315.7,316.8,,,,,,
2/07/2013,314.2,314.3,315.15,,,,,,
3/07/2013,317.4,317.45,318.4,,,,,,
5/07/2013,308,306.5,307.45,,,,,,
8/07/2013,311.15,309.95,311,,,,,,
9/07/2013,307.6,306.45,307.4,,,,,,
10/07/2013,310.1,309.1,310.05,,,,,,
11/07/2013,318.35,317.75,318.65,,,,,,
12/07/2013,317.05,315.5,316.55,,,,,,
15/07/2013,316.1,314.45,315.5,,,,,,
16/07/2013,319.95,318.65,319.8,,,,,,
17/07/2013,314.05,312.85,314.05,,,,,,
18/07/2013,314.25,313.15,314.35,,,,,,
19/07/2013,315,314,315.15,,,,,,
22/07/2013,318.95,318.5,319.6,,,,,,
23/07/2013,319.8,319.8,320.95,,,,,,
24/07/2013,318.15,317.9,319.05,,,,,,
25/07/2013,318.85,318.55,319.8,,,,,,
26/07/2013,310.9,310.55,311.95,,,,,,
29/07/2013,311.65,310.75,312.35,,,,,,
30/07/2013,304.2,305.85,307.15,,,,,,
31/07/2013,311.85,313.45,314.75,,,,,,
1/08/2013,316.6,318.15,319.4,,,,,,
2/08/2013,317.25,318.8,320.05,,,,,,
5/08/2013,316.8,318.3,319.55,,,,,,
6/08/2013,317.3,318.55,319.75,,,,,,
7/08/2013,317.3,318.35,319.5,,,,,,
8/08/2013,327.05,327.8,328.8,,,,,,
9/08/2013,330.65,331.35,332.3,,,,,,
12/08/2013,330.3,330.95,331.8,,,,,,
13/08/2013,331.7,332.25,333.1,,,,,,
14/08/2013,334,334.25,334.95,,,,,,
15/08/2013,333.75,334.05,334.75,,,,,,
16/08/2013,336.3,336.7,337.5,,,,,,
19/08/2013,333.2,333.6,334.5,,,,,,
20/08/2013,333.8,334.2,335.1,,,,,,
21/08/2013,330.65,331.25,332.3,,,,,,
22/08/2013,333,333.45,334.5,,,,,,
23/08/2013,334.85,335.6,336.6,,,,,,
26/08/2013,331.95,332.7,333.75,,,,,,
27/08/2013,332.85,333.55,334.6,,,,,,
28/08/2013,330.15,331.1,332.2,,,,,,
29/08/2013,324.4,326.05,327.25,,,,,,
30/08/2013,322.5,323.3,324.55,,,,,,
3/09/2013,329.65,330.45,331.55,,,,,,
4/09/2013,323.65,324.1,325.25,,,,,,
5/09/2013,324.1,324.4,325.65,,,,,,
6/09/2013,325.8,326.15,327.45,,,,,,
9/09/2013,327.55,327.8,329.1,,,,,,
10/09/2013,326.15,326.25,327.55,,,,,,
11/09/2013,325.65,325.7,326.95,,,,,,
12/09/2013,321.25,321,322.2,,,,,,
13/09/2013,320.7,320.35,321.5,,,,,,
16/09/2013,322.7,322.2,323.15,,,,,,
17/09/2013,322.8,322.3,323.1,,,,,,
18/09/2013,328.35,327.85,328.6,,,,,,
19/09/2013,335,334.7,335.45,,,,,,
20/09/2013,332.75,332.05,332.85,,,,,,
23/09/2013,330.8,329.85,330.85,,,,,,
24/09/2013,326.55,325.65,326.7,,,,,,
25/09/2013,328.05,327.2,328.3,,,,,,
26/09/2013,330.4,330.7,331.75,,,,,,
27/09/2013,332.95,333.9,334.65,,,,,,
30/09/2013,332.3,333.3,334,,,,,,
1/10/2013,327.4,328.55,329.3,,,,,,
2/10/2013,331.6,332.75,333.55,,,,,,
3/10/2013,326.85,328.05,329,,,,,,
4/10/2013,330.1,331.3,332.25,,,,,,
7/10/2013,329.65,330.8,331.75,,,,,,
8/10/2013,329.25,330.5,331.45,,,,,,
9/10/2013,323.1,324.4,325.35,,,,,,
10/10/2013,324.85,326,326.8,,,,,,
11/10/2013,326.9,328.05,328.7,,,,,,
14/10/2013,330.3,331.3,331.85,,,,,,
15/10/2013,330.75,331.8,332.4,,,,,,
16/10/2013,330.8,331.8,332.3,,,,,,
17/10/2013,329.7,330.6,331.05,,,,,,
18/10/2013,329.9,330.7,331.1,,,,,,
21/10/2013,330.35,331.2,331.65,,,,,,
22/10/2013,333.55,334.25,334.7,,,,,,
23/10/2013,326.75,327.45,327.9,,,,,,
24/10/2013,326.35,327.2,327.65,,,,,,
25/10/2013,326.9,327.55,327.85,,,,,,
28/10/2013,326.9,327.65,327.95,,,,,,
29/10/2013,327.8,328.45,328.7,,,,,,
30/10/2013,332.55,333.15,333.35,,,,,,
31/10/2013,330.05,330.9,331.2,,,,,,
1/11/2013,329.85,330.7,331.1,,,,,,
4/11/2013,325.3,326.25,326.75,,,,,,
5/11/2013,325.85,326.75,327.2,,,,,,
6/11/2013,323.7,324.6,325.05,,,,,,
7/11/2013,324.85,325.65,326.15,,,,,,
8/11/2013,325.4,326.2,326.7,,,,,,
11/11/2013,325.95,326.8,327.35,,,,,,
12/11/2013,323.4,324.3,325,,,,,,
13/11/2013,315.95,317.05,317.85,,,,,,
14/11/2013,316.05,317.2,317.95,,,,,,
15/11/2013,317.1,318.2,318.85,,,,,,
18/11/2013,314.95,316.05,316.6,,,,,,
19/11/2013,315.75,316.6,317.15,,,,,,
20/11/2013,315.95,316.85,317.45,,,,,,
21/11/2013,319.15,319.9,320.4,,,,,,
22/11/2013,321.4,321.85,322.25,,,,,,
25/11/2013,322.5,323,323.4,,,,,,
26/11/2013,321.4,321.9,322.3,,,,,,
27/11/2013,320.05,319.05,319.3,,,,,,
29/11/2013,323.05,320.5,320.6,,,,,,
2/12/2013,321.75,318.25,318.3,,,,,,
3/12/2013,320.1,316.75,316.85,,,,,,
4/12/2013,327.15,324.9,324.7,,,,,,
5/12/2013,326.15,322.95,322.85,,,,,,
6/12/2013,326.95,324.85,324.7,,,,,,
9/12/2013,329.55,325.8,325.65,,,,,,
10/12/2013,330.15,326.65,326.35,,,,,,
11/12/2013,333.15,329.5,329.05,,,,,,
12/12/2013,333.2,329.55,328.95,,,,,,
13/12/2013,335.2,331.2,330.5,,,,,,
16/12/2013,337.6,332.95,332.05,,,,,,
17/12/2013,336.7,332.15,331.3,,,,,,
18/12/2013,336.1,331.9,331.4,,,,,,
19/12/2013,334.05,329.55,329,,,,,,
20/12/2013,334.8,330.8,330.15,,,,,,
23/12/2013,335.05,330.75,330.15,,,,,,
24/12/2013,341.75,337.4,336.6,,,,,,
26/12/2013,344.95,339.85,338.95,,,,,,
27/12/2013,347,338.5,337.5,,,,,,
30/12/2013,338.25,337.15,336.05,,,,,,
31/12/2013,339.65,338.5,337.35,,,,,,
2/01/2014,338.15,337.4,336.55,,,,,,
3/01/2014,335.5,334.85,334,,,,,,
6/01/2014,335.95,335.2,334.35,,,,,,
7/01/2014,335.95,335.3,334.55,,,,,,
8/01/2014,334.25,333.65,333.1,,,,,,
9/01/2014,329.9,329.35,328.85,,,,,,
10/01/2014,334.15,333.45,332.95,,,,,,
13/01/2014,334.65,334.05,333.6,,,,,,
14/01/2014,333.6,333.05,332.65,,,,,,
15/01/2014,335.8,335.4,335.05,,,,,,
16/01/2014,334.25,333.9,333.5,,,,,,
17/01/2014,334.45,334.15,333.75,,,,,,
21/01/2014,335.1,334.8,334.45,,,,,,
22/01/2014,333.7,333.45,333.15,,,,,,
23/01/2014,328.55,328.45,328.25,,,,,,
24/01/2014,327.15,327.2,327.1,,,,,,
27/01/2014,325.9,326,325.9,,,,,,
28/01/2014,325.3,325.45,325.3,,,,,,
29/01/2014,324.05,324.25,324.15,,,,,,
30/01/2014,322.65,322.75,322.55,,,,,,
31/01/2014,319.7,319.75,319.5,,,,,,
3/02/2014,318.35,318.55,318.5,,,,,,
4/02/2014,319.2,319.1,318.8,,,,,,
5/02/2014,318.85,318.7,318.3,,,,,,
6/02/2014,322.9,322.5,322.1,,,,,,
7/02/2014,323.6,323.5,323.35,,,,,,
10/02/2014,322.45,322.4,322.35,,,,,,
11/02/2014,321.5,321.25,321.1,,,,,,
12/02/2014,325.6,325.05,324.65,,,,,,
13/02/2014,325,324.55,324.15,,,,,,
14/02/2014,326.45,325.95,325.55,,,,,,
18/02/2014,328.55,327.7,327.1,,,,,,
19/02/2014,328.55,327.15,326.55,,,,,,
20/02/2014,327.9,326.1,325.3,,,,,,
21/02/2014,329.1,326,324.95,,,,,,
24/02/2014,327,324,323.1,,,,,,
25/02/2014,325.85,322.7,321.95,,,,,,
26/02/2014,324.45,321.55,320.85,,,,,,
27/02/2014,323.65,320.1,319.4,,,,,,
28/02/2014,323.85,318.75,318.05,,,,,,
3/03/2014,322.05,317.2,316.7,,,,,,
4/03/2014,326.15,321.45,321,,,,,,
5/03/2014,325.3,320.25,320.05,,,,,,
6/03/2014,327.55,321.8,321.5,,,,,,
7/03/2014,315.65,308.25,307.9,,,,,,
10/03/2014,311.05,303.15,303,,,,,,
11/03/2014,303.1,295.2,295,,,,,,
12/03/2014,302.6,296.2,295.8,,,,,,
13/03/2014,299.05,292.3,291.8,,,,,,
14/03/2014,301.3,295.05,294.4,,,,,,
17/03/2014,300.2,295.2,294.7,,,,,,
18/03/2014,299.45,295.15,294.7,,,,,,
19/03/2014,302.8,298.7,298.2,,,,,,
20/03/2014,297.6,292.85,292.55,,,,,,
21/03/2014,299.4,295.05,294.8,,,,,,
24/03/2014,298.95,294.55,294.3,,,,,,
25/03/2014,304.55,300.55,300.15,,,,,,
26/03/2014,301.05,296.55,296.3,,,,,,
27/03/2014,303.65,299.3,298.95,,,,,,
28/03/2014,304.15,303.75,304.1,,,,,,
31/03/2014,302.55,302.2,302.65,,,,,,
1/04/2014,303.45,303.1,303.45,,,,,,
2/04/2014,304.55,304.2,304.6,,,,,,
3/04/2014,302.7,302.35,302.8,,,,,,
4/04/2014,302.25,301.85,302.35,,,,,,
7/04/2014,303.95,303.25,303.65,,,,,,
8/04/2014,305.1,303.5,303.75,,,,,,
9/04/2014,303.7,302.1,302.15,,,,,,
10/04/2014,304.5,303.4,303.4,,,,,,
11/04/2014,304.15,303.2,303.4,,,,,,
14/04/2014,304.75,303.65,303.65,,,,,,
15/04/2014,298.75,298.3,298.3,,,,,,
16/04/2014,302.55,301.55,301.4,,,,,,
17/04/2014,304.5,303.4,303,,,,,,
21/04/2014,304.3,302.85,302.45,,,,,,
22/04/2014,305.35,303.4,303.05,,,,,,
23/04/2014,305.9,303.95,303.65,,,,,,
24/04/2014,312.05,308.8,308.1,,,,,,
25/04/2014,312.45,309.3,308.6,,,,,,
28/04/2014,311,309.3,308.65,,,,,,
29/04/2014,307.25,307.3,306.85,,,,,,
30/04/2014,302.95,302.75,302.35,,,,,,
1/05/2014,302.9,302.15,301.55,,,,,,
2/05/2014,308.15,307,306.35,,,,,,
5/05/2014,307.1,305.35,304.6,,,,,,
6/05/2014,307.5,305.7,304.9,,,,,,
7/05/2014,305.05,303.25,302.6,,,,,,
8/05/2014,308.25,306.25,305.35,,,,,,
9/05/2014,310.05,308.3,307.15,,,,,,
12/05/2014,316.65,314.95,313.8,,,,,,
13/05/2014,314.95,313.55,312.35,,,,,,
14/05/2014,317.4,316,314.55,,,,,,
15/05/2014,316.2,314.45,312.85,,,,,,
16/05/2014,316.1,314.7,313.3,,,,,,
19/05/2014,317.95,316.7,315.45,,,,,,
20/05/2014,315.6,314.5,313.55,,,,,,
21/05/2014,313.05,312.3,311.3,,,,,,
22/05/2014,315.2,314.2,313,,,,,,
23/05/2014,318,316.75,315.5,,,,,,
27/05/2014,319.35,317.75,316.5,,,,,,
28/05/2014,318.85,317.35,316.3,,,,,,
29/05/2014,314.45,313.6,312.75,,,,,,
30/05/2014,312.35,311.55,310.75,,,,,,
2/06/2014,317.05,316.2,315.55,,,,,,
3/06/2014,313.7,313.05,312.6,,,,,,
4/06/2014,309.3,309,308.85,,,,,,
5/06/2014,309.05,308.85,308.8,,,,,,
6/06/2014,305.1,305,305,,,,,,
9/06/2014,304.35,303.85,303.65,,,,,,
10/06/2014,305.3,304.75,304.4,,,,,,
11/06/2014,304.05,303.55,303.35,,,,,,
12/06/2014,301.55,301.55,301.7,,,,,,
13/06/2014,302.95,302.75,302.8,,,,,,
16/06/2014,305,304.4,304.25,,,,,,
17/06/2014,306.1,305.8,305.8,,,,,,
18/06/2014,306,306.1,306.35,,,,,,
19/06/2014,307.85,307.55,307.5,,,,,,
20/06/2014,312.15,311.3,311.05,,,,,,
23/06/2014,314.95,314.2,313.85,,,,,,
24/06/2014,315.1,314.5,314.1,,,,,,
25/06/2014,316.7,316.6,316.3,,,,,,
26/06/2014,316.55,317.2,317,,,,,,
27/06/2014,314.9,316.8,316.6,,,,,,
30/06/2014,318.8,320.35,320.1,,,,,,
1/07/2014,319.1,320.4,320.15,,,,,,
2/07/2014,325.25,326.5,326.25,,,,,,
3/07/2014,326.5,327.95,327.85,,,,,,
7/07/2014,324.85,326.1,326.1,,,,,,
8/07/2014,324.3,325.7,325.7,,,,,,
9/07/2014,323.65,324.8,324.75,,,,,,
10/07/2014,325.6,326.7,326.65,,,,,,
11/07/2014,325.85,326.9,326.9,,,,,,
14/07/2014,323.85,324.9,325.2,,,,,,
15/07/2014,323.85,324.95,325.55,,,,,,
16/07/2014,320.5,321.45,322.25,,,,,,
17/07/2014,320.9,322.05,322.7,,,,,,
18/07/2014,317.4,318.45,319.25,,,,,,
21/07/2014,318.65,319.9,320.8,,,,,,
22/07/2014,319.55,320.8,321.65,,,,,,
23/07/2014,319.5,320.7,321.65,,,,,,
24/07/2014,325.4,326.65,327.45,,,,,,
25/07/2014,322.7,324.05,324.9,,,,,,
28/07/2014,323.1,324.35,325.35,,,,,,
29/07/2014,320.95,321.9,322.9,,,,,,
30/07/2014,324.15,324.95,324.9,,,,,,
31/07/2014,323.1,324,324.05,,,,,,
1/08/2014,321.45,322.45,322.6,,,,,,
4/08/2014,324.4,325.45,325.8,,,,,,
5/08/2014,320.45,321.4,321.8,,,,,,
6/08/2014,316.6,317.5,317.85,,,,,,
7/08/2014,317.6,318.65,319,,,,,,
8/08/2014,317.35,318.7,319.1,,,,,,
11/08/2014,317.45,318.95,319.4,,,,,,
12/08/2014,315.45,317.15,317.6,,,,,,
13/08/2014,311.2,313.25,313.75,,,,,,
14/08/2014,309.1,311.25,311.85,,,,,,
15/08/2014,310.3,312.45,313.15,,,,,,
18/08/2014,310.9,313.35,314,,,,,,
19/08/2014,308.85,311.9,312.65,,,,,,
20/08/2014,317.7,319.75,320.75,,,,,,
21/08/2014,317.6,319.5,320.4,,,,,,
22/08/2014,320.45,322.3,323.15,,,,,,
25/08/2014,321.8,323.7,324.6,,,,,,
26/08/2014,318.6,321.25,322.2,,,,,,
27/08/2014,317.8,319.85,320.8,,,,,,
28/08/2014,312.65,315.05,315.95,,,,,,
29/08/2014,313.5,316.05,316.95,,,,,,
2/09/2014,313.45,315.5,316.4,,,,,,
3/09/2014,311.15,312.7,313.45,,,,,,
4/09/2014,313.85,315.1,315.9,,,,,,
5/09/2014,315.8,316.95,317.75,,,,,,
8/09/2014,315.75,316.85,317.65,,,,,,
9/09/2014,309.45,310.2,311.3,,,,,,
10/09/2014,310.45,311.05,312.15,,,,,,
11/09/2014,308.7,309.25,310.35,,,,,,
12/09/2014,310.2,310.65,311.65,,,,,,
15/09/2014,308.1,308.55,309.45,,,,,,
16/09/2014,316,316.6,317.25,,,,,,
17/09/2014,314.15,314.35,315.05,,,,,,
18/09/2014,309.25,309.4,310.2,,,,,,
19/09/2014,308.85,309.15,310,,,,,,
22/09/2014,303.8,303.85,304.85,,,,,,
23/09/2014,303.45,303.5,304.35,,,,,,
24/09/2014,305.95,305.35,306.05,,,,,,
25/09/2014,306,303,303.45,,,,,,
26/09/2014,302.9,303.55,304.1,,,,,,
29/09/2014,305.65,306.15,306.6,,,,,,
30/09/2014,300.75,301.25,301.6,,,,,,
1/10/2014,303.6,304.05,304.4,,,,,,
2/10/2014,299.85,300.3,300.6,,,,,,
3/10/2014,299.85,300.2,300.55,,,,,,
6/10/2014,303.55,303.9,304.25,,,,,,
7/10/2014,303.9,304.25,304.35,,,,,,
8/10/2014,300.35,300.45,300.25,,,,,,
9/10/2014,303,302.85,302.55,,,,,,
10/10/2014,303.5,303.25,302.9,,,,,,
13/10/2014,304.05,303.65,303.15,,,,,,
14/10/2014,309,308.55,308.1,,,,,,
15/10/2014,300.9,300.7,300.5,,,,,,
16/10/2014,298.15,297.75,297.6,,,,,,
17/10/2014,300.35,299.9,299.75,,,,,,
20/10/2014,298.8,298.3,298.1,,,,,,
21/10/2014,302.8,302.3,302.15,,,,,,
22/10/2014,301.75,301.3,301.15,,,,,,
23/10/2014,304,303.35,303.15,,,,,,
24/10/2014,304.1,303.25,302.85,,,,,,
27/10/2014,306.4,305.65,305.25,,,,,,
28/10/2014,309.3,308.45,307.9,,,,,,
29/10/2014,310.45,309.7,309.2,,,,,,
30/10/2014,306.25,305.65,305.35,,,,,,
31/10/2014,304.7,303.9,303.6,,,,,,
3/11/2014,306.5,306.1,305.95,,,,,,
4/11/2014,301.85,301.5,301.4,,,,,,
5/11/2014,300.75,300.4,300.3,,,,,,
6/11/2014,301.75,301.15,300.95,,,,,,
7/11/2014,303.85,303.25,302.95,,,,,,
10/11/2014,302,301.55,301.35,,,,,,
11/11/2014,303.3,303,302.75,,,,,,
12/11/2014,302.5,301.8,301.4,,,,,,
13/11/2014,299.45,298.9,298.45,,,,,,
14/11/2014,304.65,303.85,303.2,,,,,,
17/11/2014,303.95,303.15,302.55,,,,,,
18/11/2014,300.2,299.2,298.65,,,,,,
19/11/2014,304.5,303.25,302.8,,,,,,
20/11/2014,301.95,301.15,300.85,,,,,,
21/11/2014,303.15,302.9,302.7,,,,,,
24/11/2014,300,300.6,300.65,,,,,,
25/11/2014,295.7,297.75,298.2,,,,,,
26/11/2014,296,295.65,295.85,,,,,,
28/11/2014,286,284.6,284.8,,,,,,
1/12/2014,293.05,289.8,289.55,,,,,,
2/12/2014,291.35,289.15,289.05,,,,,,
3/12/2014,289.3,287.2,287.3,,,,,,
4/12/2014,293.25,291.45,291.55,,,,,,
5/12/2014,292.55,290.25,290.4,,,,,,
8/12/2014,291.05,288.55,288.6,,,,,,
9/12/2014,294.65,292.75,292.65,,,,,,
10/12/2014,291.4,289.3,289.2,,,,,,
11/12/2014,294.1,292.1,292.05,,,,,,
12/12/2014,294.65,293.4,293.4,,,,,,
15/12/2014,289.8,287.85,287.9,,,,,,
16/12/2014,287.75,285.85,286.1,,,,,,
17/12/2014,288.75,287.05,287.25,,,,,,
18/12/2014,287.25,285.35,285.6,,,,,,
19/12/2014,290.8,288.45,288.5,,,,,,
22/12/2014,290.35,287.25,287.3,,,,,,
23/12/2014,290.2,286.6,286.6,,,,,,
24/12/2014,287.45,285.35,285.25,,,,,,
26/12/2014,283.55,281.4,281.4,,,,,,
29/12/2014,283.8,282.2,281.95,,,,,,
30/12/2014,285.4,285.05,285.25,,,,,,
31/12/2014,282.55,282.35,282.55,,,,,,
2/01/2015,281.75,281.65,281.85,,,,,,
5/01/2015,276.6,276.45,276.6,,,,,,
6/01/2015,276.7,276.4,276.4,,,,,,
7/01/2015,275.85,275.35,275.35,,,,,,
8/01/2015,276.95,276.35,276.15,,,,,,
9/01/2015,275.45,274.95,274.6,,,,,,
12/01/2015,272.55,272,271.6,,,,,,
13/01/2015,264.4,263.75,263.3,,,,,,
14/01/2015,250.55,250.05,249.75,,,,,,
15/01/2015,255.8,255.7,255.9,,,,,,
16/01/2015,261.7,261.6,261.6,,,,,,
20/01/2015,259.4,259.3,259.3,,,,,,
21/01/2015,261.25,261.05,261,,,,,,
22/01/2015,257.85,257.8,257.95,,,,,,
23/01/2015,250.15,250.15,250.4,,,,,,
26/01/2015,254.3,254.4,254.65,,,,,,
27/01/2015,246.25,246.45,246.75,,,,,,
28/01/2015,247.95,248.15,248.4,,,,,,
29/01/2015,245.15,245.15,245.3,,,,,,
30/01/2015,249.45,249.05,248.85,,,,,,
2/02/2015,249,248.8,248.75,,,,,,
3/02/2015,258.15,257.8,257.7,,,,,,
4/02/2015,259.1,258.65,258.55,,,,,,
5/02/2015,259.5,259.1,259.2,,,,,,
6/02/2015,258.55,258.35,258.45,,,,,,
9/02/2015,258.05,258.2,258.35,,,,,,
10/02/2015,255.15,255.5,255.7,,,,,,
11/02/2015,254.1,253.9,253.85,,,,,,
12/02/2015,260.2,260,259.9,,,,,,
13/02/2015,260.5,260.65,260.7,,,,,,
17/02/2015,258.15,258.05,258.15,,,,,,
18/02/2015,261.45,261,260.95,,,,,,
19/02/2015,262,261.55,261.55,,,,,,
20/02/2015,259.45,259.1,259.25,,,,,,
23/02/2015,259.25,258.65,258.7,,,,,,
24/02/2015,264.8,263.95,263.85,,,,,,
25/02/2015,266.35,264.35,264.1,,,,,,
26/02/2015,271.4,269.45,269.15,,,,,,
27/02/2015,271.6,269.15,268.75,,,,,,
2/03/2015,271.1,269.75,269.75,,,,,,
3/03/2015,267.35,265.65,265.7,,,,,,
4/03/2015,267.7,265.95,265.9,,,,,,
5/03/2015,267.2,265.25,265.15,,,,,,
6/03/2015,262.9,260.9,260.9,,,,,,
9/03/2015,268.7,267.05,267,,,,,,
10/03/2015,263.5,262.4,262.4,,,,,,
11/03/2015,262.25,260.6,260.6,,,,,,
12/03/2015,267.45,265.85,265.85,,,,,,
13/03/2015,267.85,266.35,266.3,,,,,,
16/03/2015,267.75,266.75,266.85,,,,,,
17/03/2015,264.15,263.3,263.35,,,,,,
18/03/2015,258.7,257.05,257.1,,,,,,
19/03/2015,267.45,266,265.95,,,,,,
20/03/2015,277.5,276.1,275.9,,,,,,
23/03/2015,280.8,278.95,278.8,,,,,,
24/03/2015,281.5,280.3,280.15,,,,,,
25/03/2015,280.5,279.2,279.15,,,,,,
26/03/2015,282.15,281.1,281.15,,,,,,
27/03/2015,277.5,276.75,276.9,,,,,,
30/03/2015,278.15,278.35,278.35,,,,,,
31/03/2015,274,274.25,274.25,,,,,,
1/04/2015,274.85,275.1,275.15,,,,,,
2/04/2015,273.4,273.6,273.65,,,,,,
6/04/2015,271.7,271.9,272,,,,,,
7/04/2015,276.3,276.55,276.65,,,,,,
8/04/2015,273.15,273.45,273.65,,,,,,
9/04/2015,272.9,273.2,273.45,,,,,,
10/04/2015,273.4,273.65,273.9,,,,,,
13/04/2015,271.9,272,272.05,,,,,,
14/04/2015,270,270.05,270.3,,,,,,
15/04/2015,271.25,270.95,271.15,,,,,,
16/04/2015,277.4,276.75,276.9,,,,,,
17/04/2015,277.4,277,277.2,,,,,,
20/04/2015,273.25,273,273.3,,,,,,
21/04/2015,270.2,270.55,271.05,,,,,,
22/04/2015,266.55,267.7,268.4,,,,,,
23/04/2015,269.4,270.2,270.9,,,,,,
24/04/2015,274.8,275.3,275.75,,,,,,
27/04/2015,277,277.7,278.15,,,,,,
28/04/2015,278,278.65,279,,,,,,
29/04/2015,279.5,279.9,280,,,,,,
30/04/2015,288.65,288.65,288.6,,,,,,
1/05/2015,293.15,292.95,292.85,,,,,,
4/05/2015,292.4,292.05,292.05,,,,,,
5/05/2015,294,293.5,293.6,,,,,,
6/05/2015,293.25,292.6,292.75,,,,,,
7/05/2015,292.6,291.8,291.8,,,,,,
8/05/2015,293.1,292.05,292,,,,,,
11/05/2015,291.75,290.3,290.35,,,,,,
12/05/2015,295.05,293.15,293.1,,,,,,
13/05/2015,295,292.9,292.9,,,,,,
14/05/2015,294.6,292.35,292.45,,,,,,
15/05/2015,294.9,292.45,292.5,,,,,,
18/05/2015,293,290.65,290.95,,,,,,
19/05/2015,286.15,283.75,284.25,,,,,,
20/05/2015,285.15,282.9,283.4,,,,,,
21/05/2015,287.1,284.85,285.3,,,,,,
22/05/2015,283.35,281.1,281.7,,,,,,
26/05/2015,285.35,277.8,278.5,,,,,,
27/05/2015,281.6,276.85,277.6,,,,,,
28/05/2015,276.75,277.4,278,,,,,,
29/05/2015,272.8,273.55,274.25,,,,,,
1/06/2015,272,272.6,273.2,,,,,,
2/06/2015,273.6,274.05,274.7,,,,,,
3/06/2015,272.65,273.1,273.75,,,,,,
4/06/2015,268.7,269.3,270.05,,,,,,
5/06/2015,269.25,269.85,270.6,,,,,,
8/06/2015,269.65,270.1,270.75,,,,,,
9/06/2015,271.4,271.65,272.15,,,,,,
10/06/2015,274.7,275.1,275.6,,,,,,
11/06/2015,266.9,267.5,268.15,,,,,,
12/06/2015,267.8,268.3,268.9,,,,,,
15/06/2015,264.7,265,265.7,,,,,,
16/06/2015,261.55,262.05,262.8,,,,,,
17/06/2015,260.4,260.85,261.55,,,,,,
18/06/2015,260.6,261.15,261.85,,,,,,
19/06/2015,256.9,257.5,258.2,,,,,,
22/06/2015,256.7,257.1,257.8,,,,,,
23/06/2015,261.3,261.5,262.2,,,,,,
24/06/2015,262.45,262.4,263.05,,,,,,
25/06/2015,262.3,261.95,262.55,,,,,,
26/06/2015,264.45,263.55,264.25,,,,,,
29/06/2015,263.85,263.35,264.05,,,,,,
30/06/2015,262.35,261.5,262.25,,,,,,
1/07/2015,263.55,263.05,263.7,,,,,,
2/07/2015,263.45,263.1,263.75,,,,,,
6/07/2015,254.3,253.8,254.6,,,,,,
7/07/2015,245.1,244.65,245.4,,,,,,
8/07/2015,250.4,249.7,250.45,,,,,,
9/07/2015,255.8,255.15,255.85,,,,,,
10/07/2015,254.55,253.75,254.4,,,,,,
13/07/2015,255.55,254.45,255,,,,,,
14/07/2015,254.45,253.5,254.2,,,,,,
15/07/2015,253.05,252.15,252.9,,,,,,
16/07/2015,253.15,252.3,253.2,,,,,,
17/07/2015,250.45,249.6,250.5,,,,,,
20/07/2015,248.4,248.15,248.95,,,,,,
21/07/2015,247.75,247.45,248.35,,,,,,
22/07/2015,243.15,242.8,243.75,,,,,,
23/07/2015,238.55,238.55,239.7,,,,,,
24/07/2015,238.15,238.25,239.4,,,,,,
27/07/2015,235.05,235.35,236.55,,,,,,
28/07/2015,240.3,240.25,241.3,,,,,,
29/07/2015,240.8,240.75,241.9,,,,,,
30/07/2015,237.7,238.9,240,,,,,,
31/07/2015,236.35,237.65,238.8,,,,,,
3/08/2015,234.6,235.9,237.1,,,,,,
4/08/2015,236.2,237.45,238.5,,,,,,
5/08/2015,234.85,235.85,236.75,,,,,,
6/08/2015,234.1,234.9,235.75,,,,,,
7/08/2015,233.25,234.2,235.15,,,,,,
10/08/2015,240,240.8,241.7,,,,,,
11/08/2015,233.15,233.95,234.75,,,,,,
12/08/2015,235,235.6,236.25,,,,,,
13/08/2015,235.3,235.65,236.1,,,,,,
14/08/2015,235.15,235.3,235.75,,,,,,
17/08/2015,232.1,232.15,232.55,,,,,,
18/08/2015,228.7,228.6,229,,,,,,
19/08/2015,227.6,227.75,228.3,,,,,,
20/08/2015,231.95,231.75,232.3,,,,,,
21/08/2015,230.35,229.85,230.3,,,,,,
24/08/2015,225.9,224.8,225.2,,,,,,
25/08/2015,231.35,230.05,230.25,,,,,,
26/08/2015,224.8,223.5,223.8,,,,,,
27/08/2015,233.4,232.85,233.1,,,,,,
28/08/2015,234.65,234.6,235.05,,,,,,
31/08/2015,233.8,233.75,234.15,,,,,,
1/09/2015,230.25,230.15,230.6,,,,,,
2/09/2015,233.3,232.95,233.35,,,,,,
3/09/2015,239,238.45,238.75,,,,,,
4/09/2015,231.95,231.2,231.6,,,,,,
8/09/2015,243.85,243.4,243.55,,,,,,
9/09/2015,244.25,243.65,243.9,,,,,,
10/09/2015,245.45,244.7,245,,,,,,
11/09/2015,246.2,245.35,245.55,,,,,,
14/09/2015,241.4,240.55,240.85,,,,,,
15/09/2015,243.6,242.65,242.95,,,,,,
16/09/2015,246.15,245.2,245.45,,,,,,
17/09/2015,246.15,245.2,245.45,,,,,,
18/09/2015,239.7,238.6,239.05,,,,,,
21/09/2015,239.85,238.85,239.35,,,,,,
22/09/2015,230.7,229.75,230.35,,,,,,
23/09/2015,230.55,229.55,230.05,,,,,,
24/09/2015,231.2,230.25,230.85,,,,,,
25/09/2015,229.15,228.35,228.85,,,,,,
28/09/2015,225.6,225.15,225.75,,,,,,
29/09/2015,225.15,225.7,226,,,,,,
30/09/2015,234.1,234.5,234.65,,,,,,
1/10/2015,230.45,230.95,231.2,,,,,,
2/10/2015,232.55,233.05,233.3,,,,,,
5/10/2015,235.55,235.95,236.2,,,,,,
6/10/2015,235.5,235.9,236.15,,,,,,
7/10/2015,236.7,237,237.1,,,,,,
8/10/2015,234.3,234.6,234.7,,,,,,
9/10/2015,241.4,241.5,241.5,,,,,,
12/10/2015,241.55,241.85,241.95,,,,,,
13/10/2015,238.75,239.05,239.05,,,,,,
14/10/2015,241.55,241.75,241.55,,,,,,
15/10/2015,242.3,242.6,242.5,,,,,,
16/10/2015,240.35,240.75,240.75,,,,,,
19/10/2015,236.75,237.35,237.5,,,,,,
20/10/2015,236.55,237.15,237.3,,,,,,
21/10/2015,236.05,236.65,236.75,,,,,,
22/10/2015,238.35,238.8,238.8,,,,,,
23/10/2015,235,235.55,235.7,,,,,,
26/10/2015,235.7,236.2,236.2,,,,,,
27/10/2015,236.2,236.9,237,,,,,,
28/10/2015,236.25,237.05,237.2,,,,,,
29/10/2015,232.1,233,233.25,,,,,,
30/10/2015,231.75,232.65,232.9,,,,,,
2/11/2015,231.9,232.75,233.1,,,,,,
3/11/2015,233.05,233.85,234.15,,,,,,
4/11/2015,232.25,233,233.35,,,,,,
5/11/2015,225.5,226.65,227.15,,,,,,
6/11/2015,224.2,225.45,226.15,,,,,,
9/11/2015,223,224.2,224.85,,,,,,
10/11/2015,221.75,222.55,223.15,,,,,,
11/11/2015,221.8,222.6,223.25,,,,,,
12/11/2015,217.25,218.15,218.9,,,,,,
13/11/2015,216.8,217.6,218.2,,,,,,
16/11/2015,211.55,212.55,213.25,,,,,,
17/11/2015,210.4,211.15,211.7,,,,,,
18/11/2015,207.8,208.3,208.8,,,,,,
19/11/2015,207.65,208.3,208.95,,,,,,
20/11/2015,205.5,205.95,206.45,,,,,,
23/11/2015,202.1,202.15,202.7,,,,,,
24/11/2015,205.45,206.9,207.55,,,,,,
25/11/2015,204.6,204.9,205.5,,,,,,
27/11/2015,205.05,205.75,206.45,,,,,,
30/11/2015,204.45,204.85,205.5,,,,,,
1/12/2015,206.65,207.15,207.85,,,,,,
2/12/2015,202.9,203.3,203.95,,,,,,
3/12/2015,205.6,206.1,206.75,,,,,,
4/12/2015,207.4,207.9,208.55,,,,,,
7/12/2015,204.45,205.1,205.7,,,,,,
8/12/2015,204.8,205.4,205.95,,,,,,
9/12/2015,206,206.6,207.05,,,,,,
10/12/2015,206.5,207.25,207.75,,,,,,
11/12/2015,210.8,211.65,212.15,,,,,,
14/12/2015,210.4,211.15,211.75,,,,,,
15/12/2015,205.1,205.65,206.4,,,,,,
16/12/2015,206.1,207.15,207.9,,,,,,
17/12/2015,203.45,204.35,205.05,,,,,,
18/12/2015,210.3,211.25,211.8,,,,,,
21/12/2015,212.9,214,214.6,,,,,,
22/12/2015,209.7,210.9,211.45,,,,,,
23/12/2015,211.15,212.45,212.95,,,,,,
24/12/2015,211.15,212.4,212.85,,,,,,
28/12/2015,206.65,207.9,208.35,,,,,,
29/12/2015,212.5,213.65,214.15,,,,,,
30/12/2015,214.65,215.2,215.7,,,,,,
31/12/2015,213.5,214.15,214.65,,,,,,
4/01/2016,207.95,208.7,209.25,,,,,,
5/01/2016,209.55,210.25,210.9,,,,,,
6/01/2016,208.8,209.4,209.95,,,,,,
7/01/2016,202.2,202.85,203.4,,,,,,
8/01/2016,202.2,202.95,203.65,,,,,,
11/01/2016,197.25,198.1,198.85,,,,,,
12/01/2016,195.9,196.8,197.6,,,,,,
13/01/2016,195.6,196.45,197.2,,,,,,
14/01/2016,197.6,198.3,199,,,,,,
15/01/2016,194.35,195.1,195.9,,,,,,
19/01/2016,197.75,198.5,199.2,,,,,,
20/01/2016,195.95,196.55,197.25,,,,,,
21/01/2016,199.65,200.1,200.7,,,,,,
22/01/2016,200.25,200.7,201.25,,,,,,
25/01/2016,199.8,200.45,201.1,,,,,,
26/01/2016,203.75,204.3,204.85,,,,,,
27/01/2016,206.4,207,207.5,,,,,,
28/01/2016,205.15,205.7,206.2,,,,,,
29/01/2016,206.7,207.15,207.6,,,,,,
1/02/2016,205.55,205.95,206.5,,,,,,
2/02/2016,205.5,206,206.6,,,,,,
3/02/2016,209.5,209.85,210.4,,,,,,
4/02/2016,213.15,213.45,213.85,,,,,,
5/02/2016,210.3,210.6,211,,,,,,
8/02/2016,209.05,209.25,209.5,,,,,,
9/02/2016,203.95,204.3,204.65,,,,,,
10/02/2016,202.7,203,203.35,,,,,,
11/02/2016,200.65,200.95,201.35,,,,,,
12/02/2016,202.9,203.15,203.45,,,,,,
16/02/2016,205.1,205.65,206.1,,,,,,
17/02/2016,207.55,207.9,208.35,,,,,,
18/02/2016,207.35,207.65,208.05,,,,,,
19/02/2016,207.65,208.05,208.45,,,,,,
22/02/2016,211.5,211.9,212.2,,,,,,
23/02/2016,210.55,210.9,211.2,,,,,,
24/02/2016,209.6,210.1,210.4,,,,,,
25/02/2016,206.65,207.3,207.6,,,,,,
26/02/2016,211.8,212.5,212.85,,,,,,
29/02/2016,212.85,213.25,213.7,,,,,,
1/03/2016,214.15,214.55,214.95,,,,,,
2/03/2016,217.75,218.1,218.4,,,,,,
3/03/2016,220.45,220.85,221.05,,,,,,
4/03/2016,227.1,227.45,227.55,,,,,,
7/03/2016,228.05,228.35,228.7,,,,,,
8/03/2016,221.85,222.2,222.7,,,,,,
9/03/2016,223,223.25,223.7,,,,,,
10/03/2016,221.75,222,222.55,,,,,,
11/03/2016,223.85,224.1,224.65,,,,,,
14/03/2016,223.7,223.95,224.55,,,,,,
15/03/2016,223.1,223.35,224,,,,,,
16/03/2016,223.15,223.4,224.1,,,,,,
17/03/2016,228.9,229.25,229.95,,,,,,
18/03/2016,227.95,228.25,228.9,,,,,,
21/03/2016,228.95,229.25,229.95,,,,,,
22/03/2016,228.45,228.95,229.65,,,,,,
23/03/2016,223.05,223.55,224.3,,,,,,
24/03/2016,222.45,222.9,223.6,,,,,,
28/03/2016,224.15,224.6,225.35,,,,,,
29/03/2016,220.85,221.4,222.25,,,,,,
30/03/2016,219,219.9,220.55,,,,,,
31/03/2016,218.3,219.1,219.7,,,,,,
1/04/2016,216.3,217.2,217.85,,,,,,
4/04/2016,214.05,215,215.7,,,,,,
5/04/2016,213.8,214.8,215.5,,,,,,
6/04/2016,214.35,215.45,216.15,,,,,,
7/04/2016,207.65,208.8,209.5,,,,,,
8/04/2016,208.7,209.55,210.15,,,,,,
11/04/2016,209.05,209.75,210.35,,,,,,
12/04/2016,214.7,215.3,215.8,,,,,,
13/04/2016,216.8,217.6,218.2,,,,,,
14/04/2016,217.1,217.95,218.55,,,,,,
15/04/2016,215.3,216.2,216.75,,,,,,
18/04/2016,216.45,217.3,217.85,,,,,,
19/04/2016,222.35,223.15,223.65,,,,,,
20/04/2016,223.8,224.55,225,,,,,,
21/04/2016,225.1,225.6,226.05,,,,,,
22/04/2016,226.45,226.85,227.25,,,,,,
25/04/2016,225.25,225.6,226.15,,,,,,
26/04/2016,224.2,224.65,225.2,,,,,,
27/04/2016,221.65,222.45,223.05,,,,,,
28/04/2016,222.45,223.15,223.75,,,,,,
29/04/2016,227.9,228.35,228.9,,,,,,
2/05/2016,226.15,226.65,227.25,,,,,,
3/05/2016,221.45,221.9,222.55,,,,,,
4/05/2016,218.3,218.65,219.3,,,,,,
5/05/2016,215.1,215.4,216.1,,,,,,
6/05/2016,215.1,215.4,216.05,,,,,,
9/05/2016,210.4,210.65,211.4,,,,,,
10/05/2016,209,209.25,210.05,,,,,,
11/05/2016,210.1,210.35,211.15,,,,,,
12/05/2016,207.3,207.45,208.15,,,,,,
13/05/2016,207.5,207.4,208,,,,,,
16/05/2016,209.1,208.9,209.5,,,,,,
17/05/2016,209.2,208.9,209.55,,,,,,
18/05/2016,208.15,207.85,208.45,,,,,,
19/05/2016,206.3,206.1,206.75,,,,,,
20/05/2016,205.85,205.55,206.2,,,,,,
23/05/2016,205.75,205.5,206.1,,,,,,
24/05/2016,206.95,206.65,207.3,,,,,,
25/05/2016,210.5,210.15,210.85,,,,,,
26/05/2016,210.65,210.25,211,,,,,,
27/05/2016,211.4,212.15,212.85,,,,,,
31/05/2016,209.55,210.25,211,,,,,,
1/06/2016,207.3,208,208.75,,,,,,
2/06/2016,207,207.6,208.35,,,,,,
3/06/2016,211.3,211.8,212.5,,,,,,
6/06/2016,211.75,212.25,213,,,,,,
7/06/2016,205.1,205.65,206.55,,,,,,
8/06/2016,206.15,206.65,207.55,,,,,,
9/06/2016,203.9,204.35,205.3,,,,,,
10/06/2016,203.05,203.45,204.5,,,,,,
13/06/2016,205.35,205.7,206.7,,,,,,
14/06/2016,204.05,204.45,205.35,,,,,,
15/06/2016,209.1,209.4,210.2,,,,,,
16/06/2016,204.8,205.3,206.15,,,,,,
17/06/2016,205.1,205.65,206.5,,,,,,
20/06/2016,209.3,209.7,210.45,,,,,,
21/06/2016,211.6,211.8,212.5,,,,,,
22/06/2016,213.55,213.6,214.3,,,,,,
23/06/2016,216.25,216.55,217.3,,,,,,
24/06/2016,211.05,211.6,212.35,,,,,,
27/06/2016,212.2,212.55,213.45,,,,,,
28/06/2016,217.05,217.55,218.45,,,,,,
29/06/2016,218.35,218.6,219.45,,,,,,
30/06/2016,219.45,219.55,220.45,,,,,,
1/07/2016,221.5,221.7,222.55,,,,,,
5/07/2016,218.15,218.35,219.25,,,,,,
6/07/2016,215.15,215.35,216.3,,,,,,
7/07/2016,212.25,212.35,213.3,,,,,,
8/07/2016,211.85,211.9,212.85,,,,,,
11/07/2016,214.7,214.75,215.7,,,,,,
12/07/2016,221.1,221.3,222.25,,,,,,
13/07/2016,223.8,224,224.85,,,,,,
14/07/2016,224.1,224.3,225.15,,,,,,
15/07/2016,223.05,223.35,224.2,,,,,,
18/07/2016,223.4,223.7,224.55,,,,,,
19/07/2016,226.15,226.3,227.1,,,,,,
20/07/2016,225.2,225.4,226.3,,,,,,
21/07/2016,225.6,225.85,226.7,,,,,,
22/07/2016,223.4,223.55,224.4,,,,,,
25/07/2016,221.6,221.7,222.6,,,,,,
26/07/2016,222.5,222.55,223.55,,,,,,
27/07/2016,218.5,218.5,219.45,,,,,,
28/07/2016,220.9,221.8,222.6,,,,,,
29/07/2016,222.15,223.1,223.95,,,,,,
1/08/2016,219.95,221.15,222.1,,,,,,
2/08/2016,220.9,222.1,223.05,,,,,,
3/08/2016,219.85,221.05,222.05,,,,,,
4/08/2016,217.4,218.8,219.8,,,,,,
5/08/2016,215.4,216.85,217.9,,,,,,
8/08/2016,216.5,217.75,218.8,,,,,,
9/08/2016,215,216.2,217.25,,,,,,
10/08/2016,217.1,218.1,219.05,,,,,,
11/08/2016,219.1,220,220.9,,,,,,
12/08/2016,214,215.15,216.1,,,,,,
15/08/2016,215.15,216.2,217.2,,,,,,
16/08/2016,217.2,218.2,219.15,,,,,,
17/08/2016,215.2,216.35,217.3,,,,,,
18/08/2016,216.75,217.85,218.8,,,,,,
19/08/2016,216.7,217.75,218.7,,,,,,
22/08/2016,214,215.2,216.2,,,,,,
23/08/2016,211.5,212.6,213.55,,,,,,
24/08/2016,207.65,208.5,209.4,,,,,,
25/08/2016,207.65,208.3,209.15,,,,,,
26/08/2016,207.85,208.45,209.3,,,,,,
29/08/2016,207.45,207.9,208.75,,,,,,
30/08/2016,206.9,207.65,208.6,,,,,,
31/08/2016,206.95,207.75,208.65,,,,,,
1/09/2016,206.85,207.55,208.45,,,,,,
2/09/2016,207.15,207.8,208.75,,,,,,
6/09/2016,208.4,208.9,209.75,,,,,,
7/09/2016,209.3,209.75,210.6,,,,,,
8/09/2016,209.6,210,210.75,,,,,,
9/09/2016,208.85,209.25,210,,,,,,
12/09/2016,209.6,210,210.75,,,,,,
13/09/2016,209.55,210.15,210.8,,,,,,
14/09/2016,214.8,215.5,216.15,,,,,,
15/09/2016,215.2,215.95,216.75,,,,,,
16/09/2016,215.15,216,216.8,,,,,,
19/09/2016,214.9,215.65,216.5,,,,,,
20/09/2016,215.55,216.5,217.4,,,,,,
21/09/2016,214.5,215.5,216.4,,,,,,
22/09/2016,218.75,219.45,220.3,,,,,,
23/09/2016,219.25,220.1,221.05,,,,,,
26/09/2016,219,219.85,220.85,,,,,,
27/09/2016,216.15,217.1,218.15,,,,,,
28/09/2016,217.95,218.75,219.75,,,,,,
29/09/2016,219,220,220.65,,,,,,
30/09/2016,221.05,222,222.6,,,,,,
3/10/2016,219.2,220.2,220.85,,,,,,
4/10/2016,216.7,217.75,218.45,,,,,,
5/10/2016,216.45,217.5,218.2,,,,,,
6/10/2016,215.55,216.5,217.2,,,,,,
7/10/2016,216.35,217.4,218.1,,,,,,
10/10/2016,219.75,220.85,221.5,,,,,,
11/10/2016,218.55,219.7,220.35,,,,,,
12/10/2016,217.65,218.9,219.5,,,,,,
13/10/2016,212.2,213.5,214.15,,,,,,
14/10/2016,211.05,212.3,212.95,,,,,,
17/10/2016,210.7,211.8,212.45,,,,,,
18/10/2016,210.55,211.7,212.4,,,,,,
19/10/2016,210.35,211.55,212.3,,,,,,
20/10/2016,209.6,210.75,211.5,,,,,,
21/10/2016,208.85,210.05,210.8,,,,,,
24/10/2016,209.3,210.35,211,,,,,,
25/10/2016,213.85,214.95,215.6,,,,,,
26/10/2016,214.55,215.75,216.35,,,,,,
27/10/2016,216.35,217.5,218.15,,,,,,
28/10/2016,219.35,220.45,221,,,,,,
31/10/2016,220.5,221.55,222.05,,,,,,
1/11/2016,222.9,224,224.5,,,,,,
2/11/2016,223.05,224.2,224.7,,,,,,
3/11/2016,224.9,225.95,226.4,,,,,,
4/11/2016,226.5,227.55,228,,,,,,
7/11/2016,230.95,232.1,232.65,,,,,,
8/11/2016,238,239.05,239.6,,,,,,
9/11/2016,245.95,246.9,247.4,,,,,,
10/11/2016,255.1,256.1,256.6,,,,,,
11/11/2016,250.9,252,252.5,,,,,,
14/11/2016,252.1,253.15,253.65,,,,,,
15/11/2016,250.5,251.45,252,,,,,,
16/11/2016,246.75,247.9,248.5,,,,,,
17/11/2016,249.1,250.2,250.8,,,,,,
18/11/2016,246.75,247.8,248.4,,,,,,
21/11/2016,251.5,252.75,253.45,,,,,,
22/11/2016,254.45,255.6,256.3,,,,,,
23/11/2016,260.75,261.75,262.35,,,,,,
25/11/2016,266.8,268.15,268.8,,,,,,
28/11/2016,265.65,267.05,267.6,,,,,,
29/11/2016,259.5,261,261.65,,,,,,
30/11/2016,262.15,263.3,263.95,,,,,,
1/12/2016,263.15,264.3,264.9,,,,,,
2/12/2016,261.5,262.5,263.1,,,,,,
5/12/2016,268.9,269.8,270.4,,,,,,
6/12/2016,267.2,268,268.65,,,,,,
7/12/2016,263.7,264.4,265.15,,,,,,
8/12/2016,262,262.6,263.3,,,,,,
9/12/2016,264.2,264.75,265.45,,,,,,
12/12/2016,261.3,261.9,262.65,,,,,,
13/12/2016,259.3,259.85,260.6,,,,,,
14/12/2016,260,260.45,261.15,,,,,,
15/12/2016,259.6,260.05,260.7,,,,,,
16/12/2016,256.1,256.45,257.1,,,,,,
19/12/2016,249.65,249.95,250.65,,,,,,
20/12/2016,249.95,250.25,250.95,,,,,,
21/12/2016,249.15,249.7,250.45,,,,,,
22/12/2016,249.45,249.95,250.65,,,,,,
23/12/2016,247.25,247.9,248.6,,,,,,
27/12/2016,250.8,251.55,252.25,,,,,,
28/12/2016,249.5,250.05,250.7,,,,,,
29/12/2016,248.8,249.45,250.05,,,,,,
30/12/2016,250.55,251.2,251.8,,,,,,
3/01/2017,248.9,249.55,250.2,,,,,,
4/01/2017,255.65,256.35,257,,,,,,
5/01/2017,253.75,254.5,255.25,,,,,,
6/01/2017,254.6,255.35,256.05,,,,,,
9/01/2017,253.85,254.7,255.4,,,,,,
10/01/2017,261.25,262.05,262.65,,,,,,
11/01/2017,261.05,261.9,262.6,,,,,,
12/01/2017,267.15,268.05,268.8,,,,,,
13/01/2017,269,269.9,270.55,,,,,,
17/01/2017,262.5,263.35,264,,,,,,
18/01/2017,261.65,262.55,263.25,,,,,,
19/01/2017,261.05,262,262.65,,,,,,
20/01/2017,262.5,263.45,264.1,,,,,,
23/01/2017,264.75,265.7,266.35,,,,,,
24/01/2017,270.85,271.8,272.35,,,,,,
25/01/2017,271,271.9,272.5,,,,,,
26/01/2017,267.3,268.2,268.8,,,,,,
27/01/2017,268.95,269.9,270.5,,,,,,
30/01/2017,265.5,266.6,267.35,,,,,,
31/01/2017,272.75,273.85,274.7,,,,,,
1/02/2017,271.15,272.35,273.25,,,,,,
2/02/2017,268.55,269.85,270.8,,,,,,
3/02/2017,261.6,262.95,263.95,,,,,,
6/02/2017,265.15,266.55,267.65,,,,,,
7/02/2017,263.2,264.6,265.75,,,,,,
8/02/2017,266.65,268.05,269.2,,,,,,
9/02/2017,265.35,266.75,267.85,,,,,,
10/02/2017,276.8,278.2,279.25,,,,,,
13/02/2017,278.3,279.7,280.75,,,,,,
14/02/2017,273.7,275.5,276.7,,,,,,
15/02/2017,274.05,276.15,277.55,,,,,,
16/02/2017,271.85,273.55,274.95,,,,,,
17/02/2017,270.7,272,273.3,,,,,,
21/02/2017,274.55,275.75,277,,,,,,
22/02/2017,273.3,274.6,275.85,,,,,,
23/02/2017,264.35,265.9,267.15,,,,,,
24/02/2017,268,269.6,270.95,,,,,,
27/02/2017,268.75,269.8,271,,,,,,
28/02/2017,270.4,271.4,272.65,,,,,,
1/03/2017,272.65,273.6,274.85,,,,,,
2/03/2017,267.95,269.05,270.45,,,,,,
3/03/2017,268.7,269.65,271.05,,,,,,
6/03/2017,264.3,265.2,266.65,,,,,,
7/03/2017,260.95,261.85,263.35,,,,,,
8/03/2017,259.2,260.05,261.55,,,,,,
9/03/2017,257,258,259.55,,,,,,
10/03/2017,258.65,259.5,261,,,,,,
13/03/2017,261.65,262.55,264,,,,,,
14/03/2017,262.4,263.5,264.9,,,,,,
15/03/2017,264.55,265.65,267.1,,,,,,
16/03/2017,266.55,267.75,269.2,,,,,,
17/03/2017,267.95,269.15,270.6,,,,,,
20/03/2017,265.55,266.7,268.25,,,,,,
21/03/2017,261,261.85,263.4,,,,,,
22/03/2017,262.2,263.05,264.55,,,,,,
23/03/2017,263.65,264.45,265.9,,,,,,
24/03/2017,262.35,263.1,264.6,,,,,,
27/03/2017,262.5,263.2,264.7,,,,,,
28/03/2017,266.9,267.6,269.05,,,,,,
29/03/2017,267,267.75,269.25,,,,,,
30/03/2017,267.15,268.6,269.95,,,,,,
31/03/2017,265.25,266.8,268.25,,,,,,
3/04/2017,260.35,262,263.5,,,,,,
4/04/2017,261.2,262.9,264.4,,,,,,
5/04/2017,268,269.6,271.1,,,,,,
6/04/2017,265.8,267.35,268.85,,,,,,
7/04/2017,264.7,266.25,267.75,,,,,,
10/04/2017,260.4,261.85,263.3,,,,,,
11/04/2017,260.8,262.3,263.75,,,,,,
12/04/2017,254.5,256.15,257.7,,,,,,
13/04/2017,257.05,258.6,260.15,,,,,,
17/04/2017,259.6,261,262.5,,,,,,
18/04/2017,252.9,254.05,255.5,,,,,,
19/04/2017,253.45,254.9,256.35,,,,,,
20/04/2017,254.2,255.7,257.1,,,,,,
21/04/2017,253.75,255.1,256.55,,,,,,
24/04/2017,255.25,256.5,257.9,,,,,,
25/04/2017,257.85,259.1,260.35,,,,,,
26/04/2017,258.85,260.05,261.1,,,,,,
27/04/2017,258,259.3,260.4,,,,,,
28/04/2017,259.65,260.75,261.75,,,,,,
1/05/2017,265,266.05,267.2,,,,,,
2/05/2017,262.5,263.55,264.75,,,,,,
3/05/2017,253.3,254.35,255.6,,,,,,
4/05/2017,250.2,251.15,252.45,,,,,,
5/05/2017,251.95,252.85,254.15,,,,,,
8/05/2017,248.55,249.35,250.55,,,,,,
9/05/2017,249,249.8,250.95,,,,,,
10/05/2017,248.7,249.45,250.55,,,,,,
11/05/2017,250.1,250.8,251.95,,,,,,
12/05/2017,251.8,252.4,253.55,,,,,,
15/05/2017,253.3,253.9,255.05,,,,,,
16/05/2017,254.45,255.05,256.2,,,,,,
17/05/2017,254.25,254.65,255.85,,,,,,
18/05/2017,252.65,253.15,254.35,,,,,,
19/05/2017,257.4,258.15,259.25,,,,,,
22/05/2017,258.9,259.55,260.7,,,,,,
23/05/2017,259.05,259.6,260.75,,,,,,
24/05/2017,257.8,258.35,259.55,,,,,,
25/05/2017,259.2,259.75,260.95,,,,,,
26/05/2017,255.95,256.6,257.95,,,,,,
30/05/2017,256.4,257.8,259.4,,,,,,
31/05/2017,258,259.3,260.85,,,,,,
1/06/2017,258.75,259.9,261.4,,,,,,
2/06/2017,257.45,258.65,260.2,,,,,,
5/06/2017,255.75,257,258.65,,,,,,
6/06/2017,254.7,255.95,257.6,,,,,,
7/06/2017,255.15,256.4,258.05,,,,,,
8/06/2017,260.95,261.95,263.45,,,,,,
9/06/2017,264.95,265.85,267.25,,,,,,
12/06/2017,261.55,262.7,264.2,,,,,,
13/06/2017,259.65,260.9,262.45,,,,,,
14/06/2017,257.35,258.75,260.3,,,,,,
15/06/2017,256.55,258.05,259.65,,,,,,
16/06/2017,256.4,257.9,259.45,,,,,,
19/06/2017,258.95,260.6,262.1,,,,,,
20/06/2017,255.45,257.2,258.8,,,,,,
21/06/2017,260.2,261.5,263.1,,,,,,
22/06/2017,259.9,261,262.65,,,,,,
23/06/2017,262.4,263.45,265.15,,,,,,
26/06/2017,262.55,263.85,265.6,,,,,,
27/06/2017,264.7,266.15,267.9,,,,,,
28/06/2017,266.05,267.6,269.4,,,,,,
29/06/2017,268.3,269.55,271.3,,,,,,
30/06/2017,269.9,271.1,272.7,,,,,,
3/07/2017,268.1,269.3,271.05,,,,,,
5/07/2017,264.9,266,267.85,,,,,,
6/07/2017,265.15,266.15,268,,,,,,
7/07/2017,263.75,264.7,266.55,,,,,,
10/07/2017,263.95,264.75,266.85,,,,,,
11/07/2017,266.45,267.2,269.3,,,,,,
12/07/2017,267.7,268.4,270.4,,,,,,
13/07/2017,265.45,266.15,268.25,,,,,,
14/07/2017,268.4,269.1,271.2,,,,,,
17/07/2017,271.7,272.4,274.4,,,,,,
18/07/2017,272.35,273.05,275.05,,,,,,
19/07/2017,270.3,271.05,273.1,,,,,,
20/07/2017,270.85,271.6,273.7,,,,,,
21/07/2017,271.5,272.25,274.35,,,,,,
24/07/2017,272.9,273.65,275.75,,,,,,
25/07/2017,284.05,284.65,286.65,,,,,,
26/07/2017,286.9,287.2,289.25,,,,,,
27/07/2017,287.4,287.75,289.85,,,,,,
28/07/2017,287.5,289.6,291.4,,,,,,
31/07/2017,289.15,291.25,293.05,,,,,,
1/08/2017,288.1,290.15,291.85,,,,,,
2/08/2017,288.45,290.4,292,,,,,,
3/08/2017,287.8,289.8,291.55,,,,,,
4/08/2017,288.5,290.55,292.3,,,,,,
7/08/2017,290.7,292.8,294.6,,,,,,
8/08/2017,294.25,296.3,298,,,,,,
9/08/2017,292.7,294.8,296.5,,,,,,
10/08/2017,290.3,292.5,294.3,,,,,,
11/08/2017,291.2,293.3,295.05,,,,,,
14/08/2017,290.45,292.7,294.6,,,,,,
15/08/2017,288.3,290.6,292.45,,,,,,
16/08/2017,295.35,297.6,299.4,,,,,,
17/08/2017,293.8,296.1,297.95,,,,,,
18/08/2017,293.95,296.15,298,,,,,,
21/08/2017,298.05,300.15,301.95,,,,,,
22/08/2017,298.7,300.75,302.45,,,,,,
23/08/2017,298.05,300.3,302.1,,,,,,
24/08/2017,303.4,305.65,307.5,,,,,,
25/08/2017,303.35,305.65,307.5,,,,,,
28/08/2017,306.3,308.6,310.45,,,,,,
29/08/2017,308.1,310.45,312.3,,,,,,
30/08/2017,306.45,308.7,310.55,,,,,,
31/08/2017,307.9,309.85,311.7,,,,,,
1/09/2017,309.8,311.8,313.75,,,,,,
5/09/2017,310.75,312.8,314.7,,,,,,
6/09/2017,313.15,315.15,317.1,,,,,,
7/09/2017,312.3,314.35,316.3,,,,,,
8/09/2017,302.15,304.15,306.1,,,,,,
11/09/2017,304.6,306.6,308.55,,,,,,
12/09/2017,301.55,303.6,305.55,,,,,,
13/09/2017,296.1,298.1,300.05,,,,,,
14/09/2017,293.65,295.75,297.7,,,,,,
15/09/2017,292.8,294.9,296.9,,,,,,
18/09/2017,294.9,296.9,298.95,,,,,,
19/09/2017,294.95,296.95,298.85,,,,,,
20/09/2017,294.95,296.9,298.8,,,,,,
21/09/2017,291.4,293.45,295.4,,,,,,
22/09/2017,292.45,294.45,296.35,,,,,,
25/09/2017,291.75,293.75,295.7,,,,,,
26/09/2017,289.75,291.9,293.85,,,,,,
27/09/2017,291.1,292.95,294.9,,,,,,
28/09/2017,298.1,300,301.25,,,,,,
29/09/2017,295.5,297.35,298.6,,,,,,
2/10/2017,295.55,297.4,298.6,,,,,,
3/10/2017,296.35,298.25,299.55,,,,,,
4/10/2017,295.9,297.75,299.05,,,,,,
5/10/2017,304.65,306.45,307.7,,,,,,
6/10/2017,302.9,304.9,306.25,,,,,,
9/10/2017,303.1,305.15,306.5,,,,,,
10/10/2017,306.05,308.1,309.4,,,,,,
11/10/2017,309.55,311.55,312.75,,,,,,
12/10/2017,312,314,315.25,,,,,,
13/10/2017,313.35,315.3,316.5,,,,,,
16/10/2017,323.9,325.85,327,,,,,,
17/10/2017,319.55,321.4,322.65,,,,,,
18/10/2017,317.8,319.75,321,,,,,,
19/10/2017,316.75,318.7,319.95,,,,,,
20/10/2017,316.55,318.5,319.7,,,,,,
23/10/2017,318.8,320.75,321.95,,,,,,
24/10/2017,319.8,321.75,322.95,,,,,,
25/10/2017,318.3,320.2,321.35,,,,,,
26/10/2017,317.75,319.7,320.9,,,,,,
27/10/2017,310.35,312.35,313.55,,,,,,
30/10/2017,311.2,313.2,314.45,,,,,,
31/10/2017,310.1,312.1,313.35,,,,,,
1/11/2017,314.25,316.25,317.55,,,,,,
2/11/2017,314.35,316.45,317.75,,,,,,
3/11/2017,311.75,313.85,315.15,,,,,,
6/11/2017,315.75,317.85,319.2,,,,,,
7/11/2017,308.9,311,312.35,,,,,,
8/11/2017,309.95,311.95,313.25,,,,,,
9/11/2017,308.6,310.6,311.95,,,,,,
10/11/2017,307.6,309.65,311,,,,,,
13/11/2017,311.65,313.65,314.95,,,,,,
14/11/2017,306.5,308.7,310.05,,,,,,
15/11/2017,305.45,307.7,309,,,,,,
16/11/2017,304.8,307.15,308.5,,,,,,
17/11/2017,306.7,309.1,310.4,,,,,,
20/11/2017,309.3,311.55,312.8,,,,,,
21/11/2017,312.85,315.05,316.3,,,,,,
22/11/2017,313.7,315.9,317.2,,,,,,
24/11/2017,316.9,319.15,320.4,,,,,,
27/11/2017,313.45,315.75,317.05,,,,,,
28/11/2017,307.15,309.85,311.2,,,,,,
29/11/2017,304,306.85,308.25,,,,,,
30/11/2017,303.7,306.4,307.8,,,,,,
1/12/2017,306.55,309.25,310.65,,,,,,
4/12/2017,306.3,309,310.45,,,,,,
5/12/2017,292.05,294.6,296.1,,,,,,
6/12/2017,293.65,296.15,297.6,,,,,,
7/12/2017,294.05,296.45,297.9,,,,,,
8/12/2017,295.5,297.85,299.25,,,,,,
11/12/2017,298.8,301.15,302.5,,,,,,
12/12/2017,299.95,302.3,303.65,,,,,,
13/12/2017,302.95,305.35,306.65,,,,,,
14/12/2017,304.85,307.25,308.5,,,,,,
15/12/2017,311,313.45,314.7,,,,,,
18/12/2017,312.2,314.6,315.85,,,,,,
19/12/2017,312.75,315.15,316.4,,,,,,
20/12/2017,317.15,319.6,321,,,,,,
21/12/2017,319.45,321.95,323.4,,,,,,
22/12/2017,321.45,323.85,325.2,,,,,,
26/12/2017,325.6,328.05,329.35,,,,,,
27/12/2017,325.7,328.4,329.75,,,,,,
28/12/2017,330.85,332.15,333.4,,,,,,
29/12/2017,330.05,331.5,332.8,,,,,,
2/01/2018,327.8,329.25,330.55,,,,,,
3/01/2018,325.75,327.3,328.65,,,,,,
4/01/2018,326.3,327.85,329.25,,,,,,
5/01/2018,322.95,324.55,325.95,,,,,,
8/01/2018,322.4,324,325.4,,,,,,
9/01/2018,321.6,323.15,324.5,,,,,,
10/01/2018,323.55,325.1,326.45,,,,,,
11/01/2018,323.3,324.9,326.3,,,,,,
12/01/2018,321.85,323.55,325,,,,,,
16/01/2018,321.95,323.7,325.2,,,,,,
17/01/2018,318.9,320.65,322.15,,,,,,
18/01/2018,319.9,321.6,323.1,,,,,,
19/01/2018,318.75,320.5,322.05,,,,,,
22/01/2018,319.85,321.6,323.1,,,,,,
23/01/2018,311.1,313,314.65,,,,,,
24/01/2018,322.85,324.7,326.2,,,,,,
25/01/2018,321.65,323.6,325.15,,,,,,
26/01/2018,319.9,321.9,323.5,,,,,,
29/01/2018,319.4,321.4,322.95,,,,,,
30/01/2018,318.9,320.85,322.45,,,,,,
31/01/2018,319.55,321.5,323.1,,,,,,
1/02/2018,320.9,322.9,324.55,,,,,,
2/02/2018,318.75,320.8,322.4,,,,,,
5/02/2018,322.1,324.15,325.8,,,,,,
6/02/2018,318.9,321,322.7,,,,,,
7/02/2018,308.75,310.8,312.5,,,,,,
8/02/2018,308.2,310.15,311.8,,,,,,
9/02/2018,303.35,305.3,306.95,,,,,,
12/02/2018,308.65,310.55,312.2,,,,,,
13/02/2018,316.25,318.15,319.7,,,,,,
14/02/2018,323.6,325.4,326.95,,,,,,
15/02/2018,324.55,326.45,328.05,,,,,,
16/02/2018,324.85,326.85,328.5,,,,,,
20/02/2018,319.05,321.35,323.15,,,,,,
21/02/2018,321.6,323.7,325.5,,,,,,
22/02/2018,324.15,326.15,328,,,,,,
23/02/2018,321.25,323.3,325.2,,,,,,
26/02/2018,319.75,322.45,324.35,,,,,,
27/02/2018,315.75,318.65,320.55,,,,,,
28/02/2018,310.75,313.25,315.2,,,,,,
1/03/2018,309.95,312.3,314.15,,,,,,
2/03/2018,310.1,312.45,314.25,,,,,,
5/03/2018,310.55,312.8,314.6,,,,,,
6/03/2018,313.7,315.9,317.7,,,,,,
7/03/2018,311.4,313.6,315.5,,,,,,
8/03/2018,305.85,307.9,309.8,,,,,,
9/03/2018,311.6,313.6,315.5,,,,,,
12/03/2018,310.4,312.4,314.3,,,,,,
13/03/2018,311.9,313.8,315.8,,,,,,
14/03/2018,314,315.85,317.8,,,,,,
15/03/2018,311.1,312.75,314.7,,,,,,
16/03/2018,309.3,310.75,312.7,,,,,,
19/03/2018,306.95,308.2,310.15,,,,,,
20/03/2018,302.55,303.8,305.8,,,,,,
21/03/2018,304.85,305.85,307.75,,,,,,
22/03/2018,301.2,302,303.95,,,,,,
23/03/2018,298.45,299.3,301.25,,,,,,
26/03/2018,296.05,297,298.95,,,,,,
27/03/2018,299.15,300.05,302.1,,,,,,
28/03/2018,300.2,302.25,304.05,,,,,,
29/03/2018,302.55,304.6,306.45,,,,,,
2/04/2018,305,307.05,308.95,,,,,,
3/04/2018,306.35,308.4,310.3,,,,,,
4/04/2018,301.05,303.1,305,,,,,,
5/04/2018,307.45,309.45,311.35,,,,,,
6/04/2018,305.85,307.8,309.65,,,,,,
9/04/2018,307.7,309.55,311.3,,,,,,
10/04/2018,313.7,315.5,317.2,,,,,,
11/04/2018,311.7,313.55,315.2,,,,,,
12/04/2018,306.35,308.3,310.1,,,,,,
13/04/2018,307.1,309.2,311,,,,,,
16/04/2018,309.55,311.7,313.5,,,,,,
17/04/2018,307.95,310.3,312.1,,,,,,
18/04/2018,315.85,318.15,319.9,,,,,,
19/04/2018,313.2,315.4,317.2,,,,,,
20/04/2018,313.5,315.55,317.5,,,,,,
23/04/2018,311.05,313.15,315.15,,,,,,
24/04/2018,314.2,316.4,318.4,,,,,,
25/04/2018,313.45,315.75,317.7,,,,,,
26/04/2018,311.4,313.8,315.9,,,,,,
27/04/2018,304.6,306.95,309.1,,,,,,
30/04/2018,305.25,307.4,309.4,,,,,,
1/05/2018,301.5,303.75,305.75,,,,,,
2/05/2018,304.75,306.85,308.85,,,,,,
3/05/2018,305.9,308.05,310.05,,,,,,
4/05/2018,306.55,308.55,310.55,,,,,,
7/05/2018,305.95,307.9,310.05,,,,,,
8/05/2018,304.05,305.9,308.1,,,,,,
9/05/2018,303.95,305.75,307.95,,,,,,
10/05/2018,309.25,311,313.15,,,,,,
11/05/2018,309.5,311.15,313.3,,,,,,
14/05/2018,307.85,309.3,311.4,,,,,,
15/05/2018,304.25,305.6,307.7,,,,,,
16/05/2018,305.85,307.05,309.1,,,,,,
17/05/2018,307.7,308.9,311,,,,,,
18/05/2018,305.1,306.35,308.5,,,,,,
21/05/2018,308.55,309.85,312,,,,,,
22/05/2018,311.9,313.2,315.3,,,,,,
23/05/2018,306.05,307.05,309.2,,,,,,
24/05/2018,308.55,309.6,311.75,,,,,,
25/05/2018,306.7,307.75,309.9,,,,,,
29/05/2018,305.2,306.25,308.35,,,,,,
30/05/2018,306.9,308.95,311.45,,,,,,
31/05/2018,306.5,308.5,311.05,,,,,,
1/06/2018,309.85,311.85,314.4,,,,,,
4/06/2018,313.45,315.4,317.85,,,,,,
5/06/2018,319.85,321.8,324.1,,,,,,
6/06/2018,326.2,328.25,330.5,,,,,,
7/06/2018,327.5,329.4,331.55,,,,,,
8/06/2018,330,331.95,334.2,,,,,,
11/06/2018,325.7,327.7,329.95,,,,,,
12/06/2018,324.95,326.95,329.35,,,,,,
13/06/2018,325.4,327.35,329.8,,,,,,
14/06/2018,322.2,324.3,326.8,,,,,,
15/06/2018,314.45,316.6,319.25,,,,,,
18/06/2018,310.65,312.9,315.6,,,,,,
19/06/2018,304.7,307,309.7,,,,,,
20/06/2018,304.05,306.2,308.8,,,,,,
21/06/2018,302.15,304.35,306.8,,,,,,
22/06/2018,302.7,304.9,307.3,,,,,,
25/06/2018,298.7,300.95,303.45,,,,,,
26/06/2018,299.2,301.55,303.85,,,,,,
27/06/2018,298.45,300.75,303,,,,,,
28/06/2018,295.35,297.15,299.35,,,,,,
29/06/2018,295.1,296.6,298.8,,,,,,
2/07/2018,293.15,294.4,296.55,,,,,,
3/07/2018,290.6,291.7,293.9,,,,,,
5/07/2018,281.4,282.6,284.9,,,,,,
6/07/2018,281.3,282.4,284.85,,,,,,
9/07/2018,283.9,285,287.45,,,,,,
10/07/2018,282.85,283.95,286.5,,,,,,
11/07/2018,273.35,274.35,276.85,,,,,,
12/07/2018,276.8,277.7,280.2,,,,,,
13/07/2018,277,277.55,280.05,,,,,,
16/07/2018,275.7,276.45,278.8,,,,,,
17/07/2018,273.95,274.7,277.1,,,,,,
18/07/2018,275.2,276,278.3,,,,,,
19/07/2018,268.6,269.55,271.75,,,,,,
20/07/2018,274.6,275.6,277.7,,,,,,
23/07/2018,273.7,274.65,276.7,,,,,,
24/07/2018,280,281.05,283.2,,,,,,
25/07/2018,280.6,281.75,283.95,,,,,,
26/07/2018,280.4,281.8,283.9,,,,,,
27/07/2018,278.75,280.2,282.35,,,,,,
30/07/2018,279.2,281.45,283.9,,,,,,
31/07/2018,283.15,285.3,287.7,,,,,,
1/08/2018,274.75,277.05,279.65,,,,,,
2/08/2018,273.75,276,278.6,,,,,,
3/08/2018,276.35,278.55,281.15,,,,,,
6/08/2018,273.15,275.2,277.8,,,,,,
7/08/2018,275.2,277.25,279.7,,,,,,
8/08/2018,275.1,277.1,279.45,,,,,,
9/08/2018,276.55,278.65,280.9,,,,,,
10/08/2018,274.25,276.4,278.6,,,,,,
13/08/2018,273.1,275.25,277.4,,,,,,
14/08/2018,268.2,270.4,272.65,,,,,,
15/08/2018,256,258.2,260.5,,,,,,
16/08/2018,261.65,263.5,265.6,,,,,,
17/08/2018,262.9,264.75,266.9,,,,,,
20/08/2018,266.85,268.6,270.7,,,,,,
21/08/2018,269.55,271.15,273.2,,,,,,
22/08/2018,267.35,269.35,271.5,,,,,,
23/08/2018,265.45,267.75,270.05,,,,,,
24/08/2018,270.05,272.3,274.3,,,,,,
27/08/2018,270.85,273.2,275.2,,,,,,
28/08/2018,273.6,275.85,277.65,,,,,,
29/08/2018,271,273.65,275.7,,,,,,
30/08/2018,269.05,271.75,273.75,,,,,,
31/08/2018,264.9,267.1,269.15,,,,,,
4/09/2018,258.35,260.2,262.35,,,,,,
5/09/2018,259.25,261,263,,,,,,
6/09/2018,261.85,263.65,265.65,,,,,,
7/09/2018,260.35,262.25,264.25,,,,,,
10/09/2018,261.05,262.8,264.85,,,,,,
11/09/2018,260.4,262.15,264.05,,,,,,
12/09/2018,265.85,267.6,269.6,,,,,,
13/09/2018,266.45,268.3,270.35,,,,,,
14/09/2018,262.75,264.6,266.75,,,,,,
17/09/2018,263.35,265.1,267.25,,,,,,
18/09/2018,271.2,273.05,275,,,,,,
19/09/2018,271,272.95,274.9,,,,,,
20/09/2018,272.1,274,275.85,,,,,,
21/09/2018,283.65,285.75,287.55,,,,,,
24/09/2018,281.6,283.6,285.6,,,,,,
25/09/2018,280.35,282.35,284.45,,,,,,
26/09/2018,280.7,282.8,284.85,,,,,,
27/09/2018,278.3,280.3,281.2,,,,,,
28/09/2018,280.5,282.5,283.3,,,,,,
1/10/2018,278.75,280.95,281.9,,,,,,
2/10/2018,280.65,282.8,283.6,,,,,,
3/10/2018,283.4,285.65,286.65,,,,,,
4/10/2018,277.75,279.95,280.95,,,,,,
5/10/2018,276.3,278.55,279.75,,,,,,
8/10/2018,276.7,279,280.3,,,,,,
9/10/2018,280.65,282.85,284,,,,,,
10/10/2018,278.05,280.1,281.2,,,,,,
11/10/2018,280.3,282.3,283.4,,,,,,
12/10/2018,280.05,281.95,282.9,,,,,,
15/10/2018,278.85,280.9,281.95,,,,,,
16/10/2018,277.95,280.15,281.4,,,,,,
17/10/2018,277.8,279.9,281,,,,,,
18/10/2018,274.65,276.7,277.95,,,,,,
19/10/2018,277.8,279.75,280.9,,,,,,
22/10/2018,278.55,280.5,281.7,,,,,,
23/10/2018,275.8,277.95,279.35,,,,,,
24/10/2018,275.75,277.8,279.15,,,,,,
25/10/2018,275.45,277.45,278.75,,,,,,
26/10/2018,274.1,276.05,277.2,,,,,,
29/10/2018,274.05,276.05,277.3,,,,,,
30/10/2018,266.4,268.4,269.5,,,,,,
31/10/2018,265.9,267.8,268.9,,,,,,
1/11/2018,272.15,273.9,275,,,,,,
2/11/2018,280.7,282.3,283.35,,,,,,
5/11/2018,275.6,277.4,278.55,,,,,,
6/11/2018,273.25,274.9,276,,,,,,
7/11/2018,275.45,277,278.2,,,,,,
8/11/2018,273.6,275.1,276.3,,,,,,
9/11/2018,268.45,270,271.05,,,,,,
12/11/2018,267.65,269.45,270.45,,,,,,
13/11/2018,268.7,270.55,271.7,,,,,,
14/11/2018,271,272.8,273.8,,,,,,
15/11/2018,274.65,276.3,277.05,,,,,,
16/11/2018,279.85,281,281.15,,,,,,
19/11/2018,279.9,280.65,280.3,,,,,,
20/11/2018,276.65,277.65,277.7,,,,,,
21/11/2018,279.45,280.8,280.8,,,,,,
23/11/2018,276.65,278.55,279.05,,,,,,
26/11/2018,275.55,277.3,277.75,,,,,,
27/11/2018,270.75,272.6,273.2,,,,,,
28/11/2018,279.55,281.35,281.75,,,,,,
29/11/2018,277.8,278.95,279.4,,,,,,
30/11/2018,277.75,278.75,279.1,,,,,,
3/12/2018,279.95,280.95,281.6,,,,,,
4/12/2018,274.85,275.9,276.85,,,,,,
5/12/2018,276.8,277.4,278,,,,,,
6/12/2018,274.05,274.3,274.85,,,,,,
7/12/2018,275.75,275.95,276.15,,,,,,
10/12/2018,271.85,272,272.4,,,,,,
11/12/2018,276.6,276.7,276.75,,,,,,
12/12/2018,276.85,277,276.9,,,,,,
13/12/2018,276.25,276.7,276.6,,,,,,
14/12/2018,276.05,276.25,276.5,,,,,,
17/12/2018,275.3,275.45,275.7,,,,,,
18/12/2018,267.1,266.45,266.7,,,,,,
19/12/2018,272.15,271.6,271.7,,,,,,
20/12/2018,270.2,269.65,269.9,,,,,,
21/12/2018,267.85,267.4,267.65,,,,,,
24/12/2018,266.85,266.1,266.4,,,,,,
26/12/2018,270.85,270,270.5,,,,,,
27/12/2018,266.75,266.8,267.35,,,,,,
28/12/2018,268.15,268.65,268.8,,,,,,
31/12/2018,263.1,263.7,264.1,,,,,,
2/01/2019,262.3,263.05,263.75,,,,,,
3/01/2019,256.8,257.4,258.05,,,,,,
4/01/2019,264.75,265.25,265.7,,,,,,
7/01/2019,263.7,264.2,264.8,,,,,,
8/01/2019,265.6,266.35,267.1,,,,,,
9/01/2019,265.7,266.5,267.25,,,,,,
10/01/2019,263.75,264.6,265.45,,,,,,
11/01/2019,266.2,267.15,268.05,,,,,,
14/01/2019,263.5,264.4,265.25,,,,,,
15/01/2019,263.45,264.05,264.7,,,,,,
16/01/2019,267.35,267.9,268.35,,,,,,
17/01/2019,268,268.65,269.35,,,,,,
18/01/2019,271.9,272.5,273.1,,,,,,
22/01/2019,265.95,266.75,267.55,,,,,,
23/01/2019,265.45,266.35,267.25,,,,,,
24/01/2019,264.45,265.3,266.15,,,,,,
25/01/2019,272.9,273.6,274.25,,,,,,
28/01/2019,268,268.85,269.7,,,,,,
29/01/2019,272.5,273.35,274.2,,,,,,
30/01/2019,276.75,277.5,278.2,,,,,,
31/01/2019,278.45,279.35,280.05,,,,,,
1/02/2019,277.3,278.2,278.8,,,,,,
4/02/2019,279.45,280.2,280.6,,,,,,
5/02/2019,281.7,282.45,282.9,,,,,,
6/02/2019,283.65,284.35,284.6,,,,,,
7/02/2019,282.85,283.6,284.05,,,,,,
8/02/2019,281.05,281.85,282.45,,,,,,
11/02/2019,279,279.65,280.1,,,,,,
12/02/2019,277.2,277.75,278.15,,,,,,
13/02/2019,277.3,277.85,278.25,,,,,,
14/02/2019,277.4,278.1,278.65,,,,,,
15/02/2019,279.85,280.35,280.9,,,,,,
19/02/2019,287.45,287.8,288.2,,,,,,
20/02/2019,292,292.05,292.25,,,,,,
21/02/2019,289.7,289.85,290.3,,,,,,
22/02/2019,295.15,294.8,295.05,,,,,,
25/02/2019,294.5,294.9,295.3,,,,,,
26/02/2019,294.5,295.05,295.6,,,,,,
27/02/2019,295.9,296.25,296.8,,,,,,
28/02/2019,295,294.8,295.4,,,,,,
1/03/2019,293.35,293.2,293.8,,,,,,
4/03/2019,291.1,290.9,291.55,,,,,,
5/03/2019,293.6,293.35,293.95,,,,,,
6/03/2019,291.85,291.85,292.55,,,,,,
7/03/2019,291.15,291.05,291.75,,,,,,
8/03/2019,289.4,289.35,289.95,,,,,,
11/03/2019,290,290.1,290.65,,,,,,
12/03/2019,292.75,292.85,293.35,,,,,,
13/03/2019,293.35,293.55,294,,,,,,
14/03/2019,288.85,289.15,289.7,,,,,,
15/03/2019,290.35,290.6,291.3,,,,,,
18/03/2019,290.35,290.9,291.7,,,,,,
19/03/2019,291.95,292.3,293.05,,,,,,
20/03/2019,291.55,292.1,293,,,,,,
21/03/2019,290,290.6,291.5,,,,,,
22/03/2019,283.6,284.25,285.25,,,,,,
25/03/2019,284.95,285.65,286.6,,,,,,
26/03/2019,285.05,285.4,286.2,,,,,,
27/03/2019,285.8,286.3,287.05,,,,,,
28/03/2019,287.25,288,288.6,,,,,,
29/03/2019,293.6,294.2,294.7,,,,,,
1/04/2019,292.45,293.15,293.7,,,,,,
2/04/2019,290.55,291.35,292.05,,,,,,
3/04/2019,294.85,295.45,296,,,,,,
4/04/2019,291,291.65,292.2,,,,,,
5/04/2019,289.45,290.2,290.85,,,,,,
8/04/2019,293.2,293.9,294.65,,,,,,
9/04/2019,293.4,294.05,294.85,,,,,,
10/04/2019,292.55,293.35,294.2,,,,,,
11/04/2019,288.7,289.55,290.4,,,,,,
12/04/2019,294.6,295.25,296,,,,,,
15/04/2019,293.5,294.25,295.1,,,,,,
16/04/2019,293.05,293.9,294.75,,,,,,
17/04/2019,296.75,297.35,298.1,,,,,,
18/04/2019,292,292.65,293.5,,,,,,
22/04/2019,290.15,290.8,291.7,,,,,,
23/04/2019,289.35,290,291,,,,,,
24/04/2019,291,291.6,292.5,,,,,,
25/04/2019,286.15,286.75,287.7,,,,,,
26/04/2019,288.65,289.4,290.35,,,,,,
29/04/2019,289.5,289.7,290.6,,,,,,
30/04/2019,290.15,290.4,291.35,,,,,,
1/05/2019,280.3,280.15,281.05,,,,,,
2/05/2019,278.4,277.95,278.55,,,,,,
3/05/2019,282.5,281.9,282.4,,,,,,
6/05/2019,283.7,282.95,283.65,,,,,,
7/05/2019,279.4,278.55,279,,,,,,
8/05/2019,278.55,277.45,277.85,,,,,,
9/05/2019,278.35,277.15,277.45,,,,,,
10/05/2019,278.5,277.45,277.75,,,,,,
13/05/2019,272.95,271.9,272.2,,,,,,
14/05/2019,273.45,272.5,272.8,,,,,,
15/05/2019,275.35,274.3,274.35,,,,,,
16/05/2019,275.85,274.8,275.05,,,,,,
17/05/2019,274.8,273.85,274.15,,,,,,
20/05/2019,273.6,272.6,272.85,,,,,,
21/05/2019,272.35,271.5,271.85,,,,,,
22/05/2019,268.6,267.8,268.3,,,,,,
23/05/2019,268.65,268.05,268.35,,,,,,
24/05/2019,270.65,269.95,270.25,,,,,,
28/05/2019,270.35,269.6,269.9,,,,,,
29/05/2019,267.25,266.4,266.8,,,,,,
30/05/2019,265.4,265.75,266.35,,,,,,
31/05/2019,264,264.1,264.4,,,,,,
3/06/2019,265,265.1,265.55,,,,,,
4/06/2019,266.9,266.95,267.5,,,,,,
5/06/2019,262.3,262.35,262.95,,,,,,
6/06/2019,265.05,265,265.45,,,,,,
7/06/2019,262.75,262.85,263.1,,,,,,
10/06/2019,266.15,266.2,266.45,,,,,,
11/06/2019,267.15,267.3,267.65,,,,,,
12/06/2019,265.4,265.5,265.8,,,,,,
13/06/2019,265.65,265.75,265.95,,,,,,
14/06/2019,262.95,263.1,263.25,,,,,,
17/06/2019,264.65,264.65,264.6,,,,,,
18/06/2019,270.3,270.25,270.1,,,,,,
19/06/2019,268.05,268.05,268.05,,,,,,
20/06/2019,271.2,271.2,271.25,,,,,,
21/06/2019,270.45,270.4,270.65,,,,,,
24/06/2019,270.55,270.5,270.85,,,,,,
25/06/2019,273.55,273.5,273.95,,,,,,
26/06/2019,271.35,271.55,272.1,,,,,,
27/06/2019,271.25,271.65,272.2,,,,,,
28/06/2019,270.55,271.35,272.05,,,,,,
1/07/2019,267.95,268.8,269.55,,,,,,
2/07/2019,265.75,266.4,267.2,,,,,,
3/07/2019,267.95,268.3,268.85,,,,,,
5/07/2019,265.85,266.1,266.75,,,,,,
8/07/2019,265.6,265.9,266.65,,,,,,
9/07/2019,262.45,262.5,263.2,,,,,,
10/07/2019,269.3,269.4,270,,,,,,
11/07/2019,268.25,268.75,269.4,,,,,,
12/07/2019,269.15,269.4,270.1,,,,,,
15/07/2019,270.75,271.1,271.65,,,,,,
16/07/2019,269.35,270,270.6,,,,,,
17/07/2019,271,271.6,272.2,,,,,,
18/07/2019,270.4,271,271.6,,,,,,
19/07/2019,274.45,275.25,275.95,,,,,,
22/07/2019,271.45,272.2,273.1,,,,,,
23/07/2019,269.4,270,270.85,,,,,,
24/07/2019,270.4,271.2,272.1,,,,,,
25/07/2019,269.55,270.35,271.45,,,,,,
26/07/2019,267.65,268.5,269.55,,,,,,
29/07/2019,270.95,271.75,272.55,,,,,,
30/07/2019,267.85,268.8,269.8,,,,,,
31/07/2019,266.6,267.6,268.7,,,,,,
1/08/2019,266.55,267.5,268.65,,,,,,
2/08/2019,257.15,258.25,259.4,,,,,,
5/08/2019,254.4,255.35,256.6,,,,,,
6/08/2019,255.75,256.55,257.8,,,,,,
7/08/2019,257.1,257.9,259.1,,,,,,
8/08/2019,260.75,261.5,262.45,,,,,,
9/08/2019,258.9,259.7,260.65,,,,,,
12/08/2019,258.5,259.3,260.25,,,,,,
13/08/2019,263,263.8,264.7,,,,,,
14/08/2019,259.2,259.95,260.85,,,,,,
15/08/2019,259.5,260.25,261.25,,,,,,
16/08/2019,259.5,260.2,261.1,,,,,,
19/08/2019,260.15,260.8,261.65,,,,,,
20/08/2019,257.8,258.4,259.35,,,,,,
21/08/2019,258.55,259.2,260.15,,,,,,
22/08/2019,255.75,256.55,257.65,,,,,,
23/08/2019,253,253.75,254.7,,,,,,
26/08/2019,254.35,255,255.95,,,,,,
27/08/2019,254.75,255.3,256.15,,,,,,
28/08/2019,255.4,256.45,257.3,,,,,,
29/08/2019,255.95,257.75,258.65,,,,,,
30/08/2019,253.3,255.15,256.15,,,,,,
3/09/2019,251.25,252.8,253.7,,,,,,
4/09/2019,257.9,259.5,260.4,,,,,,
5/09/2019,262.45,264.2,265.2,,,,,,
6/09/2019,261.55,263.4,264.5,,,,,,
9/09/2019,261.05,262.75,263.75,,,,,,
10/09/2019,261.05,262.8,263.8,,,,,,
11/09/2019,259.75,261.45,262.55,,,,,,
12/09/2019,262.35,264.05,265.1,,,,,,
13/09/2019,268.1,269.95,271.05,,,,,,
16/09/2019,262.1,264.05,265.25,,,,,,
17/09/2019,260.95,262.7,263.8,,,,,,
18/09/2019,259.55,261.3,262.35,,,,,,
19/09/2019,259.1,260.85,261.9,,,,,,
20/09/2019,259,260.65,261.7,,,,,,
23/09/2019,259.45,261.15,262.15,,,,,,
24/09/2019,258.95,260.65,261.6,,,,,,
25/09/2019,259.5,261.2,262.1,,,,,,
26/09/2019,256,257.75,258.8,,,,,,
27/09/2019,259.75,260.8,261.45,,,,,,
30/09/2019,257.85,258.95,259.7,,,,,,
1/10/2019,256.05,257.1,257.8,,,,,,
2/10/2019,257.05,258,258.55,,,,,,
3/10/2019,255.35,256.2,256.8,,,,,,
4/10/2019,256.25,257,257.55,,,,,,
7/10/2019,257.7,258.45,259.05,,,,,,
8/10/2019,256.85,257.75,258.35,,,,,,
9/10/2019,256.8,257.65,258.15,,,,,,
10/10/2019,261.35,262.05,262.5,,,,,,
11/10/2019,262.8,263.6,264.1,,,,,,
14/10/2019,263.4,264.25,264.75,,,,,,
15/10/2019,261.4,262.25,262.8,,,,,,
16/10/2019,258.95,259.85,260.5,,,,,,
17/10/2019,259.75,260.65,261.2,,,,,,
18/10/2019,263.6,264.45,264.9,,,,,,
21/10/2019,264.65,265.55,266,,,,,,
22/10/2019,263.3,264.3,264.9,,,,,,
23/10/2019,267.15,267.95,268.4,,,,,,
24/10/2019,266.8,267.6,268.15,,,,,,
25/10/2019,267.55,268.4,268.9,,,,,,
28/10/2019,268.3,269.2,269.75,,,,,,
29/10/2019,269.15,270.05,270.5,,,,,,
30/10/2019,268.6,269.45,269.9,,,,,,
31/10/2019,263.8,264.7,265.2,,,,,,
1/11/2019,265.3,266.15,266.55,,,,,,
4/11/2019,267.1,267.95,268.45,,,,,,
5/11/2019,270.05,270.9,271.35,,,,,,
6/11/2019,266.5,267.4,267.95,,,,,,
7/11/2019,272.75,273.65,274.15,,,,,,
8/11/2019,268.2,269.15,269.8,,,,,,
11/11/2019,266.4,267.4,268.05,,,,,,
12/11/2019,264.55,265.65,266.4,,,,,,
13/11/2019,263.95,265.1,265.85,,,,,,
14/11/2019,262.15,263.5,264.25,,,,,,
15/11/2019,263.8,265.15,265.8,,,,,,
18/11/2019,262,263.4,264.05,,,,,,
19/11/2019,265.65,266.85,267.55,,,,,,
20/11/2019,264.95,266.05,266.8,,,,,,
21/11/2019,262.35,263.6,264.35,,,,,,
22/11/2019,264.8,265.9,266.55,,,,,,
25/11/2019,264.75,266.2,266.9,,,,,,
26/11/2019,267.75,269.75,270.6,,,,,,
27/11/2019,267.45,269.6,270.5,,,,,,
29/11/2019,264.2,266.15,267.1,,,,,,
2/12/2019,263.25,265.05,266.05,,,,,,
3/12/2019,260.8,262.3,263.2,,,,,,
4/12/2019,264.4,265.9,266.7,,,,,,
5/12/2019,264.85,266.3,267.2,,,,,,
6/12/2019,271.1,272.5,273.4,,,,,,
9/12/2019,274.65,275.85,276.8,,,,,,
10/12/2019,275.55,276.55,277.65,,,,,,
11/12/2019,278.25,278.95,279.9,,,,,,
12/12/2019,278.95,279.65,280.75,,,,,,
13/12/2019,278.05,278.1,279.1,,,,,,
16/12/2019,282.05,281.15,282.1,,,,,,
17/12/2019,281.95,281.35,282.35,,,,,,
18/12/2019,281.7,281.25,282.1,,,,,,
19/12/2019,283.15,282.65,283.5,,,,,,
20/12/2019,281.1,280.6,281.45,,,,,,
23/12/2019,281.7,280.85,281.75,,,,,,
24/12/2019,283.85,282.75,283.6,,,,,,
26/12/2019,286.45,284.9,285.75,,,,,,
27/12/2019,283.65,282.95,283.8,,,,,,
30/12/2019,283.35,284.3,284.9,,,,,,
31/12/2019,279.7,280.75,281.45,,,,,,
2/01/2020,282.5,283.35,284,,,,,,
3/01/2020,278.7,279.6,280.25,,,,,,
6/01/2020,279,279.9,280.5,,,,,,
7/01/2020,279.35,280.35,281,,,,,,
8/01/2020,281.2,282.1,282.7,,,,,,
9/01/2020,280.2,281.1,281.75,,,,,,
10/01/2020,281.35,282.2,282.8,,,,,,
13/01/2020,286.1,286.9,287.45,,,,,,
14/01/2020,287.35,288.2,288.8,,,,,,
15/01/2020,286.6,287.5,288.1,,,,,,
16/01/2020,284.7,285.55,286.1,,,,,,
17/01/2020,284.55,285.4,286,,,,,,
21/01/2020,279.35,280.25,280.9,,,,,,
22/01/2020,276.5,277.5,278.25,,,,,,
23/01/2020,272.6,273.55,274.25,,,,,,
24/01/2020,268.4,269.35,270.1,,,,,,
27/01/2020,259.65,260.6,261.4,,,,,,
28/01/2020,257.95,258.7,259.35,,,,,,
29/01/2020,255.4,256.1,256.8,,,,,,
30/01/2020,252.4,253.05,253.75,,,,,,
31/01/2020,251.7,252.3,253,,,,,,
3/02/2020,250.7,251.35,252.05,,,,,,
4/02/2020,254.2,254.9,255.7,,,,,,
5/02/2020,257.45,258.2,258.9,,,,,,
6/02/2020,259.3,260.05,260.8,,,,,,
7/02/2020,255.3,256.1,256.95,,,,,,
10/02/2020,255.05,255.8,256.6,,,,,,
11/02/2020,258.3,259.1,259.9,,,,,,
12/02/2020,260,260.8,261.55,,,,,,
13/02/2020,261.3,262,262.75,,,,,,
14/02/2020,259.95,260.7,261.35,,,,,,
18/02/2020,260.4,261.15,261.75,,,,,,
19/02/2020,260.6,261.4,262.05,,,,,,
20/02/2020,258.8,259.6,260.2,,,,,,
21/02/2020,260.8,261.6,262.05,,,,,,
24/02/2020,257.7,258.35,258.75,,,,,,
25/02/2020,257.8,258.2,258.5,,,,,,
26/02/2020,257.25,257.35,257.6,,,,,,
27/02/2020,257.15,257.15,257.3,,,,,,
28/02/2020,254.6,254,254.45,,,,,,
2/03/2020,260.1,259.5,259.9,,,,,,
3/03/2020,257.95,257.3,257.6,,,,,,
4/03/2020,259.3,258.6,258.8,,,,,,
5/03/2020,258.25,257.3,257.55,,,,,,
6/03/2020,257.3,256.05,256.05,,,,,,
9/03/2020,252.4,251.05,251.2,,,,,,
10/03/2020,253.4,252.15,252.4,,,,,,
11/03/2020,251.2,250.2,250.35,,,,,,
12/03/2020,248.1,247.25,247.5,,,,,,
13/03/2020,247.4,246.4,246.7,,,,,,
16/03/2020,239.85,239.25,239.55,,,,,,
17/03/2020,231.55,231.35,231.75,,,,,,
18/03/2020,216.05,215.1,215.55,,,,,,
19/03/2020,220,218.55,218.8,,,,,,
20/03/2020,219.05,217.15,217.15,,,,,,
23/03/2020,211.95,210.05,210,,,,,,
24/03/2020,219.75,218,218.15,,,,,,
25/03/2020,223.4,220.4,220.75,,,,,,
26/03/2020,220.8,217.8,218.3,,,,,,
27/03/2020,219.7,217.2,217.65,,,,,,
30/03/2020,215.55,216.2,216.8,,,,,,
31/03/2020,222.8,223.35,223.75,,,,,,
1/04/2020,217.45,218.05,218.6,,,,,,
2/04/2020,221.85,222.35,222.9,,,,,,
3/04/2020,219.25,219.65,220.1,,,,,,
6/04/2020,221.75,222.2,222.65,,,,,,
7/04/2020,227.25,227.9,228.5,,,,,,
8/04/2020,226,227.1,228,,,,,,
9/04/2020,225.95,227.4,228.35,,,,,,
13/04/2020,230.25,231.95,233.05,,,,,,
14/04/2020,232.95,234.35,235.25,,,,,,
15/04/2020,229.6,230.9,231.7,,,,,,
16/04/2020,229.1,230.55,231.5,,,,,,
17/04/2020,234.45,235.7,236.6,,,,,,
20/04/2020,232,233.7,234.75,,,,,,
21/04/2020,222.95,226.45,227.8,,,,,,
22/04/2020,229,230.9,232,,,,,,
23/04/2020,231.2,231.8,232.95,,,,,,
24/04/2020,233.7,233.65,234.75,,,,,,
27/04/2020,235,234.5,235.45,,,,,,
28/04/2020,234.55,234.55,235.5,,,,,,
29/04/2020,237.45,237.05,237.9,,,,,,
30/04/2020,235.4,234.4,235.25,,,,,,
1/05/2020,231.85,231.2,232,,,,,,
4/05/2020,232.4,231.25,232.25,,,,,,
5/05/2020,234.1,233.25,234.35,,,,,,
6/05/2020,235.25,234.7,235.9,,,,,,
7/05/2020,238.55,238.05,238.95,,,,,,
8/05/2020,240.85,240.6,241.55,,,,,,
11/05/2020,238.2,238,238.9,,,,,,
12/05/2020,236.05,235.9,236.85,,,,,,
13/05/2020,234.9,234.6,235.6,,,,,,
14/05/2020,235.1,234.6,235.6,,,,,,
15/05/2020,233.35,233.05,234.1,,,,,,
18/05/2020,240.5,240.4,241.4,,,,,,
19/05/2020,242.3,241.8,242.95,,,,,,
20/05/2020,246.75,246,247.1,,,,,,
21/05/2020,245.2,243.2,244.4,,,,,,
22/05/2020,240.9,238.65,239.85,,,,,,
26/05/2020,243.85,241.85,243.05,,,,,,
27/05/2020,240.25,238.2,239.55,,,,,,
28/05/2020,241.35,242.6,244.25,,,,,,
29/05/2020,242.55,243.8,245.35,,,,,,
1/06/2020,247.05,248.2,249.7,,,,,,
2/06/2020,249.1,250.3,251.7,,,,,,
3/06/2020,248.75,249.9,251.25,,,,,,
4/06/2020,248.95,250.1,251.5,,,,,,
5/06/2020,255.55,256.85,258.2,,,,,,
8/06/2020,256.55,258,259.55,,,,,,
9/06/2020,259.9,261.3,262.8,,,,,,
10/06/2020,265.65,267.2,268.55,,,,,,
11/06/2020,258.65,260.2,261.75,,,,,,
12/06/2020,260,261.85,263.6,,,,,,
15/06/2020,256.7,258.75,260.6,,,,,,
16/06/2020,256.45,258.8,260.8,,,,,,
17/06/2020,258.95,260.9,262.95,,,,,,
18/06/2020,258.8,261.05,262.95,,,,,,
19/06/2020,261.1,262.8,264.6,,,,,,
22/06/2020,265.25,266.25,267.9,,,,,,
23/06/2020,265.85,266.85,268.65,,,,,,
24/06/2020,265.05,265.75,267.65,,,,,,
25/06/2020,266.3,267.8,269.55,,,,,,
26/06/2020,265.9,267.9,269.5,,,,,,
29/06/2020,267.95,269.25,270.8,,,,,,
30/06/2020,271.35,272.85,274.25,,,,,,
1/07/2020,271.7,273.4,275.1,,,,,,
2/07/2020,273.35,274.85,276.4,,,,,,
6/07/2020,276.6,277.45,278.6,,,,,,
7/07/2020,278.75,279.7,281.05,,,,,,
8/07/2020,281.45,282.4,283.65,,,,,,
9/07/2020,282.8,283.85,285.45,,,,,,
10/07/2020,288.7,289.75,291.25,,,,,,
13/07/2020,294.2,295.5,297.1,,,,,,
14/07/2020,291.6,293.25,295.05,,,,,,
15/07/2020,287.05,288.5,290.2,,,,,,
16/07/2020,288.6,290.15,291.65,,,,,,
17/07/2020,288.75,290.45,292,,,,,,
20/07/2020,289.85,291.55,293.2,,,,,,
21/07/2020,294.1,295.8,297.5,,,,,,
22/07/2020,290.85,292.45,294.2,,,,,,
23/07/2020,292.45,293.85,295.45,,,,,,
24/07/2020,288.2,289.25,290.95,,,,,,
27/07/2020,288.8,289.75,291.65,,,,,,
28/07/2020,290.5,291.75,293.65,,,,,,
29/07/2020,290.55,291.9,293.75,,,,,,
30/07/2020,291.4,293.35,294.45,,,,,,
31/07/2020,286.8,289.05,290.45,,,,,,
3/08/2020,291.2,293.45,294.95,,,,,,
4/08/2020,289.45,291.75,293.5,,,,,,
5/08/2020,291.7,293.9,295.75,,,,,,
6/08/2020,291.05,293.45,295.45,,,,,,
7/08/2020,279.25,281.55,283.5,,,,,,
10/08/2020,286.15,288.3,290.15,,,,,,
11/08/2020,287.55,289.65,291.4,,,,,,
12/08/2020,289.1,291.2,292.9,,,,,,
13/08/2020,280.7,283.2,285,,,,,,
14/08/2020,285.9,288.2,289.8,,,,,,
17/08/2020,290.15,292.25,293.85,,,,,,
18/08/2020,297.5,299.15,300.4,,,,,,
19/08/2020,302.3,303.8,305,,,,,,
20/08/2020,297.45,299.15,300.6,,,,,,
21/08/2020,291.75,293.4,295.05,,,,,,
24/08/2020,292.65,294.55,296.3,,,,,,
25/08/2020,293.4,295.35,297,,,,,,
26/08/2020,296.15,298.15,299.65,,,,,,
27/08/2020,296.75,299.05,300.45,,,,,,
28/08/2020,299.5,301.95,303.25,,,,,,
31/08/2020,304.1,306.15,307.65,,,,,,
1/09/2020,300.95,302.85,304.35,,,,,,
2/09/2020,300.3,302.05,303.65,,,,,,
3/09/2020,295.8,297.5,299.15,,,,,,
4/09/2020,304.65,306.2,307.65,,,,,,
8/09/2020,301.25,302.5,304.1,,,,,,
9/09/2020,304,305.15,306.7,,,,,,
10/09/2020,298.7,299.85,301.35,,,,,,
11/09/2020,303.4,303.95,305.35,,,,,,
14/09/2020,306.65,306.8,308.2,,,,,,
15/09/2020,306.3,306.3,307.7,,,,,,
16/09/2020,305.8,306.1,307.45,,,,,,
17/09/2020,306.65,307.1,308.4,,,,,,
18/09/2020,311.35,311.6,312.1,,,,,,
21/09/2020,302.95,303.2,303.25,,,,,,
22/09/2020,305.9,306.1,306.15,,,,,,
23/09/2020,299.35,299.3,299.9,,,,,,
24/09/2020,296.9,296.8,297.3,,,,,,
25/09/2020,297.3,297.1,297.55,,,,,,
28/09/2020,298.95,299,299.55,,,,,,
29/09/2020,299,299.55,299.85,,,,,,
30/09/2020,303.25,303.9,304.25,,,,,,
1/10/2020,286.55,287.4,288.05,,,,,,
2/10/2020,297.75,298.45,299,,,,,,
5/10/2020,296.3,297.1,297.7,,,,,,
6/10/2020,296.35,297.2,297.8,,,,,,
7/10/2020,303.3,303.95,304.25,,,,,,
8/10/2020,304.2,304.4,304.4,,,,,,
9/10/2020,308.25,308.15,308,,,,,,
12/10/2020,306.4,306.85,307,,,,,,
13/10/2020,304.45,305.15,305.35,,,,,,
14/10/2020,305.05,305.9,306.35,,,,,,
15/10/2020,308.55,309.1,309.3,,,,,,
16/10/2020,306.75,307.05,307.2,,,,,,
19/10/2020,308.6,308.65,308.7,,,,,,
20/10/2020,314.8,314.6,314.35,,,,,,
21/10/2020,319.85,319.45,319.2,,,,,,
22/10/2020,315.35,315.35,315.35,,,,,,
23/10/2020,312.9,312.95,313.05,,,,,,
26/10/2020,308.95,309.05,309.25,,,,,,
27/10/2020,309.35,309.75,310.05,,,,,,
28/10/2020,306.4,306.8,307.1,,,,,,
29/10/2020,305.65,306.1,306.4,,,,,,
30/10/2020,304.75,305.25,305.65,,,,,,
2/11/2020,307.7,308.25,308.55,,,,,,
3/11/2020,309.25,309.2,309.3,,,,,,
4/11/2020,310.7,310.8,311,,,,,,
5/11/2020,311,311.5,311.85,,,,,,
6/11/2020,315.4,315.95,316.35,,,,,,
9/11/2020,315.6,316.2,316.7,,,,,,
10/11/2020,315.55,316.25,316.85,,,,,,
11/11/2020,313.4,314.1,314.7,,,,,,
12/11/2020,314.5,315.2,315.7,,,,,,
13/11/2020,317.8,318.5,318.9,,,,,,
16/11/2020,322.2,322.95,323.4,,,,,,
17/11/2020,319.8,320.95,321.55,,,,,,
18/11/2020,319.8,321.25,321.75,,,,,,
19/11/2020,320.2,322,322.5,,,,,,
20/11/2020,329.1,331,331.25,,,,,,
23/11/2020,325.8,327.8,328.35,,,,,,
24/11/2020,329.95,332,332.45,,,,,,
25/11/2020,330.95,333.05,333.6,,,,,,
27/11/2020,339.95,341.75,342.1,,,,,,
30/11/2020,342.05,343.8,344.3,,,,,,
1/12/2020,346.8,348.5,349,,,,,,
2/12/2020,347.5,348.9,349.25,,,,,,
3/12/2020,347.9,349.05,349.4,,,,,,
4/12/2020,351.4,352.45,352.85,,,,,,
7/12/2020,350.85,351.65,352.15,,,,,,
8/12/2020,349.4,349.9,350.45,,,,,,
9/12/2020,350.8,351.35,351.9,,,,,,
10/12/2020,357.05,357.6,358.05,,,,,,
11/12/2020,352.4,352.8,353.4,,,,,,
14/12/2020,352.2,352.65,353.35,,,,,,
15/12/2020,353.8,354.45,355,,,,,,
16/12/2020,355.4,355.9,356.3,,,,,,
17/12/2020,359.7,360.15,360.55,,,,,,
18/12/2020,362.85,363.25,363.7,,,,,,
21/12/2020,357.3,357.75,358.4,,,,,,
22/12/2020,351.8,352,352.65,,,,,,
23/12/2020,355.2,355.6,356.2,,,,,,
24/12/2020,356,356.25,356.75,,,,,,
28/12/2020,357,357.1,357.65,,,,,,
29/12/2020,355.3,355.55,356.05,,,,,,
30/12/2020,354.9,355.45,355.75,,,,,,
31/12/2020,351.9,352.4,352.65,,,,,,
4/01/2021,355.45,356.15,356.45,,,,,,
5/01/2021,363.95,364.6,364.85,,,,,,
6/01/2021,365.05,365.75,366,,,,,,
7/01/2021,369.6,370.3,370.55,,,,,,
8/01/2021,367.35,368,368.3,,,,,,
11/01/2021,356.45,357.05,357.3,,,,,,
12/01/2021,360.55,361.1,361.2,,,,,,
13/01/2021,361.7,362.2,362.35,,,,,,
14/01/2021,366.45,366.8,366.85,,,,,,
15/01/2021,360.2,360.7,360.85,,,,,,
19/01/2021,363.35,363.85,363.8,,,,,,
20/01/2021,364.15,364.65,364.65,,,,,,
21/01/2021,364.75,365.35,365.4,,,,,,
22/01/2021,362.6,363.15,363.2,,,,,,
25/01/2021,362.95,363.55,363.7,,,,,,
26/01/2021,361.95,362.65,362.9,,,,,,
27/01/2021,355.75,356.5,356.75,,,,,,
28/01/2021,357.8,358.05,357.95,,,,,,
29/01/2021,355.6,355.65,355.6,,,,,,
1/02/2021,354.6,354.45,354.4,,,,,,
2/02/2021,352.45,352.45,352.45,,,,,,
3/02/2021,356.55,356.5,356.45,,,,,,
4/02/2021,355.3,355.5,355.55,,,,,,
5/02/2021,362.6,362.65,362.45,,,,,,
8/02/2021,366.6,366.7,366.2,,,,,,
9/02/2021,372,371.9,371.25,,,,,,
10/02/2021,377.25,377.4,377,,,,,,
11/02/2021,377.15,377.45,377.15,,,,,,
12/02/2021,378.8,378.85,378.25,,,,,,
16/02/2021,383.4,383.45,382.85,,,,,,
17/02/2021,382.05,382.55,382.2,,,,,,
18/02/2021,390.1,390.7,390.3,,,,,,
19/02/2021,407.4,407.75,407.25,,,,,,
22/02/2021,414.1,414.9,414.55,,,,,,
23/02/2021,417.85,418.75,418.5,,,,,,
24/02/2021,429.45,430.4,430,,,,,,
25/02/2021,426.6,426.35,425.85,,,,,,
26/02/2021,409.45,409.25,409.05,,,,,,
1/03/2021,411.95,411.3,411.2,,,,,,
2/03/2021,423.15,422.2,421.9,,,,,,
3/03/2021,415.3,414.2,414.05,,,,,,
4/03/2021,399.1,397.85,397.8,,,,,,
5/03/2021,408.7,407.55,407.5,,,,,,
8/03/2021,410.35,409.3,409.15,,,,,,
9/03/2021,401.95,400.85,400.8,,,,,,
10/03/2021,404.2,403.25,403.25,,,,,,
11/03/2021,414.3,413.9,414.1,,,,,,
12/03/2021,414.55,414,414.15,,,,,,
15/03/2021,414.65,414.05,414.15,,,,,,
16/03/2021,407.9,407.15,407.3,,,,,,
17/03/2021,412.8,411.9,412.05,,,,,,
18/03/2021,411.7,410.8,410.9,,,,,,
19/03/2021,412.35,411.3,411.35,,,,,,
22/03/2021,414.9,413.95,414.15,,,,,,
23/03/2021,408.8,407.95,408.15,,,,,,
24/03/2021,407.15,406.4,406.75,,,,,,
25/03/2021,398.5,397.8,398.15,,,,,,
26/03/2021,407.85,406.8,407.05,,,,,,
29/03/2021,404.3,403.45,403.85,,,,,,
30/03/2021,397.85,398.25,398.25,,,,,,
31/03/2021,399.55,400.05,400.15,,,,,,
1/04/2021,399.05,399.45,399.55,,,,,,
2/04/2021,399.05,399.45,399.55,,,,,,
5/04/2021,413.75,414.05,414.1,,,,,,
6/04/2021,411.65,411.85,411.65,,,,,,
7/04/2021,405.45,405.75,405.75,,,,,,
8/04/2021,409.45,409.9,409.95,,,,,,
9/04/2021,404,404.6,404.8,,,,,,
12/04/2021,401.85,402.55,402.85,,,,,,
13/04/2021,403.15,403.9,404.2,,,,,,
14/04/2021,412.85,413.4,413.35,,,,,,
15/04/2021,421.85,422.5,422.6,,,,,,
16/04/2021,416.8,417.3,417.5,,,,,,
19/04/2021,423.8,424.5,424.75,,,,,,
20/04/2021,421.3,422.1,422.4,,,,,,
21/04/2021,427.9,428.75,429,,,,,,
22/04/2021,427.3,427.95,428.2,,,,,,
23/04/2021,433.6,434.1,434.2,,,,,,
26/04/2021,444.1,444.45,444.5,,,,,,
27/04/2021,448.8,448.55,448.7,,,,,,
28/04/2021,449.8,449.75,449.65,,,,,,
29/04/2021,449.3,448.65,448.65,,,,,,
30/04/2021,447.9,446.8,446.8,,,,,,
3/05/2021,454.3,452.85,452.75,,,,,,
4/05/2021,453.6,452.15,451.95,,,,,,
5/05/2021,453.9,452.4,452.2,,,,,,
6/05/2021,461.9,460.25,459.95,,,,,,
7/05/2021,476.6,474.85,474.6,,,,,,
10/05/2021,473.35,471.6,471.6,,,,,,
11/05/2021,477.85,476.2,476.4,,,,,,
12/05/2021,475.25,473.6,473.75,,,,,,
13/05/2021,470.55,469.05,469.3,,,,,,
14/05/2021,466.4,465.45,465.9,,,,,,
17/05/2021,472.15,471.15,471.65,,,,,,
18/05/2021,473.55,472.55,473.05,,,,,,
19/05/2021,458.95,457.65,458.1,,,,,,
20/05/2021,458.2,456.8,457.3,,,,,,
21/05/2021,449.6,448.1,448.7,,,,,,
24/05/2021,454.15,452.55,453.15,,,,,,
25/05/2021,452.2,450.65,451.3,,,,,,
26/05/2021,453.3,452.95,453.6,,,,,,
27/05/2021,466.3,466.95,467.2,,,,,,
28/05/2021,467.75,468.3,468.6,,,,,,
1/06/2021,465.35,465.85,466.15,,,,,,
2/06/2021,459.15,459.75,460.15,,,,,,
3/06/2021,446.3,446.9,447.55,,,,,,
4/06/2021,452.9,453.4,453.9,,,,,,
7/06/2021,452.65,453.3,453.9,,,,,,
8/06/2021,455.6,456.25,456.65,,,,,,
9/06/2021,453.1,453.75,454.25,,,,,,
10/06/2021,448.5,449.25,449.9,,,,,,
11/06/2021,453.75,454.55,455.05,,,,,,
14/06/2021,452.7,453.4,453.9,,,,,,
15/06/2021,433.3,434.1,434.7,,,,,,
16/06/2021,438.5,439.1,439.7,,,,,,
17/06/2021,417.8,418.55,419.15,,,,,,
18/06/2021,415.7,416.35,416.95,,,,,,
21/06/2021,418.4,418.45,418.8,,,,,,
22/06/2021,423,421.9,421.95,,,,,,
23/06/2021,433.05,432.4,432.6,,,,,,
24/06/2021,431.1,430.5,430.7,,,,,,
25/06/2021,429.2,428.95,429.05,,,,,,
28/06/2021,427.8,427.85,428.05,,,,,,
29/06/2021,427.65,426.45,425.7,,,,,,
30/06/2021,429.65,428.9,428.35,,,,,,
1/07/2021,424.2,423.6,423.1,,,,,,
2/07/2021,428.2,427.6,427.25,,,,,,
6/07/2021,425.8,425.1,424.7,,,,,,
7/07/2021,432.9,432.25,431.85,,,,,,
8/07/2021,427.15,426.45,426.25,,,,,,
9/07/2021,435.25,434.55,434.3,,,,,,
12/07/2021,432.3,431.6,431.2,,,,,,
13/07/2021,431.45,430.7,430.25,,,,,,
14/07/2021,427.7,426.75,426.45,,,,,,
15/07/2021,433.3,432.3,431.9,,,,,,
16/07/2021,433.25,432.3,431.95,,,,,,
19/07/2021,421.05,420.15,419.9,,,,,,
20/07/2021,427.35,426.3,426.05,,,,,,
21/07/2021,428.25,427.2,426.9,,,,,,
22/07/2021,434.8,433.75,433.35,,,,,,
23/07/2021,440.65,440,438.9,,,,,,
26/07/2021,458.9,458.5,454.55,,,,,,
27/07/2021,454.6,454.45,450.5,,,,,,
28/07/2021,447.9,448.2,445.55,,,,,,
29/07/2021,452.35,450.15,449.35,,,,,,
30/07/2021,448.25,445.55,444.4,,,,,,
2/08/2021,443.3,441.55,441.15,,,,,,
3/08/2021,438.6,437.45,437.05,,,,,,
4/08/2021,433.25,432.1,432,,,,,,
5/08/2021,434.8,433.3,433.05,,,,,,
6/08/2021,434.8,433.9,433.45,,,,,,
9/08/2021,428.95,428.15,427.9,,,,,,
10/08/2021,435.4,434.6,434.25,,,,,,
11/08/2021,436.75,436,435.6,,,,,,
12/08/2021,436,434.95,434.35,,,,,,
13/08/2021,439.15,438.15,437.3,,,,,,
16/08/2021,432.7,432.15,431.7,,,,,,
17/08/2021,420.6,420.45,420.4,,,,,,
18/08/2021,412,412,412.15,,,,,,
19/08/2021,404.1,404.35,404.5,,,,,,
20/08/2021,413.7,412.3,412.25,,,,,,
23/08/2021,423.7,422.1,421.75,,,,,,
24/08/2021,425.8,426.05,425.85,,,,,,
25/08/2021,426.75,427.6,427,,,,,,
26/08/2021,424.75,425.95,425.05,,,,,,
27/08/2021,431.85,433.2,431.65,,,,,,
30/08/2021,436.1,437.55,436.2,,,,,,
31/08/2021,436,437.5,435.75,,,,,,
1/09/2021,426.3,427.8,426.8,,,,,,
2/09/2021,429,430.4,429.55,,,,,,
3/09/2021,432.55,433.4,432.45,,,,,,
7/09/2021,427.75,428.15,427.3,,,,,,
8/09/2021,423.2,423.3,422.8,,,,,,
9/09/2021,428.35,428.55,428.2,,,,,,
10/09/2021,444.8,445.2,444.35,,,,,,
13/09/2021,436.35,436.7,435.9,,,,,,
14/09/2021,431.8,432.1,431.5,,,,,,
15/09/2021,440.35,440.65,439.8,,,,,,
16/09/2021,427.85,428.15,427.55,,,,,,
17/09/2021,424.55,424.6,423.95,,,,,,
20/09/2021,411.7,411.45,411,,,,,,
21/09/2021,412.8,412.6,412,,,,,,
22/09/2021,425.25,425.2,424.6,,,,,,
23/09/2021,423.1,423.1,422.6,,,,,,
24/09/2021,428.75,428.55,427.6,,,,,,
27/09/2021,429.35,428.95,427.4,,,,,,
28/09/2021,424.5,424.65,422.85,,,,,,
29/09/2021,419.9,418.4,417.6,,,,,,
30/09/2021,408.9,407.25,406.3,,,,,,
1/10/2021,418.85,416.85,415.75,,,,,,
4/10/2021,423.85,422.2,421.2,,,,,,
5/10/2021,419.25,417.6,416.65,,,,,,
6/10/2021,414.75,413.3,412.65,,,,,,
7/10/2021,424.35,422.9,422.25,,,,,,
8/10/2021,427.55,426.1,425.4,,,,,,
11/10/2021,436.65,434.95,433.95,,,,,,
12/10/2021,432.55,430.8,429.85,,,,,,
13/10/2021,451.6,447.45,445.15,,,,,,
14/10/2021,463.15,458.45,456.15,,,,,,
15/10/2021,472.95,468.7,466.15,,,,,,
18/10/2021,472.55,468.1,465.4,,,,,,
19/10/2021,470.3,465.65,463,,,,,,
20/10/2021,473.45,468.95,466.55,,,,,,
21/10/2021,455.85,451.3,449.25,,,,,,
22/10/2021,449.8,446.4,444.9,,,,,,
25/10/2021,452.8,450.4,449.25,,,,,,
26/10/2021,448.6,446.95,446.1,,,,,,
27/10/2021,438.95,437.35,436.6,,,,,,
28/10/2021,443.85,441.45,440.1,,,,,,
29/10/2021,436.8,434,432.75,,,,,,
1/11/2021,439.35,435.9,434.6,,,,,,
2/11/2021,436.6,433.55,432.6,,,,,,
3/11/2021,432.1,430,429.3,,,,,,
4/11/2021,432.05,429.95,429.3,,,,,,
5/11/2021,434.3,432.45,431.8,,,,,,
8/11/2021,439.9,438.6,437.85,,,,,,
9/11/2021,437.3,436.55,435.9,,,,,,
10/11/2021,432.3,431.95,431.6,,,,,,
11/11/2021,439.95,439.35,438.5,,,,,,
12/11/2021,444.95,444.5,443.7,,,,,,
15/11/2021,440,440.3,439.8,,,,,,
16/11/2021,435.15,435.95,435.7,,,,,,
17/11/2021,426.6,427.2,426.95,,,,,,
18/11/2021,430.45,430.5,430.05,,,,,,
19/11/2021,440.75,439.6,439,,,,,,
22/11/2021,439.65,439.65,439.3,,,,,,
23/11/2021,442.35,442.4,441.75,,,,,,
24/11/2021,445.9,447.05,446.55,,,,,,
26/11/2021,428.35,429.1,428.55,,,,,,
29/11/2021,433.7,434.1,433.5,,,,,,
30/11/2021,427.8,428,427.4,,,,,,
1/12/2021,424.75,424.75,424.15,,,,,,
2/12/2021,429.9,429.9,429.15,,,,,,
3/12/2021,426.65,426.7,426.05,,,,,,
6/12/2021,433.7,433.75,432.85,,,,,,
7/12/2021,433.8,433.95,433.2,,,,,,
8/12/2021,439.1,439.35,438.4,,,,,,
9/12/2021,433,433.3,432.35,,,,,,
10/12/2021,428.3,428.65,427.9,,,,,,
13/12/2021,428,428.4,428,,,,,,
14/12/2021,425.4,425.75,425.1,,,,,,
15/12/2021,417.95,418.25,417.75,,,,,,
16/12/2021,430.05,430.45,429.7,,,,,,
17/12/2021,429.1,429.5,428.8,,,,,,
20/12/2021,428.8,429.35,428.55,,,,,,
21/12/2021,433.8,434.6,433.7,,,,,,
22/12/2021,438.95,439.15,438.15,,,,,,
23/12/2021,438.7,439.25,438.3,,,,,,
27/12/2021,446.5,447.2,446.05,,,,,,
28/12/2021,442,443.3,442.55,,,,,,
29/12/2021,440.2,441.3,440.3,,,,,,
30/12/2021,439.25,438.55,437.7,,,,,,
31/12/2021,446.35,445.35,444.25,,,,,,
3/01/2022,442.15,441.5,440.75,,,,,,
4/01/2022,447.5,446.9,445.95,,,,,,
5/01/2022,441.35,441.05,440.4,,,,,,
6/01/2022,435.45,435.25,434.7,,,,,,
7/01/2022,441,440.8,440.3,,,,,,
10/01/2022,435.2,435.05,434.8,,,,,,
11/01/2022,442.9,442.7,442.3,,,,,,
12/01/2022,457.65,457.25,456.35,,,,,,
13/01/2022,454.6,454.25,453.55,,,,,,
14/01/2022,442.05,442.05,441.7,,,,,,
18/01/2022,438.25,438.5,438.35,,,,,,
19/01/2022,447,447.35,447.2,,,,,,
20/01/2022,458.25,458.25,457.5,,,,,,
21/01/2022,452.4,452.5,451.9,,,,,,
24/01/2022,441.25,441.7,441.5,,,,,,
25/01/2022,445,445.3,444.85,,,,,,
26/01/2022,451.5,451.9,451.3,,,,,,
27/01/2022,442.35,442.55,441.85,,,,,,
28/01/2022,431,431.35,431.15,,,,,,
31/01/2022,432.45,432.65,432.4,,,,,,
1/02/2022,443.4,443.25,442.7,,,,,,
2/02/2022,449.6,449.25,448.75,,,,,,
3/02/2022,447.1,447.05,446.65,,,,,,
4/02/2022,448.75,448.75,448.5,,,,,,
7/02/2022,446.25,446.75,446.6,,,,,,
8/02/2022,446.1,446.5,445.9,,,,,,
9/02/2022,460.25,460.15,458.8,,,,,,
10/02/2022,465.95,465.7,464.35,,,,,,
11/02/2022,450.6,450.95,450.4,,,,,,
14/02/2022,450.75,450.8,450.3,,,,,,
15/02/2022,453.15,453.6,453.2,,,,,,
16/02/2022,453.65,454.1,453.7,,,,,,
17/02/2022,452.3,452.8,452.4,,,,,,
18/02/2022,451.95,452.6,452.15,,,,,,
22/02/2022,451.05,451.75,451.25,,,,,,
23/02/2022,448.4,448.85,448.5,,,,,,
24/02/2022,445.6,446.1,445.75,,,,,,
25/02/2022,447.2,448.5,448.35,,,,,,
28/02/2022,444.45,445.45,445.4,,,,,,
1/03/2022,458.65,459.65,459.45,,,,,,
2/03/2022,465.55,466.55,466.1,,,,,,
3/03/2022,477.15,478.15,476.85,,,,,,
4/03/2022,492.9,493.75,491.25,,,,,,
7/03/2022,472.2,473.1,471.9,,,,,,
8/03/2022,470.05,471,470.1,,,,,,
9/03/2022,456.4,457.25,456.4,,,,,,
10/03/2022,464.35,465.25,464.3,,,,,,
11/03/2022,461.6,462.55,461.9,,,,,,
14/03/2022,451.25,452.3,452.15,,,,,,
15/03/2022,450.15,451.3,451.3,,,,,,
16/03/2022,458.8,460.05,459.8,,,,,,
17/03/2022,469.05,470.2,469.55,,,,,,
18/03/2022,473.05,473.95,473.35,,,,,,
21/03/2022,470.15,471.05,471,,,,,,
22/03/2022,468.9,470,470,,,,,,
23/03/2022,476.25,477.65,477.45,,,,,,
24/03/2022,472.9,474.25,474.3,,,,,,
25/03/2022,468.6,469.85,470,,,,,,
28/03/2022,471.4,472.55,472.85,,,,,,
29/03/2022,471.65,473.1,473.3,,,,,,
30/03/2022,475.05,475.45,475.1,,,,,,
31/03/2022,475.1,475.55,475.3,,,,,,
1/04/2022,468.85,469.4,469.2,,,,,,
4/04/2022,478.15,478.65,478.25,,,,,,
5/04/2022,479.5,480.15,479.95,,,,,,
6/04/2022,473.8,474.55,474.45,,,,,,
7/04/2022,469.95,470.9,471,,,,,,
8/04/2022,472.5,473.75,474.05,,,,,,
11/04/2022,463.4,464.95,465.55,,,,,,
12/04/2022,470.95,472.75,473.45,,,,,,
13/04/2022,471.2,473.05,473.45,,,,,,
14/04/2022,472.35,474.1,474.25,,,,,,
18/04/2022,480.2,482.15,482.5,,,,,,
19/04/2022,471.8,473.95,474.5,,,,,,
20/04/2022,465.2,467.55,468.35,,,,,,
21/04/2022,470.4,472.25,473.15,,,,,,
22/04/2022,458.15,460.2,461.5,,,,,,
25/04/2022,444.9,447.2,448.45,,,,,,
26/04/2022,444.1,446.4,447.55,,,,,,
27/04/2022,445.65,447.5,448.45,,,,,,
28/04/2022,441.35,443.35,444.25,,,,,,
29/04/2022,439.5,440.85,441.35,,,,,,
2/05/2022,425.55,426.8,427.1,,,,,,
3/05/2022,427.1,428.3,428.7,,,,,,
4/05/2022,432.85,433.8,434.05,,,,,,
5/05/2022,428.5,429.15,429.55,,,,,,
6/05/2022,426.15,426.7,427.45,,,,,,
9/05/2022,419.3,419.35,420.15,,,,,,
10/05/2022,415.45,415.45,416.35,,,,,,
11/05/2022,421.25,420.9,421.4,,,,,,
12/05/2022,410.5,410.05,410.6,,,,,,
13/05/2022,418.05,417.5,417.8,,,,,,
16/05/2022,419.65,419.15,419.35,,,,,,
17/05/2022,423.95,423.9,424.1,,,,,,
18/05/2022,418.2,417.85,418,,,,,,
19/05/2022,428.5,428.3,428.4,,,,,,
20/05/2022,428.1,427.5,427.85,,,,,,
23/05/2022,434.75,434.55,434.8,,,,,,
24/05/2022,432.55,430.5,431,,,,,,
25/05/2022,427.7,425.45,426.15,,,,,,
26/05/2022,425.5,425.9,426.65,,,,,,
27/05/2022,430.65,431.45,432.4,,,,,,
31/05/2022,429.6,430.45,431.35,,,,,,
1/06/2022,432.85,433.7,434.4,,,,,,
2/06/2022,455.25,456.2,456.9,,,,,,
3/06/2022,447.2,448.45,449.3,,,,,,
6/06/2022,443.5,444.75,445.4,,,,,,
7/06/2022,443.55,444.8,445.5,,,,,,
8/06/2022,445.45,446.1,446.4,,,,,,
9/06/2022,438.1,439.3,439.85,,,,,,
10/06/2022,429.45,431.1,431.9,,,,,,
13/06/2022,421.15,422.8,423.4,,,,,,
14/06/2022,415.65,417.6,418.5,,,,,,
15/06/2022,416.35,418.25,419.1,,,,,,
16/06/2022,410.8,412.65,413.65,,,,,,
17/06/2022,401.35,402.95,403.95,,,,,,
21/06/2022,403.9,404.85,405.65,,,,,,
22/06/2022,394.4,395,395.9,,,,,,
23/06/2022,373.9,374.65,376.1,,,,,,
24/06/2022,374.05,374.45,375.65,,,,,,
27/06/2022,376.25,376.6,377.5,,,,,,
28/06/2022,377.4,378,379.05,,,,,,
29/06/2022,377.9,378.05,379.15,,,,,,
30/06/2022,371.45,371,372.15,,,,,,
1/07/2022,361.9,360.4,361.5,,,,,,
5/07/2022,342.5,341.5,342.5,,,,,,
6/07/2022,341.8,340.8,341.4,,,,,,
7/07/2022,358.2,357.2,357.75,,,,,,
8/07/2022,353.2,352.2,352.7,,,,,,
11/07/2022,343.75,343.05,343.2,,,,,,
12/07/2022,329.65,328.8,328.9,,,,,,
13/07/2022,332.55,332.25,332.35,,,,,,
14/07/2022,321.05,321.15,321.25,,,,,,
15/07/2022,323.45,323.4,323.75,,,,,,
18/07/2022,334.8,334.6,335.35,,,,,,
19/07/2022,329.15,329.1,329.85,,,,,,
20/07/2022,332.95,332.5,333.25,,,,,,
21/07/2022,330.2,329.85,330.55,,,,,,
22/07/2022,334.85,334.95,335.7,,,,,,
25/07/2022,335.1,335.45,336.65,,,,,,
26/07/2022,338.25,338.45,339.75,,,,,,
27/07/2022,342.95,343,344.1,,,,,,
28/07/2022,347.45,348.75,349.7,,,,,,
29/07/2022,357.35,358.05,358.75,,,,,,
1/08/2022,354.25,355.1,355.9,,,,,,
2/08/2022,351.85,352.65,353.35,,,,,,
3/08/2022,346.7,347.65,348.45,,,,,,
4/08/2022,348.15,349.35,350.3,,,,,,
5/08/2022,355.2,356.5,357.5,,,,,,
8/08/2022,358.65,359.85,360.65,,,,,,
9/08/2022,358.55,359.85,360.65,,,,,,
10/08/2022,364.95,366.05,366.65,,,,,,
11/08/2022,370.65,371.65,372.15,,,,,,
12/08/2022,366.85,367.9,368.55,,,,,,
15/08/2022,361.75,362.65,363.4,,,,,,
16/08/2022,362.45,363.05,363.75,,,,,,
17/08/2022,358.35,359,359.65,,,,,,
18/08/2022,363.15,363.6,364.05,,,,,,
19/08/2022,366.45,367.1,367.65,,,,,,
22/08/2022,365.15,365.35,365.65,,,,,,
23/08/2022,369.55,369.15,369.2,,,,,,
24/08/2022,364.4,364.8,365.1,,,,,,
25/08/2022,369.9,369.8,369.65,,,,,,
26/08/2022,369.7,369.7,369.85,,,,,,
29/08/2022,361.2,361.05,361.4,,,,,,
30/08/2022,354.5,355.1,355.6,,,,,,
31/08/2022,351.85,351.85,351.7,,,,,,
1/09/2022,341.45,340.65,340.5,,,,,,
2/09/2022,342.15,341.35,340.9,,,,,,
6/09/2022,346.9,346.2,345.9,,,,,,
7/09/2022,343.8,343.05,342.65,,,,,,
8/09/2022,353.6,352.7,352.2,,,,,,
9/09/2022,358.1,356.8,356.15,,,,,,
12/09/2022,362.55,361.05,360.3,,,,,,
13/09/2022,358.1,355.55,354.8,,,,,,
14/09/2022,354.55,351.95,351.35,,,,,,
15/09/2022,352.35,349,348,,,,,,
16/09/2022,356.1,351.65,350.5,,,,,,
19/09/2022,355.75,351.25,350.45,,,,,,
20/09/2022,354.8,350.3,349.55,,,,,,
21/09/2022,351.2,346.7,345.85,,,,,,
22/09/2022,349.85,347.1,346.15,,,,,,
23/09/2022,337.15,334.3,333.7,,,,,,
26/09/2022,331.35,329.45,328.55,,,,,,
27/09/2022,332.3,328.35,327.55,,,,,,
28/09/2022,338.2,335.85,334.7,,,,,,
29/09/2022,341.8,340.3,338.9,,,,,,
30/09/2022,341.25,339.4,338.15,,,,,,
3/10/2022,341,339.15,338.3,,,,,,
4/10/2022,349,347.05,345.9,,,,,,
5/10/2022,350.05,348.3,347.45,,,,,,
6/10/2022,344.6,342.9,342.2,,,,,,
7/10/2022,338.65,336.85,336.1,,,,,,
10/10/2022,343.05,341.15,340.2,,,,,,
11/10/2022,346.2,344.55,343.7,,,,,,
12/10/2022,342.5,340.8,339.75,,,,,,
13/10/2022,344.05,342.3,341.3,,,,,,
14/10/2022,342.35,340.45,339.15,,,,,,
17/10/2022,341.55,340.1,339.2,,,,,,
18/10/2022,336.2,335.1,334.55,,,,,,
19/10/2022,331.8,331.1,330.6,,,,,,
20/10/2022,341.05,340.15,339.35,,,,,,
21/10/2022,347.45,345.65,344.6,,,,,,
24/10/2022,343.05,341.7,340.95,,,,,,
25/10/2022,339.7,338.45,337.85,,,,,,
26/10/2022,354.5,352.45,351.45,,,,,,
27/10/2022,351.95,350.25,349.4,,,,,,
28/10/2022,342.9,341.35,340.45,,,,,,
31/10/2022,337.5,335.75,334.9,,,,,,
1/11/2022,347.25,345.7,344.95,,,,,,
2/11/2022,346.85,345.45,345,,,,,,
3/11/2022,342.7,341.65,341.35,,,,,,
4/11/2022,368.65,367.35,366.65,,,,,,
7/11/2022,360.35,360.05,359.85,,,,,,
8/11/2022,368.25,367.6,367.35,,,,,,
9/11/2022,370,369.1,368.6,,,,,,
10/11/2022,375.8,374.95,374.2,,,,,,
11/11/2022,391.35,390.1,389.45,,,,,,
14/11/2022,383.35,382.75,382.2,,,,,,
15/11/2022,382,381.95,381.55,,,,,,
16/11/2022,377.35,377.35,377.15,,,,,,
17/11/2022,368.8,369.4,369.5,,,,,,
18/11/2022,363.2,364.15,364.4,,,,,,
21/11/2022,357.15,357.6,357.9,,,,,,
22/11/2022,361.45,361.45,361.6,,,,,,
23/11/2022,361.8,361.85,362,,,,,,
25/11/2022,362.75,363.05,363.05,,,,,,
28/11/2022,361.15,361.55,361.2,,,,,,
29/11/2022,363,363.95,363.85,,,,,,
30/11/2022,372.95,373.8,373.6,,,,,,
1/12/2022,381.4,381.75,381.7,,,,,,
2/12/2022,384.8,385.05,384.95,,,,,,
5/12/2022,378.95,379.5,379.8,,,,,,
6/12/2022,381.15,381.8,382.15,,,,,,
7/12/2022,385.55,386.05,386.25,,,,,,
8/12/2022,388.05,388.35,388.3,,,,,,
9/12/2022,387.6,387.85,388,,,,,,
12/12/2022,379.85,380.05,380.35,,,,,,
13/12/2022,383.95,384.2,384.3,,,,,,
14/12/2022,387.5,387.8,387.95,,,,,,
15/12/2022,376.3,376.3,376.8,,,,,,
16/12/2022,376.15,376.15,376.6,,,,,,
19/12/2022,378.3,378.3,378.65,,,,,,
20/12/2022,379.75,379.9,380.25,,,,,,
21/12/2022,380.6,381,381.1,,,,,,
22/12/2022,375.15,375.7,376,,,,,,
23/12/2022,380.3,380.9,381.05,,,,,,
27/12/2022,383.35,384.05,384.4,,,,,,
28/12/2022,383.2,384.25,384.75,,,,,,
29/12/2022,382.4,382.75,382.85,,,,,,
30/12/2022,381.05,381.45,381.6,,,,,,
3/01/2023,376.65,377.3,377.85,,,,,,
4/01/2023,374.05,374.6,375.3,,,,,,
5/01/2023,382.1,382.45,382.9,,,,,,
6/01/2023,391.1,391.3,391.5,,,,,,
9/01/2023,402.65,402.95,403.15,,,,,,
10/01/2023,407.75,407.9,408.05,,,,,,
11/01/2023,416.6,416.9,417,,,,,,
12/01/2023,419.65,420.1,420.4,,,,,,
13/01/2023,421.6,422.05,422.35,,,,,,
17/01/2023,422.3,423,423.3,,,,,,
18/01/2023,423.45,424.2,424.5,,,,,,
19/01/2023,423.15,423.8,424.15,,,,,,
20/01/2023,425.15,425.75,426,,,,,,
23/01/2023,425.65,426.55,427.05,,,,,,
24/01/2023,424.85,425.75,426.25,,,,,,
25/01/2023,424.45,425.45,425.9,,,,,,
26/01/2023,426.75,427.55,427.8,,,,,,
27/01/2023,422.25,423.2,423.5,,,,,,
30/01/2023,420.2,421.15,421.55,,,,,,
31/01/2023,422.6,423.45,423.7,,,,,,
1/02/2023,411.1,412.2,412.65,,,,,,
2/02/2023,409.1,410.4,411.1,,,,,,
3/02/2023,405.65,406.95,407.65,,,,,,
6/02/2023,403.5,404.95,405.85,,,,,,
7/02/2023,408.05,409.4,410.1,,,,,,
8/02/2023,403.55,404.85,405.4,,,,,,
9/02/2023,409.7,410.9,411.35,,,,,,
10/02/2023,401.65,403.1,403.75,,,,,,
13/02/2023,405.75,407.25,407.95,,,,,,
14/02/2023,407.5,409.1,409.8,,,,,,
15/02/2023,401.05,402.15,402.7,,,,,,
16/02/2023,413.55,412.15,412.45,,,,,,
17/02/2023,410.85,410.5,410.85,,,,,,
21/02/2023,422.55,421.2,420.95,,,,,,
22/02/2023,419.05,418.5,418.35,,,,,,
23/02/2023,405.9,405.6,405.85,,,,,,
24/02/2023,395.2,395.3,395.5,,,,,,
27/02/2023,400.9,401.1,401.15,,,,,,
28/02/2023,409.75,408.95,409.1,,,,,,
1/03/2023,416.8,416,415.9,,,,,,
2/03/2023,408.4,407.6,407.7,,,,,,
3/03/2023,407.8,406.7,407,,,,,,
6/03/2023,410.05,408.85,409.25,,,,,,
7/03/2023,398.65,397.5,398,,,,,,
8/03/2023,404.15,402.7,403.1,,,,,,
9/03/2023,405.45,403.9,404.15,,,,,,
10/03/2023,404.55,403.05,403.55,,,,,,
13/03/2023,406.95,405.35,405.9,,,,,,
14/03/2023,401.05,400.3,401,,,,,,
15/03/2023,385.65,384.3,385.05,,,,,,
16/03/2023,388.55,386.45,387,,,,,,
17/03/2023,391.35,389.25,389.6,,,,,,
20/03/2023,397.55,395.15,395.45,,,,,,
21/03/2023,401.85,399.4,399.7,,,,,,
22/03/2023,406.85,404.45,404.5,,,,,,
23/03/2023,414.6,412.35,412.2,,,,,,
24/03/2023,410.15,407.5,407.75,,,,,,
27/03/2023,410.45,407.85,408.5,,,,,,
28/03/2023,411.2,408.55,409.25,,,,,,
29/03/2023,411.5,408.65,409.3,,,,,,
30/03/2023,409.15,409.95,410.4,,,,,,
31/03/2023,409.45,410.25,410.65,,,,,,
3/04/2023,404.55,405.45,406,,,,,,
4/04/2023,397.1,397.9,398.45,,,,,,
5/04/2023,398.65,399.15,399.55,,,,,,
6/04/2023,401.55,402.05,402.4,,,,,,
7/04/2023,401.55,402.05,402.4,,,,,,
10/04/2023,397.65,398.35,398.85,,,,,,
11/04/2023,401.95,402.6,403,,,,,,
12/04/2023,408.1,408.2,408.3,,,,,,
13/04/2023,412.4,412.05,412,,,,,,
14/04/2023,410.65,410.6,410.45,,,,,,
17/04/2023,406.6,406.95,407.25,,,,,,
18/04/2023,409.15,409.65,409.95,,,,,,
19/04/2023,407.7,408.1,408.45,,,,,,
20/04/2023,402.55,403.25,403.75,,,,,,
21/04/2023,398,398.65,399.15,,,,,,
24/04/2023,395.4,396.45,397.05,,,,,,
25/04/2023,384.8,386.5,387.1,,,,,,
26/04/2023,385.35,386.15,386.6,,,,,,
27/04/2023,386.45,388.4,388.85,,,,,,
28/04/2023,387,389.05,389.75,,,,,,
1/05/2023,391.7,393.4,394.05,,,,,,
2/05/2023,384.8,386.25,387.1,,,,,,
3/05/2023,383.15,384.5,385.35,,,,,,
4/05/2023,385,386.3,387.25,,,,,,
5/05/2023,387.15,388.3,389.3,,,,,,
8/05/2023,391.8,392.95,394.1,,,,,,
9/05/2023,388.9,390.15,391.4,,,,,,
10/05/2023,382.8,384.1,385.45,,,,,,
11/05/2023,369.75,371,372.25,,,,,,
12/05/2023,371.65,372.85,373.8,,,,,,
15/05/2023,373.75,375.1,376.15,,,,,,
16/05/2023,365.45,366.7,368,,,,,,
17/05/2023,374.3,375.45,376.65,,,,,,
18/05/2023,368.15,368.95,370.25,,,,,,
19/05/2023,372.25,373.2,374.4,,,,,,
22/05/2023,367.4,368.5,369.9,,,,,,
23/05/2023,364.15,365.45,367,,,,,,
24/05/2023,355.35,356.15,358,,,,,,
25/05/2023,358.05,358.8,360.35,,,,,,
26/05/2023,367.35,368.2,369.6,,,,,,
30/05/2023,366.3,367.9,369.8,,,,,,
31/05/2023,363.7,365.35,367.3,,,,,,
1/06/2023,371.1,372.7,374.45,,,,,,
2/06/2023,372.75,374.3,376,,,,,,
5/06/2023,376.8,378.15,379.7,,,,,,
6/06/2023,376.85,378.1,379.45,,,,,,
7/06/2023,375.6,376.55,377.7,,,,,,
8/06/2023,379.5,380.3,381.4,,,,,,
9/06/2023,378.9,380,381.2,,,,,,
12/06/2023,375.2,376.55,377.95,,,,,,
13/06/2023,383.1,384.1,384.95,,,,,,
14/06/2023,387,387.65,388.2,,,,,,
15/06/2023,390.1,390.4,390.9,,,,,,
16/06/2023,388.9,389.85,390.8,,,,,,
20/06/2023,388.35,389.35,390,,,,,,
21/06/2023,391.35,391.05,391.45,,,,,,
22/06/2023,389,390.05,390.9,,,,,,
23/06/2023,380.35,381.55,382.55,,,,,,
26/06/2023,378.4,380.45,381.5,,,,,,
27/06/2023,377.05,378.85,379.65,,,,,,
28/06/2023,372.25,374.25,375.3,,,,,,
29/06/2023,367.75,369.9,370.9,,,,,,
30/06/2023,374.1,375.95,377.2,,,,,,
3/07/2023,377.9,379.4,380.6,,,,,,
5/07/2023,375.35,376.85,378.3,,,,,,
6/07/2023,372,373.45,375.4,,,,,,
7/07/2023,376.7,378.2,380.05,,,,,,
10/07/2023,377.15,378.45,380.4,,,,,,
11/07/2023,375.35,376.6,378.7,,,,,,
12/07/2023,384.2,385.3,387.1,,,,,,
13/07/2023,392.95,394,395.7,,,,,,
14/07/2023,392.2,393.3,395.2,,,,,,
17/07/2023,383.2,384.4,386.4,,,,,,
18/07/2023,381.6,382.95,385.1,,,,,,
19/07/2023,379.95,381.4,383.4,,,,,,
20/07/2023,381.75,383.45,385.55,,,,,,
21/07/2023,380.3,381.8,384.15,,,,,,
24/07/2023,384.05,385.55,387.95,,,,,,
25/07/2023,390.2,391.55,393.8,,,,,,
26/07/2023,389.05,390.2,392.45,,,,,,
27/07/2023,386.35,387.55,389.95,,,,,,
28/07/2023,392.65,394.95,396.45,,,,,,
31/07/2023,400.8,402.5,403.75,,,,,,
1/08/2023,390.85,393,394.75,,,,,,
2/08/2023,384.35,386.7,388.7,,,,,,
3/08/2023,389.95,392.5,394.5,,,,,,
4/08/2023,386.75,389.4,391.55,,,,,,
7/08/2023,383.5,386.4,388.8,,,,,,
8/08/2023,376.65,379.75,382.1,,,,,,
9/08/2023,378.35,381.05,383.1,,,,,,
10/08/2023,376.5,379.8,382,,,,,,
11/08/2023,371.9,375.95,378.45,,,,,,
14/08/2023,372.55,375.85,378,,,,,,
15/08/2023,366.75,370.55,372.85,,,,,,
16/08/2023,365.75,369.55,371.85,,,,,,
17/08/2023,369.15,372.95,375.05,,,,,,
18/08/2023,370.6,374.05,375.9,,,,,,
21/08/2023,371.85,375.45,377.3,,,,,,
22/08/2023,375.7,378.85,380.7,,,,,,
23/08/2023,380.85,383.75,385.55,,,,,,
24/08/2023,377.1,379.35,381.35,,,,,,
25/08/2023,376.2,378.4,380.35,,,,,,
28/08/2023,375.6,379.2,381.15,,,,,,
29/08/2023,379.45,383.9,385.95,,,,,,
30/08/2023,378.5,384.4,386.55,,,,,,
31/08/2023,377.25,382.2,384.4,,,,,,
1/09/2023,381.25,385.2,387.35,,,,,,
5/09/2023,381.1,384.85,386.8,,,,,,
6/09/2023,374.85,378.6,380.9,,,,,,
7/09/2023,372.6,376.2,378.5,,,,,,
8/09/2023,368.05,371.65,373.7,,,,,,
11/09/2023,377,380.7,382.7,,,,,,
12/09/2023,375.2,379.2,381.4,,,,,,
13/09/2023,375.6,379.3,381.5,,,,,,
14/09/2023,378.25,382.15,384.2,,,,,,
15/09/2023,376.35,380.1,382.15,,,,,,
18/09/2023,374.15,377.9,380.15,,,,,,
19/09/2023,371.4,374.7,377.05,,,,,,
20/09/2023,374.65,377.6,379.9,,,,,,
21/09/2023,366.65,369.6,372.2,,,,,,
22/09/2023,366.55,369.6,372.5,,,,,,
25/09/2023,364.95,367,369.95,,,,,,
26/09/2023,362.5,364.9,367.75,,,,,,
27/09/2023,362.7,363.65,366.4,,,,,,
28/09/2023,370.8,373.35,374.8,,,,,,
29/09/2023,373.75,376.5,378.15,,,,,,
2/10/2023,364.15,367,368.85,,,,,,
3/10/2023,362.1,364.7,366.4,,,,,,
4/10/2023,358.9,361.35,362.95,,,,,,
5/10/2023,355.2,357.7,359.2,,,,,,
6/10/2023,362.75,365.25,366.6,,,,,,
9/10/2023,364.6,367.35,368.8,,,,,,
10/10/2023,363.4,366.2,367.65,,,,,,
11/10/2023,361.2,364.2,365.95,,,,,,
12/10/2023,359.1,362.55,364.65,,,,,,
13/10/2023,357.1,360.45,362.55,,,,,,
16/10/2023,358.2,361.8,364.1,,,,,,
17/10/2023,357.85,361.5,363.8,,,,,,
18/10/2023,358.7,362.15,364.1,,,,,,
19/10/2023,360.1,363.55,365.4,,,,,,
20/10/2023,356.3,360.05,362.15,,,,,,
23/10/2023,358.65,362.3,364.4,,,,,,
24/10/2023,362.4,365.9,367.9,,,,,,
25/10/2023,359.1,362.85,365.2,,,,,,
26/10/2023,358.45,362.3,364.7,,,,,,
27/10/2023,364.6,368.3,370.6,,,,,,
30/10/2023,365.85,369.7,372.05,,,,,,
31/10/2023,364.9,368.6,371,,,,,,
1/11/2023,364.9,368.8,371.3,,,,,,
2/11/2023,367.25,371,373.4,,,,,,
3/11/2023,368.15,371.8,374.2,,,,,,
6/11/2023,371.9,375.6,378.05,,,,,,
7/11/2023,367.9,371.95,374.75,,,,,,
8/11/2023,363.8,367.95,370.85,,,,,,
9/11/2023,364.05,368.35,371.2,,,,,,
10/11/2023,358.7,363,365.9,,,,,,
13/11/2023,366.6,370.15,372.7,,,,,,
14/11/2023,368.35,372.15,374.75,,,,,,
15/11/2023,371.85,375.5,378,,,,,,
16/11/2023,370.25,373.7,376.2,,,,,,
17/11/2023,373.85,377,379.35,,,,,,
20/11/2023,381.4,384.1,386.4,,,,,,
21/11/2023,381.25,384.9,387.35,,,,,,
22/11/2023,376.3,380.85,383.3,,,,,,
24/11/2023,378.9,383.25,385.95,,,,,,
27/11/2023,375.8,380,382.75,,,,,,
28/11/2023,380,383.95,386.55,,,,,,
29/11/2023,378.6,382.55,385.1,,,,,,
30/11/2023,382.9,385.05,387.35,,,,,,
1/12/2023,390.9,393.15,395.1,,,,,,
4/12/2023,382.05,383.55,385.85,,,,,,
5/12/2023,377.25,378.4,380.4,,,,,,
6/12/2023,371.65,373.45,375.75,,,,,,
7/12/2023,378.45,379.75,381.8,,,,,,
8/12/2023,382,383.05,384.85,,,,,,
11/12/2023,378,378.05,379.95,,,,,,
12/12/2023,378.6,378.75,380.3,,,,,,
13/12/2023,378.6,378.75,380.35,,,,,,
14/12/2023,388.85,389.25,390.8,,,,,,
15/12/2023,388.5,389.05,390.6,,,,,,
18/12/2023,384.8,385.2,387,,,,,,
19/12/2023,389.6,389.8,391.45,,,,,,
20/12/2023,390.15,390.6,392.05,,,,,,
21/12/2023,390.85,391.75,393.15,,,,,,
22/12/2023,389.55,390.5,392.15,,,,,,
26/12/2023,389.55,390.2,392.1,,,,,,
27/12/2023,394.35,395.95,397.65,,,,,,
28/12/2023,392.45,394.3,396.05,,,,,,
29/12/2023,389.05,390.85,392.7,,,,,,
2/01/2024,388.05,389.9,391.75,,,,,,
3/01/2024,386.15,388.1,390,,,,,,
4/01/2024,384.4,386.4,388.35,,,,,,
5/01/2024,380.6,383,385.3,,,,,,
8/01/2024,381,383.5,385.95,,,,,,
9/01/2024,375.85,378.5,380.95,,,,,,
10/01/2024,378.1,380.8,383.1,,,,,,
11/01/2024,377.65,380.25,382.4,,,,,,
12/01/2024,374.05,376.85,379.2,,,,,,
16/01/2024,376.65,379.2,381.45,,,,,,
17/01/2024,373.3,375.8,378,,,,,,
18/01/2024,374.5,377.05,379.3,,,,,,
19/01/2024,378.65,381.15,383.25,,,,,,
22/01/2024,376.35,378.95,381.2,,,,,,
23/01/2024,379.35,381.75,383.9,,,,,,
24/01/2024,388.6,390.85,392.8,,,,,,
25/01/2024,386.9,389.55,391.75,,,,,,
26/01/2024,385.2,387.95,390.2,,,,,,
29/01/2024,387.9,390.5,392.75,,,,,,
30/01/2024,391.1,393.5,395.55,,,,,,
31/01/2024,390.6,393.1,395.1,,,,,,
1/02/2024,385.35,387.95,390.2,,,,,,
2/02/2024,382.15,384.9,387.25,,,,,,
5/02/2024,377.15,380.1,382.65,,,,,,
6/02/2024,378.1,380.9,383.35,,,,,,
7/02/2024,373.55,376.35,378.9,,,,,,
8/02/2024,370.2,372.6,375,,,,,,
9/02/2024,368.15,370.2,372.5,,,,,,
12/02/2024,372.4,374.4,376.5,,,,,,
13/02/2024,371.1,372.85,374.9,,,,,,
14/02/2024,370,371.8,373.7,,,,,,
15/02/2024,375.8,377.25,378.9,,,,,,
16/02/2024,383.85,385.15,386.8,,,,,,
20/02/2024,386.75,387.55,388.95,,,,,,
21/02/2024,387.5,388.75,390.15,,,,,,
22/02/2024,389.7,391.5,393,,,,,,
23/02/2024,388,390.05,391.75,,,,,,
26/02/2024,382,383.45,385.45,,,,,,
27/02/2024,382.8,385.05,387.05,,,,,,
28/02/2024,382.75,384.05,385.9,,,,,,
29/02/2024,383.45,384.7,386.7,,,,,,
1/03/2024,385.5,386.15,388.15,,,,,,
4/03/2024,385.2,385.7,387.9,,,,,,
5/03/2024,384.4,384.7,386.95,,,,,,
6/03/2024,387.05,387.5,389.65,,,,,,
7/03/2024,391.95,392.6,394.6,,,,,,
8/03/2024,388.5,389.15,391.25,,,,,,
11/03/2024,392.25,392.85,394.85,,,,,,
12/03/2024,392.5,393.2,395.25,,,,,,
13/03/2024,405.25,406,407.9,,,,,,
14/03/2024,403.7,404.55,406.65,,,,,,
15/03/2024,411.25,412.45,414.55,,,,,,
18/03/2024,411.45,413,415.2,,,,,,
19/03/2024,405.85,407.45,409.8,,,,,,
20/03/2024,403.85,405.15,407.6,,,,,,
21/03/2024,404.65,405.85,408.5,,,,,,
22/03/2024,399.6,400.75,403.45,,,,,,
25/03/2024,400.7,401.6,404.6,,,,,,
26/03/2024,399.6,400.85,403.9,,,,,,
27/03/2024,400,403.15,405.5,,,,,,
28/03/2024,400.7,403.9,406.3,,,,,,
1/04/2024,404.85,407.95,410.4,,,,,,
2/04/2024,407.05,410.1,412.65,,,,,,
3/04/2024,419.4,422.45,425,,,,,,
4/04/2024,424.9,427.95,430.35,,,,,,
5/04/2024,423.6,426.65,429.05,,,,,,
8/04/2024,427.6,430.15,432.5,,,,,,
9/04/2024,428.55,430.8,433.15,,,,,,
10/04/2024,428.2,430,432.3,,,,,,
11/04/2024,425.3,427.85,430.4,,,,,,
12/04/2024,425.85,428.95,431.4,,,,,,
15/04/2024,437.9,440.35,442.3,,,,,,
16/04/2024,430.35,433.15,435.25,,,,,,
17/04/2024,433.95,436.35,438.2,,,,,,
18/04/2024,443.65,446.6,448.45,,,,,,
19/04/2024,449.75,452.6,454.3,,,,,,
22/04/2024,447.6,450.6,452.35,,,,,,
23/04/2024,443.45,446,447.65,,,,,,
24/04/2024,445.75,448.65,450.3,,,,,,
25/04/2024,451.75,453.85,455.65,,,,,,
26/04/2024,456.4,457.4,459.4,,,,,,
29/04/2024,465.9,467.65,469.35,,,,,,
30/04/2024,456.45,456.45,458.2,,,,,,
1/05/2024,455.25,454.6,456,,,,,,
2/05/2024,449.4,448.45,449.95,,,,,,
3/05/2024,457.35,455.7,456.95,,,,,,
6/05/2024,463.45,461.5,462.8,,,,,,
7/05/2024,462.55,460.55,462,,,,,,
8/05/2024,456.2,454.25,455.7,,,,,,
9/05/2024,460.75,458.5,459,,,,,,
10/05/2024,469.35,466.25,464.75,,,,,,
13/05/2024,480.45,476.6,474.05,,,,,,
14/05/2024,495.35,489.5,473.85,,,,,,
15/05/2024,496.95,492.45,479.6,,,,,,
16/05/2024,489.2,487.7,480.55,,,,,,
17/05/2024,505.7,505,496.35,,,,,,
20/05/2024,508.75,507.9,503.4,,,,,,
21/05/2024,511.9,510.6,505.7,,,,,,
22/05/2024,486.75,484.85,482,,,,,,
23/05/2024,481.65,479.25,477.95,,,,,,
24/05/2024,477.85,475.35,474.9,,,,,,
28/05/2024,487.55,485.5,485.45,,,,,,
29/05/2024,480.55,479.1,479.95,,,,,,
30/05/2024,465.85,466.6,468.1,,,,,,
31/05/2024,460.2,461.05,463,,,,,,
3/06/2024,466.75,467,468.4,,,,,,
4/06/2024,453.7,454.15,455.7,,,,,,
5/06/2024,460.6,458.2,458.85,,,,,,
6/06/2024,467.8,466.8,467.3,,,,,,
7/06/2024,448.35,448.6,449.85,,,,,,
10/06/2024,454.35,454.4,455.65,,,,,,
11/06/2024,451,449.4,450.05,,,,,,
12/06/2024,456.7,455.95,456.6,,,,,,
13/06/2024,448.15,448,449.15,,,,,,
14/06/2024,449.5,447.5,448.45,,,,,,
17/06/2024,444.75,443.1,444.45,,,,,,
18/06/2024,449.05,445.05,446.3,,,,,,
20/06/2024,456.2,452.3,453.5,,,,,,
21/06/2024,444.2,442.85,444.7,,,,,,
24/06/2024,443.7,442.5,444.1,,,,,,
25/06/2024,437.75,437.1,438.8,,,,,,
26/06/2024,437,436.7,438.5,,,,,,
27/06/2024,432.85,434.85,437.05,,,,,,
28/06/2024,439.05,439.15,441.1,,,,,,
1/07/2024,442.65,441.8,443.75,,,,,,
2/07/2024,442.95,441.9,443.35,,,,,,
3/07/2024,454.1,453.35,454,,,,,,
5/07/2024,465.85,465.2,462.15,,,,,,
8/07/2024,462.2,461.8,460.1,,,,,,
9/07/2024,457.8,457.75,456.7,,,,,,
10/07/2024,460.75,460.85,458.5,,,,,,
11/07/2024,450.85,450.65,450.65,,,,,,
12/07/2024,459.85,459.3,457.7,,,,,,
15/07/2024,452.9,452.65,452.7,,,,,,
16/07/2024,444.4,444.95,445.6,,,,,,
17/07/2024,439.9,440.85,442.5,,,,,,
18/07/2024,426.6,427.95,430.25,,,,,,
19/07/2024,421.9,423.65,426.45,,,,,,
22/07/2024,418.05,419.75,423.05,,,,,,
23/07/2024,414.6,416.05,419.2,,,,,,
24/07/2024,409.9,410.9,414.45,,,,,,
25/07/2024,411.25,412.55,416.25,,,,,,
26/07/2024,410.45,412.4,416.55,,,,,,
29/07/2024,406.2,408.45,412.65,,,,,,
30/07/2024,408.4,412.6,416.6,,,,,,
31/07/2024,417.65,421.5,425.4,,,,,,
1/08/2024,408.25,412.45,416.8,,,,,,
2/08/2024,410.3,414.35,418.55,,,,,,
5/08/2024,399.9,403.9,407.95,,,,,,
6/08/2024,402.7,406.4,410.5,,,,,,
7/08/2024,395.2,399.35,403.8,,,,,,
8/08/2024,395.9,399.9,404.2,,,,,,
9/08/2024,399.3,403.1,407.15,,,,,,
12/08/2024,406.85,410.4,414.1,,,,,,
13/08/2024,405.15,408.55,412.2,,,,,,
14/08/2024,404,407.35,410.95,,,,,,
15/08/2024,415.1,417.6,420.8,,,,,,
16/08/2024,414.35,418.1,421.6,,,,,,
19/08/2024,418.05,422,425.65,,,,,,
20/08/2024,415.85,420.1,423.8,,,,,,
21/08/2024,419,422.65,426.25,,,,,,
22/08/2024,414.8,418.6,422.45,,,,,,
23/08/2024,420.1,424.5,428.35,,,,,,
26/08/2024,421.85,428.1,432.05,,,,,,
27/08/2024,423.75,430.35,434.7,,,,,,
28/08/2024,414.95,421.8,426.45,,,,,,
29/08/2024,414.75,422.25,426.9,,,,,,
30/08/2024,414.5,421.15,425.75,,,,,,
3/09/2024,403.2,409.2,413.15,,,,,,
4/09/2024,401.95,407.9,412,,,,,,
5/09/2024,407.75,413.75,418.05,,,,,,
6/09/2024,401.45,407.35,411.75,,,,,,
9/09/2024,408.45,414.45,418.7,,,,,,
10/09/2024,404.05,409.8,413.85,,,,,,
11/09/2024,408.3,414.2,418.25,,,,,,
12/09/2024,413.3,419.55,423.6,,,,,,
13/09/2024,417.5,423.6,427.4,,,,,,
16/09/2024,421.3,427.35,431.55,,,,,,
17/09/2024,421.35,427.3,431.75,,,,,,
18/09/2024,423.8,429.9,433.75,,,,,,
19/09/2024,428.6,434.7,438.6,,,,,,
20/09/2024,428.15,434.3,438.4,,,,,,
23/09/2024,428.9,434.75,439.05,,,,,,
24/09/2024,442.95,449.15,452.95,,,,,,
25/09/2024,442.8,448.95,453.1,,,,,,
26/09/2024,458.1,463.9,466.45,,,,,,
27/09/2024,459.95,462.4,464.55,,,,,,
30/09/2024,455.3,457.4,459.25,,,,,,
1/10/2024,458.9,462.05,464.3,,,,,,
2/10/2024,464.9,467.8,469.95,,,,,,
3/10/2024,455.3,458.75,461.05,,,,,,
4/10/2024,457.4,461.1,463.7,,,,,,
7/10/2024,456.65,460.5,463.2,,,,,,
8/10/2024,445.65,450,452.9,,,,,,
9/10/2024,439.95,444.3,447.2,,,,,,
10/10/2024,442.75,446.7,449.5,,,,,,
11/10/2024,449.35,453.1,455.8,,,,,,
14/10/2024,440.6,445,447.95,,,,,,
15/10/2024,433.75,438.35,441.45,,,,,,
16/10/2024,436.75,440.95,443.85,,,,,,
17/10/2024,432.5,437.15,440.15,,,,,,
18/10/2024,438.45,443.3,446.3,,,,,,
21/10/2024,435.95,440.9,443.8,,,,,,
22/10/2024,438.05,443,445.85,,,,,,
23/10/2024,433.65,438.95,441.95,,,,,,
24/10/2024,435.15,440.25,443.2,,,,,,
25/10/2024,437.05,441.9,444.7,,,,,,
28/10/2024,436.25,441.05,443.8,,,,,,
29/10/2024,436.05,440.6,443.3,,,,,,
30/10/2024,435.15,439.8,442.55,,,,,,
31/10/2024,434,438.75,441.45,,,,,,
1/11/2024,437.15,441.85,444.7,,,,,,
4/11/2024,443.15,447.35,449.95,,,,,,
5/11/2024,447.5,451.45,454,,,,,,
6/11/2024,424.6,429.4,432.25,,,,,,
7/11/2024,443.15,447.3,449.9,,,,,,
8/11/2024,430.6,435.35,438.25,,,,,,
11/11/2024,422.85,427.95,430.95,,,,,,
12/11/2024,413.65,419.25,422.35,,,,,,
13/11/2024,408.3,413.8,416.95,,,,,,
14/11/2024,408.75,414.05,417.1,,,,,,
15/11/2024,406.45,410.9,413.95,,,,,,
18/11/2024,412,416.55,419.45,,,,,,
19/11/2024,414.2,418.2,420.95,,,,,,
20/11/2024,415.55,419,421.7,,,,,,
21/11/2024,412.5,416.4,419.25,,,,,,
22/11/2024,408.6,413.3,416.1,,,,,,
25/11/2024,410,415.9,418.6,,,,,,
26/11/2024,404.9,411.85,414.7,,,,,,
27/11/2024,406.7,413.9,416.65,,,,,,
29/11/2024,408.05,414,416.8,,,,,,
2/12/2024,407.55,413.05,415.95,,,,,,
3/12/2024,414.6,420.2,423,,,,,,
4/12/2024,414.2,420.15,423,,,,,,
5/12/2024,413.5,419.25,422.05,,,,,,
6/12/2024,413.85,419.65,422.4,,,,,,
9/12/2024,422.35,427.55,430.25,,,,,,
10/12/2024,422.35,427.2,429.9,,,,,,
11/12/2024,421.4,426.35,428.9,,,,,,
12/12/2024,419.5,424.45,427.05,,,,,,
13/12/2024,414.9,419.7,422.3,,,,,,
16/12/2024,414.35,419.1,421.75,,,,,,
17/12/2024,409.15,414.65,417.9,,,,,,
18/12/2024,410,415.7,418.75,,,,,,
19/12/2024,402.05,407.7,411,,,,,,
20/12/2024,404.1,410.05,413.1,,,,,,
23/12/2024,402.3,408.5,411.7,,,,,,
24/12/2024,404.95,411,414.1,,,,,,
26/12/2024,407.2,412.75,416.05,,,,,,
27/12/2024,406.25,412.2,415.5,,,,,,
30/12/2024,409.3,412.6,415.75,,,,,,
31/12/2024,402.65,405.95,409.2,,,,,,
2/01/2025,402.6,405.75,408.85,,,,,,
3/01/2025,407.35,410.1,412.95,,,,,,
6/01/2025,416.15,418.8,421.4,,,,,,
7/01/2025,419.55,422.45,425.15,,,,,,
8/01/2025,425.85,428.3,430.75,,,,,,
9/01/2025,430.95,433.4,435.65,,,,,,
10/01/2025,430.4,432.95,435.15,,,,,,
13/01/2025,432.55,435.3,437.85,,,,,,
14/01/2025,434.25,437.25,440.05,,,,,,
15/01/2025,438.9,441.6,444.2,,,,,,
16/01/2025,444.1,446.85,449.45,,,,,,
17/01/2025,436.85,440,442.75,,,,,,
21/01/2025,434.1,437.55,440.55,,,,,,
22/01/2025,430.1,433.75,437.05,,,,,,
23/01/2025,432.85,436.25,439.35,,,,,,
24/01/2025,432.1,436.15,439.6,,,,,,
27/01/2025,423.15,427.65,431.2,,,,,,
28/01/2025,424.65,429,432.5,,,,,,
29/01/2025,428.3,432.6,435.95,,,,,,
30/01/2025,430.75,435.4,439.1,,,,,,
31/01/2025,427.9,432.1,435.75,,,,,,
3/02/2025,430.55,434.6,438,,,,,,
4/02/2025,435.35,439.25,442.55,,,,,,
5/02/2025,444.4,448.3,451.55,,,,,,
6/02/2025,446.1,450,453.6,,,,,,
7/02/2025,458.9,463.2,466.55,,,,,,
10/02/2025,470.7,475.15,477.9,,,,,,
11/02/2025,460.1,464.6,467.5,,,,,,
12/02/2025,470.45,475.15,478.3,,,,,,
13/02/2025,477.8,482.55,486,,,,,,
14/02/2025,466.45,471.3,475.1,,,,,,
18/02/2025,459.1,464.25,468.5,,,,,,
19/02/2025,456.25,461.4,465.6,,,,,,
20/02/2025,461.2,466.6,470.7,,,,,,
21/02/2025,456,461.55,465.8,,,,,,
24/02/2025,451.5,456.35,460.65,,,,,,
25/02/2025,448.15,452.75,457,,,,,,
26/02/2025,454,458.65,462.9,,,,,,
27/02/2025,458,461.85,465.95,,,,,,
28/02/2025,451.45,454.8,459.15,,,,,,
3/03/2025,457.65,460.7,465.15,,,,,,
4/03/2025,452.75,455.65,460.25,,,,,,
5/03/2025,476.65,479.4,483.8,,,,,,
6/03/2025,477.9,480.75,484.95,,,,,,
7/03/2025,468.3,471,475.6,,,,,,
10/03/2025,463.95,466.65,471.35,,,,,,
11/03/2025,474,476.6,481.15,,,,,,
12/03/2025,482.1,484.95,489.45,,,,,,
13/03/2025,489.85,492.55,497.05,,,,,,
14/03/2025,486.95,489.6,494.3,,,,,,
17/03/2025,493.35,495.9,500.75,,,,,,
18/03/2025,499.3,501.65,506.4,,,,,,
19/03/2025,507.6,510,514.7,,,,,,
20/03/2025,508.5,511.2,515.95,,,,,,
21/03/2025,508.75,511.35,516.1,,,,,,
24/03/2025,506.4,509.25,513.95,,,,,,
25/03/2025,518.3,521.05,525.8,,,,,,
26/03/2025,521.6,524.3,528.7,,,,,,
27/03/2025,509.75,511.95,516.5,,,,,,
28/03/2025,513,517.7,520.8,,,,,,
31/03/2025,503.4,508.1,511.9,,,,,,
1/04/2025,503.5,508.1,512.15,,,,,,
2/04/2025,504.05,508.5,512.4,,,,,,
3/04/2025,482.85,487.3,491.45,,,,,,
4/04/2025,440.2,444.35,448.4,,,,,,
7/04/2025,418.6,423.45,427.65,,,,,,
8/04/2025,414.4,419.4,423.7,,,,,,
9/04/2025,419.25,424.05,428.55,,,,,,
10/04/2025,433.65,438.4,442.85,,,,,,
11/04/2025,452.3,457.15,461.6,,,,,,
14/04/2025,462.55,467.8,472.55,,,,,,
15/04/2025,462.6,467.85,472.65,,,,,,
16/04/2025,468.55,473.6,478.4,,,,,,
17/04/2025,473.9,479.05,483.65,,,,,,
21/04/2025,472.85,478,482.65,,,,,,
22/04/2025,487.8,492.8,497.35,,,,,,
23/04/2025,484.35,489.5,494.15,,,,,,
24/04/2025,485.6,491.05,495.8,,,,,,
25/04/2025,484,489.5,494.3,,,,,,
28/04/2025,484.05,488.95,493.6,,,,,,
29/04/2025,482.3,487.25,492,,,,,,
30/04/2025,456,460.9,465.7,,,,,,
1/05/2025,458.1,462.8,467.6,,,,,,
2/05/2025,462.75,467.3,472.2,,,,,,
5/05/2025,465.5,469.9,474.9,,,,,,
6/05/2025,473.5,477.8,482.7,,,,,,
7/05/2025,461.65,465.95,471,,,,,,
8/05/2025,456.1,460.4,465.3,,,,,,
9/05/2025,461.1,465.3,470.2,,,,,,
12/05/2025,457.85,462.1,467.05,,,,,,
13/05/2025,468.15,472.3,477.25,,,,,,
14/05/2025,461.1,465.05,470.1,,,,,,
15/05/2025,464.45,468.35,473.4,,,,,,
16/05/2025,455.55,459.35,464.65,,,,,,
19/05/2025,463.35,467.05,472.5,,,,,,
20/05/2025,461.95,465.4,470.85,,,,,,
21/05/2025,463.8,467.2,472.55,,,,,,
22/05/2025,464.85,467.95,473.3,,,,,,
23/05/2025,480.65,483.65,488.9,,,,,,
27/05/2025,471,474,479.3,,,,,,
28/05/2025,464.4,467.45,472.85,,,,,,
29/05/2025,467.55,472.85,480,,,,,,
30/05/2025,467.75,472.95,479.95,,,,,,
2/06/2025,485.85,490.85,497.7,,,,,,
3/06/2025,483.4,488.6,495.45,,,,,,
4/06/2025,488.65,493.95,500.5,,,,,,
5/06/2025,493.3,498.3,504.95,,,,,,
6/06/2025,484.8,490.15,497,,,,,,
9/06/2025,492.5,497.9,504.65,,,,,,
10/06/2025,490,495.15,501.6,,,,,,
11/06/2025,481.45,486.65,493,,,,,,
12/06/2025,483.55,488.85,495.1,,,,,,
13/06/2025,481.45,486.85,493.15,,,,,,
16/06/2025,483.6,489.25,495.75,,,,,,
17/06/2025,480.9,486.4,492.7,,,,,,
18/06/2025,485.3,490.6,496.95,,,,,,
20/06/2025,483.35,488.45,494.7,,,,,,
23/06/2025,484.95,490.25,496.6,,,,,,
24/06/2025,487.25,492.45,499,,,,,,
25/06/2025,491.75,497.15,503.75,,,,,,
26/06/2025,506.6,512.05,518.75,,,,,,
27/06/2025,506.85,512.3,519,,,,,,
30/06/2025,503,508.25,514.8,,,,,,
1/07/2025,504.8,509.95,516.7,,,,,,
2/07/2025,514.9,519.75,526.55,,,,,,
3/07/2025,509.7,514.15,521.15,,,,,,
7/07/2025,498.45,502.6,509.7,,,,,,
8/07/2025,564.5,568.55,575.55,,,,,,
9/07/2025,544.35,548.65,554.95,,,,,,
10/07/2025,554.8,559.1,565.8,,,,,,
11/07/2025,556.2,560.45,567.5,,,,,,
14/07/2025,551.5,555.05,562.1,,,,,,
15/07/2025,554.6,557.75,564.75,,,,,,
16/07/2025,549.65,552.6,559.45,,,,,,
17/07/2025,548.6,551.25,558.15,,,,,,
18/07/2025,557.8,560.45,567.3,,,,,,
21/07/2025,561.05,563.75,570.55,,,,,,
22/07/2025,569.7,572.15,578.95,,,,,,
23/07/2025,579.5,581.95,588.5,,,,,,
24/07/2025,577.7,580.15,587.15,,,,,,
25/07/2025,576.35,578.5,585.4,,,,,,
28/07/2025,559.5,561.55,568.45,,,,,,
29/07/2025,560.35,562.55,569.65,,,,,,
30/07/2025,558.6,565.55,569.5,,,,,,
31/07/2025,435.45,442.35,448.25,,,,,,
1/08/2025,443.55,449.45,455,,,,,,
4/08/2025,443.75,449.55,454.75,,,,,,
5/08/2025,438.6,444.35,449.65,,,,,,
6/08/2025,441.3,447.3,452.65,,,,,,
7/08/2025,439.85,445.85,451.4,,,,,,
8/08/2025,447.15,452.95,458.45,,,,,,
11/08/2025,444,449.95,455.45,,,,,,
12/08/2025,452.55,458.5,463.9,,,,,,
13/08/2025,449.75,455.9,461.55,,,,,,
14/08/2025,447.95,454.35,459.8,,,,,,
15/08/2025,449.25,455.55,460.8,,,,,,
18/08/2025,447.1,453.6,459.25,,,,,,
19/08/2025,442.25,448.85,454.7,,,,,,
20/08/2025,444,451.05,457.15,,,,,,
21/08/2025,444.35,451.15,457,,,,,,
22/08/2025,445.9,452.75,458.55,,,,,,
25/08/2025,447.75,454.85,460.6,,,,,,
26/08/2025,445.95,453.3,459.1,,,,,,
27/08/2025,442,449.55,455.35,,,,,,
28/08/2025,446.35,453.9,459.4,,,,,,
29/08/2025,451.85,459.05,464.3,,,,,,
2/09/2025,456.95,464.1,469.45,,,,,,
3/09/2025,455.85,463,468.6,,,,,,
4/09/2025,448.8,455.85,461.8,,,,,,
5/09/2025,448.25,455.1,460.75,,,,,,
8/09/2025,449.05,455.95,461.65,,,,,,
9/09/2025,450.1,456.95,462.5,,,,,,
10/09/2025,455,461.8,467.25,,,,,,
11/09/2025,459.05,465.8,471.4,,,,,,
12/09/2025,458.85,465.2,471.15,,,,,,
15/09/2025,465.55,471.75,477.75,,,,,,
16/09/2025,463.3,469.4,475.6,,,,,,
17/09/2025,457.1,463.2,469.45,,,,,,
18/09/2025,454.1,460.05,466.45,,,,,,
19/09/2025,456.9,462.75,469.1,,,,,,
22/09/2025,457.3,463.2,469.6,,,,,,
23/09/2025,458.45,464.4,470.65,,,,,,
24/09/2025,475.25,481.35,487.35,,,,,,
25/09/2025,470,475.8,482.2,,,,,,
26/09/2025,471.55,477.15,483.6,,,,,,
29/09/2025,489.2,495.4,498.65,,,,,,
30/09/2025,485.65,492,495.4,,,,,,
1/10/2025,488.25,494.5,497.7,,,,,,
2/10/2025,494.95,501.15,504.25,,,,,,
3/10/2025,510.9,516.9,519.75,,,,,,
6/10/2025,503.8,510.15,513.3,,,,,,
7/10/2025,509.75,516.2,519.4,,,,,,
8/10/2025,509.45,516,519.3,,,,,,
9/10/2025,512.3,518.85,522.1,,,,,,
10/10/2025,489.4,496.2,499.7,,,,,,
13/10/2025,514.4,520.95,524.35,,,,,,
14/10/2025,502.3,509.15,512.75,,,,,,
15/10/2025,501.45,508.35,511.9,,,,,,
16/10/2025,499.9,506.85,510.5,,,,,,
17/10/2025,496.95,503.85,507.6,,,,,,
20/10/2025,503.6,510.6,514.45,,,,,,
21/10/2025,496.6,503.8,507.65,,,,,,
22/10/2025,499.55,506.75,510.6,,,,,,
23/10/2025,511.05,518,521.75,,,,,,
24/10/2025,512.25,519.2,523.1,,,,,,
27/10/2025,517.15,524.25,528.25,,,,,,
28/10/2025,517.1,524.25,528.25,,,,,,
29/10/2025,526.35,533.4,537.25,,,,,,
30/10/2025,510.4,517.45,521.45,,,,,,
31/10/2025,508.9,515.7,519.4,,,,,,
3/11/2025,506.9,513.7,517.5,,,,,,
4/11/2025,494.85,501.7,505.55,,,,,,
5/11/2025,498.6,505.5,509.5,,,,,,
6/11/2025,496.75,503.8,508,,,,,,
7/11/2025,495.7,502.7,507,,,,,,
10/11/2025,510.6,517.8,522.25,,,,,,
11/11/2025,506.6,513.7,518.1,,,,,,
12/11/2025,510.55,517.7,522,,,,,,
13/11/2025,510.2,517.3,521.6,,,,,,
14/11/2025,506.3,513.55,517.95,,,,,,
17/11/2025,501.2,508.65,513.25,,,,,,
18/11/2025,497.4,505.05,509.7,,,,,,
19/11/2025,501.85,509.7,514.4,,,,,,
20/11/2025,496.85,504.85,509.6,,,,,,
21/11/2025,501.5,509.6,514.35,,,,,,
24/11/2025,496.75,505.3,510.1,,,,,,
25/11/2025,500.3,509.05,513.85,,,,,,
26/11/2025,510.45,519.4,524.05,,,,,,
28/11/2025,518.55,527.2,531.75,,,,,,
1/12/2025,521.9,530.3,535.25,,,,,,
2/12/2025,516.1,524.3,529.65,,,,,,
3/12/2025,530.8,538.9,544.05,,,,,,
4/12/2025,529.15,537.35,542.6,,,,,,
5/12/2025,538.2,546.2,551.3,,,,,,
8/12/2025,536.45,544.45,549.8,,,,,,
9/12/2025,524.05,532,537.25,,,,,,
10/12/2025,527.55,535.35,540.5,,,,,,
11/12/2025,542.7,550.15,555.25,,,,,,
12/12/2025,528.35,535.9,541.25,,,,,,
15/12/2025,533.85,541.2,546.55,,,,,,
16/12/2025,528.7,535.9,541.2,,,,,,
17/12/2025,536.35,543.55,548.85,,,,,,
18/12/2025,536.65,543.75,549,,,,,,
19/12/2025,543.95,551,556.25,,,,,,
22/12/2025,543.75,550.95,556.3,,,,,,
23/12/2025,547.6,555.2,560.6,,,,,,
24/12/2025,549.85,557.5,562.9,,,,,,
26/12/2025,576.65,583.95,589.45,,,,,,
29/12/2025,549.05,556.65,562.15,,,,,,
30/12/2025,578.15,583.65,588.9,,,,,,
31/12/2025,568.2,573.8,579.1,,,,,,
2/01/2026,569.15,574.75,580.1,,,,,,
5/01/2026,597.55,603.25,608.65,,,,,,
6/01/2026,606.25,612.2,617.7,,,,,,
7/01/2026,586.05,592,597.65,,,,,,
8/01/2026,579.65,585.55,591.3,,,,,,
9/01/2026,590.25,596.1,601.85,,,,,,
12/01/2026,603.15,609.1,614.95,,,,,,
13/01/2026,601.6,607.6,613.5,,,,,,
14/01/2026,605.55,611.55,617.5,,,,,,
15/01/2026,599.15,605.1,610.95,,,,,,
16/01/2026,583.1,588.95,594.7,,,,,,
20/01/2026,581.25,587,592.45,,,,,,
21/01/2026,576.8,582.75,588.45,,,,,,
22/01/2026,577.9,583.8,589.4,,,,,,
23/01/2026,594.75,600.65,606.2,,,,,,
26/01/2026,602.05,607.9,613.45,,,,,,
27/01/2026,586.15,592,597.5,,,,,,
28/01/2026,592.5,598.35,603.85,,,,,,
29/01/2026,620.35,626.3,631.85,,,,,,
30/01/2026,592.4,598.2,603.6,,,,,,
2/02/2026,582.55,588.35,593.7,,,,,,
3/02/2026,608.65,614.4,619.7,,,,,,
4/02/2026,585,590.85,596.4,,,,,,
5/02/2026,582.1,587.8,593.3,,,,,,
6/02/2026,588.2,594.05,599.75,,,,,,
9/02/2026,596.25,602.2,608,,,,,,
10/02/2026,591.35,597.35,603.15,,,,,,
11/02/2026,596.55,602.5,608.25,,,,,,
12/02/2026,578.55,584.55,590.35,,,,,,
13/02/2026,580.3,586.25,592.1,,,,,,
17/02/2026,564.25,570.4,576.35,,,,,,
18/02/2026,580.3,586.3,592.15,,,,,,
19/02/2026,573.85,579.85,585.75,,,,,,
20/02/2026,583.9,589.95,595.9,,,,,,
23/02/2026,578.05,584.1,589.95,,,,,,
24/02/2026,593.05,599.15,605.05,,,,,,
25/02/2026,598.55,604.5,610.4,,,,,,
26/02/2026,594.7,600.5,606.4,,,,,,
27/02/2026,600.45,605.95,611.8,,,,,,
2/03/2026,589.45,594.8,600.65,,,,,,
3/03/2026,577.35,582.6,588.4,,,,,,
4/03/2026,585.5,590.75,596.5,,,,,,
5/03/2026,575.3,580.45,586.25,,,,,,
6/03/2026,575.7,580.7,586.45,,,,,,
9/03/2026,580.05,584.85,590.45,,,,,,
10/03/2026,590.4,595.2,600.85,,,,,,
11/03/2026,584.55,589.15,594.9,,,,,,
12/03/2026,582.45,586.8,592.55,,,,,,
13/03/2026,571.45,575.7,581.45,,,,,,
16/03/2026,579.05,583.15,588.9,,,,,,
17/03/2026,572.65,576.7,582.45,,,,,,
18/03/2026,555.4,559.4,565.05,,,,,,
19/03/2026,543.3,546.9,552.5,,,,,,
20/03/2026,534.25,537.45,542.9,,,,,,
23/03/2026,543.95,547.25,552.65,,,,,,
24/03/2026,542.25,545.5,550.9,,,,,,
25/03/2026,552.9,556.1,561.55,,,,,,
26/03/2026,544.65,547.7,553.1,,,,,,
27/03/2026,546.7,549.45,554.75,,,,,,
30/03/2026,550.2,555.45,561,,,,,,
31/03/2026,561.4,566.55,572,,,,,,
1/04/2026,564.65,569.95,575.5,,,,,,
2/04/2026,558.35,563.6,569.2,,,,,,
3/04/2026,558.35,563.6,569.2,,,,,,
6/04/2026,560.1,565.3,570.85,,,,,,
7/04/2026,556.3,561.55,567.05,,,,,,
8/04/2026,577.7,583.35,588.9,,,,,,
9/04/2026,576.45,582.2,587.95,,,,,,
10/04/2026,588.6,594.35,600,,,,,,
13/04/2026,599.05,604.95,610.65,,,,,,
14/04/2026,608.35,614.35,620.1,,,,,,
15/04/2026,608.5,614.5,620.3,,,,,,
16/04/2026,607.65,613.45,619.3,,,,,,
17/04/2026,611.45,617.35,623.2,,,,,,
20/04/2026,604.6,610.65,616.45,,,,,,
21/04/2026,601.05,607.15,613,,,,,,
22/04/2026,612.85,618.9,624.75,,,,,,
23/04/2026,608.15,614.25,620.05,,,,,,
24/04/2026,602.7,608.85,614.7,,,,,,
27/04/2026,602.1,607.9,613.7,,,,,,
28/04/2026,591.75,597.4,603.1,,,,,,
29/04/2026,587.85,593.3,599.05,,,,,,
30/04/2026,592.6,598.05,603.85,,,,,,
1/05/2026,593.2,598.45,604.2,,,,,,
4/05/2026,579.5,584.65,590.45,,,,,,
5/05/2026,594.3,599.3,605.1,,,,,,
6/05/2026,613.65,618.65,624.5,,,,,,
7/05/2026,612.75,617.6,623.45,,,,,,
8/05/2026,624.9,629.65,635.6,,,,,,
11/05/2026,641.35,646.05,652.1,,,,,,
12/05/2026,648.5,653.1,659.15,,,,,,
13/05/2026,663.55,667.9,674,,,,,,
14/05/2026,656.75,661.15,667.25,,,,,,
15/05/2026,625.15,629.5,635.55,,,,,,
18/05/2026,627.2,631.55,637.6,,,,,,
19/05/2026,616.5,620.65,626.7,,,,,,
20/05/2026,629.05,633.05,639.05,,,,,,
21/05/2026,625.7,629.4,635.4,,,,,,
22/05/2026,634.2,637.9,643.9,,,,,,
26/05/2026,636.1,639.7,645.7,,,,,,
27/05/2026,630.5,634,639.9,,,,,,
28/05/2026,642.6,648.5,657.3,,,,,,
29/05/2026,638.9,644.85,653.8,,,,,,
1/06/2026,655.25,661.3,670.25,,,,,,
2/06/2026,667.65,673.6,682.5,,,,,,
3/06/2026,650.75,656.75,665.65,,,,,,
4/06/2026,653.5,659.5,668.45,,,,,,
5/06/2026,628.45,634.55,643.55,,,,,,
8/06/2026,635,641.1,650.1,,,,,,
9/06/2026,632.2,638.3,647.2,,,,,,
10/06/2026,626.7,632.75,641.3,,,,,,
11/06/2026,627.5,633.55,642.15,,,,,,
12/06/2026,644.5,650.65,659.25,,,,,,
15/06/2026,649.6,655.85,664.75,,,,,,
16/06/2026,650.35,656.65,665.6,,,,,,
17/06/2026,649.35,655.8,664.7,,,,,,
18/06/2026,638.55,644.95,653.7,,,,,,
22/06/2026,636.55,643,651.7,,,,,,
23/06/2026,614.8,621.2,629.9,,,,,,
24/06/2026,594.85,601.15,609.95,,,,,,
25/06/2026,607.4,613.75,622.25,,,,,,
26/06/2026,614.4,620.7,629.1,,,,,,
29/06/2026,609.75,616.35,624.8,,,,,,
30/06/2026,619.25,625.4,633.75,,,,,,
1/07/2026,612.35,617.95,626.4,,,,,,
2/07/2026,611.45,616.9,625.45,,,,,,
6/07/2026,617.8,623.2,632.1,,,,,,
7/07/2026,617.15,622.6,631.55,,,,,,
8/07/2026,605.45,610.75,619.75,,,,,,
9/07/2026,621.5,626.55,635.5,,,,,,
10/07/2026,623.35,628.2,637.25,,,,,,
13/07/2026,623.3,628.1,637.15,,,,,,
14/07/2026,633,637.8,646.9,,,,,,
15/07/2026,629.35,634.1,643.2,,,,,,
16/07/2026,629.6,634.2,643.3,,,,,,
17/07/2026,622,626.5,635.55,,,,,,
20/07/2026,629.9,634.1,643.2,,,,,,
21/07/2026,651.1,655.25,664.45,,,,,,
22/07/2026,645.1,649.35,658.6,,,,,,
23/07/2026,630.5,634.35,643.6,,,,,,
24/07/2026,632,635.75,644.95,,,,,,
27/07/2026,633.9,637.9,647.2,,,,,,
28/07/2026,632.2,635.95,645.3,,,,,,
29/07/2026,627.35,631.15,640.5,,,,,,
30/07/2026,647.45,656.85,666,,,,,,
31/07/2026,646.55,656,665.1,,,,,,
3/08/2026,654.05,663.5,672.55,,,,,,
4/08/2026,664.35,673.9,683.05,,,,,,
5/08/2026,672.75,682.3,691.4,,,,,,
6/08/2026,670.9,680.5,689.55,,,,,,
7/08/2026,659.1,668.65,677.45,,,,,,
10/08/2026,661.6,671.35,680.4,,,,,,
11/08/2026,663.4,673.2,682.35,,,,,,
12/08/2026,661.55,671.35,680.55,,,,,,
13/08/2026,660.8,670.65,679.85,,,,,,
14/08/2026,661.3,671.45,680.85,,,,,,
17/08/2026,661.6,671.6,681.35,,,,,,
18/08/2026,649.25,659,668.55,,,,,,
19/08/2026,649.6,659.55,669.05,,,,,,
20/08/2026,646.9,656.95,666.55,,,,,,
21/08/2026,658.7,668.8,678.55,,,,,,
24/08/2026,660.5,670.7,680.4,,,,,,
25/08/2026,671.4,681.55,691.3,,,,,,
26/08/2026,659.95,670.15,679.9,,,,,,
27/08/2026,658.95,668.9,678.65,,,,,,
28/08/2026,656.2,665.9,675.7,,,,,,
31/08/2026,659.35,668.75,678.65,,,,,,
1/09/2026,650.65,660.05,669.85,,,,,,
2/09/2026,650.1,659.3,669.05,,,,,,
3/09/2026,657.7,666.45,676.3,,,,,,
4/09/2026,659.7,668.25,678.2,,,,,,
8/09/2026,673.9,682.35,692.45,,,,,,
,,,,,,,,,
