Date,C1,C2,C3,,,
3/01/2005,201.75,209.75,217.25,,,
4/01/2005,201,208.75,216.25,,,
5/01/2005,201.5,209.25,216.5,,,
6/01/2005,208.75,216,222.25,,,
7/01/2005,206.75,214.75,221.5,,,
10/01/2005,206.75,214.75,221.5,,,
11/01/2005,206.75,214.5,221.5,,,
12/01/2005,200.5,208.25,215.5,,,
13/01/2005,200,207.5,214.75,,,
14/01/2005,197.25,204.75,212,,,
18/01/2005,196,203.5,210.5,,,
19/01/2005,196.75,204,211,,,
20/01/2005,197.75,204.75,211.5,,,
21/01/2005,197,204.25,211.25,,,
24/01/2005,197.75,205.25,212,,,
25/01/2005,199,206.75,213.75,,,
26/01/2005,198.75,206.25,213.75,,,
27/01/2005,195.75,203.25,210.75,,,
28/01/2005,195.75,203.25,210.75,,,
31/01/2005,197,204.5,211.75,,,
1/02/2005,197,204.75,212,,,
2/02/2005,195.25,203.25,210.5,,,
3/02/2005,195,203,210.5,,,
4/02/2005,195,203,210.25,,,
7/02/2005,196.25,204.5,211.25,,,
8/02/2005,194.75,202.75,209.75,,,
9/02/2005,195,203,209.75,,,
10/02/2005,198.25,206,212.5,,,
11/02/2005,198.25,206,212.5,,,
14/02/2005,200.5,208.5,215.25,,,
15/02/2005,200,207.5,214.5,,,
16/02/2005,197,204.25,211.5,,,
17/02/2005,199.25,207,214,,,
18/02/2005,200,207.75,214.75,,,
22/02/2005,207.5,215.25,222.25,,,
23/02/2005,205.75,213.75,220.75,,,
24/02/2005,205.75,213.5,220.75,,,
25/02/2005,211.5,221.5,227.5,,,
28/02/2005,214.5,222.75,229.75,,,
1/03/2005,211,219.25,226.75,,,
2/03/2005,210.25,219,226.25,,,
3/03/2005,209.5,218,225,,,
4/03/2005,209,217,224.25,,,
7/03/2005,205.5,213.25,220.25,,,
8/03/2005,206.75,214.25,221.25,,,
9/03/2005,209.25,216.25,223.25,,,
10/03/2005,212.5,220,227,,,
11/03/2005,217.5,224.75,231.5,,,
14/03/2005,214.5,221,228,,,
15/03/2005,228.5,235.25,240.25,,,
16/03/2005,225.5,233,238.25,,,
17/03/2005,223.5,231.25,237.25,,,
18/03/2005,219.75,227.5,234.25,,,
21/03/2005,214.5,222.5,229.5,,,
22/03/2005,214,222,228.5,,,
23/03/2005,210.75,218.75,225.5,,,
24/03/2005,210.5,218.5,224.75,,,
28/03/2005,212.75,220.5,226.25,,,
29/03/2005,213,221,226.5,,,
30/03/2005,212.5,220.25,226.25,,,
31/03/2005,213,221,227.5,,,
1/04/2005,212.75,221,228,,,
4/04/2005,209.75,218,225.75,,,
5/04/2005,205.5,213.75,221.5,,,
6/04/2005,207.25,215.5,222.5,,,
7/04/2005,205.5,214,221.25,,,
8/04/2005,204,212.5,219.75,,,
11/04/2005,205.75,214,221.25,,,
12/04/2005,206.75,215.25,222.25,,,
13/04/2005,205.75,214.25,221.25,,,
14/04/2005,207.5,215.75,222.5,,,
15/04/2005,206.25,214.25,221.25,,,
18/04/2005,204.25,212.5,219.75,,,
19/04/2005,209.5,217.75,224.5,,,
20/04/2005,210.75,219,225.75,,,
21/04/2005,211.25,219.5,226.5,,,
22/04/2005,209.25,217.5,224.5,,,
25/04/2005,213.25,222.25,229,,,
26/04/2005,213,221.75,228.75,,,
27/04/2005,208.25,217,224.5,,,
28/04/2005,204.5,213,220.75,,,
29/04/2005,204.75,213.5,221.5,,,
2/05/2005,200.5,209,217,,,
3/05/2005,197,205,213,,,
4/05/2005,198,206,214.25,,,
5/05/2005,199.75,208,216.25,,,
6/05/2005,200.5,208.25,216.25,,,
9/05/2005,199.75,207.75,215.75,,,
10/05/2005,200.25,208.25,216.25,,,
11/05/2005,198.25,206.5,214.75,,,
12/05/2005,196.25,204.25,212.25,,,
13/05/2005,195.25,203.5,211.75,,,
16/05/2005,207,215,225.25,,,
17/05/2005,207.5,215.5,225.5,,,
18/05/2005,210.75,219,228.75,,,
19/05/2005,209.5,217.75,227.75,,,
20/05/2005,213.25,221.25,231,,,
23/05/2005,224.5,232.25,240.5,,,
24/05/2005,221.25,229,238.25,,,
25/05/2005,222.75,230.75,239.75,,,
26/05/2005,225,233,241.75,,,
27/05/2005,221.25,229.5,238.75,,,
31/05/2005,222,230.75,239.25,,,
1/06/2005,224.5,233.25,241.75,,,
2/06/2005,217,225.75,235,,,
3/06/2005,218.25,227.25,236.25,,,
6/06/2005,220.75,229.75,238.5,,,
7/06/2005,220.25,229.75,238.25,,,
8/06/2005,216,225.5,234.75,,,
9/06/2005,215.5,225,234.5,,,
10/06/2005,210,220.25,230.25,,,
13/06/2005,215,224.75,234.75,,,
14/06/2005,219,228.25,238.75,,,
15/06/2005,224.25,233.75,244.5,,,
16/06/2005,225.75,234.75,245.5,,,
17/06/2005,229,238.5,249,,,
20/06/2005,235.5,245.25,255.75,,,
21/06/2005,232.25,242,252.25,,,
22/06/2005,229.5,238.75,249.75,,,
23/06/2005,226.5,235.75,246.75,,,
24/06/2005,232.75,242,252.75,,,
27/06/2005,221.5,231.25,241.5,,,
28/06/2005,218.5,227.75,238.5,,,
29/06/2005,216.5,226,237,,,
30/06/2005,212.25,222.25,231.75,,,
1/07/2005,216.5,225.5,235.75,,,
5/07/2005,231,240,251,,,
6/07/2005,230.75,239.75,251,,,
7/07/2005,233.75,241.75,253,,,
8/07/2005,226.25,234.75,246.25,,,
11/07/2005,226.75,235.25,246.75,,,
12/07/2005,227,235.5,247,,,
13/07/2005,237.25,244.75,256.25,,,
14/07/2005,245.25,250.5,261.75,,,
15/07/2005,257.75,268,272,,,
18/07/2005,260,270,273.5,,,
19/07/2005,248.5,259,264.5,,,
20/07/2005,241.5,252.25,258.25,,,
21/07/2005,234,244.75,251.5,,,
22/07/2005,233.5,244.75,251.75,,,
25/07/2005,230.5,241.25,247.75,,,
26/07/2005,234.25,245.25,252,,,
27/07/2005,236.5,247.75,255.25,,,
28/07/2005,241,252.5,259.5,,,
29/07/2005,236.5,248.25,255.5,,,
1/08/2005,231.75,244.25,252,,,
2/08/2005,232.5,245.5,252.75,,,
3/08/2005,227,240,247.75,,,
4/08/2005,224.5,237.5,246.25,,,
5/08/2005,220.5,234.5,243.5,,,
8/08/2005,222,235.75,243.5,,,
9/08/2005,218.75,232.75,241,,,
10/08/2005,223,236.5,246,,,
11/08/2005,225,238.25,247.25,,,
12/08/2005,217.75,231,239.75,,,
15/08/2005,210.5,223.25,233,,,
16/08/2005,209.5,222.25,232,,,
17/08/2005,213,226.5,236.25,,,
18/08/2005,211.25,224.75,234.5,,,
19/08/2005,210.25,223.5,233,,,
22/08/2005,212.5,226,235.25,,,
23/08/2005,210.5,224,233.5,,,
24/08/2005,208.75,222.25,232,,,
25/08/2005,206.25,219.75,229.5,,,
26/08/2005,203.75,217.75,227.75,,,
29/08/2005,204.75,219.5,229.75,,,
30/08/2005,203.5,218.5,228.75,,,
31/08/2005,201.5,216.5,227.25,,,
1/09/2005,207.75,222.25,233.5,,,
2/09/2005,203.5,217.25,228.5,,,
6/09/2005,207.5,221.25,232,,,
7/09/2005,204.25,217.5,229,,,
8/09/2005,202.75,216.25,227.25,,,
9/09/2005,203,216,227.25,,,
12/09/2005,198.5,211.5,223.5,,,
13/09/2005,198.5,210,222,,,
14/09/2005,195,207.75,220.25,,,
15/09/2005,206.5,219,226.25,,,
16/09/2005,206.25,218.75,226,,,
19/09/2005,206.25,219,226.25,,,
20/09/2005,206.75,219.25,226.75,,,
21/09/2005,206.5,219.25,226.75,,,
22/09/2005,208.25,220.5,228.25,,,
23/09/2005,207.25,219.5,227.25,,,
26/09/2005,204.5,217.25,224.75,,,
27/09/2005,203.25,216,223.5,,,
28/09/2005,203.25,216,223.5,,,
29/09/2005,203.5,216.5,224,,,
30/09/2005,205.5,217.75,225.75,,,
3/10/2005,208.75,221.5,229,,,
4/10/2005,205.75,218.5,226.25,,,
5/10/2005,204.75,217.75,225.5,,,
6/10/2005,204.25,217,225,,,
7/10/2005,202.5,215.5,223.5,,,
10/10/2005,202,214.75,223,,,
11/10/2005,202.5,215.5,223.25,,,
12/10/2005,205.75,218.25,226,,,
13/10/2005,203.5,216.25,224,,,
14/10/2005,203.5,216.25,224,,,
17/10/2005,203.75,216.5,224.5,,,
18/10/2005,202,214.75,222.5,,,
19/10/2005,201.75,214.5,222.5,,,
20/10/2005,202.75,215.5,223.75,,,
21/10/2005,201.5,214.5,222.75,,,
24/10/2005,199.5,212.75,221.25,,,
25/10/2005,199.5,212.75,221.25,,,
26/10/2005,198.25,211.75,220.5,,,
27/10/2005,197.75,211.25,220,,,
28/10/2005,197,210.5,219.25,,,
31/10/2005,196.25,210.25,218.75,,,
1/11/2005,196.75,210.75,219.25,,,
2/11/2005,196,210,218,,,
3/11/2005,196.25,210.5,218.5,,,
4/11/2005,195.5,209.75,217.75,,,
7/11/2005,194.75,209.5,217.5,,,
8/11/2005,195.25,210,218,,,
9/11/2005,195.25,209.5,217.75,,,
10/11/2005,193.75,208,215.75,,,
11/11/2005,195.5,209.75,217.25,,,
14/11/2005,196.75,210.75,218.5,,,
15/11/2005,195.75,210,218,,,
16/11/2005,192.75,206.75,215.5,,,
17/11/2005,192.25,206.5,215,,,
18/11/2005,191.25,205.25,213.25,,,
21/11/2005,191.5,205.25,213.5,,,
22/11/2005,191.5,205.25,213.5,,,
23/11/2005,190.75,204.25,212.5,,,
25/11/2005,189.75,202.75,211.25,,,
28/11/2005,187.75,201.75,210.5,,,
29/11/2005,186.25,200.5,209.25,,,
30/11/2005,187.5,201.75,210,,,
1/12/2005,189.25,203.75,212.25,,,
2/12/2005,189.75,203.25,211.75,,,
5/12/2005,193.5,206.75,215.5,,,
6/12/2005,190.75,204.25,213,,,
7/12/2005,187,201,209.5,,,
8/12/2005,188.25,201.75,210.75,,,
9/12/2005,189.75,203.75,212.5,,,
12/12/2005,194.25,207.75,216.75,,,
13/12/2005,195.5,208.75,217.75,,,
14/12/2005,194.25,207.25,216.25,,,
15/12/2005,204.75,214,222.5,,,
16/12/2005,207.5,216.25,225.25,,,
19/12/2005,208.75,217.75,226.75,,,
20/12/2005,209.75,218.75,227.25,,,
21/12/2005,210,219,227.75,,,
22/12/2005,212.75,221.5,229.75,,,
23/12/2005,214,222.75,230.75,,,
27/12/2005,215.5,224.25,232.25,,,
28/12/2005,216.25,225,233,,,
29/12/2005,211,220,228.5,,,
30/12/2005,215.75,225,232,,,
3/01/2006,220,228.5,236,,,
4/01/2006,218.25,227,235.25,,,
5/01/2006,215.5,224.75,232.75,,,
6/01/2006,214.25,223.5,231.75,,,
9/01/2006,211,220.5,229,,,
10/01/2006,213.25,222.5,230.5,,,
11/01/2006,214.5,224,232.25,,,
12/01/2006,212.75,222.25,230.5,,,
13/01/2006,213.5,223,231.5,,,
17/01/2006,208.75,218.25,227.25,,,
18/01/2006,205.75,215.5,224.25,,,
19/01/2006,205,214.75,223.75,,,
20/01/2006,205,215,223.75,,,
23/01/2006,208.25,218.25,227.25,,,
24/01/2006,213.25,223.25,232,,,
25/01/2006,216.5,226,235,,,
26/01/2006,217,226.75,235.75,,,
27/01/2006,218.75,228.5,237.5,,,
30/01/2006,217.75,227.75,236.5,,,
31/01/2006,218.75,229,238,,,
1/02/2006,216.5,226.5,236,,,
2/02/2006,220.5,230.25,239.25,,,
3/02/2006,225.25,235,244,,,
6/02/2006,222.75,233,241.75,,,
7/02/2006,218,228.5,237,,,
8/02/2006,221.25,232,240.25,,,
9/02/2006,225.5,236.25,244.75,,,
10/02/2006,221.25,231.75,240.5,,,
13/02/2006,220.75,231.25,239.75,,,
14/02/2006,218.75,229,238,,,
15/02/2006,222,232.25,241.5,,,
16/02/2006,223.5,234.25,243.5,,,
17/02/2006,226.5,237.25,246.25,,,
21/02/2006,226,237,246,,,
22/02/2006,221.5,232.5,241.75,,,
23/02/2006,223,233.75,243,,,
24/02/2006,227.75,238.75,248,,,
27/02/2006,227.5,239,248.5,,,
28/02/2006,228,238.75,248.25,,,
1/03/2006,224.25,234.75,244.5,,,
2/03/2006,228.5,239.25,249.25,,,
3/03/2006,228.75,239.5,249.25,,,
6/03/2006,223,232.75,243,,,
7/03/2006,221,230.5,240.75,,,
8/03/2006,219,228,238.25,,,
9/03/2006,223.25,232,242.25,,,
10/03/2006,226,234.5,245,,,
13/03/2006,220.5,228.75,239.25,,,
14/03/2006,218.75,231.75,241.75,,,
15/03/2006,229.25,239.5,248.25,,,
16/03/2006,224.5,235,244.25,,,
17/03/2006,221.5,232.25,241.5,,,
20/03/2006,218.25,228.75,238.25,,,
21/03/2006,223.5,234.5,243.25,,,
22/03/2006,222.5,233.5,242.75,,,
23/03/2006,219.25,230.25,239.5,,,
24/03/2006,218.75,229.75,239.5,,,
27/03/2006,221.75,232.5,242.5,,,
28/03/2006,222.25,233.25,242.75,,,
29/03/2006,224.25,235.5,244.5,,,
30/03/2006,227.75,238.75,248,,,
31/03/2006,236,247.25,256,,,
3/04/2006,236.5,247.75,256.5,,,
4/04/2006,234.5,245.5,254.75,,,
5/04/2006,236.25,247.5,256.75,,,
6/04/2006,241.5,252.75,261.5,,,
7/04/2006,243,254.5,263.25,,,
10/04/2006,241.25,252.75,262,,,
11/04/2006,242,253.75,262.75,,,
12/04/2006,237,248.75,258,,,
13/04/2006,236.25,248.5,257.5,,,
17/04/2006,236.5,248.25,258,,,
18/04/2006,239.25,250.75,260.5,,,
19/04/2006,238.5,250,259.75,,,
20/04/2006,235.75,247.5,257.5,,,
21/04/2006,236.5,248,258.5,,,
24/04/2006,232.75,244.25,254.5,,,
25/04/2006,231,242.25,253,,,
26/04/2006,231.5,243.25,253.5,,,
27/04/2006,231.25,242.75,253.25,,,
28/04/2006,238.25,249,259.75,,,
1/05/2006,238,248,258.75,,,
2/05/2006,233.25,243.5,254.25,,,
3/05/2006,232.25,242.5,253,,,
4/05/2006,229.75,239.25,250,,,
5/05/2006,230.75,240.5,251.5,,,
8/05/2006,227,237,248,,,
9/05/2006,228.5,238,249.25,,,
10/05/2006,230,240,251.25,,,
11/05/2006,237.75,247,258,,,
12/05/2006,248.25,258.25,268.5,,,
15/05/2006,260,270.5,283.75,,,
16/05/2006,259,270,283,,,
17/05/2006,263,274,286.75,,,
18/05/2006,260.25,271.25,285.25,,,
19/05/2006,252.75,264,277.25,,,
22/05/2006,254.5,265.5,278.75,,,
23/05/2006,253,264,277.5,,,
24/05/2006,249.5,261,274.25,,,
25/05/2006,253.25,264.25,278,,,
26/05/2006,254,265,279,,,
30/05/2006,254.5,265.75,279.75,,,
31/05/2006,251.25,262.5,277,,,
1/06/2006,254.5,266.25,280.75,,,
2/06/2006,259.5,271,285,,,
5/06/2006,253,264.75,278.75,,,
6/06/2006,247.75,259.5,273.5,,,
7/06/2006,251,262.75,276.75,,,
8/06/2006,245.5,257.5,271,,,
9/06/2006,242,253.75,267.75,,,
12/06/2006,247.5,259.5,273.5,,,
13/06/2006,243.25,255,268.75,,,
14/06/2006,237,249,262.25,,,
15/06/2006,233,244.5,258.5,,,
16/06/2006,235.5,247,261.25,,,
19/06/2006,229.75,241,255.75,,,
20/06/2006,229.75,241.25,256,,,
21/06/2006,232.75,244.25,259,,,
22/06/2006,230.5,241.75,257,,,
23/06/2006,228.25,239.75,255.25,,,
26/06/2006,223,234.5,249,,,
27/06/2006,225.25,236.5,251.25,,,
28/06/2006,226,237,252,,,
29/06/2006,228.5,239.75,254.5,,,
30/06/2006,235.5,246,260.25,,,
3/07/2006,243.25,253.5,268.5,,,
5/07/2006,239.5,249.5,264.5,,,
6/07/2006,245.25,255,270.25,,,
7/07/2006,241,251,265.75,,,
10/07/2006,247.75,257.25,272.5,,,
11/07/2006,253.75,264,279.25,,,
12/07/2006,259.25,268.25,284,,,
13/07/2006,252.5,260.25,276,,,
14/07/2006,253.5,260.75,276.75,,,
17/07/2006,251.75,268,280,,,
18/07/2006,246.5,262.5,275.25,,,
19/07/2006,244.75,261.75,274.75,,,
20/07/2006,242.5,259.25,272.25,,,
21/07/2006,237.25,253.5,267.5,,,
24/07/2006,239,255.25,269.25,,,
25/07/2006,239.5,256,269.75,,,
26/07/2006,236,252.75,266.75,,,
27/07/2006,237.75,254.25,268.25,,,
28/07/2006,237.25,253.5,267.25,,,
31/07/2006,239,256,269.75,,,
1/08/2006,240.5,257.75,271.25,,,
2/08/2006,247.25,264.25,277.5,,,
3/08/2006,245,262,276,,,
4/08/2006,245,262.25,276.25,,,
7/08/2006,239.75,257,271.25,,,
8/08/2006,235.75,253,267.25,,,
9/08/2006,239.75,256.75,270.5,,,
10/08/2006,238.75,255.75,270,,,
11/08/2006,224.75,241.75,256.75,,,
14/08/2006,222,238.25,253.25,,,
15/08/2006,222,238.5,253.25,,,
16/08/2006,221.5,238,252.5,,,
17/08/2006,219,235.5,249.75,,,
18/08/2006,219.75,235.75,250,,,
21/08/2006,221,237.5,251.75,,,
22/08/2006,219.5,236,250.5,,,
23/08/2006,223.5,240,254.5,,,
24/08/2006,227.5,244.25,258.5,,,
25/08/2006,225,241.75,256.5,,,
28/08/2006,224.5,241,255.75,,,
29/08/2006,222.75,238.75,253.5,,,
30/08/2006,228.5,244.75,259.25,,,
31/08/2006,232,248,262.75,,,
1/09/2006,230,245.75,260.5,,,
5/09/2006,228.75,244.25,259,,,
6/09/2006,226.25,240.75,255.5,,,
7/09/2006,230.75,245.75,259.75,,,
8/09/2006,231.75,246,260,,,
11/09/2006,228.75,243.5,257.25,,,
12/09/2006,223.5,237.75,252.5,,,
13/09/2006,224,237.75,252.25,,,
14/09/2006,223,237.25,251.25,,,
15/09/2006,241.75,255.5,263.25,,,
18/09/2006,247.75,261.5,268.75,,,
19/09/2006,246.5,260.25,267.75,,,
20/09/2006,249,262.25,269.25,,,
21/09/2006,257.25,270,277,,,
22/09/2006,255.25,268.5,275.75,,,
25/09/2006,254.75,268.25,275.75,,,
26/09/2006,259,272.75,280.25,,,
27/09/2006,253.75,267.75,275.25,,,
28/09/2006,264.25,277.5,285.25,,,
29/09/2006,262.5,275.25,282.75,,,
2/10/2006,267.75,280.75,289,,,
3/10/2006,264,278,285.5,,,
4/10/2006,274.25,287.5,296,,,
5/10/2006,271.75,283.25,291,,,
6/10/2006,271,284,290.5,,,
9/10/2006,289.5,302.5,308.75,,,
10/10/2006,275.5,288,294.25,,,
11/10/2006,284,294,299.75,,,
12/10/2006,298.25,308.25,312.5,,,
13/10/2006,314.5,324,329.5,,,
16/10/2006,316.75,326.5,332.5,,,
17/10/2006,321,329.25,335.75,,,
18/10/2006,315.5,325.25,331,,,
19/10/2006,316,327,333,,,
20/10/2006,312.75,324.75,331.5,,,
23/10/2006,318.25,330.25,336.75,,,
24/10/2006,324.25,335.75,342,,,
25/10/2006,327,339.25,345.25,,,
26/10/2006,327,339.5,346.5,,,
27/10/2006,332.5,344.5,352,,,
30/10/2006,329.5,343,349.5,,,
31/10/2006,320.75,334.75,341.5,,,
1/11/2006,333.5,347,354,,,
2/11/2006,344.75,359.25,367,,,
3/11/2006,342.25,357,364,,,
6/11/2006,343.5,358.5,365.75,,,
7/11/2006,351,366.75,372.75,,,
8/11/2006,357.75,373.5,380.5,,,
9/11/2006,350,366,372.25,,,
10/11/2006,343.25,359.5,365.25,,,
13/11/2006,342.5,358.5,362.75,,,
14/11/2006,357.75,371.5,374.75,,,
15/11/2006,358.25,372.5,376.75,,,
16/11/2006,351.5,366,371.25,,,
17/11/2006,355.25,370.5,373.5,,,
20/11/2006,360,375,377.5,,,
21/11/2006,361.25,377.25,380.25,,,
22/11/2006,362.75,378.25,383.25,,,
24/11/2006,369.25,386,391.25,,,
27/11/2006,371.5,388.25,394.5,,,
28/11/2006,368.75,384.75,390.75,,,
29/11/2006,370.25,385.25,390,,,
30/11/2006,377,390.5,393.75,,,
1/12/2006,374,387,391.25,,,
4/12/2006,362.75,375.5,381,,,
5/12/2006,366.25,378,383.75,,,
6/12/2006,353,366,371.5,,,
7/12/2006,358.5,372.5,378,,,
8/12/2006,354.25,368.5,374.5,,,
11/12/2006,355.5,370.75,376.5,,,
12/12/2006,359,372.75,379.75,,,
13/12/2006,354.5,368.25,376,,,
14/12/2006,358.75,371.75,379.5,,,
15/12/2006,369,377,383.5,,,
18/12/2006,365.75,373.75,379.75,,,
19/12/2006,373,380.75,386,,,
20/12/2006,372.75,381.25,387.5,,,
21/12/2006,377.75,385.5,391.25,,,
22/12/2006,384,391.5,396.75,,,
26/12/2006,388,395.25,399.25,,,
27/12/2006,386.75,394.75,399.25,,,
28/12/2006,388.5,396.25,401,,,
29/12/2006,390.25,398.5,402.5,,,
2/01/2007,390.25,398.5,402.5,,,
3/01/2007,370.5,380,385.25,,,
4/01/2007,362.25,371.75,377.25,,,
5/01/2007,368.25,377.75,383.75,,,
8/01/2007,363.5,373.25,380,,,
9/01/2007,354.5,364.5,371,,,
10/01/2007,360.25,370.25,377,,,
11/01/2007,376.5,387.5,394.5,,,
12/01/2007,396.5,407.5,414.5,,,
16/01/2007,403,413.75,421.5,,,
17/01/2007,408,419,425.75,,,
18/01/2007,412.25,422,428,,,
19/01/2007,406.75,418,424.25,,,
22/01/2007,404.25,416,422.25,,,
23/01/2007,409,420.25,425.5,,,
24/01/2007,400.75,412.5,418.5,,,
25/01/2007,407,418,424,,,
26/01/2007,405.5,417.5,424,,,
29/01/2007,400,411.5,418.5,,,
30/01/2007,404.75,416.25,422.5,,,
31/01/2007,404,415.75,422.5,,,
1/02/2007,398,409.75,417,,,
2/02/2007,402,414.75,421.25,,,
5/02/2007,402,414.5,421,,,
6/02/2007,396.5,408.75,415.5,,,
7/02/2007,392.25,404.5,411,,,
8/02/2007,399.75,411.75,417.75,,,
9/02/2007,406.25,418,424.25,,,
12/02/2007,404.75,416,423.25,,,
13/02/2007,411,423.25,430.5,,,
14/02/2007,408.25,420.75,428.75,,,
15/02/2007,407.5,420,428.5,,,
16/02/2007,417,429.5,437.75,,,
20/02/2007,415.25,428.25,437.75,,,
21/02/2007,426.25,439,448.25,,,
22/02/2007,434.5,447.5,457,,,
23/02/2007,430.25,442.5,452,,,
26/02/2007,425.5,438.5,447.25,,,
27/02/2007,411,424.25,433.5,,,
28/02/2007,425.25,435.5,444.25,,,
1/03/2007,417.25,428,436.25,,,
2/03/2007,411,421,429.75,,,
5/03/2007,417.25,426.75,435,,,
6/03/2007,412.5,422,430.75,,,
7/03/2007,415.75,424.5,432.75,,,
8/03/2007,412,421.5,430.75,,,
9/03/2007,408.25,417.5,427.5,,,
12/03/2007,399.75,409.25,419.75,,,
13/03/2007,397,406.75,417.75,,,
14/03/2007,389.5,404.75,415.25,,,
15/03/2007,397.75,409,400.5,,,
16/03/2007,399.5,410.75,403.75,,,
19/03/2007,398,410,407,,,
20/03/2007,405.25,417,411.75,,,
21/03/2007,409.75,421.25,413.5,,,
22/03/2007,409.5,421,413,,,
23/03/2007,403.25,415.25,410,,,
26/03/2007,391,403.5,399.25,,,
27/03/2007,392.5,403.75,400.5,,,
28/03/2007,388.5,400.25,397.75,,,
29/03/2007,394.5,405.5,401.25,,,
30/03/2007,374.5,385.5,381.25,,,
2/04/2007,354.75,366.5,366.25,,,
3/04/2007,346.25,358.25,362,,,
4/04/2007,359.25,371.5,374,,,
5/04/2007,366,378,381.25,,,
9/04/2007,363.5,376.25,380,,,
10/04/2007,369,381.25,386.75,,,
11/04/2007,360.75,372.75,379.5,,,
12/04/2007,358.75,371.5,378,,,
13/04/2007,369,381.5,386.25,,,
16/04/2007,364.25,376,382,,,
17/04/2007,353.25,365.25,370.5,,,
18/04/2007,363.5,375.25,376.25,,,
19/04/2007,371.25,382.25,377.25,,,
20/04/2007,360.5,372,370.5,,,
23/04/2007,352.25,364,364,,,
24/04/2007,360.5,371.25,368.75,,,
25/04/2007,371.25,381.75,378.25,,,
26/04/2007,364.75,375.25,374,,,
27/04/2007,364.25,373.75,368.5,,,
30/04/2007,358,367.5,365.5,,,
1/05/2007,367.5,377.5,377.25,,,
2/05/2007,372,382,380.75,,,
3/05/2007,379.75,389.25,387,,,
4/05/2007,381.25,390.75,389.5,,,
7/05/2007,369.5,379,380.75,,,
8/05/2007,353.75,363.5,365.5,,,
9/05/2007,357.25,366.25,366.5,,,
10/05/2007,345.75,354.5,357.5,,,
11/05/2007,361,369.25,373.25,,,
14/05/2007,358,363.25,368.5,,,
15/05/2007,371.5,376.5,378.5,,,
16/05/2007,376,377.5,377.5,,,
17/05/2007,373,371.5,370.5,,,
18/05/2007,371.25,369,366.5,,,
21/05/2007,381,381.25,380.25,,,
22/05/2007,369.5,371.25,369.25,,,
23/05/2007,368.5,371.5,370.5,,,
24/05/2007,376.5,376.75,372.75,,,
25/05/2007,376,377.25,375,,,
29/05/2007,364.75,367.75,367.5,,,
30/05/2007,382.25,384.75,381.25,,,
31/05/2007,390.25,391.5,384.75,,,
1/06/2007,386.75,389.25,383,,,
4/06/2007,383.75,388.25,383,,,
5/06/2007,380.25,385.75,382.75,,,
6/06/2007,374.75,381.5,381.25,,,
7/06/2007,384.75,393.5,393.5,,,
8/06/2007,382,390.25,392.25,,,
11/06/2007,396,405,406,,,
12/06/2007,393.5,402.5,405.5,,,
13/06/2007,404.5,412.5,415,,,
14/06/2007,409.5,417.5,417.5,,,
15/06/2007,419,426,424.25,,,
18/06/2007,416,424,423.5,,,
19/06/2007,396,404,403.5,,,
20/06/2007,394.25,404.25,406.25,,,
21/06/2007,385,394.75,399,,,
22/06/2007,367.5,376.75,381.5,,,
25/06/2007,357.75,367,374,,,
26/06/2007,356.5,367,375,,,
27/06/2007,343.75,353.75,362,,,
28/06/2007,339.5,350,358.25,,,
29/06/2007,329.5,340,350.75,,,
2/07/2007,330.5,339.75,350,,,
3/07/2007,320,328.5,338,,,
5/07/2007,324,332.5,342.5,,,
6/07/2007,334.5,341.5,352,,,
9/07/2007,332.5,339.25,350.25,,,
10/07/2007,338,345.5,357,,,
11/07/2007,336,343,355.5,,,
12/07/2007,344,351.5,365.25,,,
13/07/2007,341.5,354.75,368.5,,,
16/07/2007,334.75,348.5,361.75,,,
17/07/2007,322.5,336.75,351.25,,,
18/07/2007,327,342.5,357.5,,,
19/07/2007,321.25,336.25,351.75,,,
20/07/2007,318.25,333.5,348.75,,,
23/07/2007,310,325.5,340.75,,,
24/07/2007,311.5,326.75,342,,,
25/07/2007,311.5,327.25,342.5,,,
26/07/2007,317.5,333,348.5,,,
27/07/2007,321,336.5,351.75,,,
30/07/2007,323.5,340,355.25,,,
31/07/2007,325.75,342.25,357.5,,,
1/08/2007,319,336,351.25,,,
2/08/2007,324,341.25,356.25,,,
3/08/2007,326.5,343,358.75,,,
6/08/2007,325.75,343,359.25,,,
7/08/2007,335.25,352,367.5,,,
8/08/2007,341,358,373.5,,,
9/08/2007,332.25,348.75,364.5,,,
10/08/2007,333,350.5,365.75,,,
13/08/2007,331,349,364.25,,,
14/08/2007,327.5,345,360.5,,,
15/08/2007,328,345.25,360.5,,,
16/08/2007,321.5,339,354.25,,,
17/08/2007,328.5,345.75,360,,,
20/08/2007,331.75,348.75,364,,,
21/08/2007,338.5,355,370,,,
22/08/2007,347.5,364.25,379,,,
23/08/2007,345.25,362,377.25,,,
24/08/2007,341.5,358.75,374.25,,,
27/08/2007,335.75,353,369.25,,,
28/08/2007,327.25,344.75,361.5,,,
29/08/2007,322.75,340.25,357,,,
30/08/2007,322.75,339.75,356,,,
31/08/2007,324,340,356,,,
4/09/2007,336.75,353.25,369.25,,,
5/09/2007,328.75,345.75,361.75,,,
6/09/2007,323.25,339.25,355.75,,,
7/09/2007,331.25,347.5,364,,,
10/09/2007,329.75,346,363,,,
11/09/2007,324.5,341.25,357.75,,,
12/09/2007,339.75,356.5,373,,,
13/09/2007,330.75,346.75,363.75,,,
14/09/2007,336.5,349,366,,,
17/09/2007,352.25,369,379.75,,,
18/09/2007,352.25,369,379,,,
19/09/2007,358.25,374.75,384.5,,,
20/09/2007,369.25,385.25,394.5,,,
21/09/2007,376.5,392,401.25,,,
24/09/2007,373.5,389,398.5,,,
25/09/2007,371.75,387.25,396.25,,,
26/09/2007,375,390.75,399.5,,,
27/09/2007,386.75,402.25,411.25,,,
28/09/2007,373,389.25,399.25,,,
1/10/2007,368.75,385.5,395,,,
2/10/2007,348.75,365.5,375,,,
3/10/2007,344.5,361,371.5,,,
4/10/2007,342.25,359,369.75,,,
5/10/2007,342.25,359,369.5,,,
8/10/2007,339.75,356.25,367,,,
9/10/2007,342.5,359.5,369.25,,,
10/10/2007,347.25,364.25,374.25,,,
11/10/2007,343.75,360.75,370.75,,,
12/10/2007,351,367.75,378.25,,,
15/10/2007,362,378.25,388.75,,,
16/10/2007,360.5,377.25,387.5,,,
17/10/2007,358,374.5,385,,,
18/10/2007,367.25,383.5,393.75,,,
19/10/2007,370.25,386,397,,,
22/10/2007,364.5,381,391.75,,,
23/10/2007,361,377.75,388.5,,,
24/10/2007,356.5,373.5,383.5,,,
25/10/2007,366.25,383,392.5,,,
26/10/2007,372,388.75,399,,,
29/10/2007,376,393,402.75,,,
30/10/2007,370.25,387.5,396.75,,,
31/10/2007,375.5,392.75,401.25,,,
1/11/2007,368.75,386,395.75,,,
2/11/2007,377,394.5,404,,,
5/11/2007,375.25,392.5,402.75,,,
6/11/2007,385.75,403,413,,,
7/11/2007,384.25,401.25,411.75,,,
8/11/2007,389.5,406.25,416.25,,,
9/11/2007,386.75,404,413.75,,,
12/11/2007,379,396,406.25,,,
13/11/2007,374.75,392,402.25,,,
14/11/2007,383,400,409.5,,,
15/11/2007,374.75,391.75,401.75,,,
16/11/2007,379.5,396.5,406.25,,,
19/11/2007,377.5,394.5,404.75,,,
20/11/2007,381.25,398.25,408.75,,,
21/11/2007,382,398.75,408.75,,,
23/11/2007,389,405.75,416.25,,,
26/11/2007,385.75,403.25,413.25,,,
27/11/2007,383.5,400.75,410.75,,,
28/11/2007,387.25,404.5,415,,,
29/11/2007,383.5,400.75,411.5,,,
30/11/2007,384.5,401.5,413,,,
3/12/2007,386,403.5,414,,,
4/12/2007,394,411.25,421.75,,,
5/12/2007,394,411.25,422.25,,,
6/12/2007,394.75,412,422.5,,,
7/12/2007,399.5,417.25,427.75,,,
10/12/2007,400.5,417.75,428,,,
11/12/2007,406.5,424,434.5,,,
12/12/2007,416.75,433.25,444.25,,,
13/12/2007,418.75,435,446,,,
14/12/2007,420,438.25,449.25,,,
17/12/2007,438.75,449.75,457.25,,,
18/12/2007,432,442.75,450.25,,,
19/12/2007,434.75,445.25,452.75,,,
20/12/2007,437.5,448,456,,,
21/12/2007,443.5,453.75,462.5,,,
24/12/2007,444,454.75,463.5,,,
26/12/2007,452.25,462.75,472.25,,,
27/12/2007,454.75,466,475,,,
28/12/2007,452,463.25,473,,,
31/12/2007,455.5,466.75,476.5,,,
2/01/2008,462.5,473.5,483,,,
3/01/2008,466,476.75,486.5,,,
4/01/2008,466.75,478,487.75,,,
7/01/2008,466.25,477.5,487,,,
8/01/2008,478.75,490,499.5,,,
9/01/2008,477.25,489,498.75,,,
10/01/2008,475,486.25,496,,,
11/01/2008,495,506.25,516,,,
14/01/2008,512,524.25,534.75,,,
15/01/2008,509,521.5,532.5,,,
16/01/2008,502.5,514.75,525.25,,,
17/01/2008,502,514.75,525.25,,,
18/01/2008,498.25,510.5,519.5,,,
22/01/2008,489,501.25,510,,,
23/01/2008,469.25,481.25,490,,,
24/01/2008,489.25,501.25,510,,,
25/01/2008,498.25,510.75,519,,,
28/01/2008,502.25,514.25,523,,,
29/01/2008,501,512.75,521.25,,,
30/01/2008,498.5,510.25,518.75,,,
31/01/2008,501.25,513.25,522.25,,,
1/02/2008,500.5,513.25,522.25,,,
4/02/2008,510.5,522.75,533,,,
5/02/2008,509.25,521.75,533,,,
6/02/2008,501.5,514.25,525.75,,,
7/02/2008,499.5,512.25,523.25,,,
8/02/2008,508,521,531.5,,,
11/02/2008,503.5,516.75,527.5,,,
12/02/2008,497.75,511,521.75,,,
13/02/2008,497,509.75,520,,,
14/02/2008,511,522.75,533.25,,,
15/02/2008,514.75,527,538.25,,,
19/02/2008,520,532.5,544.25,,,
20/02/2008,523.5,536,547.5,,,
21/02/2008,524.5,537.5,549.5,,,
22/02/2008,522.25,535,546.75,,,
25/02/2008,533.25,547,558.75,,,
26/02/2008,530.5,544,556.25,,,
27/02/2008,525,538,550,,,
28/02/2008,543.25,556.25,567.75,,,
29/02/2008,546,556.5,568.5,,,
3/03/2008,555.5,566.5,578.25,,,
4/03/2008,543,554.5,566.75,,,
5/03/2008,557,567,579,,,
6/03/2008,557,567.25,579,,,
7/03/2008,533.5,547.25,559,,,
10/03/2008,555.5,565.75,578.25,,,
11/03/2008,564,572.5,584.5,,,
12/03/2008,556.75,567.25,579.5,,,
13/03/2008,559.75,569.5,581.5,,,
14/03/2008,545.5,559.25,571.25,,,
17/03/2008,539.25,551.25,553.25,,,
18/03/2008,547.25,559.25,561.5,,,
19/03/2008,527.25,539.25,541.5,,,
20/03/2008,507.5,519.25,523,,,
24/03/2008,524.75,537,540,,,
25/03/2008,544.75,557,560,,,
26/03/2008,552.25,565,568,,,
27/03/2008,555.5,567.25,569,,,
28/03/2008,560.5,573.75,576.25,,,
31/03/2008,567.25,582,584.5,,,
1/04/2008,584,598,598.5,,,
2/04/2008,595.75,609.25,607.75,,,
3/04/2008,600,613.5,614,,,
4/04/2008,598,611.25,612,,,
7/04/2008,590,603.25,605.5,,,
8/04/2008,591.25,604.25,608,,,
9/04/2008,605,618,623.25,,,
10/04/2008,594.25,607.5,614.25,,,
11/04/2008,584.25,597.5,605.5,,,
14/04/2008,591.75,604.75,612.25,,,
15/04/2008,606,619.5,626.5,,,
16/04/2008,603.5,617,624.25,,,
17/04/2008,603.5,617,624.5,,,
18/04/2008,599.5,613,621.25,,,
21/04/2008,580.25,593.75,603.25,,,
22/04/2008,594.25,607.75,616.25,,,
23/04/2008,587.75,601.5,610.25,,,
24/04/2008,576.25,589.5,598.5,,,
25/04/2008,577.25,590.75,600.5,,,
28/04/2008,600,613.5,624,,,
29/04/2008,591.25,604.5,614.75,,,
30/04/2008,600.25,612.25,621.75,,,
1/05/2008,605.5,617.25,626.75,,,
2/05/2008,602,613.5,623.25,,,
5/05/2008,582,594,604.5,,,
6/05/2008,594.75,606.25,616,,,
7/05/2008,601.5,613,622.75,,,
8/05/2008,618.75,630.25,639.75,,,
9/05/2008,618.5,629.25,641,,,
12/05/2008,603.5,614.75,626.75,,,
13/05/2008,597.5,607.25,619.5,,,
14/05/2008,589.75,596.25,608.25,,,
15/05/2008,599,611.25,622.5,,,
16/05/2008,591,603.5,616.75,,,
19/05/2008,586.75,599.25,613,,,
20/05/2008,589.75,602.25,616,,,
21/05/2008,607.25,619.75,633.5,,,
22/05/2008,595.75,608.5,623.25,,,
23/05/2008,599.75,612.75,627.25,,,
27/05/2008,598,611,625.5,,,
28/05/2008,592.5,605.5,619.5,,,
29/05/2008,582.25,595.25,609.5,,,
30/05/2008,599.25,612.5,626.5,,,
2/06/2008,615.75,629,643.25,,,
3/06/2008,608,621.25,636.25,,,
4/06/2008,614.5,627.75,643,,,
5/06/2008,643.25,656,670.75,,,
6/06/2008,650.75,663.75,677.75,,,
9/06/2008,657.25,670.5,685.25,,,
10/06/2008,673.25,686.75,702.75,,,
11/06/2008,703.25,716.75,732.75,,,
12/06/2008,709,722.75,739.5,,,
13/06/2008,731.75,745.75,765,,,
16/06/2008,732.5,746.75,765,,,
17/06/2008,742.25,756.5,776,,,
18/06/2008,746.25,760.25,780,,,
19/06/2008,727.75,741.75,761.5,,,
20/06/2008,721.25,735.5,755.5,,,
23/06/2008,724.25,738.75,759.25,,,
24/06/2008,712.5,727,747.5,,,
25/06/2008,730,744.5,765,,,
26/06/2008,753.75,768.25,788,,,
27/06/2008,754.75,767.75,787,,,
30/06/2008,724.75,737.75,757,,,
1/07/2008,719.5,732.25,752,,,
2/07/2008,748.75,761,780.5,,,
3/07/2008,746,757.75,777,,,
7/07/2008,716.5,727.75,747,,,
8/07/2008,692.75,704.5,722.5,,,
9/07/2008,683,694.75,712.75,,,
10/07/2008,675.25,686.5,704.25,,,
11/07/2008,680,691,709.25,,,
14/07/2008,657,663.75,682.25,,,
15/07/2008,648.25,666.75,685.25,,,
16/07/2008,658.5,677.25,695.5,,,
17/07/2008,631.25,650,668.75,,,
18/07/2008,609.5,628.5,647.75,,,
21/07/2008,589.25,608.25,627.75,,,
22/07/2008,573.5,592.25,611.25,,,
23/07/2008,571.5,590.5,609.75,,,
24/07/2008,573,592,611.25,,,
25/07/2008,577.25,596.5,616,,,
28/07/2008,582,601.25,620.75,,,
29/07/2008,594,613.5,633.5,,,
30/07/2008,601.5,621.25,641.25,,,
31/07/2008,587.5,607.5,627.5,,,
1/08/2008,565,585,605,,,
4/08/2008,535.5,555.5,575.75,,,
5/08/2008,525.25,545,564.75,,,
6/08/2008,508,527.75,547.25,,,
7/08/2008,522.25,542,561.75,,,
8/08/2008,498.5,518.25,538,,,
11/08/2008,497.25,517,536.75,,,
12/08/2008,509,528.5,547.75,,,
13/08/2008,539,558.5,577.75,,,
14/08/2008,557.75,577.25,596.5,,,
15/08/2008,529.75,549.5,568.5,,,
18/08/2008,553,572.75,591.75,,,
19/08/2008,564.75,584.5,603.75,,,
20/08/2008,575.25,595,614,,,
21/08/2008,597.75,617.5,637,,,
22/08/2008,586.5,606.5,625.75,,,
25/08/2008,580.25,600,619.5,,,
26/08/2008,575.25,594,613.5,,,
27/08/2008,577.5,596,615,,,
28/08/2008,570,587.75,606.75,,,
29/08/2008,568.25,585,604,,,
2/09/2008,553,569.25,588,,,
3/09/2008,546.5,562.25,581,,,
4/09/2008,549.25,564.5,583.25,,,
5/09/2008,531.5,548.5,567.25,,,
8/09/2008,533,549,567.75,,,
9/09/2008,529.5,544.5,563.5,,,
10/09/2008,522.5,536.75,555.75,,,
11/09/2008,522.25,533.25,552.25,,,
12/09/2008,547.5,563.25,582,,,
15/09/2008,562,580.25,592,,,
16/09/2008,532.25,550.25,562,,,
17/09/2008,554,570,579.5,,,
18/09/2008,527.25,543.25,552.5,,,
19/09/2008,542.25,559,569.5,,,
22/09/2008,558.5,576.25,587.25,,,
23/09/2008,560.25,578,589.25,,,
24/09/2008,563,580.5,592.25,,,
25/09/2008,558.25,576,587.25,,,
26/09/2008,543,561,572.5,,,
29/09/2008,513,531,542.5,,,
30/09/2008,487.5,506.5,518.5,,,
1/10/2008,484,503,515,,,
2/10/2008,454,473,485,,,
3/10/2008,454,472.5,484.75,,,
6/10/2008,424,442.5,454.75,,,
7/10/2008,417,433.5,445.5,,,
8/10/2008,427.5,444,455.75,,,
9/10/2008,438.25,455.75,467.5,,,
10/10/2008,408.25,425.75,437.5,,,
13/10/2008,411.5,429.5,441.25,,,
14/10/2008,411.25,429,440.75,,,
15/10/2008,388,405.5,417,,,
16/10/2008,384.5,401.5,412.5,,,
17/10/2008,403,420.5,431.75,,,
20/10/2008,418.5,436.25,448,,,
21/10/2008,411,427.75,439.25,,,
22/10/2008,385,400.75,412,,,
23/10/2008,390.25,406.25,417.25,,,
24/10/2008,372.75,388.75,399.5,,,
27/10/2008,385.25,402.25,413.75,,,
28/10/2008,390.75,408.25,420,,,
29/10/2008,420.75,438.25,450,,,
30/10/2008,409.5,427.5,439.5,,,
31/10/2008,401.5,419.25,430.75,,,
3/11/2008,403,420.75,432.5,,,
4/11/2008,413,430.75,442.75,,,
5/11/2008,390.25,408,420.25,,,
6/11/2008,378,395.5,407.5,,,
7/11/2008,375.5,393.5,405.5,,,
10/11/2008,383.5,401.5,413.75,,,
11/11/2008,374.25,391.75,403.75,,,
12/11/2008,369.5,386.25,398,,,
13/11/2008,377,393.5,404.75,,,
14/11/2008,380.25,397,408.5,,,
17/11/2008,385.75,403,414.75,,,
18/11/2008,380,396.5,407.75,,,
19/11/2008,378.75,395.25,406.5,,,
20/11/2008,363.75,380,391,,,
21/11/2008,338.5,354.25,365.5,,,
24/11/2008,354.5,371,382.25,,,
25/11/2008,353.5,370.5,381.75,,,
26/11/2008,354,371,382.25,,,
28/11/2008,349.5,365.75,377.25,,,
1/12/2008,332.75,348.75,360,,,
2/12/2008,332.5,348.25,359.5,,,
3/12/2008,332,348.25,359.25,,,
4/12/2008,318.25,334,345,,,
5/12/2008,293.5,309.25,319.25,,,
8/12/2008,314.25,330,340.5,,,
9/12/2008,312.25,327.75,338.5,,,
10/12/2008,326.75,342,352.75,,,
11/12/2008,338,351.5,362.5,,,
12/12/2008,359.5,373.5,384.75,,,
15/12/2008,375.25,386.5,397.25,,,
16/12/2008,394,405.25,416.25,,,
17/12/2008,389.5,400.5,411,,,
18/12/2008,389.5,400.25,410.75,,,
19/12/2008,380.75,391,401,,,
22/12/2008,381.75,392,402.5,,,
23/12/2008,394.75,405,415.25,,,
24/12/2008,398,408,418,,,
26/12/2008,412.25,422.5,432.5,,,
29/12/2008,393.5,404,414.25,,,
30/12/2008,396.25,406.5,417,,,
31/12/2008,407,417.75,428,,,
2/01/2009,412.25,422.75,433,,,
5/01/2009,411.25,421.5,431.5,,,
6/01/2009,427.5,438,448,,,
7/01/2009,416.5,427.25,437.25,,,
8/01/2009,406.75,417.25,427.5,,,
9/01/2009,410.75,421.25,431.5,,,
12/01/2009,380.75,391.25,401.5,,,
13/01/2009,362.5,373.25,383.5,,,
14/01/2009,366.5,377.5,387.75,,,
15/01/2009,365.25,376.25,386.5,,,
16/01/2009,391,401.75,412.5,,,
20/01/2009,383.5,394.75,405.5,,,
21/01/2009,390.25,401,411.25,,,
22/01/2009,387.5,398.5,409,,,
23/01/2009,390.5,401.5,412,,,
26/01/2009,393.75,404.75,415.25,,,
27/01/2009,377.5,388.5,399.25,,,
28/01/2009,384.5,395.5,406.25,,,
29/01/2009,381.75,393,403.75,,,
30/01/2009,379,390.25,401.25,,,
2/02/2009,370.5,381.75,392.5,,,
3/02/2009,361.75,372.75,383,,,
4/02/2009,358.25,368.75,379.25,,,
5/02/2009,371.25,381.5,391.5,,,
6/02/2009,377.25,387.5,397.75,,,
9/02/2009,377.5,388,398.5,,,
10/02/2009,376.75,387,397.25,,,
11/02/2009,368.5,378.5,388,,,
12/02/2009,366.25,376,385.5,,,
13/02/2009,363.25,373.25,383.25,,,
17/02/2009,349.25,359,368.75,,,
18/02/2009,349.25,358,367.25,,,
19/02/2009,353.25,362,371.5,,,
20/02/2009,350.25,359,368.5,,,
23/02/2009,351.75,360.75,370.75,,,
24/02/2009,354.25,363,372.5,,,
25/02/2009,363.75,372.25,382,,,
26/02/2009,362,370.5,380.25,,,
27/02/2009,350.75,359,368.5,,,
2/03/2009,343.5,350.25,359.5,,,
3/03/2009,343.5,350.5,359.75,,,
4/03/2009,355.25,363.5,372.75,,,
5/03/2009,349.25,358.5,367.75,,,
6/03/2009,352.75,361.5,371,,,
9/03/2009,357.25,365.5,375.25,,,
10/03/2009,366.75,375.5,385.5,,,
11/03/2009,356,364.5,374.5,,,
12/03/2009,376.75,385.25,395.5,,,
13/03/2009,375,388.5,398.25,,,
16/03/2009,391.5,401.75,410,,,
17/03/2009,390.5,400.75,409.25,,,
18/03/2009,388.25,398.5,407.25,,,
19/03/2009,396.5,407,416.25,,,
20/03/2009,396.5,407,416,,,
23/03/2009,395.5,406,415.5,,,
24/03/2009,393.75,404.25,413.25,,,
25/03/2009,385.75,396.25,405.25,,,
26/03/2009,390.75,401.25,410.5,,,
27/03/2009,387,397.5,407,,,
30/03/2009,386.25,396.75,406,,,
31/03/2009,404.75,414.75,424,,,
1/04/2009,396,406.25,415.25,,,
2/04/2009,402.5,412.75,422,,,
3/04/2009,404.5,414.75,423.5,,,
6/04/2009,405.5,415.75,424.75,,,
7/04/2009,396.25,406.5,416,,,
8/04/2009,397,406.75,416.25,,,
9/04/2009,390.25,399.75,409.5,,,
13/04/2009,387.5,397.25,407,,,
14/04/2009,394.25,403.5,413.25,,,
15/04/2009,384.5,394,403.75,,,
16/04/2009,385.75,395.25,405,,,
17/04/2009,376.25,385.75,395.25,,,
20/04/2009,369.5,378.75,387.75,,,
21/04/2009,374,383,392.5,,,
22/04/2009,373.5,382.5,392.25,,,
23/04/2009,381,390,399.75,,,
24/04/2009,377,385.75,395.25,,,
27/04/2009,372.25,380.75,390,,,
28/04/2009,375,383.5,392.75,,,
29/04/2009,393,401.25,410.5,,,
30/04/2009,396.25,403.5,412.5,,,
1/05/2009,406.25,413.75,422.5,,,
4/05/2009,398,405.5,414.5,,,
5/05/2009,398.5,405.25,414.25,,,
6/05/2009,400.75,407.5,416,,,
7/05/2009,404.75,412,420.5,,,
8/05/2009,414,421,429.5,,,
11/05/2009,413.5,421.25,429.5,,,
12/05/2009,419.5,427.5,436.25,,,
13/05/2009,419.5,426.5,435.5,,,
14/05/2009,421.5,428.25,437.5,,,
15/05/2009,417.25,426.75,438.5,,,
18/05/2009,421.5,430.75,442,,,
19/05/2009,425.75,435.25,447,,,
20/05/2009,426,435.5,447.25,,,
21/05/2009,424,433.75,445.5,,,
22/05/2009,430.25,440.25,452,,,
26/05/2009,427.5,437.75,450.25,,,
27/05/2009,426,436.25,449.75,,,
28/05/2009,428.75,439,452.25,,,
29/05/2009,436.25,446.25,459.25,,,
1/06/2009,445.75,455.75,469.25,,,
2/06/2009,449.5,459.75,472.75,,,
3/06/2009,432.5,442.5,455,,,
4/06/2009,448.5,458.25,471.5,,,
5/06/2009,444,454,467.5,,,
8/06/2009,435,444.75,458,,,
9/06/2009,444,453.25,466.25,,,
10/06/2009,435.75,444.75,458,,,
11/06/2009,441,450,463.25,,,
12/06/2009,425.5,434.5,447.75,,,
15/06/2009,406,414.75,427.75,,,
16/06/2009,404,412.75,425.25,,,
17/06/2009,407.75,416.25,428.75,,,
18/06/2009,403.25,411.75,423.75,,,
19/06/2009,399.25,407.25,419.5,,,
22/06/2009,385.25,393.5,405.5,,,
23/06/2009,389,397.25,409,,,
24/06/2009,386.5,395,407.25,,,
25/06/2009,382.5,390,401.5,,,
26/06/2009,384.25,391.75,404.25,,,
29/06/2009,377,384.5,397.25,,,
30/06/2009,347.75,354.5,367.25,,,
1/07/2009,351.75,356.5,369.25,,,
2/07/2009,345.75,345.75,357.5,,,
6/07/2009,343.25,334.75,344.25,,,
7/07/2009,335.5,325.5,335.75,,,
8/07/2009,339.25,325.25,334.25,,,
9/07/2009,343.5,329.5,340,,,
10/07/2009,345.5,328.25,338,,,
13/07/2009,359,331.75,339.5,,,
14/07/2009,350,338.5,345.5,,,
15/07/2009,329.5,337.5,351,,,
16/07/2009,316.75,325.25,339.25,,,
17/07/2009,322.25,331.5,345.25,,,
20/07/2009,323.25,333.75,347.5,,,
21/07/2009,311.5,322,335.75,,,
22/07/2009,308,319.25,332.75,,,
23/07/2009,327,338.75,352.25,,,
24/07/2009,316.25,327.25,340.5,,,
27/07/2009,322.25,333.75,347,,,
28/07/2009,320.5,329.75,342.75,,,
29/07/2009,320.75,328,340.5,,,
30/07/2009,332.25,342.25,355,,,
31/07/2009,339.5,349.5,362.25,,,
3/08/2009,358,369,382,,,
4/08/2009,354.5,365.75,379,,,
5/08/2009,347,357,370.5,,,
6/08/2009,332.5,340.25,353.75,,,
7/08/2009,322,326.5,340,,,
10/08/2009,324.25,330.5,344,,,
11/08/2009,326.5,331,344.5,,,
12/08/2009,330.75,336.25,350,,,
13/08/2009,324.5,332,346,,,
14/08/2009,319.25,327.75,341.5,,,
17/08/2009,314.25,321.75,335.5,,,
18/08/2009,314.5,322.5,336.25,,,
19/08/2009,320,327.5,341.25,,,
20/08/2009,318.5,324,337.25,,,
21/08/2009,321.75,326.25,339.5,,,
24/08/2009,329.5,335.5,349.25,,,
25/08/2009,321.5,326.75,340.5,,,
26/08/2009,320.5,326.25,340,,,
27/08/2009,323,329.25,343,,,
28/08/2009,321,329,342.75,,,
31/08/2009,326.25,329.75,342.5,,,
1/09/2009,312.25,319.25,332.5,,,
2/09/2009,313.25,319.25,332.5,,,
3/09/2009,311,315.75,329,,,
4/09/2009,300.5,306.25,319.75,,,
8/09/2009,302.75,307.5,321,,,
9/09/2009,305.5,309.75,323.25,,,
10/09/2009,309.5,315.25,328.75,,,
11/09/2009,314.5,319.75,333,,,
14/09/2009,305,317.75,331.25,,,
15/09/2009,346.5,359.75,369,,,
16/09/2009,336.25,349.5,358.75,,,
17/09/2009,329,342.25,351.5,,,
18/09/2009,318,331.5,340.5,,,
21/09/2009,316,329.25,338.5,,,
22/09/2009,325.75,339,348.25,,,
23/09/2009,330.25,343.25,352.5,,,
24/09/2009,336.5,349.75,358.5,,,
25/09/2009,334,346.75,355.5,,,
28/09/2009,338.75,351.25,360.25,,,
29/09/2009,341,354,363,,,
30/09/2009,344,356.75,365.75,,,
1/10/2009,340.5,353.25,362,,,
2/10/2009,333.5,346.5,355.5,,,
5/10/2009,341.5,354.25,363.25,,,
6/10/2009,358.25,370.5,378.75,,,
7/10/2009,359.75,372.25,380.75,,,
8/10/2009,364,376.25,384.75,,,
9/10/2009,362.25,374.5,383,,,
12/10/2009,381.25,393,401,,,
13/10/2009,381.75,393.25,401.25,,,
14/10/2009,383,395,403,,,
15/10/2009,373,385,393.5,,,
16/10/2009,372,383.75,392.5,,,
19/10/2009,386.25,398,407,,,
20/10/2009,384.5,396.75,405.5,,,
21/10/2009,398.25,410,418.5,,,
22/10/2009,403.5,414.75,423.5,,,
23/10/2009,397.75,409.25,417.5,,,
26/10/2009,378,390,398.75,,,
27/10/2009,370.75,383,391.75,,,
28/10/2009,369,381.5,390.5,,,
29/10/2009,379.5,392.5,401.5,,,
30/10/2009,366,379.25,388.25,,,
2/11/2009,382.25,395.75,404.75,,,
3/11/2009,390,403.5,413,,,
4/11/2009,384,397.5,407.25,,,
5/11/2009,376.5,390.25,400,,,
6/11/2009,367,381,391,,,
9/11/2009,386,400.25,410.25,,,
10/11/2009,394.5,409,419,,,
11/11/2009,394,409.25,419.25,,,
12/11/2009,390.5,405.75,415.5,,,
13/11/2009,390.5,405.75,415.75,,,
16/11/2009,402.25,417.5,427.5,,,
17/11/2009,402,417.5,427.25,,,
18/11/2009,398,413.75,423.5,,,
19/11/2009,395,410.75,420.5,,,
20/11/2009,391,407,417,,,
23/11/2009,387.25,403.25,413.25,,,
24/11/2009,376,392,402,,,
25/11/2009,392,408,418.5,,,
27/11/2009,397.25,413.5,424,,,
30/11/2009,402.75,417.5,427.25,,,
1/12/2009,399.75,414.5,424.5,,,
2/12/2009,391.75,406.5,416.75,,,
3/12/2009,385.25,400.75,411.25,,,
4/12/2009,373.75,388.5,399,,,
7/12/2009,368.75,383.75,394.75,,,
8/12/2009,369.5,385,396,,,
9/12/2009,368,383.5,394.5,,,
10/12/2009,377.25,393,404,,,
11/12/2009,389.25,404.5,415.5,,,
14/12/2009,392,408.5,419.25,,,
15/12/2009,407.5,418.25,427.25,,,
16/12/2009,410.25,421,429.5,,,
17/12/2009,397,407.75,416.75,,,
18/12/2009,397.75,408.5,417.5,,,
21/12/2009,400,410.75,419.75,,,
22/12/2009,398.75,409.25,418.75,,,
23/12/2009,404.75,415.25,425,,,
24/12/2009,408.5,418.75,428.25,,,
28/12/2009,416,426,434.75,,,
29/12/2009,417,427,435.5,,,
30/12/2009,413.75,423.5,432.25,,,
31/12/2009,414.5,424.25,433,,,
4/01/2010,418.5,428.75,437,,,
5/01/2010,418.75,429,437.5,,,
6/01/2010,421.75,432,440.75,,,
7/01/2010,417.5,428,436.75,,,
8/01/2010,423,433.25,441.75,,,
11/01/2010,422.5,433,441.25,,,
12/01/2010,392.5,403,411.25,,,
13/01/2010,384,395,404.25,,,
14/01/2010,381,391.75,401,,,
15/01/2010,371.5,382.5,391.5,,,
19/01/2010,369.25,380.25,389.5,,,
20/01/2010,368,378.75,388.25,,,
21/01/2010,372,382.75,392.25,,,
22/01/2010,364.75,375.5,385.5,,,
25/01/2010,367.75,378.75,388.25,,,
26/01/2010,362.25,373.25,382.75,,,
27/01/2010,358.25,369.25,378.5,,,
28/01/2010,361.75,372.75,382.25,,,
29/01/2010,356.5,367.75,377.5,,,
1/02/2010,359,370.25,380.25,,,
2/02/2010,365,376.25,386.25,,,
3/02/2010,353,364.5,374.75,,,
4/02/2010,354,365.25,375.5,,,
5/02/2010,351.5,363,373,,,
8/02/2010,356,367.5,377.5,,,
9/02/2010,358.5,370.25,380.75,,,
10/02/2010,361.75,373.25,383.75,,,
11/02/2010,363.25,375,385.75,,,
12/02/2010,361.5,373.25,384.25,,,
16/02/2010,367.25,379,390,,,
17/02/2010,360,371.75,382.5,,,
18/02/2010,357.25,369,379.75,,,
19/02/2010,360,371.75,382.75,,,
22/02/2010,371.5,382.75,393.75,,,
23/02/2010,367.75,378.75,389.25,,,
24/02/2010,375.25,386.25,396.75,,,
25/02/2010,372.25,383.25,393.5,,,
26/02/2010,378,389,399.75,,,
1/03/2010,370.75,381.75,392.5,,,
2/03/2010,370.5,381.5,392.25,,,
3/03/2010,375.75,386.75,397.75,,,
4/03/2010,372,383,394,,,
5/03/2010,364.75,375.5,386.5,,,
8/03/2010,364.5,375,386,,,
9/03/2010,358.75,369,380,,,
10/03/2010,355.5,365.5,376.5,,,
11/03/2010,355.5,365.25,376.25,,,
12/03/2010,354,364.25,375.5,,,
15/03/2010,363.25,374.25,383.75,,,
16/03/2010,366.75,377.75,387.25,,,
17/03/2010,374,385.25,394.75,,,
18/03/2010,376,387,396.25,,,
19/03/2010,374.5,385.5,394,,,
22/03/2010,370.75,381.75,390,,,
23/03/2010,362.75,373.75,382.75,,,
24/03/2010,365,376,385,,,
25/03/2010,355,366.25,375,,,
26/03/2010,356.25,367.5,376.25,,,
29/03/2010,357,368.25,377.25,,,
30/03/2010,354.5,366,374.75,,,
31/03/2010,345,356.5,366,,,
1/04/2010,344.5,356,366,,,
5/04/2010,345.75,357.5,367.75,,,
6/04/2010,346.5,358,368.5,,,
7/04/2010,356.5,367.75,377.75,,,
8/04/2010,348.25,359.5,370,,,
9/04/2010,345.75,357.25,367.75,,,
12/04/2010,348.25,359.5,370,,,
13/04/2010,352.5,363.25,373.5,,,
14/04/2010,358,368.5,378.75,,,
15/04/2010,363.25,373.75,384.25,,,
16/04/2010,364,374,384,,,
19/04/2010,347.75,357.25,367.25,,,
20/04/2010,355.5,365.25,375,,,
21/04/2010,359.25,369,378,,,
22/04/2010,362.25,371.5,379.75,,,
23/04/2010,353,361,369.5,,,
26/04/2010,352.25,359.5,368,,,
27/04/2010,347.5,353.75,361.5,,,
28/04/2010,357,364,371,,,
29/04/2010,360.5,369,376.25,,,
30/04/2010,366.25,375.25,383.5,,,
3/05/2010,362.75,371.5,380.25,,,
4/05/2010,360,369,377.75,,,
5/05/2010,364.75,373,380.75,,,
6/05/2010,364,371.25,377.75,,,
7/05/2010,364.75,372,378.5,,,
10/05/2010,363,370.5,377.75,,,
11/05/2010,369.75,377,384,,,
12/05/2010,371.75,378.25,384.25,,,
13/05/2010,366.5,373,379.75,,,
14/05/2010,356.75,363,370.25,,,
17/05/2010,356,364,373.75,,,
18/05/2010,359.75,368.25,378.5,,,
19/05/2010,359.25,368,378,,,
20/05/2010,362,369.5,378.5,,,
21/05/2010,369,376.75,385.25,,,
24/05/2010,371,380,389,,,
25/05/2010,364.25,373.25,382.75,,,
26/05/2010,371.5,381,390.75,,,
27/05/2010,373.25,383.25,393.5,,,
28/05/2010,359,369,380,,,
1/06/2010,354,364,375.25,,,
2/06/2010,348.5,358.75,369.75,,,
3/06/2010,349.5,359.5,370.25,,,
4/06/2010,340,349.25,359.5,,,
7/06/2010,335.75,345,355,,,
8/06/2010,337.25,346,356.5,,,
9/06/2010,338.25,347,358.5,,,
10/06/2010,343.25,352.5,364.5,,,
11/06/2010,349.5,359,371,,,
14/06/2010,353.75,363,375,,,
15/06/2010,353.75,363,375,,,
16/06/2010,356.25,365.75,377.25,,,
17/06/2010,357.5,367,378.25,,,
18/06/2010,360.75,370,380.5,,,
21/06/2010,355,364.25,374.75,,,
22/06/2010,351.5,361,372,,,
23/06/2010,346.5,355.5,365.5,,,
24/06/2010,344.75,353.75,364.5,,,
25/06/2010,340.5,349.5,360.5,,,
28/06/2010,333.75,342.25,352.75,,,
29/06/2010,325,333.25,344,,,
30/06/2010,354.25,362.75,373.5,,,
1/07/2010,365.5,373.25,384.5,,,
2/07/2010,364,372.5,384.5,,,
6/07/2010,360,368,379.25,,,
7/07/2010,370.75,378.25,389.25,,,
8/07/2010,377.5,385.5,396.25,,,
9/07/2010,375.25,383.5,395.25,,,
12/07/2010,371.25,379.75,391.75,,,
13/07/2010,366.75,375.25,387,,,
14/07/2010,375.25,384.25,396.25,,,
15/07/2010,392.5,405.25,416,,,
16/07/2010,394.75,407.25,417.75,,,
19/07/2010,381.5,394,406,,,
20/07/2010,374,387.5,400,,,
21/07/2010,379.75,393.5,406.25,,,
22/07/2010,376.5,390.25,403.5,,,
23/07/2010,371.25,384.5,397.75,,,
26/07/2010,364,378,391.75,,,
27/07/2010,362.75,377,390.5,,,
28/07/2010,376.25,390.75,403.5,,,
29/07/2010,379.25,393.75,406.5,,,
30/07/2010,392.75,406.75,418.75,,,
2/08/2010,390.5,404.5,416.5,,,
3/08/2010,389.5,404,416.5,,,
4/08/2010,400.25,415,428,,,
5/08/2010,403.5,418,430,,,
6/08/2010,405,420,433,,,
9/08/2010,403,418,431.75,,,
10/08/2010,393.5,409,423,,,
11/08/2010,395.5,411,424.25,,,
12/08/2010,406.25,421.75,434.75,,,
13/08/2010,411.75,427.25,440.5,,,
16/08/2010,407.25,422.75,436.25,,,
17/08/2010,414.75,430,443.5,,,
18/08/2010,418.5,433.25,446,,,
19/08/2010,414.25,429.25,441.25,,,
20/08/2010,421.25,436.25,448.75,,,
23/08/2010,417.25,432.75,446.25,,,
24/08/2010,405.25,420.5,434.25,,,
25/08/2010,404.75,420,433.75,,,
26/08/2010,416.5,432,445.5,,,
27/08/2010,421,436,449.25,,,
30/08/2010,425.5,441.5,454.5,,,
31/08/2010,424.5,439.25,452.25,,,
1/09/2010,432.25,446.75,459.75,,,
2/09/2010,433,447.5,460.75,,,
3/09/2010,449.75,464.5,477.75,,,
7/09/2010,451.5,466.25,479.75,,,
8/09/2010,447.5,462.5,476,,,
9/09/2010,456.25,470.75,484,,,
10/09/2010,464,478.25,491.25,,,
13/09/2010,469.25,483.5,496.75,,,
14/09/2010,478,495,508.25,,,
15/09/2010,495.25,508.5,513.25,,,
16/09/2010,496,508.75,513.5,,,
17/09/2010,513.25,525.75,530.75,,,
20/09/2010,508.25,521.25,526.25,,,
21/09/2010,505.25,518,523.25,,,
22/09/2010,505,518.25,524.5,,,
23/09/2010,499.25,512.25,518.25,,,
24/09/2010,521.75,534.25,539.75,,,
27/09/2010,512.75,525.25,530.25,,,
28/09/2010,500,512.5,518.25,,,
29/09/2010,505,517.25,522.25,,,
30/09/2010,495.75,508.25,514,,,
1/10/2010,465.75,478.25,484,,,
4/10/2010,471.5,483,489.25,,,
5/10/2010,491,501.75,508,,,
6/10/2010,488.5,499.25,505.25,,,
7/10/2010,498.25,507.5,512.5,,,
8/10/2010,528.25,537.5,542.5,,,
11/10/2010,555.75,565,570.5,,,
12/10/2010,579,588.75,593.5,,,
13/10/2010,569.25,580.25,585.25,,,
14/10/2010,567.25,578.5,583.5,,,
15/10/2010,563,575,580.75,,,
18/10/2010,557.25,569.25,575.25,,,
19/10/2010,546,558,563.25,,,
20/10/2010,573.5,585.5,591.25,,,
21/10/2010,564.25,575.75,581.5,,,
22/10/2010,560,572.25,578.25,,,
25/10/2010,568.75,581.5,587.25,,,
26/10/2010,571,584,590,,,
27/10/2010,577.25,590.25,596,,,
28/10/2010,579,592,598.25,,,
29/10/2010,582,595,601,,,
1/11/2010,577.25,590.5,596.25,,,
2/11/2010,575.75,589.25,595.75,,,
3/11/2010,581,594.5,601,,,
4/11/2010,590,603.75,610,,,
5/11/2010,587.75,601.75,608.5,,,
8/11/2010,585.25,599.25,606,,,
9/11/2010,576.25,590.25,597.75,,,
10/11/2010,566.75,581,588.75,,,
11/11/2010,564,578,585.25,,,
12/11/2010,534,548,555.25,,,
15/11/2010,555.5,569,575.5,,,
16/11/2010,526.5,540,546,,,
17/11/2010,525.75,539.25,546.25,,,
18/11/2010,541.75,555.75,562.5,,,
19/11/2010,520.75,534.75,542,,,
22/11/2010,515.25,529.25,537.25,,,
23/11/2010,528.5,543,550.75,,,
24/11/2010,538.75,553.75,561.5,,,
26/11/2010,538.25,553,560.75,,,
29/11/2010,538.25,553.25,561.25,,,
30/11/2010,530,544,551.5,,,
1/12/2010,551.75,566.25,574.25,,,
2/12/2010,540.75,555.5,563.5,,,
3/12/2010,559,573.5,580.5,,,
6/12/2010,553.75,568,576.25,,,
7/12/2010,547.25,561.75,569.75,,,
8/12/2010,559.5,574.5,583,,,
9/12/2010,560.25,574.25,583,,,
10/12/2010,560.25,574.25,583,,,
13/12/2010,575.25,588.5,597,,,
14/12/2010,574.5,587.25,595,,,
15/12/2010,584.25,592.25,596,,,
16/12/2010,587.5,595.5,599,,,
17/12/2010,596.5,604.25,608.25,,,
20/12/2010,599.5,607,611,,,
21/12/2010,602.25,610.25,614.25,,,
22/12/2010,609,617,621.25,,,
23/12/2010,614,622,625.75,,,
27/12/2010,615.25,623,626.5,,,
28/12/2010,623.25,631.25,634.5,,,
29/12/2010,624,632,635.75,,,
30/12/2010,616,624,628,,,
31/12/2010,629,636.5,640,,,
3/01/2011,620.5,628.5,632,,,
4/01/2011,608.5,616.75,620.75,,,
5/01/2011,619.25,627.5,631.75,,,
6/01/2011,602,610.75,615,,,
7/01/2011,595,603.75,608.5,,,
10/01/2011,607,615.5,620.25,,,
11/01/2011,607,615.25,620,,,
12/01/2011,631,639.75,644.25,,,
13/01/2011,642.5,651.5,656.5,,,
14/01/2011,648.75,658,662.25,,,
18/01/2011,659.5,669.25,673,,,
19/01/2011,641.25,651.25,655.5,,,
20/01/2011,654,664,668,,,
21/01/2011,657.25,667,671.25,,,
24/01/2011,655.25,665,669.5,,,
25/01/2011,644,654.25,659,,,
26/01/2011,657.75,668,672.75,,,
27/01/2011,650.75,661,666,,,
28/01/2011,644,654.5,659.75,,,
31/01/2011,659.5,670,675,,,
1/02/2011,666,676.5,681,,,
2/02/2011,669.25,679.75,684.5,,,
3/02/2011,662.5,673.25,678,,,
4/02/2011,678.5,689.25,694.25,,,
7/02/2011,674.75,685.75,691.5,,,
8/02/2011,673.75,684.75,691.5,,,
9/02/2011,698,708.75,713.5,,,
10/02/2011,698.5,709.5,713.75,,,
11/02/2011,706.5,717.25,722,,,
14/02/2011,695.75,706.5,711.25,,,
15/02/2011,690.5,701,704.25,,,
16/02/2011,690.5,701,704.5,,,
17/02/2011,712.75,723,726.75,,,
18/02/2011,709.75,720.25,724.5,,,
22/02/2011,679.75,690.25,694.5,,,
23/02/2011,691.5,702.25,707,,,
24/02/2011,685.75,696.5,701,,,
25/02/2011,712,722,726.75,,,
28/02/2011,722.5,731,733.25,,,
1/03/2011,727.25,735.5,738.25,,,
2/03/2011,714,721.5,725.25,,,
3/03/2011,729.75,736.75,740.25,,,
4/03/2011,721.25,728,732.75,,,
7/03/2011,710.75,717.5,722.5,,,
8/03/2011,698.75,705.5,711,,,
9/03/2011,695,701,707,,,
10/03/2011,676.25,682.75,689,,,
11/03/2011,659.25,664.25,670.75,,,
14/03/2011,664,666,672.5,,,
15/03/2011,636,642.5,594,,,
16/03/2011,616.5,623.75,583,,,
17/03/2011,646.5,653.75,613,,,
18/03/2011,683.5,690,637,,,
21/03/2011,686.5,693.5,645.5,,,
22/03/2011,686.75,694,645.75,,,
23/03/2011,681,688.5,645.5,,,
24/03/2011,702.5,708,658.5,,,
25/03/2011,689.5,695.5,644.75,,,
28/03/2011,671,678,631.25,,,
29/03/2011,671.75,678.75,632.5,,,
30/03/2011,663.25,671,625.25,,,
31/03/2011,693.25,701,655.25,,,
1/04/2011,736,743,681.5,,,
4/04/2011,760.25,767.5,701,,,
5/04/2011,766.75,773.75,703.75,,,
6/04/2011,763,770.5,703.5,,,
7/04/2011,759,766.25,702,,,
8/04/2011,768,774,711,,,
11/04/2011,776,781.25,718.5,,,
12/04/2011,752.5,757.5,696.5,,,
13/04/2011,755.5,761,702.5,,,
14/04/2011,754.25,761,706.5,,,
15/04/2011,742,749.5,701.5,,,
18/04/2011,751.75,759.5,712,,,
19/04/2011,749,757,715.5,,,
20/04/2011,732.75,740.5,697.25,,,
21/04/2011,737.25,744.5,704.25,,,
25/04/2011,762.5,768.5,724,,,
26/04/2011,766.25,772.75,724.5,,,
27/04/2011,752.25,759.25,714.25,,,
28/04/2011,723,729.25,684.25,,,
29/04/2011,754,756.5,716,,,
2/05/2011,730.75,734.5,703.5,,,
3/05/2011,719,723.75,698.75,,,
4/05/2011,726.5,729.5,703.5,,,
5/05/2011,705,708.75,687.75,,,
6/05/2011,682.75,686.25,668.25,,,
9/05/2011,704.5,707.5,686,,,
10/05/2011,706,707.25,681.25,,,
11/05/2011,668.75,677.25,651.25,,,
12/05/2011,681.25,680.5,653,,,
13/05/2011,679,682,653.75,,,
16/05/2011,697.5,671.5,635.5,,,
17/05/2011,720.25,692.75,653.25,,,
18/05/2011,749.75,717.5,672.75,,,
19/05/2011,748.25,711.5,662,,,
20/05/2011,759.5,717.5,666.5,,,
23/05/2011,754,719.75,670.5,,,
24/05/2011,733.25,705,662.5,,,
25/05/2011,742.25,714.75,670.75,,,
26/05/2011,745.5,718.25,676.25,,,
27/05/2011,758.5,728.25,684,,,
31/05/2011,747.5,717.5,673,,,
1/06/2011,758.5,728.25,679.5,,,
2/06/2011,766.5,741.5,695,,,
3/06/2011,754,731,686.25,,,
6/06/2011,732,711.5,667,,,
7/06/2011,736.5,717,676.5,,,
8/06/2011,764,736,693.75,,,
9/06/2011,785.5,754,714,,,
10/06/2011,787,756,712.5,,,
13/06/2011,782.5,751.75,704.5,,,
14/06/2011,755.5,729,685,,,
15/06/2011,725.75,704.75,666,,,
16/06/2011,701.5,684.5,653,,,
17/06/2011,700.25,687,660,,,
20/06/2011,700.5,687.5,660.5,,,
21/06/2011,707.5,702.25,680.25,,,
22/06/2011,677.5,672.25,650.25,,,
23/06/2011,680.5,668,646,,,
24/06/2011,670,657,632,,,
27/06/2011,660.75,644.25,626.75,,,
28/06/2011,683,670,653,,,
29/06/2011,698,678,650.5,,,
30/06/2011,629,648,620.5,,,
1/07/2011,640.75,606.75,596.75,,,
5/07/2011,680.5,625.5,612.5,,,
6/07/2011,648.75,618.75,608.5,,,
7/07/2011,650,625,615.5,,,
8/07/2011,672.25,642.25,637,,,
11/07/2011,681.5,643,632.75,,,
12/07/2011,697,664,658,,,
13/07/2011,726.75,686.75,679.75,,,
14/07/2011,716.5,690.75,678.5,,,
15/07/2011,701.25,685,695.25,,,
18/07/2011,696.25,677,688.75,,,
19/07/2011,698,687.25,699.25,,,
20/07/2011,688,677.75,689.75,,,
21/07/2011,679.25,673,685.75,,,
22/07/2011,690,685.5,698.25,,,
25/07/2011,678.75,674.5,687.25,,,
26/07/2011,689.75,686.75,699.5,,,
27/07/2011,691.5,691.5,704,,,
28/07/2011,682.25,686.25,698.75,,,
29/07/2011,665.5,668.75,681.5,,,
1/08/2011,681.25,685.75,698.5,,,
2/08/2011,711.25,715.75,727.25,,,
3/08/2011,706,713,725.5,,,
4/08/2011,693.75,701.5,714.25,,,
5/08/2011,693,703,716,,,
8/08/2011,675.25,686,699.5,,,
9/08/2011,678.25,688.5,702,,,
10/08/2011,678,688.5,701.5,,,
11/08/2011,702.5,714,726.75,,,
12/08/2011,701.75,714.5,727.5,,,
15/08/2011,707.25,720,733,,,
16/08/2011,714,727.5,740.25,,,
17/08/2011,711.5,725.5,738.5,,,
18/08/2011,699,713,726,,,
19/08/2011,711,725.25,738,,,
22/08/2011,720.5,734.5,747,,,
23/08/2011,730.25,743.5,755,,,
24/08/2011,731.75,743,754,,,
25/08/2011,732.25,743.5,755,,,
26/08/2011,752.5,767,778.25,,,
29/08/2011,756.25,770,781.75,,,
30/08/2011,763.5,775.25,787.25,,,
31/08/2011,757.5,767.5,779,,,
1/09/2011,728.75,738.5,750.75,,,
2/09/2011,750.25,760,772.25,,,
6/09/2011,746.75,755.75,768.25,,,
7/09/2011,736.5,748,760.75,,,
8/09/2011,723.25,734,746.75,,,
9/09/2011,726,736.5,749.25,,,
12/09/2011,734.25,745.5,758.5,,,
13/09/2011,709.25,723,736.5,,,
14/09/2011,713,724.25,738,,,
15/09/2011,701,714.75,722.75,,,
16/09/2011,692,705.5,713.5,,,
19/09/2011,692.25,705,713,,,
20/09/2011,690.25,703,710.5,,,
21/09/2011,685.75,698.75,706.25,,,
22/09/2011,650,663,670.75,,,
23/09/2011,638.5,652,659.5,,,
26/09/2011,648,661.25,668.75,,,
27/09/2011,652.25,665.75,673.25,,,
28/09/2011,630.75,644,651.75,,,
29/09/2011,632.5,645.75,653.25,,,
30/09/2011,592.5,605.75,613.5,,,
3/10/2011,592.5,606,613.75,,,
4/10/2011,587.75,600.75,608.5,,,
5/10/2011,605.5,618.25,626,,,
6/10/2011,605.5,618.25,625.5,,,
7/10/2011,600,612.75,620.25,,,
10/10/2011,605,617.5,624.75,,,
11/10/2011,645,657.5,664.75,,,
12/10/2011,640.75,652.75,660,,,
13/10/2011,638.25,649.75,656.5,,,
14/10/2011,640,651.5,658.75,,,
17/10/2011,640.5,651.25,658,,,
18/10/2011,644,652.75,658.25,,,
19/10/2011,638.5,648.5,654.25,,,
20/10/2011,649.5,659.25,664.5,,,
21/10/2011,649.25,660,665.5,,,
24/10/2011,651,662.25,668,,,
25/10/2011,650.75,662.25,667.75,,,
26/10/2011,637.25,649.5,655.25,,,
27/10/2011,651.5,663.5,668.75,,,
28/10/2011,655,667,673.25,,,
31/10/2011,647,659,665,,,
1/11/2011,654.25,665.25,670,,,
2/11/2011,645,656,662,,,
3/11/2011,653.5,663.75,669.5,,,
4/11/2011,655.75,666.25,673.25,,,
7/11/2011,653.25,665.25,672.75,,,
8/11/2011,660.5,671,678.25,,,
9/11/2011,656,665,671.75,,,
10/11/2011,645.5,654.75,661.75,,,
11/11/2011,638.5,647.75,654.5,,,
14/11/2011,633.5,643.25,649.25,,,
15/11/2011,645.5,654.75,660.5,,,
16/11/2011,642.75,652,658,,,
17/11/2011,614.5,623.25,630,,,
18/11/2011,610.25,618,624.5,,,
21/11/2011,597.75,605,611.5,,,
22/11/2011,599,605.75,612.25,,,
23/11/2011,588.75,595.5,602.5,,,
25/11/2011,582.5,590,597.25,,,
28/11/2011,591.75,598.5,605.5,,,
29/11/2011,598,605.5,612.5,,,
30/11/2011,601.25,608,615.25,,,
1/12/2011,594.75,601.5,609.25,,,
2/12/2011,586.5,595.25,603,,,
5/12/2011,580.25,591,599.25,,,
6/12/2011,585.25,596.5,604.75,,,
7/12/2011,582.25,592.75,601.25,,,
8/12/2011,590,600.25,608.75,,,
9/12/2011,585.5,594.25,603,,,
12/12/2011,585.5,594,602.5,,,
13/12/2011,588.5,594.5,603.25,,,
14/12/2011,580,580.75,589.25,,,
15/12/2011,579,587.75,594.25,,,
16/12/2011,583,591.75,598.5,,,
19/12/2011,601,609.75,616.25,,,
20/12/2011,607,615.75,622.25,,,
21/12/2011,616.5,625.25,631.75,,,
22/12/2011,617.5,626.25,632.25,,,
23/12/2011,619.5,628,634,,,
27/12/2011,633.25,641.25,647.25,,,
28/12/2011,642.5,650.25,656,,,
29/12/2011,638,646.25,652.5,,,
30/12/2011,646.5,654.75,661.25,,,
3/01/2012,658.5,667,673.75,,,
4/01/2012,658.5,666.75,673,,,
5/01/2012,643.5,651.5,657.25,,,
6/01/2012,643.5,650.75,655.75,,,
9/01/2012,652,659.5,664.5,,,
10/01/2012,652,659.25,664.5,,,
11/01/2012,651.5,658.25,663.25,,,
12/01/2012,611.5,618.25,623.25,,,
13/01/2012,599.5,606.5,612,,,
17/01/2012,604,610.75,615.75,,,
18/01/2012,593.5,600.25,604.75,,,
19/01/2012,606,612,616,,,
20/01/2012,611.5,616.75,620.25,,,
23/01/2012,620,625.75,629.75,,,
24/01/2012,630.25,635.25,638.5,,,
25/01/2012,634.5,640.25,644,,,
26/01/2012,634.5,640,643.75,,,
27/01/2012,641.75,647.5,651,,,
30/01/2012,631.75,637.75,641.25,,,
31/01/2012,639,645.25,648.75,,,
1/02/2012,642,648.25,651.75,,,
2/02/2012,643,649.5,653.5,,,
3/02/2012,644.5,650.75,655.5,,,
6/02/2012,644.25,651.25,656.25,,,
7/02/2012,642.25,648.5,652.5,,,
8/02/2012,642.5,648,652.25,,,
9/02/2012,637,641.5,645.75,,,
10/02/2012,631.75,635.5,639.25,,,
13/02/2012,639.5,643,646,,,
14/02/2012,633.5,638,641.5,,,
15/02/2012,627,631,634,,,
16/02/2012,636.25,639.75,642.75,,,
17/02/2012,641.75,645.25,648.25,,,
21/02/2012,629.5,633.5,637.5,,,
22/02/2012,638.25,641.25,644.25,,,
23/02/2012,639.5,642.5,644.75,,,
24/02/2012,640.75,644,646.5,,,
27/02/2012,644.5,648.5,650.75,,,
28/02/2012,653.5,657.25,658.75,,,
29/02/2012,656.5,658,660.5,,,
1/03/2012,653.75,654,655.5,,,
2/03/2012,659,655,656.25,,,
5/03/2012,666.25,660.75,662.25,,,
6/03/2012,658,654,655,,,
7/03/2012,643.75,638.75,640,,,
8/03/2012,645,635.5,637,,,
9/03/2012,654,645,644,,,
12/03/2012,671.5,659.5,654,,,
13/03/2012,674,662,658,,,
14/03/2012,669.5,658.75,656.75,,,
15/03/2012,669,667,606,,,
16/03/2012,673,670.25,605.25,,,
19/03/2012,663.5,661.5,601,,,
20/03/2012,647.5,646,590.75,,,
21/03/2012,642,641.25,585,,,
22/03/2012,644.5,642.75,582.5,,,
23/03/2012,646.5,644.5,582.25,,,
26/03/2012,637.75,636,576.5,,,
27/03/2012,630.75,630.75,574.5,,,
28/03/2012,620.25,619.5,561.75,,,
29/03/2012,604,603.75,545.75,,,
30/03/2012,644,643.25,563.25,,,
2/04/2012,655,651,571,,,
3/04/2012,658.25,653,568.5,,,
4/04/2012,656.75,650.75,564.75,,,
5/04/2012,658.25,652.25,569.25,,,
9/04/2012,649,641.25,568.5,,,
10/04/2012,634.75,625.75,560.75,,,
11/04/2012,636,627,564.25,,,
12/04/2012,637.5,629,564.5,,,
13/04/2012,629.25,620.75,555.5,,,
16/04/2012,623.25,613.25,540.75,,,
17/04/2012,616.75,607.25,541.5,,,
18/04/2012,601.75,594,539.75,,,
19/04/2012,621,612,555,,,
20/04/2012,612.5,603,545,,,
23/04/2012,622.5,612.5,554.75,,,
24/04/2012,618.25,608,555.5,,,
25/04/2012,611,601,549,,,
26/04/2012,624,607.5,548.5,,,
27/04/2012,653,625.5,551,,,
30/04/2012,660.25,634.25,560.75,,,
1/05/2012,659.75,629,550.25,,,
2/05/2012,642.25,611.5,539.25,,,
3/05/2012,650.75,614.5,537.5,,,
4/05/2012,662.25,620.25,535.25,,,
7/05/2012,665,620,533.25,,,
8/05/2012,666,623,538,,,
9/05/2012,641.25,607.25,527,,,
10/05/2012,625.5,587.5,513.5,,,
11/05/2012,608,581,511.25,,,
14/05/2012,608,583,514.5,,,
15/05/2012,597.25,523,514.5,,,
16/05/2012,620,537,526.25,,,
17/05/2012,625,538.5,528.25,,,
18/05/2012,635.5,546.5,537,,,
21/05/2012,633,548.5,540.5,,,
22/05/2012,597,526,522,,,
23/05/2012,603.5,529,523,,,
24/05/2012,578.5,518.25,515,,,
25/05/2012,578.5,526.5,521.5,,,
29/05/2012,562.5,522.5,517.5,,,
30/05/2012,559.5,526.75,520.5,,,
31/05/2012,555.25,525.5,522,,,
1/06/2012,551.5,514.75,510,,,
4/06/2012,568,527.5,523.75,,,
5/06/2012,567.5,516,507.75,,,
6/06/2012,586.25,527.5,519.5,,,
7/06/2012,594,543,536.5,,,
8/06/2012,598,551,544,,,
11/06/2012,592,540.5,534,,,
12/06/2012,584,526.5,522.5,,,
13/06/2012,592.5,515,510.5,,,
14/06/2012,601.5,520.75,516,,,
15/06/2012,579.5,509.5,506,,,
18/06/2012,599.5,537,534,,,
19/06/2012,612.5,567.5,563.5,,,
20/06/2012,611.75,568.75,566.5,,,
21/06/2012,586.5,550.25,550,,,
22/06/2012,591,551.25,554,,,
25/06/2012,631,591.25,594,,,
26/06/2012,646,619.5,624,,,
27/06/2012,649.5,627.5,633,,,
28/06/2012,652,626.25,632.25,,,
29/06/2012,672.5,628.5,634.75,,,
2/07/2012,692.5,652.25,655.75,,,
3/07/2012,718.75,674,674.5,,,
5/07/2012,768,708.75,708.5,,,
6/07/2012,743.25,695.25,693,,,
9/07/2012,775.25,732,730,,,
10/07/2012,761,718.5,717.5,,,
11/07/2012,750.75,704,704,,,
12/07/2012,771.25,731.25,732.25,,,
13/07/2012,755.75,740.5,740.25,,,
16/07/2012,776.75,772.5,772.5,,,
17/07/2012,779.5,771.25,771.75,,,
18/07/2012,795,784.25,783.25,,,
19/07/2012,807.75,778.5,770.5,,,
20/07/2012,824.5,795.75,781.25,,,
23/07/2012,814,785.5,776.5,,,
24/07/2012,790,778.25,771.5,,,
25/07/2012,794.5,788,782.5,,,
26/07/2012,781.25,776.25,773.25,,,
27/07/2012,798.5,793.25,787.5,,,
30/07/2012,820,814,806.5,,,
31/07/2012,806.5,805.25,801.25,,,
1/08/2012,800.5,800.5,799,,,
2/08/2012,794,795.75,797.5,,,
3/08/2012,810,807.5,808.75,,,
6/08/2012,803,805,807.5,,,
7/08/2012,796,800.5,804.25,,,
8/08/2012,810.75,816.5,813.5,,,
9/08/2012,818.25,823.75,823.75,,,
10/08/2012,800,809.25,812,,,
13/08/2012,782.75,792.25,795.75,,,
14/08/2012,779.75,789,791.25,,,
15/08/2012,794,804,804.25,,,
16/08/2012,797.75,807.5,807.25,,,
17/08/2012,798.5,807.25,807.75,,,
20/08/2012,815.25,823.75,824,,,
21/08/2012,831.25,838.75,837.75,,,
22/08/2012,830.25,834.75,833.25,,,
23/08/2012,808.75,814.75,814.25,,,
24/08/2012,802.25,808.5,808.5,,,
27/08/2012,794.5,800.75,801.5,,,
28/08/2012,789.5,795.5,796.5,,,
29/08/2012,810.25,813.5,813,,,
30/08/2012,811.5,808.5,808.75,,,
31/08/2012,802.75,799.75,802,,,
4/09/2012,807,805,807.75,,,
5/09/2012,789.75,790.75,794.75,,,
6/09/2012,797.25,798.5,801.5,,,
7/09/2012,795,799.5,802.5,,,
10/09/2012,781,783.25,787.25,,,
11/09/2012,782.25,777.75,781.25,,,
12/09/2012,771,769.5,773.25,,,
13/09/2012,776.75,773.75,777.75,,,
14/09/2012,777.5,782,786,,,
17/09/2012,748,752.5,751.75,,,
18/09/2012,740,744,743.5,,,
19/09/2012,756.5,758.75,756.5,,,
20/09/2012,746,749.5,748.5,,,
21/09/2012,748.25,751,749.75,,,
24/09/2012,744.75,748.75,747.25,,,
25/09/2012,743.75,747.5,746,,,
26/09/2012,724.75,728.5,726.75,,,
27/09/2012,716.25,719.5,717,,,
28/09/2012,756.25,759.5,756.5,,,
1/10/2012,756.75,760,755.75,,,
2/10/2012,758.25,759.75,755,,,
3/10/2012,756.75,757.5,753,,,
4/10/2012,757,757.25,753.25,,,
5/10/2012,748,748.5,743.75,,,
8/10/2012,742,742,736.25,,,
9/10/2012,742,742.25,736.5,,,
10/10/2012,736.75,737.75,732.5,,,
11/10/2012,773.25,773.25,767.75,,,
12/10/2012,752.75,752.75,747.25,,,
15/10/2012,737.25,737.25,731.75,,,
16/10/2012,738.25,738.25,732.75,,,
17/10/2012,745.5,744.75,739.25,,,
18/10/2012,760.75,759.25,754,,,
19/10/2012,761.5,759.5,753.75,,,
22/10/2012,761.25,759.25,753.25,,,
23/10/2012,756,756,751.25,,,
24/10/2012,754.5,756,751.75,,,
25/10/2012,742,744,740.75,,,
26/10/2012,737.75,739.75,737,,,
29/10/2012,737,739,736,,,
30/10/2012,741.75,744.5,741.5,,,
31/10/2012,755.75,757,752.5,,,
1/11/2012,751,753.5,749.5,,,
2/11/2012,739.5,742.5,739.5,,,
5/11/2012,735.5,738,735.5,,,
6/11/2012,741,743,739.75,,,
7/11/2012,744.25,746,742.5,,,
8/11/2012,741.25,743.25,740.25,,,
9/11/2012,738.75,742,738.75,,,
12/11/2012,718,722.25,719.5,,,
13/11/2012,723.5,726.25,722.5,,,
14/11/2012,725.75,729.25,725,,,
15/11/2012,721.25,725,720.25,,,
16/11/2012,727,731,726.75,,,
19/11/2012,738.75,742.5,737.75,,,
20/11/2012,743.25,747.25,743,,,
21/11/2012,741,745.25,742,,,
23/11/2012,745.5,749.75,746.75,,,
26/11/2012,747.25,751.25,748.75,,,
27/11/2012,760,764,761.5,,,
28/11/2012,760.25,764,762,,,
29/11/2012,751.5,758.75,758,,,
30/11/2012,748,752.75,752,,,
3/12/2012,749,754.75,754.25,,,
4/12/2012,746.5,752,753,,,
5/12/2012,753.25,757.75,758.5,,,
6/12/2012,747.75,751.5,753,,,
7/12/2012,732.75,737.25,739.25,,,
10/12/2012,726.75,730,732.25,,,
11/12/2012,724.25,728,730.5,,,
12/12/2012,721,725.5,728.5,,,
13/12/2012,712.25,720.25,724,,,
14/12/2012,718.75,730.75,733.75,,,
17/12/2012,724,727.5,725,,,
18/12/2012,720,723.75,721.75,,,
19/12/2012,703,707,705.75,,,
20/12/2012,696.5,699.75,697.25,,,
21/12/2012,702,704.75,702,,,
24/12/2012,704.25,706.75,703.75,,,
26/12/2012,693.25,696.5,694.25,,,
27/12/2012,691.5,694.5,692,,,
28/12/2012,694,696.75,694.75,,,
31/12/2012,698.25,700.25,697.25,,,
2/01/2013,690.75,693.5,690.75,,,
3/01/2013,689.25,691,686.5,,,
4/01/2013,680.25,680.75,674.75,,,
7/01/2013,685.5,685.25,678.5,,,
8/01/2013,688.75,688.75,683,,,
9/01/2013,694.25,693.75,688.25,,,
10/01/2013,698.75,697.5,690.5,,,
11/01/2013,708.75,707,698.75,,,
14/01/2013,724,723,714,,,
15/01/2013,730.5,730.75,721,,,
16/01/2013,731.25,731.25,721.25,,,
17/01/2013,724.5,725.25,717,,,
18/01/2013,727.5,729.25,721.5,,,
22/01/2013,728.5,730.25,722.25,,,
23/01/2013,720.75,722.75,717,,,
24/01/2013,724.25,724.25,715.25,,,
25/01/2013,720.75,721.5,712.75,,,
28/01/2013,729.25,729.25,720.5,,,
29/01/2013,729.5,730,720.5,,,
30/01/2013,740.25,741,732,,,
31/01/2013,740.5,742,733.25,,,
1/02/2013,736,737.75,728.75,,,
4/02/2013,734.25,736.25,727.5,,,
5/02/2013,729,730.75,722,,,
6/02/2013,722.5,724,714.75,,,
7/02/2013,710.75,712,701.75,,,
8/02/2013,709,708.75,699,,,
11/02/2013,702.25,701.5,692,,,
12/02/2013,696.25,695.5,687,,,
13/02/2013,695.5,693.5,683.25,,,
14/02/2013,694.75,692.75,682.25,,,
15/02/2013,698.75,697,685.25,,,
19/02/2013,695.25,692,680.25,,,
20/02/2013,700.5,696.25,682.75,,,
21/02/2013,690.75,685.5,673.25,,,
22/02/2013,690.25,684.25,671.75,,,
25/02/2013,693.5,685.5,671.5,,,
26/02/2013,705,694.75,679,,,
27/02/2013,709.5,695.25,678.75,,,
28/02/2013,719.5,703.5,684.75,,,
1/03/2013,724.25,708.5,687,,,
4/03/2013,723,703.25,681.75,,,
5/03/2013,732,709,686,,,
6/03/2013,708,688.5,671.75,,,
7/03/2013,711.5,691.25,672.5,,,
8/03/2013,725.25,703.5,680.5,,,
11/03/2013,734.5,711.25,690.75,,,
12/03/2013,741,714.25,693.75,,,
13/03/2013,741.25,710.25,692.25,,,
14/03/2013,732.75,716.5,698.5,,,
15/03/2013,717,700.25,586.75,,,
18/03/2013,720,703.25,588.25,,,
19/03/2013,728.5,712,590.25,,,
20/03/2013,732.5,717.25,595,,,
21/03/2013,733,717.25,598.25,,,
22/03/2013,726.25,708.5,596.75,,,
25/03/2013,733.25,715.25,605,,,
26/03/2013,730.25,712.25,603.75,,,
27/03/2013,735.25,716,603,,,
28/03/2013,695.25,676,563,,,
1/04/2013,642.25,626.75,551,,,
2/04/2013,640.5,627.25,554.75,,,
3/04/2013,641.5,630.25,559,,,
4/04/2013,630,618.5,555,,,
5/04/2013,629,617.75,552,,,
8/04/2013,633.5,619.5,551.25,,,
9/04/2013,644.25,627.5,562.25,,,
10/04/2013,649,632.5,566.75,,,
11/04/2013,651.25,633.5,567,,,
12/04/2013,658.5,641.25,577,,,
15/04/2013,646.75,628,556.75,,,
16/04/2013,663.25,640.75,566.25,,,
17/04/2013,660.5,641.25,574,,,
18/04/2013,644.5,629.75,566.75,,,
19/04/2013,652,633,572,,,
22/04/2013,645.75,623.5,556,,,
23/04/2013,638.5,614,542.5,,,
24/04/2013,639.5,618.25,546.75,,,
25/04/2013,645.25,624.5,550.5,,,
26/04/2013,644,619.75,544.75,,,
29/04/2013,684,659.75,584.75,,,
30/04/2013,683.25,650,580.25,,,
1/05/2013,681.75,646.75,573,,,
2/05/2013,697.5,662,583.75,,,
3/05/2013,699.5,661.25,579.25,,,
6/05/2013,678.75,636.5,559.75,,,
7/05/2013,676.5,640,561.5,,,
8/05/2013,675,633,553.75,,,
9/05/2013,694.5,648.75,566,,,
10/05/2013,687.75,636.25,554.5,,,
13/05/2013,718,655.5,568.5,,,
14/05/2013,706.75,652.5,569.75,,,
15/05/2013,650.75,563.5,531.75,,,
16/05/2013,641.5,553.75,524,,,
17/05/2013,652.75,556,519.5,,,
20/05/2013,649.5,554.5,520.25,,,
21/05/2013,640,546.75,520.25,,,
22/05/2013,658.5,559.75,530.5,,,
23/05/2013,662,563.5,534.75,,,
24/05/2013,657.25,566.75,536.5,,,
28/05/2013,666.5,583.75,551,,,
29/05/2013,665,593.75,565.75,,,
30/05/2013,654.25,591.75,562.75,,,
31/05/2013,662,597.25,567.25,,,
3/06/2013,655.75,588.75,560,,,
4/06/2013,660.5,583.75,553,,,
5/06/2013,660.75,571,542.25,,,
6/06/2013,663.25,578,548.25,,,
7/06/2013,666.25,591.5,558.5,,,
10/06/2013,650,577.25,546,,,
11/06/2013,659.5,583.5,550.75,,,
12/06/2013,650.75,575,537.5,,,
13/06/2013,643.5,570.5,535.25,,,
14/06/2013,655,571.75,533,,,
17/06/2013,668.5,578.75,538.5,,,
18/06/2013,673.25,589,550.5,,,
19/06/2013,682.25,610,570.5,,,
20/06/2013,673.25,598.25,560.5,,,
21/06/2013,661.75,592,556.25,,,
24/06/2013,653.25,579,546.5,,,
25/06/2013,656.75,576.5,544.5,,,
26/06/2013,664.5,574,544,,,
27/06/2013,667.25,572.25,538.5,,,
28/06/2013,679.25,547.25,511,,,
1/07/2013,655.5,531.5,501.25,,,
2/07/2013,672.75,533,502.75,,,
3/07/2013,678.25,532.25,502.75,,,
5/07/2013,684.75,525.75,491.25,,,
8/07/2013,691.75,533.25,500.5,,,
9/07/2013,704,551.75,521.75,,,
10/07/2013,709.75,553.75,521.5,,,
11/07/2013,716.75,560.75,527,,,
12/07/2013,701.5,545.5,509.25,,,
15/07/2013,536.25,503.5,515.75,,,
16/07/2013,545.25,510.75,523,,,
17/07/2013,538.5,502,514.25,,,
18/07/2013,541,500.75,513,,,
19/07/2013,544,500.75,512.75,,,
22/07/2013,540.75,498,510.25,,,
23/07/2013,522.5,485.5,498,,,
24/07/2013,508.25,480.25,492.75,,,
25/07/2013,496,478.75,491.25,,,
26/07/2013,492,476,488.75,,,
29/07/2013,489.25,473.25,486,,,
30/07/2013,495.5,477.5,490.25,,,
31/07/2013,499,479,491.5,,,
1/08/2013,487.5,467,479.75,,,
2/08/2013,476,463.75,476.5,,,
5/08/2013,469.25,460.5,473.5,,,
6/08/2013,472.25,459.25,472.5,,,
7/08/2013,468.25,458.25,471.5,,,
8/08/2013,473.5,459.75,473.25,,,
9/08/2013,465.75,453.25,466.75,,,
12/08/2013,472,464,477.25,,,
13/08/2013,455.25,447.25,460.75,,,
14/08/2013,464.75,455.25,468.25,,,
15/08/2013,481.5,472.25,484.5,,,
16/08/2013,473.75,463.5,476,,,
19/08/2013,493.25,485.5,497.75,,,
20/08/2013,483.75,475.5,488.5,,,
21/08/2013,498,483.25,495.75,,,
22/08/2013,487.5,464.5,477,,,
23/08/2013,495.5,470,482.25,,,
26/08/2013,515.75,500.5,512.5,,,
27/08/2013,499.75,486.25,498.75,,,
28/08/2013,504.25,480.75,493.5,,,
29/08/2013,497.25,481.5,494.25,,,
30/08/2013,495,482,494.5,,,
3/09/2013,498,475.25,488,,,
4/09/2013,494,469.5,482.5,,,
5/09/2013,489.5,461,474,,,
6/09/2013,491.5,468.25,481,,,
9/09/2013,477.25,463.5,476.5,,,
10/09/2013,474.75,469,481.75,,,
11/09/2013,479.75,472.5,484.75,,,
12/09/2013,479,466.25,478.5,,,
13/09/2013,450,459,471.5,,,
16/09/2013,456.5,469,477.25,,,
17/09/2013,454,466.5,474.75,,,
18/09/2013,456.25,468.75,477,,,
19/09/2013,459.5,472,480.25,,,
20/09/2013,451,463.75,472,,,
23/09/2013,453.25,466,474.25,,,
24/09/2013,448.75,461.5,469.75,,,
25/09/2013,454.75,467.25,475.5,,,
26/09/2013,456.75,469.5,477.5,,,
27/09/2013,454,466.5,474.5,,,
30/09/2013,441.5,454.5,462.25,,,
1/10/2013,439,451.75,459.75,,,
2/10/2013,439,451.75,459.75,,,
3/10/2013,439.25,452,460.25,,,
4/10/2013,443.25,456,464.5,,,
7/10/2013,449.25,461.75,469.75,,,
8/10/2013,441.75,454.5,462.75,,,
9/10/2013,443.5,456.25,464.75,,,
10/10/2013,438.25,451,459.5,,,
11/10/2013,433.25,446.25,454.5,,,
14/10/2013,437,449.75,458.25,,,
15/10/2013,443.5,455.75,464.25,,,
16/10/2013,442.75,455.25,463.5,,,
17/10/2013,443,455.5,463.75,,,
18/10/2013,441.5,454,462.25,,,
21/10/2013,444,456.75,465.25,,,
22/10/2013,438.25,451,459.25,,,
23/10/2013,442.75,455.25,463.75,,,
24/10/2013,440.25,452.5,461,,,
25/10/2013,440,452,460.75,,,
28/10/2013,430.75,443.25,452,,,
29/10/2013,432,444.25,452.75,,,
30/10/2013,430.25,441.75,450,,,
31/10/2013,428.25,439.25,447.5,,,
1/11/2013,427.25,437.5,445.75,,,
4/11/2013,426.25,437,444.75,,,
5/11/2013,425,435.5,443.25,,,
6/11/2013,421.25,431.5,439.5,,,
7/11/2013,420.5,431.5,440,,,
8/11/2013,426.75,438.5,447,,,
11/11/2013,434.75,446.5,455.5,,,
12/11/2013,432.25,444,453,,,
13/11/2013,429.75,440.25,448.75,,,
14/11/2013,426.5,436.5,445,,,
15/11/2013,422,430.5,438.5,,,
18/11/2013,412,421,429.25,,,
19/11/2013,417.75,426.25,434.75,,,
20/11/2013,417,425.25,433.5,,,
21/11/2013,423,429.5,437.5,,,
22/11/2013,422.25,429.25,437.25,,,
25/11/2013,424.75,431.25,439.25,,,
26/11/2013,418.5,424.75,432.75,,,
27/11/2013,417.25,426.5,434.75,,,
29/11/2013,415.25,424.5,432.75,,,
2/12/2013,416.5,424.5,433,,,
3/12/2013,422,431.25,439.5,,,
4/12/2013,425.5,436.5,444.5,,,
5/12/2013,422.75,433.5,442,,,
6/12/2013,424,434.25,442.75,,,
9/12/2013,428.5,438,446.5,,,
10/12/2013,427.5,436,444.5,,,
11/12/2013,431.25,439.25,447.75,,,
12/12/2013,428.25,434.25,442.5,,,
13/12/2013,420.5,425.5,433.75,,,
16/12/2013,423.25,431.75,438.25,,,
17/12/2013,426.75,435.25,442,,,
18/12/2013,425,433.5,440.5,,,
19/12/2013,430.5,438.5,445.5,,,
20/12/2013,433.25,441.5,448.5,,,
23/12/2013,434.25,442.5,449.5,,,
24/12/2013,434.5,442.75,449.75,,,
26/12/2013,426.25,434.5,441.75,,,
27/12/2013,427.5,435.75,442.75,,,
30/12/2013,423.5,431.75,438.75,,,
31/12/2013,422,430.25,437,,,
2/01/2014,420.5,429,435.75,,,
3/01/2014,423.5,431.75,438.75,,,
6/01/2014,427.75,435.75,442.5,,,
7/01/2014,426,433.75,440.5,,,
8/01/2014,417,425.25,432.5,,,
9/01/2014,412,420.25,427.75,,,
10/01/2014,432.75,440.75,447.5,,,
13/01/2014,434.5,442.5,449.25,,,
14/01/2014,431.5,439.5,446.25,,,
15/01/2014,425.75,433.5,440.5,,,
16/01/2014,428,435.5,441.75,,,
17/01/2014,424,431.75,438.5,,,
21/01/2014,425,432.25,438.5,,,
22/01/2014,426.25,433,439,,,
23/01/2014,429,435.25,441.25,,,
24/01/2014,429.5,436,441.5,,,
27/01/2014,431.75,438,444,,,
28/01/2014,432,438,443.25,,,
29/01/2014,427.5,434,439.25,,,
30/01/2014,433.5,439.5,443.5,,,
31/01/2014,434,439.5,444,,,
3/02/2014,435.75,441.75,446.75,,,
4/02/2014,441.75,447.75,452.75,,,
5/02/2014,443.25,447.5,452.25,,,
6/02/2014,443,448.5,453.5,,,
7/02/2014,444.25,450,455.5,,,
10/02/2014,443,448.75,454.75,,,
11/02/2014,441.5,447.25,452.5,,,
12/02/2014,440,446,451.5,,,
13/02/2014,440.5,446.5,451,,,
14/02/2014,445.25,450.75,455,,,
18/02/2014,449.5,455.5,460,,,
19/02/2014,453.75,460.25,464.75,,,
20/02/2014,455.75,462.25,466.75,,,
21/02/2014,453,459,462.75,,,
24/02/2014,451.5,457.75,462.25,,,
25/02/2014,455.75,461.25,465.25,,,
26/02/2014,455.5,461,464.75,,,
27/02/2014,448,454.5,458.5,,,
28/02/2014,457.5,463.5,467.5,,,
3/03/2014,464,470.5,474.75,,,
4/03/2014,476.75,484.25,488.25,,,
5/03/2014,475.25,482,486.25,,,
6/03/2014,485.75,491,495.25,,,
7/03/2014,481,489,493,,,
10/03/2014,472,478.25,482.25,,,
11/03/2014,478,483.25,487,,,
12/03/2014,484.25,488.5,492,,,
13/03/2014,484.25,485,489,,,
14/03/2014,472.25,486,490.5,,,
17/03/2014,479,484,482.5,,,
18/03/2014,486.25,491,488.75,,,
19/03/2014,487.75,492.75,490,,,
20/03/2014,478.5,483.5,481.5,,,
21/03/2014,479,483.75,481,,,
24/03/2014,490,494.5,490.5,,,
25/03/2014,486.5,491.25,488.25,,,
26/03/2014,484.5,489.25,486,,,
27/03/2014,492,496.25,491.5,,,
28/03/2014,492,496.25,491.25,,,
31/03/2014,502,506.75,502,,,
1/04/2014,507.5,512.5,508.5,,,
2/04/2014,495.75,501,498.5,,,
3/04/2014,500,505.25,502.75,,,
4/04/2014,501.75,507.5,507,,,
7/04/2014,499.25,505.25,505.5,,,
8/04/2014,507,513,511.75,,,
9/04/2014,502.25,508,506.75,,,
10/04/2014,501.25,507.25,507,,,
11/04/2014,498.5,504.5,502.5,,,
14/04/2014,503,509.25,506.75,,,
15/04/2014,503.75,509.75,506.25,,,
16/04/2014,497.5,503.5,500.75,,,
17/04/2014,494.75,500.5,498.25,,,
21/04/2014,488.5,493.75,491.5,,,
22/04/2014,496.25,502,499,,,
23/04/2014,503.5,509.5,507.25,,,
24/04/2014,501.25,507.25,505,,,
25/04/2014,507,512.75,509.25,,,
28/04/2014,507.75,513.75,510,,,
29/04/2014,515.75,521.5,516.25,,,
30/04/2014,514,519,513.25,,,
1/05/2014,503.25,507,502.5,,,
2/05/2014,494,499.5,496.25,,,
5/05/2014,503.25,508,503.75,,,
6/05/2014,513,517.5,513,,,
7/05/2014,510.25,514,511,,,
8/05/2014,513.25,516.5,513.25,,,
9/05/2014,505,507.5,501.75,,,
12/05/2014,497.5,499.5,494,,,
13/05/2014,503.25,502.75,496.5,,,
14/05/2014,494.75,495.5,490.75,,,
15/05/2014,484.25,481,480.5,,,
16/05/2014,483.5,481.25,481,,,
19/05/2014,477.25,475.5,475.75,,,
20/05/2014,473.5,472.25,472,,,
21/05/2014,474.5,472.5,471.75,,,
22/05/2014,476.75,474,473.5,,,
23/05/2014,478,475.5,475.25,,,
27/05/2014,469.75,466.25,465.75,,,
28/05/2014,472.5,469.25,469.5,,,
29/05/2014,469.5,463.25,463,,,
30/05/2014,465.75,458,457.5,,,
2/06/2014,465.5,459.25,458.5,,,
3/06/2014,458.25,454,454.25,,,
4/06/2014,456.25,452.25,453.5,,,
5/06/2014,449,444.25,447.25,,,
6/06/2014,459,456.25,457.75,,,
9/06/2014,451,447.5,450,,,
10/06/2014,445.5,441.25,445,,,
11/06/2014,441,437.5,441.75,,,
12/06/2014,444,440,443.75,,,
13/06/2014,447,443,447.5,,,
16/06/2014,441,436.75,442,,,
17/06/2014,438.75,434,439.5,,,
18/06/2014,441.5,435.5,439.5,,,
19/06/2014,450.5,444.25,447.5,,,
20/06/2014,453.25,448.25,452,,,
23/06/2014,444.5,439,442.5,,,
24/06/2014,443,436.75,440.75,,,
25/06/2014,441,435.75,440,,,
26/06/2014,442.75,439,443.25,,,
27/06/2014,443,442.25,447.25,,,
30/06/2014,424.25,418.75,425.25,,,
1/07/2014,422.75,416,422.75,,,
2/07/2014,418.5,412.25,418,,,
3/07/2014,417,409.5,415.25,,,
7/07/2014,409.25,400.5,406.25,,,
8/07/2014,408.25,398.25,404.25,,,
9/07/2014,404,391.25,398,,,
10/07/2014,400.5,386.25,392.75,,,
11/07/2014,399.75,378.25,384.75,,,
14/07/2014,390.25,381.5,388.25,,,
15/07/2014,374,381.75,393.25,,,
16/07/2014,378.25,386.75,398.5,,,
17/07/2014,379.5,387.25,399,,,
18/07/2014,371.25,378.5,390.5,,,
21/07/2014,364,372,383.75,,,
22/07/2014,360.25,368.25,380.25,,,
23/07/2014,362.5,370.75,382.5,,,
24/07/2014,361.5,369.5,381.25,,,
25/07/2014,363,371.75,383.25,,,
28/07/2014,367.75,376.75,388.5,,,
29/07/2014,361.5,371,383,,,
30/07/2014,361.75,371.5,383.5,,,
31/07/2014,357,367,379.5,,,
1/08/2014,352.5,362.25,374.75,,,
4/08/2014,358.75,369.25,382,,,
5/08/2014,356.25,367.25,380,,,
6/08/2014,363.25,374.25,387,,,
7/08/2014,359.5,371.25,384.25,,,
8/08/2014,351.75,363.5,376.5,,,
11/08/2014,356.75,368.25,381.25,,,
12/08/2014,358.5,369,381.75,,,
13/08/2014,358,369.75,383,,,
14/08/2014,362,373.5,386.75,,,
15/08/2014,365.75,377,390.25,,,
18/08/2014,360.75,371.5,385,,,
19/08/2014,362.5,372.25,385.5,,,
20/08/2014,359.5,367.5,380.5,,,
21/08/2014,362.25,369,381.75,,,
22/08/2014,365.5,371.5,384.25,,,
25/08/2014,360,367.5,380.5,,,
26/08/2014,356,365,378.5,,,
27/08/2014,356,365,378.25,,,
28/08/2014,361.75,369.25,382.25,,,
29/08/2014,359,364.75,377.75,,,
2/09/2014,355.75,363.75,376.5,,,
3/09/2014,341.25,352,365.25,,,
4/09/2014,335.75,346.5,359.5,,,
5/09/2014,346.5,356,368.75,,,
8/09/2014,339.25,348.25,361.25,,,
9/09/2014,336.25,344.25,357.25,,,
10/09/2014,338.75,345.75,358.5,,,
11/09/2014,331.75,341,353.5,,,
12/09/2014,339,338.5,351,,,
15/09/2014,343,355,363.5,,,
16/09/2014,343.75,355.5,364.25,,,
17/09/2014,341.75,354,362.5,,,
18/09/2014,338.25,350.75,359.25,,,
19/09/2014,331.5,344.25,353,,,
22/09/2014,330.25,342.75,351.25,,,
23/09/2014,325.5,338.25,346.75,,,
24/09/2014,329.5,342.25,350.75,,,
25/09/2014,326,339,347.5,,,
26/09/2014,323,335.75,344.25,,,
29/09/2014,325.75,338.5,347,,,
30/09/2014,320.75,333.5,342,,,
1/10/2014,321.25,334,342.75,,,
2/10/2014,322.75,335.75,344.25,,,
3/10/2014,323.25,336.25,345,,,
6/10/2014,332.5,345.25,353.75,,,
7/10/2014,340.5,353.5,362.25,,,
8/10/2014,343.25,356.5,365.25,,,
9/10/2014,344.75,357.75,366.5,,,
10/10/2014,334,346.75,355.75,,,
13/10/2014,346,358.5,367.5,,,
14/10/2014,357,370,379,,,
15/10/2014,347.5,360.5,369.5,,,
16/10/2014,352.25,365.25,374.25,,,
17/10/2014,348,361.25,370,,,
20/10/2014,348.25,361.75,370.5,,,
21/10/2014,356,369.5,378.5,,,
22/10/2014,353,367,376,,,
23/10/2014,359.75,373.5,382,,,
24/10/2014,353,366.75,375.25,,,
27/10/2014,363,376.75,385.5,,,
28/10/2014,364.5,378,386.75,,,
29/10/2014,375.25,388.5,397,,,
30/10/2014,374,387,395.75,,,
31/10/2014,376.75,389.25,398,,,
3/11/2014,373.5,386,394.75,,,
4/11/2014,364.5,377.25,386,,,
5/11/2014,370.25,383,391.75,,,
6/11/2014,371.25,384,392.75,,,
7/11/2014,367.5,380.5,389.5,,,
10/11/2014,369.25,382,391,,,
11/11/2014,373.75,386.5,395.5,,,
12/11/2014,377.75,390.5,399,,,
13/11/2014,386.25,398.75,407.25,,,
14/11/2014,381.75,394.25,402.75,,,
17/11/2014,377.5,390.5,399,,,
18/11/2014,372,385,393.75,,,
19/11/2014,363.25,376,385,,,
20/11/2014,373.25,386.25,395,,,
21/11/2014,372.75,385.25,394.25,,,
24/11/2014,367.5,380.25,389.25,,,
25/11/2014,374.25,387.25,395.75,,,
26/11/2014,378.25,391.5,400.25,,,
28/11/2014,375.75,388.75,397,,,
1/12/2014,375.5,389.75,398.25,,,
2/12/2014,367.75,381.25,389.75,,,
3/12/2014,368.75,382,390.5,,,
4/12/2014,376,389.75,398.25,,,
5/12/2014,381.5,395,403.5,,,
8/12/2014,377.5,390.25,398.75,,,
9/12/2014,383,395.25,403.75,,,
10/12/2014,382.5,393.75,402.25,,,
11/12/2014,390,398.5,406.5,,,
12/12/2014,396.25,407.5,415.75,,,
15/12/2014,408.5,416.5,422.5,,,
16/12/2014,406,414.5,421,,,
17/12/2014,408.25,416.5,423.25,,,
18/12/2014,411,419.5,426.25,,,
19/12/2014,410.5,419,426,,,
22/12/2014,411.75,420.25,426.75,,,
23/12/2014,414,422.5,428.5,,,
24/12/2014,407.75,416.25,423,,,
26/12/2014,414.75,423,429.75,,,
29/12/2014,412.75,421.25,428,,,
30/12/2014,406.5,415,421.75,,,
31/12/2014,397,405.75,412.5,,,
2/01/2015,395.75,404.5,411.25,,,
5/01/2015,406,414.75,421.25,,,
6/01/2015,405,413.5,420.25,,,
7/01/2015,396.25,404.75,411.5,,,
8/01/2015,394.25,402.75,409.5,,,
9/01/2015,400.25,408.25,414.5,,,
12/01/2015,402,410,416.75,,,
13/01/2015,385.75,393.5,400.25,,,
14/01/2015,381,388.5,395,,,
15/01/2015,380,387.25,393.5,,,
16/01/2015,387,394.25,401,,,
20/01/2015,390.25,397.75,404,,,
21/01/2015,388,395.75,402.5,,,
22/01/2015,383.75,392,399.25,,,
23/01/2015,386.75,395.25,402.75,,,
26/01/2015,384,392.5,400,,,
27/01/2015,381.25,389.75,397,,,
28/01/2015,373.25,381.5,389,,,
29/01/2015,371.5,380,387.75,,,
30/01/2015,370,378.5,386,,,
2/02/2015,369.75,377.75,385.5,,,
3/02/2015,385.75,393.75,401,,,
4/02/2015,383.5,391.5,399,,,
5/02/2015,385.25,393.25,400.5,,,
6/02/2015,385.75,394,401.5,,,
9/02/2015,391.25,399.5,406.75,,,
10/02/2015,388,396.25,403.75,,,
11/02/2015,385.75,393.75,401.25,,,
12/02/2015,383,391,398.25,,,
13/02/2015,387.25,395.25,402.75,,,
17/02/2015,389.5,397.75,405.5,,,
18/02/2015,383.75,392,399.5,,,
19/02/2015,389.75,397.75,405.25,,,
20/02/2015,385.25,393,400.5,,,
23/02/2015,378.75,386.75,394.5,,,
24/02/2015,377.5,385.5,393.5,,,
25/02/2015,375.75,383.75,391.75,,,
26/02/2015,380,388.5,396.5,,,
27/02/2015,384.5,393.25,401.25,,,
2/03/2015,378.75,388,396.25,,,
3/03/2015,382,391,399.25,,,
4/03/2015,381.5,389.5,397.5,,,
5/03/2015,382.75,390.5,398.25,,,
6/03/2015,379.25,386,394,,,
9/03/2015,383.25,388.75,396.25,,,
10/03/2015,382.25,388,395.75,,,
11/03/2015,384,391,398.5,,,
12/03/2015,382.25,388.5,395.75,,,
13/03/2015,374,380.5,388,,,
16/03/2015,379,387,394.75,,,
17/03/2015,371,379,386.75,,,
18/03/2015,374.75,382.75,390.5,,,
19/03/2015,373.5,381.5,389.5,,,
20/03/2015,385,392.75,400.25,,,
23/03/2015,390.25,398,405.5,,,
24/03/2015,393.25,401.25,408.75,,,
25/03/2015,395,403,410.25,,,
26/03/2015,391.25,399.25,406.75,,,
27/03/2015,391,399,406.5,,,
30/03/2015,394.5,402.5,410,,,
31/03/2015,376.25,384.25,392,,,
1/04/2015,381.75,390,397.75,,,
2/04/2015,386.5,394.5,401.75,,,
6/04/2015,385,393,400.5,,,
7/04/2015,383,391,398.75,,,
8/04/2015,379.25,387.25,395,,,
9/04/2015,378,385.75,393.5,,,
10/04/2015,377,384.75,392.5,,,
13/04/2015,370.5,378,385.75,,,
14/04/2015,373.5,381,388.75,,,
15/04/2015,376,383,390.75,,,
16/04/2015,376.25,383.25,390.75,,,
17/04/2015,379.75,386.75,394,,,
20/04/2015,378,384.75,392,,,
21/04/2015,373,380,387.75,,,
22/04/2015,372.5,379.5,387.5,,,
23/04/2015,370.75,376.75,384.25,,,
24/04/2015,364.5,369.75,377.5,,,
27/04/2015,360.75,364.75,372.5,,,
28/04/2015,361,364.5,371.75,,,
29/04/2015,363.75,367.75,374.75,,,
30/04/2015,362.5,366.25,372.75,,,
1/05/2015,359.75,363,369.75,,,
4/05/2015,358.75,361.25,367.75,,,
5/05/2015,361.25,362.75,369,,,
6/05/2015,366.5,366.75,372.75,,,
7/05/2015,357.75,361.5,367.25,,,
8/05/2015,358.5,363,368.5,,,
11/05/2015,358.25,360.5,365.5,,,
12/05/2015,357,361,366,,,
13/05/2015,356,362.25,368.25,,,
14/05/2015,361,368,374.5,,,
15/05/2015,365.5,372.5,382.75,,,
18/05/2015,368,375.25,385.75,,,
19/05/2015,362,369.25,380.25,,,
20/05/2015,360,366.75,377.25,,,
21/05/2015,365,371.5,382.25,,,
22/05/2015,360,366.75,377.75,,,
26/05/2015,355,362,373.25,,,
27/05/2015,349.5,355.75,366.75,,,
28/05/2015,353.5,359.5,370,,,
29/05/2015,351.5,357.25,368,,,
1/06/2015,352.25,358.25,369,,,
2/06/2015,359,365.25,376,,,
3/06/2015,359,365.75,376.75,,,
4/06/2015,363.5,370.25,381,,,
5/06/2015,360.5,367.5,378,,,
8/06/2015,365.25,372.75,383.5,,,
9/06/2015,365,372.5,383,,,
10/06/2015,357.25,364.25,375.25,,,
11/06/2015,356.5,363,374.25,,,
12/06/2015,353,358.75,369.5,,,
15/06/2015,348.25,352.75,363.5,,,
16/06/2015,354,359.75,370,,,
17/06/2015,359.25,365.25,375,,,
18/06/2015,358,363.5,373.25,,,
19/06/2015,353.25,358.75,368.75,,,
22/06/2015,360,364.25,373.5,,,
23/06/2015,367.5,372,381.25,,,
24/06/2015,366.5,371.5,380.5,,,
25/06/2015,376.5,382.75,392.25,,,
26/06/2015,385,392.5,402,,,
29/06/2015,383.25,392,402.25,,,
30/06/2015,414,422,431.5,,,
1/07/2015,413.75,422.5,431.75,,,
2/07/2015,419.75,428.5,437.25,,,
6/07/2015,418.5,426.5,435,,,
7/07/2015,415.75,423.25,433,,,
8/07/2015,416.25,424.5,434.25,,,
9/07/2015,421.25,428.75,439,,,
10/07/2015,427.25,434.75,445,,,
13/07/2015,433.5,440.75,451.75,,,
14/07/2015,424,428.25,438.75,,,
15/07/2015,429.5,440.25,450.5,,,
16/07/2015,430,441,451,,,
17/07/2015,420.25,431.25,441.5,,,
20/07/2015,405,416,426.25,,,
21/07/2015,406.5,417.5,427.75,,,
22/07/2015,402.75,413.5,423.5,,,
23/07/2015,403.25,413.75,423.5,,,
24/07/2015,392.5,402.75,412.75,,,
27/07/2015,373,383.5,394.25,,,
28/07/2015,375,385.5,396.5,,,
29/07/2015,367.75,378.25,389,,,
30/07/2015,373.25,383.75,394.75,,,
31/07/2015,371,381.25,392,,,
3/08/2015,366.5,376.5,387.25,,,
4/08/2015,368.75,378.75,389.75,,,
5/08/2015,372.75,383.25,394.5,,,
6/08/2015,369.75,380.5,391.5,,,
7/08/2015,372.75,383.75,394.75,,,
10/08/2015,390.25,401,412,,,
11/08/2015,376.5,387.5,398.75,,,
12/08/2015,357.25,368,379.75,,,
13/08/2015,363.75,375.25,387,,,
14/08/2015,364,375.5,387,,,
17/08/2015,363.25,374.5,386,,,
18/08/2015,366.25,377.25,388.75,,,
19/08/2015,367.25,378.5,390,,,
20/08/2015,371,382.5,393.75,,,
21/08/2015,365.25,377.25,388.75,,,
24/08/2015,368.75,380.5,391.75,,,
25/08/2015,365.5,377,388,,,
26/08/2015,361.75,373.25,384.25,,,
27/08/2015,363.75,375,386.25,,,
28/08/2015,363.25,375,386.5,,,
31/08/2015,363.75,375.25,386.25,,,
1/09/2015,356,369,380.25,,,
2/09/2015,354,367.5,378.75,,,
3/09/2015,347.75,361.5,373,,,
4/09/2015,349.5,363,374.5,,,
8/09/2015,355,368.25,379.75,,,
9/09/2015,356.5,369,380.25,,,
10/09/2015,361.75,374.25,385.5,,,
11/09/2015,374.5,387,398.25,,,
14/09/2015,379,393.5,404.75,,,
15/09/2015,390.5,401.75,409,,,
16/09/2015,386,397.25,404.5,,,
17/09/2015,379.75,391,398.5,,,
18/09/2015,377.25,388.5,396,,,
21/09/2015,384.5,396,403.5,,,
22/09/2015,380.5,392.25,399.5,,,
23/09/2015,383.25,394.75,402,,,
24/09/2015,381.5,392.75,400,,,
25/09/2015,389,400.25,407.5,,,
28/09/2015,386.75,398,405,,,
29/09/2015,389,399.75,406.75,,,
30/09/2015,387.75,398.75,405.5,,,
1/10/2015,388.75,399.75,406.25,,,
2/10/2015,389.25,399.5,406,,,
5/10/2015,393.5,403.75,410,,,
6/10/2015,398.25,408.5,414.75,,,
7/10/2015,395.75,406.25,412.5,,,
8/10/2015,391.25,401.75,407.75,,,
9/10/2015,382.75,393.5,400,,,
12/10/2015,380.75,391.75,398.25,,,
13/10/2015,384.5,395.5,401.75,,,
14/10/2015,379,389.75,396.25,,,
15/10/2015,375.5,386.5,392.75,,,
16/10/2015,376.75,387.75,394,,,
19/10/2015,373,383.75,390.5,,,
20/10/2015,376.75,387.25,393.5,,,
21/10/2015,380.75,390.25,396,,,
22/10/2015,378.25,388,393.5,,,
23/10/2015,379.75,388.75,394.75,,,
26/10/2015,384.5,393.5,399.5,,,
27/10/2015,380,389.75,396,,,
28/10/2015,376,386,392.25,,,
29/10/2015,380,389.75,395.75,,,
30/10/2015,382.25,391.5,397.25,,,
2/11/2015,376.5,385.25,391,,,
3/11/2015,380.5,388.75,394.75,,,
4/11/2015,380.5,388.25,394.25,,,
5/11/2015,374.5,382.75,389,,,
6/11/2015,373,381.75,388.25,,,
9/11/2015,366.75,376,382.5,,,
10/11/2015,359,368,374.5,,,
11/11/2015,362.25,370,376,,,
12/11/2015,362,369.5,375.5,,,
13/11/2015,358.25,365.5,371.75,,,
16/11/2015,360,366.75,372.75,,,
17/11/2015,362,368,373.5,,,
18/11/2015,361.75,368.25,373.5,,,
19/11/2015,364.25,370.25,375.75,,,
20/11/2015,363.25,369.75,375.5,,,
23/11/2015,367.25,373,378.5,,,
24/11/2015,364.25,369.5,374.75,,,
25/11/2015,366,372.75,378.25,,,
27/11/2015,359.25,367.25,373,,,
30/11/2015,365,372.25,378,,,
1/12/2015,367,373.75,379.25,,,
2/12/2015,364,370.25,376,,,
3/12/2015,370.25,377,382.75,,,
4/12/2015,376.25,381.5,387.25,,,
7/12/2015,368.5,373,378.75,,,
8/12/2015,370,373.5,379.25,,,
9/12/2015,371.75,373.75,379.25,,,
10/12/2015,377.25,379.25,384.25,,,
11/12/2015,373,375.25,380.25,,,
14/12/2015,381.75,379,384.25,,,
15/12/2015,377.25,382.25,387.25,,,
16/12/2015,369.75,375.25,380.5,,,
17/12/2015,374.25,380.25,385.75,,,
18/12/2015,374.5,380.5,386.25,,,
21/12/2015,372,378,384,,,
22/12/2015,366.25,372.5,378.5,,,
23/12/2015,365.5,371.75,377.75,,,
24/12/2015,364.5,370.75,376.75,,,
28/12/2015,361,367.75,373.75,,,
29/12/2015,362.5,369,375,,,
30/12/2015,359,365.25,371.5,,,
31/12/2015,358.75,364.5,370.5,,,
4/01/2016,351.5,357.5,363.75,,,
5/01/2016,353,358.5,364.75,,,
6/01/2016,353.25,358.5,364.5,,,
7/01/2016,353,358.5,364.5,,,
8/01/2016,357,362.75,369,,,
11/01/2016,351.75,357.5,363.5,,,
12/01/2016,356.75,362.25,368.25,,,
13/01/2016,358,363,369,,,
14/01/2016,358,362.75,368.25,,,
15/01/2016,363.25,367.5,372.75,,,
19/01/2016,367.75,372,377,,,
20/01/2016,368.75,373.25,378.5,,,
21/01/2016,367,371.75,376.75,,,
22/01/2016,370.25,374.75,379.75,,,
25/01/2016,369.75,374.75,380,,,
26/01/2016,369.25,374.5,379.75,,,
27/01/2016,369.25,374.5,379,,,
28/01/2016,365.5,370.5,375.25,,,
29/01/2016,372,376.75,381.5,,,
1/02/2016,371.25,375.75,380.5,,,
2/02/2016,372.5,377.5,382.5,,,
3/02/2016,371,376,381.25,,,
4/02/2016,368.5,373.5,378.75,,,
5/02/2016,365.75,370.75,376,,,
8/02/2016,362.25,367,372.25,,,
9/02/2016,361,366,371,,,
10/02/2016,360.25,365.25,370.25,,,
11/02/2016,360.25,365,369.75,,,
12/02/2016,358.75,363.5,368.5,,,
16/02/2016,363,367.75,372.5,,,
17/02/2016,367.25,371.5,376,,,
18/02/2016,365.5,369.75,373.75,,,
19/02/2016,365.5,369.25,373.75,,,
22/02/2016,367.5,372.25,377.25,,,
23/02/2016,362,366.75,372,,,
24/02/2016,359.75,364.5,370,,,
25/02/2016,355.5,360.5,365.75,,,
26/02/2016,354.5,359.5,364.25,,,
29/02/2016,353.5,357,361.75,,,
1/03/2016,353.75,355.75,360.25,,,
2/03/2016,354.5,356.25,360.75,,,
3/03/2016,353.75,356.5,361.25,,,
4/03/2016,354.5,358.25,363.5,,,
7/03/2016,355,359,364.75,,,
8/03/2016,358.75,360.5,365.75,,,
9/03/2016,359,359.5,364.5,,,
10/03/2016,362.5,362.75,367.5,,,
11/03/2016,366,365,369.5,,,
14/03/2016,366.75,368.75,373.5,,,
15/03/2016,368.5,373.5,378.75,,,
16/03/2016,368.25,373.25,378.5,,,
17/03/2016,368.5,373,378.25,,,
18/03/2016,367,371.75,376.75,,,
21/03/2016,369.5,374.25,379.25,,,
22/03/2016,370,374.75,379.75,,,
23/03/2016,368.5,373.25,377.75,,,
24/03/2016,370,374.5,379.25,,,
28/03/2016,370.5,374.75,379.5,,,
29/03/2016,373,377.25,381.75,,,
30/03/2016,367,371.5,376,,,
31/03/2016,351.5,355.75,360.5,,,
1/04/2016,354,357.75,361.75,,,
4/04/2016,354.5,357.75,361.75,,,
5/04/2016,356.75,360,363.75,,,
6/04/2016,358,360.75,364.25,,,
7/04/2016,361.5,364,367,,,
8/04/2016,362.25,365,368,,,
11/04/2016,356.75,359.75,362.5,,,
12/04/2016,362.75,365.5,368,,,
13/04/2016,373.5,377,379,,,
14/04/2016,374,378,379.5,,,
15/04/2016,378.5,382,382.25,,,
18/04/2016,381,385,384.75,,,
19/04/2016,384.5,389.5,390.25,,,
20/04/2016,394.75,399.75,399.25,,,
21/04/2016,384.5,389.75,389.25,,,
22/04/2016,371.75,375.5,375.5,,,
25/04/2016,377,381.75,382.25,,,
26/04/2016,382.25,387.25,388.75,,,
27/04/2016,380.75,384.75,385.5,,,
28/04/2016,387,391.25,390.5,,,
29/04/2016,390.25,391.75,391.75,,,
2/05/2016,390.25,391.75,392.25,,,
3/05/2016,378.25,379.75,381.5,,,
4/05/2016,373.25,376.75,379,,,
5/05/2016,371.75,373.75,375.75,,,
6/05/2016,376,377.5,379.5,,,
9/05/2016,367.75,369,371,,,
10/05/2016,378.5,381,382.75,,,
11/05/2016,374,377.5,380.25,,,
12/05/2016,385.25,389,391.75,,,
13/05/2016,382,390.75,393.25,,,
16/05/2016,394,396,400,,,
17/05/2016,397,399.75,403.75,,,
18/05/2016,399.5,402.25,406,,,
19/05/2016,390,392.5,397.25,,,
20/05/2016,394.5,396.75,399.75,,,
23/05/2016,397.75,399.75,402.75,,,
24/05/2016,397.5,400,402.75,,,
25/05/2016,404.75,407.25,408.5,,,
26/05/2016,408.25,410.5,409.75,,,
27/05/2016,412.75,414.25,413.5,,,
31/05/2016,404.75,406.75,408.5,,,
1/06/2016,413.75,415,416.25,,,
2/06/2016,415.25,415.75,416.75,,,
3/06/2016,418.25,419.75,419.75,,,
6/06/2016,427.25,429,430,,,
7/06/2016,427.75,430.5,433.25,,,
8/06/2016,431.25,434.75,437,,,
9/06/2016,426.5,430.5,433.5,,,
10/06/2016,423,427.5,430.75,,,
13/06/2016,430,435.5,440,,,
14/06/2016,436.5,441.75,446.5,,,
15/06/2016,429,434,439.5,,,
16/06/2016,425.25,430.5,435.75,,,
17/06/2016,437.75,442.75,448.75,,,
20/06/2016,421.25,426.75,433.75,,,
21/06/2016,396.25,402.25,408.75,,,
22/06/2016,393,398.25,404,,,
23/06/2016,387.25,392.5,397.75,,,
24/06/2016,384.5,389,394.25,,,
27/06/2016,385.25,389.25,394.25,,,
28/06/2016,385.25,388.75,394.25,,,
29/06/2016,372.75,377.75,383,,,
30/06/2016,358.75,365.5,371.25,,,
1/07/2016,353,360,367,,,
5/07/2016,344,350.75,358,,,
6/07/2016,335.75,341.5,348.25,,,
7/07/2016,335.5,341.75,348.5,,,
8/07/2016,349.75,355,362.5,,,
11/07/2016,343.75,348.25,355.5,,,
12/07/2016,349.75,352.25,360.25,,,
13/07/2016,365.75,362,369.75,,,
14/07/2016,362.25,357.75,364.75,,,
15/07/2016,352.25,358.25,366.25,,,
18/07/2016,357,363.25,371.75,,,
19/07/2016,341.75,348.5,357.5,,,
20/07/2016,337.5,344.25,353.25,,,
21/07/2016,334.25,340.75,350.25,,,
22/07/2016,335,341.75,351.5,,,
25/07/2016,334.75,341.25,351,,,
26/07/2016,332.5,339.5,349,,,
27/07/2016,335.75,343,351.75,,,
28/07/2016,331.25,338.75,347.5,,,
29/07/2016,334.5,342.75,351.5,,,
1/08/2016,325.75,334.25,343.25,,,
2/08/2016,324.25,334,343.75,,,
3/08/2016,325,335,345,,,
4/08/2016,320.75,331,341.5,,,
5/08/2016,324.25,334.25,344.5,,,
8/08/2016,325.25,334.75,345,,,
9/08/2016,322.25,332.5,343,,,
10/08/2016,322.5,333,343.25,,,
11/08/2016,321,331.75,342,,,
12/08/2016,322.25,333,343.5,,,
15/08/2016,326.5,337,347,,,
16/08/2016,327.5,337.25,347.25,,,
17/08/2016,330.25,339.75,349.75,,,
18/08/2016,332,342,351.75,,,
19/08/2016,334.25,343.75,353.5,,,
22/08/2016,333.25,342.5,352.25,,,
23/08/2016,328.5,337.25,347,,,
24/08/2016,327.5,336.25,346,,,
25/08/2016,323.5,332,342,,,
26/08/2016,316.25,325,334.5,,,
29/08/2016,311.75,320.75,331,,,
30/08/2016,304,315.75,325.75,,,
31/08/2016,301.5,315.5,326,,,
1/09/2016,311,323.75,334.25,,,
2/09/2016,316.5,328.5,338.5,,,
6/09/2016,316.75,328.5,338.75,,,
7/09/2016,321,333.25,343,,,
8/09/2016,327,338.5,348.5,,,
9/09/2016,330,341,351.5,,,
12/09/2016,329.25,339.5,350,,,
13/09/2016,319.25,330,340.75,,,
14/09/2016,322.25,331.75,342.5,,,
15/09/2016,330,340.25,347,,,
16/09/2016,337,347.25,354.5,,,
19/09/2016,337.25,347.5,354.75,,,
20/09/2016,340.5,350.75,358,,,
21/09/2016,340,350,357,,,
22/09/2016,336.75,346.75,354,,,
23/09/2016,336.5,346.25,352.75,,,
26/09/2016,329,339,346,,,
27/09/2016,331.75,341.75,348.75,,,
28/09/2016,329.25,339,346.25,,,
29/09/2016,329.25,339,346,,,
30/09/2016,336.75,346.5,353.5,,,
3/10/2016,346,355.75,362.75,,,
4/10/2016,348.25,358.25,365.25,,,
5/10/2016,347.75,357.5,364.5,,,
6/10/2016,340.5,350.25,357.5,,,
7/10/2016,339.75,349.5,356.75,,,
10/10/2016,343.25,353.25,360.25,,,
11/10/2016,345.5,355.25,361.75,,,
12/10/2016,337,347,353.75,,,
13/10/2016,349.5,359.5,366,,,
14/10/2016,354.25,363.75,370.25,,,
17/10/2016,354,364,370.75,,,
18/10/2016,353.75,363.5,370.25,,,
19/10/2016,357.5,367.25,374,,,
20/10/2016,351,360.75,367.5,,,
21/10/2016,352.5,362.25,369,,,
24/10/2016,348.25,358,365,,,
25/10/2016,349.25,359,366,,,
26/10/2016,354,363.25,370,,,
27/10/2016,357.5,366.25,373,,,
28/10/2016,355,363.25,370.25,,,
31/10/2016,354.75,362.75,369.5,,,
1/11/2016,349,357.75,365,,,
2/11/2016,346.25,355.5,363,,,
3/11/2016,348,357,364.25,,,
4/11/2016,348.75,357.5,365,,,
7/11/2016,346.25,355.25,363,,,
8/11/2016,354.25,362.75,370.25,,,
9/11/2016,340.75,349.75,357.25,,,
10/11/2016,343.5,352,359.25,,,
11/11/2016,340.25,349,356.5,,,
14/11/2016,337.25,345.25,352.5,,,
15/11/2016,341.5,349.25,356.5,,,
16/11/2016,338.5,346.5,353.5,,,
17/11/2016,342,349.75,356.5,,,
18/11/2016,345.5,353.5,360,,,
21/11/2016,349.75,357.75,364.25,,,
22/11/2016,351,359,365.5,,,
23/11/2016,350.75,359.25,366,,,
25/11/2016,349.25,358.25,365.25,,,
28/11/2016,348.5,358.25,365.5,,,
29/11/2016,336.75,349,356.5,,,
30/11/2016,336.75,348.5,355.75,,,
1/12/2016,331.75,342.5,350,,,
2/12/2016,337.5,347.25,354.25,,,
5/12/2016,349.5,359.25,366.25,,,
6/12/2016,351,360.5,367.25,,,
7/12/2016,350.5,358,364.75,,,
8/12/2016,346.5,353.5,360.25,,,
9/12/2016,352.5,359.5,366.25,,,
12/12/2016,354.5,360.5,367.25,,,
13/12/2016,356.25,361,367.75,,,
14/12/2016,351.75,362,368.5,,,
15/12/2016,356.5,363.25,370.75,,,
16/12/2016,356.25,363,370.5,,,
19/12/2016,353.25,360,367.5,,,
20/12/2016,350.25,357,364.5,,,
21/12/2016,347.25,354,361.5,,,
22/12/2016,347.25,354,361.25,,,
23/12/2016,345.75,352.5,360,,,
27/12/2016,355,361.25,368.5,,,
28/12/2016,348.25,354.75,362,,,
29/12/2016,349.75,355.75,363,,,
30/12/2016,352,357.5,364.25,,,
3/01/2017,355.75,361.5,368.25,,,
4/01/2017,359.75,365.75,372.25,,,
5/01/2017,361.25,367.5,374.25,,,
6/01/2017,358,364.75,371.5,,,
9/01/2017,360,367,374,,,
10/01/2017,358.25,365.25,372.5,,,
11/01/2017,357.25,364,371,,,
12/01/2017,358.25,364.75,371.75,,,
13/01/2017,358.5,365.5,372.5,,,
17/01/2017,365.5,372.75,380,,,
18/01/2017,365,372.25,379.25,,,
19/01/2017,366.25,373.25,380,,,
20/01/2017,369.75,376.25,383,,,
23/01/2017,369.5,376.5,383.25,,,
24/01/2017,363.25,370.5,377.5,,,
25/01/2017,366.25,373.5,380.75,,,
26/01/2017,363.75,371,378,,,
27/01/2017,362.5,369.75,376.5,,,
30/01/2017,357.75,365,372,,,
31/01/2017,359.75,367,373.75,,,
1/02/2017,368.25,375.75,382.75,,,
2/02/2017,367.5,375,382,,,
3/02/2017,365.25,372.75,379.75,,,
6/02/2017,363.75,371.25,378.25,,,
7/02/2017,368.5,376,383.25,,,
8/02/2017,370.75,378.5,385.5,,,
9/02/2017,369.5,377.25,384,,,
10/02/2017,374.5,382,388.75,,,
13/02/2017,375.5,382.75,389.25,,,
14/02/2017,374.25,381.75,388.5,,,
15/02/2017,378.75,386,392.5,,,
16/02/2017,373.5,381,387.75,,,
17/02/2017,368.25,375.5,382.5,,,
21/02/2017,369.25,376.5,383.75,,,
22/02/2017,371,378.25,385.5,,,
23/02/2017,365.5,372.5,379.75,,,
24/02/2017,364,370.75,378.25,,,
27/02/2017,360.25,368.25,375.75,,,
28/02/2017,366.75,373.75,381,,,
1/03/2017,375.75,382,389.25,,,
2/03/2017,372.75,379.5,386.25,,,
3/03/2017,374.75,380.75,387.25,,,
6/03/2017,372.75,378.5,385.5,,,
7/03/2017,369.5,376,383.25,,,
8/03/2017,365.25,372.25,379.75,,,
9/03/2017,359.75,367,374.5,,,
10/03/2017,358,364.25,372,,,
13/03/2017,354.5,361,368.5,,,
14/03/2017,353.75,362.25,369.75,,,
15/03/2017,363.5,371,377.5,,,
16/03/2017,366,373.5,380,,,
17/03/2017,367.5,375,382.25,,,
20/03/2017,363.5,371.25,378.5,,,
21/03/2017,361.25,368.75,376.25,,,
22/03/2017,358.75,366.5,374,,,
23/03/2017,356.75,364.5,372,,,
24/03/2017,356.25,363.75,371.5,,,
27/03/2017,355.75,363.5,371.25,,,
28/03/2017,357.75,365.5,373.25,,,
29/03/2017,358.5,366,373.25,,,
30/03/2017,357.5,365,372.25,,,
31/03/2017,364.25,371.75,379.25,,,
3/04/2017,367.75,375.25,382.75,,,
4/04/2017,363,370.75,378.25,,,
5/04/2017,364.75,372.5,380,,,
6/04/2017,360.75,368.5,376.25,,,
7/04/2017,359.5,367.25,374.75,,,
10/04/2017,367,374.5,381.75,,,
11/04/2017,366.5,373.75,380.75,,,
12/04/2017,369,376,382.75,,,
13/04/2017,371,378,384.5,,,
17/04/2017,366.5,373.25,380,,,
18/04/2017,361.75,368.25,375.75,,,
19/04/2017,361.75,368.25,375.75,,,
20/04/2017,357.75,364.25,371.75,,,
21/04/2017,357,363.75,371,,,
24/04/2017,359.25,365.5,372.5,,,
25/04/2017,365,371.75,378.75,,,
26/04/2017,359,366.75,373.75,,,
27/04/2017,362,369.25,376.25,,,
28/04/2017,358,366.5,374.25,,,
1/05/2017,369.25,377.5,384.75,,,
2/05/2017,364,372.25,379.75,,,
3/05/2017,366.25,374.75,382,,,
4/05/2017,358,366.5,374,,,
5/05/2017,361.75,370.75,378.25,,,
8/05/2017,356.75,366,374,,,
9/05/2017,358.25,366.5,374.5,,,
10/05/2017,365.25,373.75,381.75,,,
11/05/2017,360.5,369.25,377.25,,,
12/05/2017,361.75,371,379,,,
15/05/2017,367.75,375.5,385.25,,,
16/05/2017,367.75,375.75,385.5,,,
17/05/2017,371.5,379.25,389,,,
18/05/2017,366,373.75,384,,,
19/05/2017,372.5,379.75,390.25,,,
22/05/2017,375,382.5,392.75,,,
23/05/2017,369.5,377,387.75,,,
24/05/2017,371.25,379,389.75,,,
25/05/2017,369.25,377,387.5,,,
26/05/2017,374.25,381.75,392.5,,,
30/05/2017,367,375,385.75,,,
31/05/2017,372,380,391,,,
1/06/2017,370.5,378.5,389.25,,,
2/06/2017,372.75,380.75,391,,,
5/06/2017,373,381.25,392,,,
6/06/2017,377.25,385.5,395.75,,,
7/06/2017,384.75,392.25,402.5,,,
8/06/2017,385.75,393.5,403.75,,,
9/06/2017,387.75,395.75,406,,,
12/06/2017,377.25,385,395.5,,,
13/06/2017,381,388.5,399,,,
14/06/2017,377,385,395.5,,,
15/06/2017,379.5,387.5,397.75,,,
16/06/2017,384,392,402,,,
19/06/2017,375.25,383.25,393.25,,,
20/06/2017,370,378,388,,,
21/06/2017,368.75,376.75,386.75,,,
22/06/2017,362.75,370.75,380.75,,,
23/06/2017,357.75,365.5,375.25,,,
26/06/2017,359,367.25,377,,,
27/06/2017,359.25,367.75,377.5,,,
28/06/2017,356.75,366.25,376.25,,,
29/06/2017,359.75,369.5,380,,,
30/06/2017,370.5,381,392,,,
3/07/2017,378,388.5,399.25,,,
5/07/2017,381.75,392,404,,,
6/07/2017,380.25,390.5,402.75,,,
7/07/2017,382.25,392.5,404.75,,,
10/07/2017,391.75,402,414.75,,,
11/07/2017,392.25,401.75,414.25,,,
12/07/2017,376.25,385.5,398.75,,,
13/07/2017,361,369.75,383,,,
14/07/2017,365.25,376.25,389.5,,,
17/07/2017,375,388,398.75,,,
18/07/2017,377,390.75,401.5,,,
19/07/2017,382.5,396.25,407,,,
20/07/2017,391,404.75,415.25,,,
21/07/2017,379.75,393.5,404.5,,,
24/07/2017,377.25,390.75,402,,,
25/07/2017,368.75,382.25,393.5,,,
26/07/2017,372.75,386,397.75,,,
27/07/2017,374.25,387.75,399.25,,,
28/07/2017,374.25,388,399.75,,,
31/07/2017,370.75,384.75,396.25,,,
1/08/2017,362.5,376.5,388.5,,,
2/08/2017,365,379,391,,,
3/08/2017,363.5,377.75,389.75,,,
4/08/2017,366.5,381,392.5,,,
7/08/2017,372.25,386.75,398.5,,,
8/08/2017,369.75,383.75,395.75,,,
9/08/2017,372.25,386.25,398,,,
10/08/2017,357.25,371,383,,,
11/08/2017,360.75,374.75,386.5,,,
14/08/2017,362.75,376.25,388.25,,,
15/08/2017,355.25,368.5,380.25,,,
16/08/2017,352.5,366.5,378.25,,,
17/08/2017,350.5,364.25,376.25,,,
18/08/2017,352,365.75,377.75,,,
21/08/2017,349,363,375.25,,,
22/08/2017,346,360,372.5,,,
23/08/2017,342,355.75,368.25,,,
24/08/2017,342,356.25,368.75,,,
25/08/2017,338.75,353.5,366.5,,,
28/08/2017,336,351,364,,,
29/08/2017,333.5,348.75,361.5,,,
30/08/2017,329.5,345.5,358.25,,,
31/08/2017,342.25,357.75,370.5,,,
1/09/2017,340,355.25,367.75,,,
5/09/2017,344.25,358.5,371,,,
6/09/2017,347,361,373.5,,,
7/09/2017,341.75,355.25,367.75,,,
8/09/2017,344.25,356.75,369,,,
11/09/2017,345.5,357.5,369.75,,,
12/09/2017,340,351.5,363.75,,,
13/09/2017,338.5,351.5,363.75,,,
14/09/2017,341.75,354.25,366.5,,,
15/09/2017,354.75,367.25,375.75,,,
18/09/2017,351.5,364,372.5,,,
19/09/2017,348.25,360.75,369.25,,,
20/09/2017,350,362.5,371,,,
21/09/2017,350.25,363,371.25,,,
22/09/2017,353.5,366,374.5,,,
25/09/2017,353.75,366.5,374.75,,,
26/09/2017,352.25,365.25,373.75,,,
27/09/2017,354,366.75,375.75,,,
28/09/2017,352.5,365.25,373.75,,,
29/09/2017,355.25,367.75,376.25,,,
2/10/2017,351.5,364.25,373,,,
3/10/2017,349.5,362.25,371.25,,,
4/10/2017,348.25,361.25,370.25,,,
5/10/2017,349.5,362.5,371.5,,,
6/10/2017,350,363.25,372,,,
9/10/2017,349.5,362.75,371.75,,,
10/10/2017,349.25,362.75,371.5,,,
11/10/2017,346,359.5,368,,,
12/10/2017,349,362.75,371.75,,,
13/10/2017,352.75,366.5,375.25,,,
16/10/2017,350.5,364.25,372.75,,,
17/10/2017,350,363.75,372,,,
18/10/2017,348.5,362.25,370.75,,,
19/10/2017,349,362.75,371.25,,,
20/10/2017,344.5,358.5,367.25,,,
23/10/2017,351.25,365.25,374,,,
24/10/2017,352.75,366.75,375.5,,,
25/10/2017,351,365.25,373.75,,,
26/10/2017,350.5,364.5,373.25,,,
27/10/2017,348.75,362.5,371.25,,,
30/10/2017,348.75,362.75,371.5,,,
31/10/2017,345.75,359.5,368.25,,,
1/11/2017,348.25,361.75,370.5,,,
2/11/2017,350.5,364,372.5,,,
3/11/2017,348.25,362,370.75,,,
6/11/2017,348,361.5,370.25,,,
7/11/2017,347.75,361,369.75,,,
8/11/2017,348.25,361.25,369.75,,,
9/11/2017,341.5,354.75,363.5,,,
10/11/2017,343.5,356.75,365.25,,,
13/11/2017,342.25,355,363.5,,,
14/11/2017,337.5,350.5,359,,,
15/11/2017,338.25,351,359.25,,,
16/11/2017,336.5,349,357.5,,,
17/11/2017,343,355,363.5,,,
20/11/2017,345,356.5,364.75,,,
21/11/2017,345,356.25,364.5,,,
22/11/2017,345.25,357,365.25,,,
24/11/2017,342.25,355,363.25,,,
27/11/2017,338.75,351.75,360,,,
28/11/2017,336.25,349.75,358,,,
29/11/2017,339,353.5,361.5,,,
30/11/2017,341.75,355.75,363.75,,,
1/12/2017,344.75,358.75,366.5,,,
4/12/2017,339.5,353.5,362,,,
5/12/2017,339.75,353.75,362.25,,,
6/12/2017,339.25,352.75,361,,,
7/12/2017,338.75,351.5,360,,,
8/12/2017,340,352.75,361,,,
11/12/2017,336.5,349,357.25,,,
12/12/2017,335.75,347.75,356,,,
13/12/2017,336.75,349,357.25,,,
14/12/2017,336.25,348.5,356.75,,,
15/12/2017,347.5,355.75,364.25,,,
18/12/2017,347,355.25,363.75,,,
19/12/2017,347.5,355.75,364.25,,,
20/12/2017,349.25,357.5,366,,,
21/12/2017,351.25,359.5,367.75,,,
22/12/2017,352,360.5,368.75,,,
26/12/2017,352.75,361,369.5,,,
27/12/2017,353.75,362.25,370.5,,,
28/12/2017,352,360.25,369,,,
29/12/2017,350.75,359,367.25,,,
2/01/2018,353.25,361.25,369.75,,,
3/01/2018,353,361.25,369.5,,,
4/01/2018,351,359.25,367.75,,,
5/01/2018,351.25,359.25,367.5,,,
8/01/2018,347.25,355.5,363.75,,,
9/01/2018,349,357.25,365.5,,,
10/01/2018,349,357,365,,,
11/01/2018,348.75,357,365,,,
12/01/2018,346.25,354.75,362.75,,,
16/01/2018,348.25,356.75,365,,,
17/01/2018,353,361,369.25,,,
18/01/2018,351.5,359.5,367.75,,,
19/01/2018,352.5,360.75,369,,,
22/01/2018,352,360.5,369,,,
23/01/2018,351.25,359.75,368,,,
24/01/2018,356.5,364.75,373,,,
25/01/2018,355.25,363.75,371.75,,,
26/01/2018,356.5,365,373.25,,,
29/01/2018,358.75,367,375,,,
30/01/2018,361.5,369.75,377.5,,,
31/01/2018,361.5,369.5,377.25,,,
1/02/2018,361.75,370,377.75,,,
2/02/2018,361.5,369.5,377.25,,,
5/02/2018,358.75,366.5,374.25,,,
6/02/2018,363.5,371.25,378.75,,,
7/02/2018,365.25,372.75,380.25,,,
8/02/2018,365.75,373.25,381,,,
9/02/2018,362,369.75,377.5,,,
12/02/2018,367,374.75,382.5,,,
13/02/2018,366.75,374.25,382,,,
14/02/2018,367.25,374.75,382.5,,,
15/02/2018,367.75,375.5,383,,,
16/02/2018,367.5,375,382.75,,,
20/02/2018,365.5,373.75,381.5,,,
21/02/2018,365.75,374,381.75,,,
22/02/2018,366.75,374.75,382.5,,,
23/02/2018,366.25,374.5,382.25,,,
26/02/2018,368.5,377.25,385,,,
27/02/2018,370.5,379.25,387,,,
28/02/2018,374.5,382,389.5,,,
1/03/2018,378.75,386.25,393.5,,,
2/03/2018,377.25,385.25,392.5,,,
5/03/2018,378.25,387.25,394.5,,,
6/03/2018,379.75,388.25,395.5,,,
7/03/2018,379.25,387.25,394.5,,,
8/03/2018,385.75,393.5,400.5,,,
9/03/2018,383,390.5,398,,,
12/03/2018,384.25,390.75,398.5,,,
13/03/2018,385.5,391.75,399.75,,,
14/03/2018,383.5,388.75,396.75,,,
15/03/2018,386.75,394.5,400,,,
16/03/2018,382.75,391,396.75,,,
19/03/2018,375,383.25,390,,,
20/03/2018,374.5,382.5,389.75,,,
21/03/2018,375,383,389.5,,,
22/03/2018,376,384.25,390.5,,,
23/03/2018,377.25,385.75,392,,,
26/03/2018,374,382.5,389,,,
27/03/2018,374,382.5,389,,,
28/03/2018,373.5,382.25,389,,,
29/03/2018,387.75,396.25,403.25,,,
2/04/2018,387.25,395.75,402.75,,,
3/04/2018,388.5,397.25,404.25,,,
4/04/2018,381,389.75,396.75,,,
5/04/2018,389.5,398.25,404.75,,,
6/04/2018,388.5,397,404,,,
9/04/2018,390.75,399,406,,,
10/04/2018,389.25,397.75,404.75,,,
11/04/2018,387,395.75,402.75,,,
12/04/2018,388.75,397.25,404.25,,,
13/04/2018,386.25,394.5,401.5,,,
16/04/2018,382.5,391,398.25,,,
17/04/2018,380.25,389.25,396.75,,,
18/04/2018,383,391.75,399.25,,,
19/04/2018,382,391,398.5,,,
20/04/2018,376.5,385.5,393,,,
23/04/2018,378.5,387.5,395,,,
24/04/2018,381.25,390,397.25,,,
25/04/2018,386.5,395.75,403,,,
26/04/2018,386,395.25,402.25,,,
27/04/2018,389.5,398.5,405.5,,,
30/04/2018,392.5,400.75,407.5,,,
1/05/2018,396.75,405.75,412.75,,,
2/05/2018,396,405,412.75,,,
3/05/2018,399.5,408,415.5,,,
4/05/2018,398.75,406.25,413.75,,,
7/05/2018,393.25,400.75,408.5,,,
8/05/2018,395.5,403.25,411.25,,,
9/05/2018,394.75,402.75,411,,,
10/05/2018,394.75,402,410.25,,,
11/05/2018,389.75,396.5,405,,,
14/05/2018,389,396.5,404.75,,,
15/05/2018,402.25,410.5,419.25,,,
16/05/2018,399.25,407.5,417,,,
17/05/2018,395.25,403.5,413,,,
18/05/2018,402.5,411,420.25,,,
21/05/2018,402.75,411.25,421,,,
22/05/2018,404.75,413.5,423.25,,,
23/05/2018,408.5,417.25,426.5,,,
24/05/2018,404.25,413,422.5,,,
25/05/2018,406,415,425,,,
29/05/2018,400,409,419,,,
30/05/2018,393.5,402.5,413.25,,,
31/05/2018,394,403.25,413.75,,,
1/06/2018,391.5,400.5,411.75,,,
4/06/2018,380.75,389.75,401.25,,,
5/06/2018,383.75,393,404,,,
6/06/2018,378.25,387.75,399.75,,,
7/06/2018,376.25,385.25,396.75,,,
8/06/2018,377.75,386.5,398,,,
11/06/2018,367.25,376.25,388.25,,,
12/06/2018,377.5,386.75,398.25,,,
13/06/2018,376,385.5,397,,,
14/06/2018,363,372.75,384.5,,,
15/06/2018,361.25,370.75,382.75,,,
18/06/2018,356,365.5,377.25,,,
19/06/2018,353.75,363.25,375.5,,,
20/06/2018,354.25,363.75,375.75,,,
21/06/2018,357,366.5,378.25,,,
22/06/2018,357.25,366.5,378,,,
25/06/2018,350.5,359.5,371.5,,,
26/06/2018,352.5,361.25,373.25,,,
27/06/2018,352.5,361.75,373.25,,,
28/06/2018,345,354.25,366,,,
29/06/2018,350.25,359.5,371.25,,,
2/07/2018,337.5,347,359,,,
3/07/2018,342.75,352,364.25,,,
5/07/2018,343.5,352.25,364.5,,,
6/07/2018,351.75,360.25,373,,,
9/07/2018,345.75,354,367,,,
10/07/2018,339.75,347.75,360.75,,,
11/07/2018,331.25,340,353.25,,,
12/07/2018,336.5,345.75,359.25,,,
13/07/2018,330.25,341.25,354.75,,,
16/07/2018,341.75,355.25,367.25,,,
17/07/2018,346.25,359.75,371.75,,,
18/07/2018,347.25,361,372.75,,,
19/07/2018,351.25,365,376.5,,,
20/07/2018,355.25,369,380,,,
23/07/2018,357.25,371.25,382.5,,,
24/07/2018,352,366,377.25,,,
25/07/2018,359.25,373.25,384.25,,,
26/07/2018,361.5,375.75,386.25,,,
27/07/2018,362,376.25,386.75,,,
30/07/2018,367.25,381.25,391.75,,,
31/07/2018,372.25,386.5,397,,,
1/08/2018,365,379.5,390.25,,,
2/08/2018,366.75,381.25,392.25,,,
3/08/2018,369.75,384.25,395.5,,,
6/08/2018,371,385.25,396.5,,,
7/08/2018,370.75,384.5,395.5,,,
8/08/2018,371.25,385,396,,,
9/08/2018,369.25,382.75,394,,,
10/08/2018,357.75,371.75,383.25,,,
13/08/2018,356.5,370.5,382,,,
14/08/2018,362.25,376.5,388,,,
15/08/2018,361.5,376,387.75,,,
16/08/2018,365.25,379.75,391.5,,,
17/08/2018,364.25,378.75,390.75,,,
20/08/2018,362,376.5,388.5,,,
21/08/2018,359.75,374.25,386.25,,,
22/08/2018,352.5,366.75,379,,,
23/08/2018,346.75,361,373.25,,,
24/08/2018,348.5,362.75,375,,,
27/08/2018,346.75,361.5,374,,,
28/08/2018,341,356.25,369,,,
29/08/2018,341.25,356.5,369.5,,,
30/08/2018,341,356.5,369.25,,,
31/08/2018,351,365,377.25,,,
4/09/2018,354.5,368.25,379.75,,,
5/09/2018,351.75,365.25,377.25,,,
6/09/2018,353.5,366.25,378.25,,,
7/09/2018,354.25,367,379.25,,,
10/09/2018,355.5,367.25,379.25,,,
11/09/2018,355.25,366.75,378.5,,,
12/09/2018,341.5,352.5,365,,,
13/09/2018,336.25,350.5,362.75,,,
14/09/2018,337,351.75,363.75,,,
17/09/2018,348,360,368.25,,,
18/09/2018,343.25,355.5,364,,,
19/09/2018,345.75,358,366.5,,,
20/09/2018,352.5,364.75,372.75,,,
21/09/2018,357.25,369.25,377.25,,,
24/09/2018,360.5,372.5,380.25,,,
25/09/2018,363.75,375.75,383.5,,,
26/09/2018,363,375,382.5,,,
27/09/2018,364.75,376.5,384,,,
28/09/2018,356.25,368,375.75,,,
1/10/2018,365.75,377.75,385.25,,,
2/10/2018,367.5,379.5,387.25,,,
3/10/2018,364.75,376.75,384.5,,,
4/10/2018,367.5,379.25,386.5,,,
5/10/2018,368.25,380,387,,,
8/10/2018,366.5,378.5,385.25,,,
9/10/2018,364.5,376.5,383.5,,,
10/10/2018,362.75,374.75,382,,,
11/10/2018,369.25,381.25,388.5,,,
12/10/2018,373.75,385.75,392.75,,,
15/10/2018,378.25,390.25,397.25,,,
16/10/2018,375.25,387.25,394.25,,,
17/10/2018,374.25,386.5,393.5,,,
18/10/2018,370.75,383,390.25,,,
19/10/2018,367,379.5,387,,,
22/10/2018,369.5,381.75,389.25,,,
23/10/2018,370.25,382.5,390,,,
24/10/2018,368.25,380.5,388.25,,,
25/10/2018,361,373.5,381.5,,,
26/10/2018,367.75,380,388,,,
29/10/2018,366.75,379.25,387.25,,,
30/10/2018,364.75,377.25,385.25,,,
31/10/2018,363.25,375.75,383.75,,,
1/11/2018,366.75,378.75,386.75,,,
2/11/2018,371.25,383.25,391.25,,,
5/11/2018,374,385.75,393.75,,,
6/11/2018,373.25,385.25,393,,,
7/11/2018,372.25,383.75,391.5,,,
8/11/2018,373.5,385.25,393.25,,,
9/11/2018,369.75,381.25,389.25,,,
12/11/2018,371.25,382.25,390,,,
13/11/2018,366.5,377.75,385.75,,,
14/11/2018,367,378,385.75,,,
15/11/2018,367.5,378.25,385.75,,,
16/11/2018,364.75,375.75,383.5,,,
19/11/2018,362.25,373.25,381,,,
20/11/2018,361.25,372.25,380,,,
21/11/2018,361.75,372.75,380.5,,,
23/11/2018,359,370.5,378.25,,,
26/11/2018,356,368,375.75,,,
27/11/2018,356.5,368.5,375.75,,,
28/11/2018,360.5,373.25,380.5,,,
29/11/2018,360.25,373.25,380.5,,,
30/11/2018,366.5,377.75,385,,,
3/12/2018,371.25,382,389.25,,,
4/12/2018,374.25,384.75,391.5,,,
5/12/2018,374.25,384.25,391.25,,,
6/12/2018,372,382.75,390,,,
7/12/2018,374,385.5,392.75,,,
10/12/2018,374.25,384,391.25,,,
11/12/2018,375,384.75,392.25,,,
12/12/2018,376.25,385.25,392.75,,,
13/12/2018,375.5,384.25,391.75,,,
14/12/2018,376.75,384.75,392.25,,,
17/12/2018,384,391.75,398.25,,,
18/12/2018,385.5,393.5,400,,,
19/12/2018,381.75,389.75,396.75,,,
20/12/2018,375.25,383,390.25,,,
21/12/2018,378.5,386.25,393.5,,,
24/12/2018,377.75,385.75,392.75,,,
26/12/2018,373.25,381.25,388.75,,,
27/12/2018,374.5,382.25,389.5,,,
28/12/2018,375.5,383.25,390.5,,,
31/12/2018,375,383,390.75,,,
2/01/2019,375.75,383.5,391,,,
3/01/2019,379.75,387.5,394.75,,,
4/01/2019,383,391,398.25,,,
7/01/2019,382.25,390.25,397.5,,,
8/01/2019,380,388,395.75,,,
9/01/2019,382,390,397.5,,,
10/01/2019,376.25,384.5,392.25,,,
11/01/2019,378.25,386.75,394.25,,,
14/01/2019,378.5,387,394.75,,,
15/01/2019,371.25,379.75,387.5,,,
16/01/2019,374,382.25,390,,,
17/01/2019,380,388,395.5,,,
18/01/2019,381.75,390,397.25,,,
22/01/2019,379,387.25,395,,,
23/01/2019,378.75,387.25,395.25,,,
24/01/2019,377,385.5,393.5,,,
25/01/2019,380.25,388.75,396.5,,,
28/01/2019,379.75,388.25,396.25,,,
29/01/2019,377.25,386,393.75,,,
30/01/2019,381.25,389.75,397.5,,,
31/01/2019,376.5,385.25,392.75,,,
1/02/2019,378.25,387,394.75,,,
4/02/2019,379.25,387.5,395.25,,,
5/02/2019,380.75,389,396.5,,,
6/02/2019,380,388,395.75,,,
7/02/2019,376.5,384.25,392.25,,,
8/02/2019,374.25,382.25,390,,,
11/02/2019,372.75,380.75,388.5,,,
12/02/2019,378.25,386.25,393.75,,,
13/02/2019,378.75,386.75,394.5,,,
14/02/2019,374.75,383,390.75,,,
15/02/2019,374.75,382.75,390.5,,,
19/02/2019,369.75,378,386,,,
20/02/2019,370.75,379.5,387.5,,,
21/02/2019,375.5,384.25,392.25,,,
22/02/2019,375.25,384.5,392.5,,,
25/02/2019,370.5,380,388.25,,,
26/02/2019,366.25,376,384.5,,,
27/02/2019,363.75,373.75,382.25,,,
28/02/2019,362,370.75,379.5,,,
1/03/2019,364,373,381.5,,,
4/03/2019,365,374.75,383.25,,,
5/03/2019,366,375.75,384.5,,,
6/03/2019,362.5,372.5,381,,,
7/03/2019,356,365.25,374.25,,,
8/03/2019,354.75,364.25,373.5,,,
11/03/2019,352.5,362,371.5,,,
12/03/2019,356.5,365.75,375.5,,,
13/03/2019,357.25,366.5,376.25,,,
14/03/2019,361.5,370.25,379.5,,,
15/03/2019,373.25,382.25,388.75,,,
18/03/2019,371.5,380.75,387.5,,,
19/03/2019,371.25,380.75,387.5,,,
20/03/2019,371.5,381,388,,,
21/03/2019,376.25,385.5,391.75,,,
22/03/2019,378.25,387.5,393.25,,,
25/03/2019,379.75,389.25,395.25,,,
26/03/2019,377.25,387,393.25,,,
27/03/2019,373.75,383.5,390.5,,,
28/03/2019,374,383.75,391,,,
29/03/2019,356.5,366.25,375,,,
1/04/2019,361.75,371,379.25,,,
2/04/2019,361.5,370.75,379.25,,,
3/04/2019,362.75,372,380.5,,,
4/04/2019,365.25,374.25,382.5,,,
5/04/2019,362.5,371,379.5,,,
8/04/2019,360,368.5,377.25,,,
9/04/2019,360,368.5,377.25,,,
10/04/2019,361.75,370.75,379,,,
11/04/2019,360,368.75,376.75,,,
12/04/2019,361,369.5,377.5,,,
15/04/2019,362.75,371.5,379.5,,,
16/04/2019,359,367.75,376,,,
17/04/2019,358.25,367,375,,,
18/04/2019,358.5,367.25,375,,,
22/04/2019,354.75,363.5,371,,,
23/04/2019,351.25,360.25,368.25,,,
24/04/2019,346.75,356,364.25,,,
25/04/2019,347.5,357.25,365.5,,,
26/04/2019,351.25,361.25,369.5,,,
29/04/2019,352,361.75,370,,,
30/04/2019,353.25,362.5,370.5,,,
1/05/2019,360,368.5,376.25,,,
2/05/2019,362,370.5,377.75,,,
3/05/2019,363,370.75,377.75,,,
6/05/2019,355.75,364.25,371.75,,,
7/05/2019,358,366.5,374,,,
8/05/2019,355.25,364.25,372.25,,,
9/05/2019,344.5,353.25,362,,,
10/05/2019,342.5,351.75,361,,,
13/05/2019,347.5,356.5,365.75,,,
14/05/2019,360.5,368.75,377.25,,,
15/05/2019,369.5,378.25,388.75,,,
16/05/2019,379,387,396.5,,,
17/05/2019,383.25,390.5,398.25,,,
20/05/2019,389,396.75,404.5,,,
21/05/2019,394.25,402.75,410.5,,,
22/05/2019,394.5,403.75,412.75,,,
23/05/2019,389.75,398.5,408,,,
24/05/2019,404.25,412.5,419.75,,,
28/05/2019,420.25,429.5,437,,,
29/05/2019,418.75,428,435.75,,,
30/05/2019,436.25,445.25,452.25,,,
31/05/2019,427,436,443.75,,,
3/06/2019,424.25,433.75,441.75,,,
4/06/2019,425.25,434.75,444,,,
5/06/2019,414.75,424.25,433.5,,,
6/06/2019,420.5,429.5,438.5,,,
7/06/2019,415.75,424.25,433.75,,,
10/06/2019,415.75,424,434.5,,,
11/06/2019,427.75,436.25,447,,,
12/06/2019,430,438.25,448.5,,,
13/06/2019,442,447.75,455.75,,,
14/06/2019,453,458.25,463.5,,,
17/06/2019,454.75,461.5,468.5,,,
18/06/2019,449.75,455.5,463,,,
19/06/2019,441,446.25,453.25,,,
20/06/2019,450,454.75,461,,,
21/06/2019,442.25,447.5,453.5,,,
24/06/2019,446.75,451.75,457.25,,,
25/06/2019,447.5,453,457.5,,,
26/06/2019,443.25,449.5,454.5,,,
27/06/2019,440,445.75,451,,,
28/06/2019,420.25,424.75,431.5,,,
1/07/2019,412,415.5,422.5,,,
2/07/2019,413.5,419,426,,,
3/07/2019,433,436.75,441.25,,,
5/07/2019,434,438.75,442.25,,,
8/07/2019,438.5,439.5,443.75,,,
9/07/2019,431.75,432.5,437.25,,,
10/07/2019,434.25,435,439.5,,,
11/07/2019,447.75,444.25,448,,,
12/07/2019,449.5,454.25,459.25,,,
15/07/2019,441,447,453.75,,,
16/07/2019,435.25,441.25,448.5,,,
17/07/2019,436,441.5,448.75,,,
18/07/2019,424.5,429.75,438.25,,,
19/07/2019,430.75,435.75,444,,,
22/07/2019,422.25,426.75,435.75,,,
23/07/2019,425.5,431.5,440.5,,,
24/07/2019,424,430.75,439.75,,,
25/07/2019,418.5,427.5,437.25,,,
26/07/2019,414.5,424.5,434.5,,,
29/07/2019,417,427,436.75,,,
30/07/2019,411.25,421,431,,,
31/07/2019,400.25,410,420.5,,,
1/08/2019,392.75,402.5,413.25,,,
2/08/2019,399.5,409.5,420.5,,,
5/08/2019,405.25,414.75,425.5,,,
6/08/2019,404,412.5,422,,,
7/08/2019,406.5,414,423.75,,,
8/08/2019,411,418.25,428.5,,,
9/08/2019,410.25,417.75,428.25,,,
12/08/2019,385.25,392.75,403.25,,,
13/08/2019,366,376.5,390,,,
14/08/2019,359,370.25,383.25,,,
15/08/2019,360.75,371,383.5,,,
16/08/2019,371,380.75,392.75,,,
19/08/2019,365,374.5,387,,,
20/08/2019,359.5,368.75,381.25,,,
21/08/2019,362.5,370.25,382.5,,,
22/08/2019,363.25,371,383,,,
23/08/2019,359.75,367.75,380,,,
26/08/2019,358.5,368.25,380.5,,,
27/08/2019,357,366.25,377.75,,,
28/08/2019,362.75,371,381.75,,,
29/08/2019,359.75,371.25,383.25,,,
30/08/2019,358,369.75,382.25,,,
3/09/2019,349.75,361,374.25,,,
4/09/2019,346,358.5,371.75,,,
5/09/2019,346.5,358.75,371.75,,,
6/09/2019,342.5,355.5,368.75,,,
9/09/2019,340.75,354.25,367.25,,,
10/09/2019,348.5,361.5,374.5,,,
11/09/2019,348.25,360,372.25,,,
12/09/2019,354.5,367.25,379.75,,,
13/09/2019,355.5,368.75,381.5,,,
16/09/2019,374,386,394.5,,,
17/09/2019,368,380,388.25,,,
18/09/2019,371.25,382.5,390.25,,,
19/09/2019,372.75,384,391.75,,,
20/09/2019,370.75,381.75,389.5,,,
23/09/2019,373.25,384.25,392,,,
24/09/2019,374.75,385.5,392.75,,,
25/09/2019,374.25,385.5,393,,,
26/09/2019,372.5,384.75,392.25,,,
27/09/2019,371.5,383.75,391,,,
30/09/2019,388,399.5,405.25,,,
1/10/2019,392.5,404.5,409.25,,,
2/10/2019,387.75,399.75,404.75,,,
3/10/2019,388.75,400.75,406,,,
4/10/2019,384.75,397,402.5,,,
7/10/2019,387,399,404.5,,,
8/10/2019,395.75,406.5,411.25,,,
9/10/2019,394.25,405.5,410.75,,,
10/10/2019,380.25,391.5,397.5,,,
11/10/2019,397.75,407.75,412.75,,,
14/10/2019,397.75,407.5,412.5,,,
15/10/2019,393.25,404.25,410.5,,,
16/10/2019,391.75,403.5,409.75,,,
17/10/2019,394.75,406.5,412.75,,,
18/10/2019,391,402.75,409.5,,,
21/10/2019,387.25,399.5,406.75,,,
22/10/2019,388,400,406.75,,,
23/10/2019,387.75,399.75,406.25,,,
24/10/2019,386.75,398,404.5,,,
25/10/2019,386.75,397.5,404,,,
28/10/2019,384,394.5,401.5,,,
29/10/2019,386.25,396,402.75,,,
30/10/2019,390.75,399.5,405.25,,,
31/10/2019,390,398.75,404.75,,,
1/11/2019,389.25,398.5,404.5,,,
4/11/2019,383.25,393.5,400.5,,,
5/11/2019,381.75,391.75,398.5,,,
6/11/2019,378.75,387.75,394.75,,,
7/11/2019,375.25,383.75,391,,,
8/11/2019,377.25,386.5,393.5,,,
11/11/2019,373.25,382,388.75,,,
12/11/2019,377.75,386.5,392.75,,,
13/11/2019,375.25,384,389.75,,,
14/11/2019,375.75,384.75,390.75,,,
15/11/2019,371.25,380.75,386.5,,,
18/11/2019,367.75,377.25,383,,,
19/11/2019,370,380.75,386.75,,,
20/11/2019,366.75,377.25,383,,,
21/11/2019,368.5,379,384.25,,,
22/11/2019,368.75,378.5,383.75,,,
25/11/2019,370.5,380.75,386.5,,,
26/11/2019,367.5,378.25,384.25,,,
27/11/2019,362.75,373.25,379,,,
29/11/2019,371.25,381.25,385.75,,,
2/12/2019,373.5,382,386.5,,,
3/12/2019,372,381.25,387.25,,,
4/12/2019,368.75,378.5,384.5,,,
5/12/2019,365.5,376.75,382.5,,,
6/12/2019,366.5,376.75,382.5,,,
9/12/2019,365.75,375.75,381.25,,,
10/12/2019,363.25,377,382.75,,,
11/12/2019,357.75,371.25,378,,,
12/12/2019,367,377.75,384.25,,,
13/12/2019,366.25,381,388,,,
16/12/2019,388,394.75,400.25,,,
17/12/2019,390,396.5,402.25,,,
18/12/2019,387,393.5,399.5,,,
19/12/2019,386.5,393,398.75,,,
20/12/2019,387.75,394,399.5,,,
23/12/2019,388.75,395.25,401.25,,,
24/12/2019,387.5,394.25,400.5,,,
26/12/2019,388.5,395.25,401.25,,,
27/12/2019,390,396.75,402.75,,,
30/12/2019,388.25,395.25,401.5,,,
31/12/2019,387.75,394.75,401,,,
2/01/2020,391.5,398,404,,,
3/01/2020,386.5,393,399.25,,,
6/01/2020,384.75,391.5,398,,,
7/01/2020,384.5,391.5,397.75,,,
8/01/2020,384.25,391.25,397.75,,,
9/01/2020,383.25,390,396.75,,,
10/01/2020,385.75,392.75,399.5,,,
13/01/2020,389.5,396.25,402.75,,,
14/01/2020,389,396,402.25,,,
15/01/2020,387.5,394,400.5,,,
16/01/2020,375.5,382.5,389,,,
17/01/2020,389.25,395.25,401,,,
21/01/2020,387.5,393.5,399.25,,,
22/01/2020,388.75,394.25,399.25,,,
23/01/2020,393.75,398.5,403.25,,,
24/01/2020,387.25,392.75,397.75,,,
27/01/2020,380.5,386.75,392.25,,,
28/01/2020,386.5,392,397.25,,,
29/01/2020,384.25,389.5,394.5,,,
30/01/2020,379.5,384.75,389.5,,,
31/01/2020,381.25,386.5,391,,,
3/02/2020,378.75,384.5,389.5,,,
4/02/2020,382.25,388,392.75,,,
5/02/2020,380.75,386.5,391,,,
6/02/2020,379.25,384.5,388,,,
7/02/2020,383.5,388.5,392.25,,,
10/02/2020,381.75,386.5,390.75,,,
11/02/2020,379.75,384.25,388.25,,,
12/02/2020,383,387.25,390.25,,,
13/02/2020,379.5,384.75,388.75,,,
14/02/2020,377.75,382,385.5,,,
18/02/2020,383,387.5,390.5,,,
19/02/2020,380.5,385.25,388.25,,,
20/02/2020,378.5,382.75,385.5,,,
21/02/2020,377,380.75,383.5,,,
24/02/2020,372.25,376.25,379.5,,,
25/02/2020,372.5,376.5,380,,,
26/02/2020,370.5,374.5,378.75,,,
27/02/2020,364.5,368,372.5,,,
28/02/2020,366.5,368.25,372.5,,,
2/03/2020,374.75,375.5,378.5,,,
3/03/2020,381.75,381.25,383.75,,,
4/03/2020,387,385,386.25,,,
5/03/2020,384.5,381.75,383.75,,,
6/03/2020,377.25,376,379.25,,,
9/03/2020,374.25,372.75,375,,,
10/03/2020,380,377.5,379.5,,,
11/03/2020,379.25,374.5,376.5,,,
12/03/2020,369.75,365.75,368.75,,,
13/03/2020,370.75,365.75,368.5,,,
16/03/2020,354.75,358.5,361,,,
17/03/2020,344,350,354.75,,,
18/03/2020,335.25,341.75,348.25,,,
19/03/2020,345.5,351,355.75,,,
20/03/2020,343.75,349.5,354.75,,,
23/03/2020,343.5,349.5,355.25,,,
24/03/2020,347.25,352,356.5,,,
25/03/2020,348.5,353.5,358.25,,,
26/03/2020,348.75,354.25,359,,,
27/03/2020,346,351.75,356,,,
30/03/2020,341.25,347.5,352,,,
31/03/2020,340.75,346,349.75,,,
1/04/2020,334.75,338.75,340.75,,,
2/04/2020,333.5,338.5,342,,,
3/04/2020,330.75,336.75,342.25,,,
6/04/2020,327.75,333.5,339.25,,,
7/04/2020,331.5,337.25,342.25,,,
8/04/2020,330,335.5,340.5,,,
9/04/2020,331.75,336.75,341.75,,,
13/04/2020,331.5,336.25,340.75,,,
14/04/2020,326,332.25,337,,,
15/04/2020,319.25,326.75,332.5,,,
16/04/2020,319.75,326.25,331,,,
17/04/2020,322.25,329.25,333.75,,,
20/04/2020,314.25,322.25,327,,,
21/04/2020,309.25,317.25,321.5,,,
22/04/2020,317.5,324.75,327.5,,,
23/04/2020,319.25,326,329.75,,,
24/04/2020,315.75,323,327.5,,,
27/04/2020,305.5,313.25,319,,,
28/04/2020,302.75,312,319.25,,,
29/04/2020,304.5,314.5,322,,,
30/04/2020,311.5,320,326.5,,,
1/05/2020,311.5,318.5,325.5,,,
4/05/2020,310.75,315.5,322.5,,,
5/05/2020,313,317,323.25,,,
6/05/2020,311.75,314.25,320.25,,,
7/05/2020,316,318,323.25,,,
8/05/2020,319,319.25,324.75,,,
11/05/2020,318.5,318.5,324,,,
12/05/2020,323.75,322.25,326,,,
13/05/2020,320.25,318.25,322.5,,,
14/05/2020,320.25,317.5,322,,,
15/05/2020,319.25,323,332,,,
18/05/2020,320.75,324.25,332.75,,,
19/05/2020,321.25,325.5,334.25,,,
20/05/2020,319.5,324.25,334,,,
21/05/2020,317.75,323,333,,,
22/05/2020,318,322.75,332.75,,,
26/05/2020,319,324,334,,,
27/05/2020,320.5,325.25,334.5,,,
28/05/2020,327.5,331.75,340.25,,,
29/05/2020,325.75,330,338.75,,,
1/06/2020,323.25,327.25,335.75,,,
2/06/2020,324.25,328.5,338,,,
3/06/2020,324,328.5,338.25,,,
4/06/2020,329,333.25,342.75,,,
5/06/2020,331.25,335.5,345.25,,,
8/06/2020,333.75,338.25,347.5,,,
9/06/2020,327.5,333,343.25,,,
10/06/2020,326.25,331.75,341.5,,,
11/06/2020,329.75,335,343.75,,,
12/06/2020,330,334.5,343,,,
15/06/2020,329.25,333.75,341.5,,,
16/06/2020,329,334.25,342.75,,,
17/06/2020,330.25,335,342.75,,,
18/06/2020,331,335.5,342.75,,,
19/06/2020,332.5,337.25,345.25,,,
22/06/2020,328.25,333,341.75,,,
23/06/2020,325,329,336.75,,,
24/06/2020,324.25,327,333.75,,,
25/06/2020,317.25,320.5,328,,,
26/06/2020,317,319.25,325.25,,,
29/06/2020,326.25,328.75,334.75,,,
30/06/2020,338.5,341.5,350.5,,,
1/07/2020,348.25,350.5,360.5,,,
2/07/2020,342.5,343.5,353.5,,,
6/07/2020,346.5,346.5,356.25,,,
7/07/2020,345,343.5,352.5,,,
8/07/2020,348.25,346.25,354.25,,,
9/07/2020,351.25,348.75,357,,,
10/07/2020,340.5,337.25,344.75,,,
13/07/2020,334,328.75,336.5,,,
14/07/2020,334.75,326,333.75,,,
15/07/2020,326.25,334,344.5,,,
16/07/2020,330.25,337.5,347.75,,,
17/07/2020,333,339.75,349.75,,,
20/07/2020,328.25,335.75,346.25,,,
21/07/2020,322.75,330.75,341.5,,,
22/07/2020,327.5,334.75,344.75,,,
23/07/2020,328,335.5,345.5,,,
24/07/2020,326.25,335,346,,,
27/07/2020,325,334.5,345.5,,,
28/07/2020,320,330,341.25,,,
29/07/2020,315.5,326.25,338.25,,,
30/07/2020,315.75,326.75,338.25,,,
31/07/2020,316,327,338.25,,,
3/08/2020,317.5,328.5,340.25,,,
4/08/2020,308.25,320.25,332.25,,,
5/08/2020,311,323.25,335.5,,,
6/08/2020,311.25,323.75,335.5,,,
7/08/2020,307.75,320.75,332.75,,,
10/08/2020,310.5,323,334.75,,,
11/08/2020,311.5,323.5,335.25,,,
12/08/2020,314.5,327.25,338.75,,,
13/08/2020,325.25,338.75,349.75,,,
14/08/2020,324.5,338,349.25,,,
17/08/2020,331,344.75,356.75,,,
18/08/2020,327,341.75,354.25,,,
19/08/2020,325,339.75,352.75,,,
20/08/2020,324.5,339.25,352.25,,,
21/08/2020,327,340.5,353,,,
24/08/2020,331.75,345,357,,,
25/08/2020,340.75,354.5,366.25,,,
26/08/2020,340.5,354.25,366,,,
27/08/2020,344.25,358.5,369.5,,,
28/08/2020,346,359.25,369.25,,,
31/08/2020,348.5,357.75,367.5,,,
1/09/2020,349.5,358,367.75,,,
2/09/2020,349.75,358.75,369.25,,,
3/09/2020,344.5,353.75,364.75,,,
4/09/2020,347.25,358,368.5,,,
8/09/2020,351,361.75,372,,,
9/09/2020,350,360.25,370.75,,,
10/09/2020,357.25,365,375,,,
11/09/2020,365,368.5,378.25,,,
14/09/2020,357.5,369.5,379,,,
15/09/2020,366,375.75,381.25,,,
16/09/2020,371.75,381,386.25,,,
17/09/2020,375.25,384,388.75,,,
18/09/2020,378.5,387.5,392.75,,,
21/09/2020,369.75,379.25,384.75,,,
22/09/2020,369.25,378.75,384.5,,,
23/09/2020,368.5,377.5,383,,,
24/09/2020,363.5,372.25,377.75,,,
25/09/2020,365.25,373.25,378.75,,,
28/09/2020,366.75,375.5,381,,,
29/09/2020,364.75,374,379.5,,,
30/09/2020,379,388.25,393.5,,,
1/10/2020,382.75,392,397.25,,,
2/10/2020,379.75,389.25,394.75,,,
5/10/2020,379.5,389.25,394.75,,,
6/10/2020,385,394.25,399.25,,,
7/10/2020,388.75,397.25,402,,,
8/10/2020,387,394.75,399.75,,,
9/10/2020,395,402.25,406.5,,,
12/10/2020,389,396.75,400.75,,,
13/10/2020,391.25,399.25,403,,,
14/10/2020,396.5,402.5,405,,,
15/10/2020,403.75,408,409.25,,,
16/10/2020,402,407,408.5,,,
19/10/2020,405.25,410.5,412.25,,,
20/10/2020,408.75,413.25,415.5,,,
21/10/2020,413.75,416.75,418.5,,,
22/10/2020,416.25,418.25,419.75,,,
23/10/2020,419.25,420.25,421.25,,,
26/10/2020,417.75,418.5,419.25,,,
27/10/2020,416,416.5,417,,,
28/10/2020,401.5,404.25,405.25,,,
29/10/2020,398.5,401.5,403.25,,,
30/10/2020,398.5,403.25,406,,,
2/11/2020,397.5,401.75,404.5,,,
3/11/2020,401,406,409,,,
4/11/2020,405.25,411.25,414,,,
5/11/2020,409.25,414.75,417.5,,,
6/11/2020,406.75,413.75,417.75,,,
9/11/2020,407.5,415.25,419,,,
10/11/2020,423,431,434.5,,,
11/11/2020,417.25,427,431.25,,,
12/11/2020,408.25,418.25,423,,,
13/11/2020,410.5,419.5,424,,,
16/11/2020,416.25,424.25,428.25,,,
17/11/2020,420.25,426.75,429.75,,,
18/11/2020,425.75,430.5,433,,,
19/11/2020,422.5,427.25,429.25,,,
20/11/2020,423.25,428.25,430.75,,,
23/11/2020,426.5,433.25,436.5,,,
24/11/2020,425.75,432.5,435.75,,,
25/11/2020,420,427.5,430.25,,,
27/11/2020,425.5,433.75,436.75,,,
30/11/2020,419.75,426,429,,,
1/12/2020,414.75,420.75,424,,,
2/12/2020,419,423.75,426.5,,,
3/12/2020,422.5,426.5,428.75,,,
4/12/2020,417,420.5,423.25,,,
7/12/2020,419.5,424,426.75,,,
8/12/2020,417,419.75,423,,,
9/12/2020,422,423.75,426.5,,,
10/12/2020,420.25,421.25,424.25,,,
11/12/2020,424.25,423.5,426.5,,,
14/12/2020,419.25,424,427.25,,,
15/12/2020,424.75,427.75,428.75,,,
16/12/2020,427.25,429.75,430.5,,,
17/12/2020,432.5,434.75,435.25,,,
18/12/2020,437.5,439.25,439.75,,,
21/12/2020,440,442,442.25,,,
22/12/2020,443.5,444.5,444.25,,,
23/12/2020,447.25,448.25,447.75,,,
24/12/2020,451,451.75,450.25,,,
28/12/2020,456.5,457,454.5,,,
29/12/2020,466,466,464,,,
30/12/2020,474.5,474.25,472,,,
31/12/2020,484,483.25,480.25,,,
4/01/2021,483.75,484.25,482.25,,,
5/01/2021,491.75,492.5,490.5,,,
6/01/2021,495,496,494,,,
7/01/2021,494,495.5,493.5,,,
8/01/2021,496.25,497.5,494.75,,,
11/01/2021,492.25,494,491.25,,,
12/01/2021,517.25,519,516.25,,,
13/01/2021,524.5,527.75,524,,,
14/01/2021,534.25,537.75,534.75,,,
15/01/2021,531.5,534.75,532,,,
19/01/2021,526,528.25,525,,,
20/01/2021,522,524,519.25,,,
21/01/2021,524.25,526.25,522.25,,,
22/01/2021,500.5,503,498.75,,,
25/01/2021,511.5,514.25,510,,,
26/01/2021,532.25,533.75,527.5,,,
27/01/2021,534,535.25,528,,,
28/01/2021,534.5,536.25,527.25,,,
29/01/2021,547,547.5,536.5,,,
1/02/2021,549.25,548.5,536.75,,,
2/02/2021,543,542.25,531.25,,,
3/02/2021,552,549,537,,,
4/02/2021,550,547.5,536.75,,,
5/02/2021,548.5,547.5,536.25,,,
8/02/2021,563.75,562,548,,,
9/02/2021,556.25,554.25,539.5,,,
10/02/2021,534.5,532.75,520.75,,,
11/02/2021,541,539.75,527.75,,,
12/02/2021,538.75,536.5,525,,,
16/02/2021,552.25,549.75,538,,,
17/02/2021,553,550.75,540.25,,,
18/02/2021,550.25,549,539,,,
19/02/2021,542.75,541.75,533,,,
22/02/2021,551,550.5,541.5,,,
23/02/2021,553.75,552.5,542.5,,,
24/02/2021,559.25,557,547.25,,,
25/02/2021,554.75,549.75,539.75,,,
26/02/2021,555.5,547.5,535,,,
1/03/2021,547.5,538.25,527,,,
2/03/2021,560.75,545,532.75,,,
3/03/2021,550.25,535.25,524,,,
4/03/2021,546.25,532.5,522.5,,,
5/03/2021,562,545.5,534,,,
8/03/2021,565,547,536,,,
9/03/2021,562,545.75,534.75,,,
10/03/2021,547.75,534,524.25,,,
11/03/2021,555,538.5,528.25,,,
12/03/2021,549.25,539,528.5,,,
15/03/2021,549.5,537.75,498,,,
16/03/2021,554.25,541.75,499.25,,,
17/03/2021,558,542.5,497,,,
18/03/2021,546.5,530.25,486.25,,,
19/03/2021,557.75,538.75,489.5,,,
22/03/2021,549,531.5,484.25,,,
23/03/2021,551.25,534.25,486,,,
24/03/2021,553.25,537.25,486.75,,,
25/03/2021,546.5,532.5,482.75,,,
26/03/2021,552.5,535.75,483.75,,,
29/03/2021,546.75,531.25,479,,,
30/03/2021,539.25,522.5,471,,,
31/03/2021,564.25,547.5,496,,,
1/04/2021,559.75,545.25,501,,,
2/04/2021,559.75,545.25,501,,,
5/04/2021,553.25,539.25,502.5,,,
6/04/2021,554.25,541,498.25,,,
7/04/2021,560.5,546,499.25,,,
8/04/2021,579.75,562,510,,,
9/04/2021,577.25,562.75,510.75,,,
12/04/2021,569,556,507.75,,,
13/04/2021,580,566.5,517.75,,,
14/04/2021,594,579.5,528,,,
15/04/2021,590,576.75,530.5,,,
16/04/2021,585.5,573.75,529.5,,,
19/04/2021,592,580.5,537.5,,,
20/04/2021,606.5,592,547.25,,,
21/04/2021,625.5,606.5,557,,,
22/04/2021,650.5,631.5,577.25,,,
23/04/2021,655.5,632.5,575.75,,,
26/04/2021,680.5,657.5,593,,,
27/04/2021,695.5,654.5,586,,,
28/04/2021,686.25,644,571.5,,,
29/04/2021,702,648.25,570.5,,,
30/04/2021,740,673.25,592.25,,,
3/05/2021,732.25,679.5,591.75,,,
4/05/2021,744.75,696.75,610.25,,,
5/05/2021,753.25,708.5,631,,,
6/05/2021,759.5,718.75,645.5,,,
7/05/2021,772.75,732.25,654.75,,,
10/05/2021,748,711.75,629,,,
11/05/2021,759.5,722.25,635,,,
12/05/2021,757.5,714.75,621.5,,,
13/05/2021,719,674.75,583,,,
14/05/2021,685,643.75,563,,,
17/05/2021,652.5,566.5,537.25,,,
18/05/2021,658.25,571,543.25,,,
19/05/2021,658.25,567,539,,,
20/05/2021,664.5,579,552,,,
21/05/2021,659.5,573.25,546.5,,,
24/05/2021,657.25,568.5,540.25,,,
25/05/2021,620.25,541.25,515.75,,,
26/05/2021,624.5,547.25,520.75,,,
27/05/2021,664.5,585.5,555,,,
28/05/2021,656.75,573.25,545.5,,,
1/06/2021,688.75,602,577,,,
2/06/2021,675,593.25,572.75,,,
3/06/2021,662,582.25,566.5,,,
4/06/2021,682.75,606.5,591.5,,,
7/06/2021,679.25,621,602.75,,,
8/06/2021,680,628,609.5,,,
9/06/2021,690.75,632,609.75,,,
10/06/2021,699,638.25,616.5,,,
11/06/2021,684.5,629.75,609.75,,,
14/06/2021,659.25,598.5,581.25,,,
15/06/2021,667.5,591.75,573.75,,,
16/06/2021,673,588.5,572.5,,,
17/06/2021,633,548.5,532.5,,,
18/06/2021,655.25,577.5,566.25,,,
21/06/2021,659.25,571.25,557,,,
22/06/2021,659.75,553,539,,,
23/06/2021,664.25,551,535.75,,,
24/06/2021,653.25,549.25,536,,,
25/06/2021,636.5,530.25,519.25,,,
28/06/2021,675.5,558.25,547.25,,,
29/06/2021,694.5,559.25,548.5,,,
30/06/2021,720,599.25,588.5,,,
1/07/2021,719.75,601.75,589,,,
2/07/2021,697.25,592,579.75,,,
6/07/2021,656,552,539.75,,,
7/07/2021,652.5,542.75,531,,,
8/07/2021,638,536.75,523.75,,,
9/07/2021,629.75,529.5,517,,,
12/07/2021,669.25,545.25,533,,,
13/07/2021,677,551.25,540.75,,,
14/07/2021,683,568.25,558.75,,,
15/07/2021,564.25,556.25,564,,,
16/07/2021,556,552,559.5,,,
19/07/2021,556,552.25,559.75,,,
20/07/2021,571.75,565.75,573,,,
21/07/2021,571.75,568.5,575.5,,,
22/07/2021,564.5,561.25,568.75,,,
23/07/2021,547.25,543,551,,,
26/07/2021,549.75,546.75,554.5,,,
27/07/2021,548.75,546.25,553.75,,,
28/07/2021,549.25,549,556.75,,,
29/07/2021,558,556.5,564.25,,,
30/07/2021,547,545.25,553.25,,,
2/08/2021,558.75,559.25,567.25,,,
3/08/2021,550.5,551.75,560.25,,,
4/08/2021,545.75,546.75,555,,,
5/08/2021,555.75,553,561,,,
6/08/2021,555,556.5,564.75,,,
9/08/2021,550.25,553.75,561.75,,,
10/08/2021,549.25,553.25,561,,,
11/08/2021,556.25,559.25,567,,,
12/08/2021,567,573.25,579.75,,,
13/08/2021,568.25,573,579.5,,,
16/08/2021,564.75,568.75,576.25,,,
17/08/2021,558.25,563.5,571,,,
18/08/2021,561.75,565,572.25,,,
19/08/2021,550,550.75,558.25,,,
20/08/2021,538.75,537,544.5,,,
23/08/2021,538,535.5,543.25,,,
24/08/2021,544.5,545.25,552.25,,,
25/08/2021,551.25,551.75,558.75,,,
26/08/2021,552.75,550.75,557.25,,,
27/08/2021,558,553.75,560.25,,,
30/08/2021,540.25,542.75,550.75,,,
31/08/2021,534,534.25,542.75,,,
1/09/2021,515.5,522.75,531.75,,,
2/09/2021,516.25,525.5,534,,,
3/09/2021,508,524,533.25,,,
7/09/2021,495.75,510.75,520.5,,,
8/09/2021,498.25,510.25,519.75,,,
9/09/2021,496,510,519.25,,,
10/09/2021,502.75,517.5,526.5,,,
13/09/2021,496.75,513.25,522,,,
14/09/2021,503,520.25,528.25,,,
15/09/2021,533.5,540.75,544.75,,,
16/09/2021,529.5,536.75,541,,,
17/09/2021,527.25,534.25,538.25,,,
20/09/2021,521.75,529.75,534.5,,,
21/09/2021,517,525,530,,,
22/09/2021,525.5,533,537.5,,,
23/09/2021,529.25,537,541.25,,,
24/09/2021,526.75,534.5,539,,,
27/09/2021,539.5,547,551.75,,,
28/09/2021,532.5,540.5,545.75,,,
29/09/2021,539,547,551.75,,,
30/09/2021,536.75,544.5,549,,,
1/10/2021,541.5,549.75,554.5,,,
4/10/2021,540.75,549.75,554.75,,,
5/10/2021,537.5,546,550.75,,,
6/10/2021,532.25,541,546.25,,,
7/10/2021,534,543,548,,,
8/10/2021,530.5,539.5,544.75,,,
11/10/2021,533,542.25,547.5,,,
12/10/2021,522.5,532,537.5,,,
13/10/2021,512.25,522,528,,,
14/10/2021,516.75,525.75,531,,,
15/10/2021,525.75,534.25,538.75,,,
18/10/2021,532.75,540.5,544.25,,,
19/10/2021,530.25,539,543.25,,,
20/10/2021,539.25,547.75,551.5,,,
21/10/2021,532.25,541.5,545.75,,,
22/10/2021,538,546.75,550.75,,,
25/10/2021,538,546.75,550.5,,,
26/10/2021,543.5,552.25,556.25,,,
27/10/2021,557.25,566,569.75,,,
28/10/2021,562.75,571.25,575,,,
29/10/2021,568.25,576.25,579.75,,,
1/11/2021,579,587,590.5,,,
2/11/2021,573,581.25,585.5,,,
3/11/2021,564,572.25,576.5,,,
4/11/2021,559.25,567.75,572.5,,,
5/11/2021,553,562.25,567.25,,,
8/11/2021,551.5,561,566,,,
9/11/2021,554.75,564.25,569.25,,,
10/11/2021,569.25,578.75,583.5,,,
11/11/2021,569.5,578,582.25,,,
12/11/2021,577.25,585,588.75,,,
15/11/2021,576.5,584,588.5,,,
16/11/2021,571,577.5,581.75,,,
17/11/2021,575.25,581.5,585.75,,,
18/11/2021,573,579.25,583.75,,,
19/11/2021,570.75,577,581.25,,,
22/11/2021,576.75,584.25,588.75,,,
23/11/2021,580.5,588.25,592.75,,,
24/11/2021,579.75,585.5,590,,,
26/11/2021,586.75,591.75,595.5,,,
29/11/2021,581,582.25,585.75,,,
30/11/2021,567,567.5,570,,,
1/12/2021,572,571.5,573,,,
2/12/2021,577,576.75,579.25,,,
3/12/2021,586,584,586.25,,,
6/12/2021,583.5,583.5,586,,,
7/12/2021,586.25,586,588.5,,,
8/12/2021,584.75,587.25,589,,,
9/12/2021,588.5,591.75,593.25,,,
10/12/2021,588.5,590,592,,,
13/12/2021,584.25,585,587.25,,,
14/12/2021,588.75,590.25,592.25,,,
15/12/2021,585.75,587.25,586.5,,,
16/12/2021,591.25,592.75,591.75,,,
17/12/2021,593.25,594.25,592.75,,,
20/12/2021,591,592,589.75,,,
21/12/2021,598.25,599.25,597.75,,,
22/12/2021,602.5,604,602.5,,,
23/12/2021,605.75,607.25,606,,,
27/12/2021,614.75,616.75,615.75,,,
28/12/2021,604.75,606.5,605.5,,,
29/12/2021,605.5,606.75,605.25,,,
30/12/2021,596,596.75,594.5,,,
31/12/2021,593.25,595,593.5,,,
3/01/2022,589.25,591,589.75,,,
4/01/2022,609.5,609.5,606.5,,,
5/01/2022,602.25,602.75,600.25,,,
6/01/2022,603.75,604.5,602.25,,,
7/01/2022,606.75,607.75,604.5,,,
10/01/2022,599.75,601.25,599,,,
11/01/2022,601,602.5,600,,,
12/01/2022,599,600.75,598,,,
13/01/2022,587.5,589.5,587.75,,,
14/01/2022,596.25,597.25,593.5,,,
18/01/2022,599.5,600,596.5,,,
19/01/2022,610.5,611,607.25,,,
20/01/2022,611,610.75,606.5,,,
21/01/2022,616.25,614,608.5,,,
24/01/2022,621,617.5,610.75,,,
25/01/2022,620,618.5,614.25,,,
26/01/2022,627,625,619.25,,,
27/01/2022,625.25,623,616,,,
28/01/2022,636,633.25,626.25,,,
31/01/2022,626,624.5,619.25,,,
1/02/2022,634.75,633.75,628,,,
2/02/2022,622.5,622.25,617.25,,,
3/02/2022,616.75,617.25,613,,,
4/02/2022,620.5,621.75,618.5,,,
7/02/2022,635.25,637.25,633.75,,,
8/02/2022,632.25,634,630.25,,,
9/02/2022,646.75,646,640.5,,,
10/02/2022,641.75,640.5,635,,,
11/02/2022,651,650.5,645.25,,,
14/02/2022,655.75,655.25,650.5,,,
15/02/2022,638,637.5,633.75,,,
16/02/2022,647,645.75,640.75,,,
17/02/2022,650,649.25,645,,,
18/02/2022,654.25,652.75,647,,,
22/02/2022,674.75,672.5,665.25,,,
23/02/2022,683.75,681.25,674.5,,,
24/02/2022,695,690.25,678.5,,,
25/02/2022,659.5,655.75,644,,,
28/02/2022,697.5,690.75,677,,,
1/03/2022,739.75,725.75,707.75,,,
2/03/2022,739,725,693.75,,,
3/03/2022,751.25,747.75,703.5,,,
4/03/2022,756.5,754.25,721.25,,,
7/03/2022,749.25,750.75,727.25,,,
8/03/2022,754.5,753,726,,,
9/03/2022,735,733,708.25,,,
10/03/2022,757.75,755.75,726,,,
11/03/2022,764.5,762.5,728.75,,,
14/03/2022,728.25,748.25,718.5,,,
15/03/2022,758,723.25,670.25,,,
16/03/2022,730,697,647,,,
17/03/2022,754.5,718.75,667.5,,,
18/03/2022,741.75,712.5,664.75,,,
21/03/2022,756.25,728.25,681.75,,,
22/03/2022,753,729.75,685.25,,,
23/03/2022,757.75,734.75,687.5,,,
24/03/2022,748.25,728.5,682.5,,,
25/03/2022,754,734.75,685.75,,,
28/03/2022,748.5,730.5,681.75,,,
29/03/2022,726.25,708.5,666.75,,,
30/03/2022,738,720,673.5,,,
31/03/2022,748.75,733,696.25,,,
1/04/2022,735,721.75,696,,,
4/04/2022,750.5,739.25,711.5,,,
5/04/2022,759.75,748.25,717.5,,,
6/04/2022,756.5,747,715.75,,,
7/04/2022,757.75,750.25,719,,,
8/04/2022,768.75,760.75,727.5,,,
11/04/2022,764.5,758.75,729.75,,,
12/04/2022,776.25,772.5,743.75,,,
13/04/2022,783.5,778,747,,,
14/04/2022,790.25,783.75,748.75,,,
18/04/2022,813.25,807,766,,,
19/04/2022,804,799.75,761.5,,,
20/04/2022,815.75,810,766,,,
21/04/2022,799.25,795.25,755.5,,,
22/04/2022,793,789,745.5,,,
25/04/2022,800.25,798,751.5,,,
26/04/2022,803.25,801.5,760.25,,,
27/04/2022,815.5,812.25,766.75,,,
28/04/2022,816,813.5,769.75,,,
29/04/2022,818.25,813.5,768,,,
2/05/2022,813,803.5,757.75,,,
3/05/2022,800.75,793,750,,,
4/05/2022,798.5,794.25,752.75,,,
5/05/2022,803.75,797.5,756.25,,,
6/05/2022,792.25,784.75,742,,,
9/05/2022,784.5,772,729,,,
10/05/2022,786.5,775.25,735,,,
11/05/2022,802.25,788.5,752,,,
12/05/2022,813.5,791.5,763.75,,,
13/05/2022,794.5,781.25,757.5,,,
16/05/2022,809.5,778,765.5,,,
17/05/2022,800.75,772.75,760.75,,,
18/05/2022,781.5,753.25,740.25,,,
19/05/2022,783.25,750.5,736,,,
20/05/2022,778.75,747,732,,,
23/05/2022,786.25,754.75,739,,,
24/05/2022,771.75,741,725.25,,,
25/05/2022,772.25,739.75,723.25,,,
26/05/2022,765,734,718.75,,,
27/05/2022,777.25,744.75,730,,,
31/05/2022,753.5,725,711.5,,,
1/06/2022,731.25,703.75,691.5,,,
2/06/2022,730.25,704.75,694.25,,,
3/06/2022,727,701.25,690,,,
6/06/2022,742.5,714.25,702.5,,,
7/06/2022,757,725.75,714,,,
8/06/2022,764.5,727.75,717.75,,,
9/06/2022,773,729.25,716.75,,,
10/06/2022,773.25,732.75,720.5,,,
13/06/2022,769.25,730.75,721.5,,,
14/06/2022,768.25,729.5,721.25,,,
15/06/2022,774,729,721,,,
16/06/2022,788.25,741.75,735,,,
17/06/2022,784.5,737.75,731,,,
21/06/2022,760.75,709.25,701.5,,,
22/06/2022,768,702,693.75,,,
23/06/2022,746.75,666.75,655.5,,,
24/06/2022,750.25,682.75,674,,,
27/06/2022,744.25,661.25,653,,,
28/06/2022,759.5,669.75,659.25,,,
29/06/2022,770.25,664,653.75,,,
30/06/2022,743.75,628.75,619.75,,,
1/07/2022,754.5,619.75,607.5,,,
5/07/2022,736,592.25,578.5,,,
6/07/2022,744.25,599.75,585,,,
7/07/2022,747,609,596.25,,,
8/07/2022,778.25,633.25,623.5,,,
11/07/2022,781.25,637,629,,,
12/07/2022,732.75,594,586.5,,,
13/07/2022,740,600,595.25,,,
14/07/2022,695,605,601,,,
15/07/2022,604.25,603.75,610,,,
18/07/2022,612.25,610.75,616.5,,,
19/07/2022,596.75,595.25,601.5,,,
20/07/2022,592.25,590,596.25,,,
21/07/2022,575.75,573.5,580.25,,,
22/07/2022,564.25,564.25,571,,,
25/07/2022,580,583.75,590.75,,,
26/07/2022,597,600.75,607.5,,,
27/07/2022,600.25,603,610,,,
28/07/2022,615,619,625.25,,,
29/07/2022,616.25,620,626.25,,,
1/08/2022,607,609.75,616.75,,,
2/08/2022,591.25,594.25,601.75,,,
3/08/2022,591.5,596.25,604.25,,,
4/08/2022,602.25,606.25,614.25,,,
5/08/2022,610.25,610,618,,,
8/08/2022,608.5,607.25,615.25,,,
9/08/2022,615.5,614,621.5,,,
10/08/2022,621.25,618.5,625.75,,,
11/08/2022,629.25,627.75,634.5,,,
12/08/2022,639.75,642.25,649,,,
15/08/2022,626.75,628.25,635.75,,,
16/08/2022,611,610.25,618,,,
17/08/2022,615,612,619.25,,,
18/08/2022,619.75,615.75,622.75,,,
19/08/2022,626,623.25,630.5,,,
22/08/2022,633.5,629,636.25,,,
23/08/2022,660,655.25,661.5,,,
24/08/2022,665.75,657.25,662.75,,,
25/08/2022,657.5,650,656,,,
26/08/2022,668.75,664.25,669.75,,,
29/08/2022,683.75,683,687.75,,,
30/08/2022,679.75,677.25,683.25,,,
31/08/2022,673.75,670.5,676.5,,,
1/09/2022,658.25,658,663.75,,,
2/09/2022,669,665.75,671.25,,,
6/09/2022,680.75,676,681.75,,,
7/09/2022,676.75,671,675.75,,,
8/09/2022,674.5,668.5,673.25,,,
9/09/2022,698.5,685,689.25,,,
12/09/2022,712.25,696,699.5,,,
13/09/2022,709,692.75,697.25,,,
14/09/2022,709,682.25,687.25,,,
15/09/2022,677.5,682.75,682.75,,,
16/09/2022,677.25,683,683.5,,,
19/09/2022,678.25,683.5,684.25,,,
20/09/2022,692,696.75,697,,,
21/09/2022,685.5,690.25,690.75,,,
22/09/2022,688.25,693.25,694.25,,,
23/09/2022,676.75,681.75,682.25,,,
26/09/2022,666.25,670.75,671.5,,,
27/09/2022,667.5,672.75,673.5,,,
28/09/2022,670.5,676.5,677.25,,,
29/09/2022,669.5,676,677.5,,,
30/09/2022,677.5,684,684.5,,,
3/10/2022,680.75,687.5,688,,,
4/10/2022,683,690,691,,,
5/10/2022,684,691.25,692.25,,,
6/10/2022,675.5,683.25,684.75,,,
7/10/2022,683.25,691,692.5,,,
10/10/2022,698.25,704.75,705.75,,,
11/10/2022,693,700.25,701.5,,,
12/10/2022,693,700,701,,,
13/10/2022,697.75,705,705.75,,,
14/10/2022,689.75,696.25,697.25,,,
17/10/2022,683.5,689.75,691,,,
18/10/2022,681,687,687.75,,,
19/10/2022,678.25,684.5,685,,,
20/10/2022,684,690,690,,,
21/10/2022,684.25,690.5,689.75,,,
24/10/2022,681.5,687.75,687.25,,,
25/10/2022,686.25,692.25,692,,,
26/10/2022,685,690.5,690,,,
27/10/2022,682.25,687.75,687,,,
28/10/2022,680.75,686.75,686.25,,,
31/10/2022,691.5,696.75,695.75,,,
1/11/2022,697.75,702.5,701.75,,,
2/11/2022,687.5,692.75,692.5,,,
3/11/2022,679.25,684.75,684.75,,,
4/11/2022,681,686.75,686.75,,,
7/11/2022,675.75,681.5,682,,,
8/11/2022,667.5,673.75,673.75,,,
9/11/2022,664.5,670.5,670.5,,,
10/11/2022,653.25,659.5,659.5,,,
11/11/2022,658,663,662.75,,,
14/11/2022,657.25,659.25,658.5,,,
15/11/2022,666.75,669.25,667.75,,,
16/11/2022,665.25,667.5,666.25,,,
17/11/2022,667.5,669,667.25,,,
18/11/2022,667.75,670,668,,,
21/11/2022,659.5,663.5,662.5,,,
22/11/2022,656.75,659.25,658.75,,,
23/11/2022,663.25,666.25,665.5,,,
25/11/2022,668,671.25,670,,,
28/11/2022,668.75,671.25,669.75,,,
29/11/2022,665.75,669.5,668,,,
30/11/2022,662,667,665.25,,,
1/12/2022,650,660.5,659.25,,,
2/12/2022,635,646.25,647.25,,,
5/12/2022,628.75,640.5,642.25,,,
6/12/2022,625.5,637.25,639,,,
7/12/2022,627.75,641.25,642.75,,,
8/12/2022,632,642.5,644.25,,,
9/12/2022,634.75,644,645.25,,,
12/12/2022,641.25,654,654,,,
13/12/2022,643.75,653.5,653.5,,,
14/12/2022,639,650.5,651,,,
15/12/2022,653.5,653.75,649,,,
16/12/2022,653,653.5,648.25,,,
19/12/2022,647.25,648,643,,,
20/12/2022,652,652,646.25,,,
21/12/2022,662.25,661.75,655.5,,,
22/12/2022,660.5,660.25,654.25,,,
23/12/2022,666.25,665,658,,,
27/12/2022,674.75,673.25,666.25,,,
28/12/2022,682.75,681.5,674.75,,,
29/12/2022,679.5,679,672.75,,,
30/12/2022,678.5,678,671.75,,,
3/01/2023,670.5,670.25,664.75,,,
4/01/2023,653.75,654,649.25,,,
5/01/2023,652.75,652.5,646.75,,,
6/01/2023,654,654,648.25,,,
9/01/2023,652.75,653,647.25,,,
10/01/2023,655,654.5,648,,,
11/01/2023,656,655.25,648.5,,,
12/01/2023,671,669.5,661.5,,,
13/01/2023,675,673.75,663.75,,,
17/01/2023,685.25,682.75,672.5,,,
18/01/2023,681.25,679.25,668,,,
19/01/2023,677.25,674.75,663.25,,,
20/01/2023,676.25,674.5,663.5,,,
23/01/2023,666.25,665,654.25,,,
24/01/2023,677,675.25,664.75,,,
25/01/2023,674.75,673.25,663.25,,,
26/01/2023,682.5,680,668,,,
27/01/2023,683,680,665.75,,,
30/01/2023,683.75,681.25,667.5,,,
31/01/2023,679.75,677.5,665.25,,,
1/02/2023,681,679.5,668,,,
2/02/2023,675.25,673.75,663,,,
3/02/2023,677.5,675.5,664.75,,,
6/02/2023,679,677.75,668,,,
7/02/2023,674,673,662.5,,,
8/02/2023,678.5,676.25,665.25,,,
9/02/2023,670.75,669,658.75,,,
10/02/2023,680.5,678.25,666.5,,,
13/02/2023,685,682.25,669.25,,,
14/02/2023,682.25,679.75,667.75,,,
15/02/2023,676.25,674,663.25,,,
16/02/2023,676,675,664,,,
17/02/2023,677.75,677.5,666,,,
21/02/2023,680.5,680.5,669.25,,,
22/02/2023,674,674.25,664,,,
23/02/2023,660.25,659.25,650.75,,,
24/02/2023,650,649.25,638.75,,,
27/02/2023,642.75,643.5,633.75,,,
28/02/2023,629.5,630.25,622.25,,,
1/03/2023,640.5,635.75,625.75,,,
2/03/2023,637.75,633.75,624,,,
3/03/2023,645.25,639.75,628,,,
6/03/2023,644.5,637,625.5,,,
7/03/2023,642,634.25,622.5,,,
8/03/2023,634.5,625.5,614,,,
9/03/2023,618.5,611.5,601.75,,,
10/03/2023,624.25,617.25,606.5,,,
13/03/2023,624.5,613.5,603,,,
14/03/2023,627.5,620.75,609.75,,,
15/03/2023,626.5,612.25,566,,,
16/03/2023,632.75,616.25,567.5,,,
17/03/2023,634.25,617.75,568.75,,,
20/03/2023,633,615.5,567.75,,,
21/03/2023,630,611.25,563.5,,,
22/03/2023,633.5,611.75,561.75,,,
23/03/2023,631.75,610.75,560,,,
24/03/2023,643,623,569.25,,,
27/03/2023,648.25,629.75,578.5,,,
28/03/2023,647.25,629.5,580.5,,,
29/03/2023,650.5,630.5,579.25,,,
30/03/2023,649.5,627.25,576.75,,,
31/03/2023,660.5,636,577.25,,,
3/04/2023,657.75,637,578.25,,,
4/04/2023,653.75,628,569.25,,,
5/04/2023,652.75,627.5,569.25,,,
6/04/2023,643.5,619.75,564.25,,,
7/04/2023,643.5,619.75,564.25,,,
10/04/2023,654,630.5,570.25,,,
11/04/2023,651,627.75,567.25,,,
12/04/2023,656,627.75,562.5,,,
13/04/2023,652.25,625.5,561,,,
14/04/2023,666.25,635.75,567.75,,,
17/04/2023,676.5,642.5,574.5,,,
18/04/2023,677.5,644.5,577.25,,,
19/04/2023,672.25,636.5,568.5,,,
20/04/2023,663.75,626,562.5,,,
21/04/2023,663.25,615.25,552.75,,,
24/04/2023,651.25,607.5,550.75,,,
25/04/2023,646.5,607.75,551.75,,,
26/04/2023,641.5,601,546.5,,,
27/04/2023,627,581.5,530.75,,,
28/04/2023,636,585,528.75,,,
1/05/2023,639.5,584.5,523.75,,,
2/05/2023,638,580,520.75,,,
3/05/2023,645.25,588.5,531.75,,,
4/05/2023,646.5,589,529.5,,,
5/05/2023,653.25,596.5,537,,,
8/05/2023,656.5,596.5,532.75,,,
9/05/2023,642.25,584.75,519,,,
10/05/2023,645.5,594,522.75,,,
11/05/2023,632.5,582.25,515,,,
12/05/2023,633.25,586.25,510.75,,,
15/05/2023,592.5,518,515,,,
16/05/2023,581.25,506.5,505.25,,,
17/05/2023,561.5,497,499,,,
18/05/2023,555.25,495.5,500.75,,,
19/05/2023,554.5,494.5,499.75,,,
22/05/2023,571,504.75,509,,,
23/05/2023,577.5,512,516.75,,,
24/05/2023,587.25,515.25,520,,,
25/05/2023,590.75,510.5,516,,,
26/05/2023,604,529,534.5,,,
30/05/2023,594,520,525.25,,,
31/05/2023,594,516.25,521.75,,,
1/06/2023,592.5,524.25,530,,,
2/06/2023,609,535.5,541.25,,,
5/06/2023,597.5,530.25,537,,,
6/06/2023,608,534.5,541,,,
7/06/2023,604.25,525,530.75,,,
8/06/2023,610.25,528.5,533,,,
9/06/2023,604.25,524.5,530.5,,,
12/06/2023,617.25,543.5,549.25,,,
13/06/2023,612.5,546,551.25,,,
14/06/2023,607.75,545,549.25,,,
15/06/2023,623.25,570,574.5,,,
16/06/2023,640.25,594,597.5,,,
20/06/2023,643.75,593,597.5,,,
21/06/2023,671,623.5,628.75,,,
22/06/2023,660.5,617,620.75,,,
23/06/2023,630.75,584.75,588,,,
26/06/2023,637.25,584,588.25,,,
27/06/2023,623,556.25,561,,,
28/06/2023,590,531.25,536.75,,,
29/06/2023,581,523.5,528.5,,,
30/06/2023,554.5,488.5,494.75,,,
3/07/2023,557.25,488,493.5,,,
5/07/2023,548.25,485.25,493.5,,,
6/07/2023,566.75,499,506.5,,,
7/07/2023,560.5,487.25,494.5,,,
10/07/2023,570.75,492.25,499.5,,,
11/07/2023,571.75,494.5,501.5,,,
12/07/2023,549.75,476.25,483.75,,,
13/07/2023,593.5,493.5,500.5,,,
14/07/2023,599.75,506.5,513.75,,,
17/07/2023,499.25,506,517.25,,,
18/07/2023,528.75,534.5,544.5,,,
19/07/2023,545.5,553,563.25,,,
20/07/2023,537.25,546.25,557.5,,,
21/07/2023,527,536.25,547.5,,,
24/07/2023,560.5,568.25,578.25,,,
25/07/2023,557.5,565.25,575.5,,,
26/07/2023,540.25,548.25,559,,,
27/07/2023,533.25,542.25,553.75,,,
28/07/2023,521,530.25,541.75,,,
31/07/2023,504,513,525,,,
1/08/2023,497,507.25,519.75,,,
2/08/2023,488.25,500.5,514,,,
3/08/2023,480.75,493.5,507.25,,,
4/08/2023,484.25,497.25,510.5,,,
7/08/2023,482.25,495.75,509.25,,,
8/08/2023,485.75,498.75,512.25,,,
9/08/2023,481,494.25,508.25,,,
10/08/2023,483.25,496.25,510,,,
11/08/2023,474.5,487.25,501.25,,,
14/08/2023,475.75,487.75,501.5,,,
15/08/2023,464,475.5,489.25,,,
16/08/2023,469.5,481.5,495.5,,,
17/08/2023,473,485.75,499.75,,,
18/08/2023,479.5,493,506.5,,,
21/08/2023,469.25,482.5,496.75,,,
22/08/2023,466.5,479.5,493.5,,,
23/08/2023,476.25,490.5,503.75,,,
24/08/2023,472.25,488.25,503,,,
25/08/2023,470.75,488,502.75,,,
28/08/2023,478.5,496.25,511,,,
29/08/2023,469.5,486.75,501.75,,,
30/08/2023,461.75,480.75,497,,,
31/08/2023,461,478.25,494,,,
1/09/2023,464.75,481.5,496.5,,,
5/09/2023,471,486,501,,,
6/09/2023,471.5,485.75,500,,,
7/09/2023,470.75,486.25,500,,,
8/09/2023,468.5,483.75,498,,,
11/09/2023,471.25,485.75,500.25,,,
12/09/2023,463.25,476.5,491,,,
13/09/2023,464,482.25,496.25,,,
14/09/2023,462.5,480.5,494.5,,,
15/09/2023,476.25,490.5,499,,,
18/09/2023,471.5,485.75,494.5,,,
19/09/2023,476.25,490.5,499,,,
20/09/2023,482.25,496.75,505.5,,,
21/09/2023,475.25,490,498.5,,,
22/09/2023,477.25,492.25,501,,,
25/09/2023,481.25,495.75,504.25,,,
26/09/2023,479.75,494.5,502.75,,,
27/09/2023,483.25,498.25,506.75,,,
28/09/2023,488.5,503.25,511.75,,,
29/09/2023,476.75,491.75,500.5,,,
2/10/2023,488.75,503.75,512.25,,,
3/10/2023,487.5,502.25,510.5,,,
4/10/2023,486,501,509.5,,,
5/10/2023,497.5,512.25,520.5,,,
6/10/2023,492,507.25,515.25,,,
9/10/2023,488.25,503.75,512,,,
10/10/2023,485.5,501.25,509.25,,,
11/10/2023,488,503.75,511.75,,,
12/10/2023,496,511.5,519.5,,,
13/10/2023,493.25,508.5,516.5,,,
16/10/2023,490,505,512.75,,,
17/10/2023,489,503.75,511.25,,,
18/10/2023,492,506.5,514.5,,,
19/10/2023,505,517,524,,,
20/10/2023,495.5,509,516.5,,,
23/10/2023,490.25,504,512,,,
24/10/2023,484,498,506,,,
25/10/2023,480,494.5,503,,,
26/10/2023,479.25,493.25,501.25,,,
27/10/2023,480.75,495.25,503.5,,,
30/10/2023,478.25,492.75,501,,,
31/10/2023,478.75,493,501.75,,,
1/11/2023,475,489.75,498.5,,,
2/11/2023,470,485,494.25,,,
3/11/2023,477.25,492.25,501.5,,,
6/11/2023,477.25,492.5,502,,,
7/11/2023,468.5,483.5,493.25,,,
8/11/2023,476,490,499.25,,,
9/11/2023,468,482.75,491.5,,,
10/11/2023,464,479,488.5,,,
13/11/2023,477.25,492.75,502,,,
14/11/2023,478.25,494.25,503.75,,,
15/11/2023,470.75,488.5,498.5,,,
16/11/2023,474.75,493.25,503.5,,,
17/11/2023,467,485.25,496,,,
20/11/2023,469.5,487.5,497.75,,,
21/11/2023,470,489,500,,,
22/11/2023,468.75,487.75,499,,,
24/11/2023,463.25,482.5,494.5,,,
27/11/2023,455.5,475.25,486.75,,,
28/11/2023,451.5,473.5,486,,,
29/11/2023,449.75,475.75,488.5,,,
30/11/2023,461.75,482.75,495,,,
1/12/2023,464.5,484.75,496.75,,,
4/12/2023,460.25,485.5,497,,,
5/12/2023,468.5,490.5,502,,,
6/12/2023,464.75,484.25,495.75,,,
7/12/2023,468.25,488,499.5,,,
8/12/2023,465.75,485.5,497.5,,,
11/12/2023,460.5,481.5,494,,,
12/12/2023,462.5,485.25,497.25,,,
13/12/2023,456.75,479.5,492.5,,,
14/12/2023,456.75,479.25,492,,,
15/12/2023,483,495.25,504.75,,,
18/12/2023,477,489.5,499.5,,,
19/12/2023,472.75,485.25,494.75,,,
20/12/2023,469.75,482.5,492.5,,,
21/12/2023,472.5,485.25,495,,,
22/12/2023,473,485.75,495.5,,,
26/12/2023,480.25,492.25,501.5,,,
27/12/2023,476.5,488.5,498,,,
28/12/2023,474.25,486.5,496,,,
29/12/2023,471.25,484,494,,,
2/01/2024,463.75,477,487.75,,,
3/01/2024,465.25,478,488.25,,,
4/01/2024,466.5,479,488.75,,,
5/01/2024,460.75,473.25,483.75,,,
8/01/2024,455,467.5,478,,,
9/01/2024,459.25,471.5,482,,,
10/01/2024,459.5,471.5,481.25,,,
11/01/2024,457.75,469.75,479,,,
12/01/2024,447,459,468.25,,,
16/01/2024,443.5,455.25,464,,,
17/01/2024,442.25,453.75,462.5,,,
18/01/2024,444,455,463.5,,,
19/01/2024,445.5,456,464.25,,,
22/01/2024,445.75,456.25,464.75,,,
23/01/2024,446.5,456.75,466,,,
24/01/2024,452.25,462.5,470.75,,,
25/01/2024,451.75,461.25,469.25,,,
26/01/2024,446.25,455.75,463.5,,,
29/01/2024,440.25,450.5,459.25,,,
30/01/2024,447.75,458.75,467.25,,,
31/01/2024,448.25,458.5,466.5,,,
1/02/2024,447.25,458.25,466,,,
2/02/2024,442.75,453.5,462.5,,,
5/02/2024,442.75,453.25,462,,,
6/02/2024,438.75,450.5,460.5,,,
7/02/2024,434.25,446.5,455.5,,,
8/02/2024,433.25,445,454,,,
9/02/2024,429,441.5,450.75,,,
12/02/2024,430.5,442.5,452.25,,,
13/02/2024,430.75,443.25,452.5,,,
14/02/2024,424.25,437.25,447.25,,,
15/02/2024,417.75,429.75,439.75,,,
16/02/2024,416.5,429.5,440.25,,,
20/02/2024,418.75,432.5,443.25,,,
21/02/2024,411,424.25,435.75,,,
22/02/2024,406,418.5,430.75,,,
23/02/2024,399.75,413.5,426.25,,,
26/02/2024,407,421.5,433.75,,,
27/02/2024,408.25,423.5,436,,,
28/02/2024,413.25,428.5,440.25,,,
29/02/2024,415.75,429.5,441.25,,,
1/03/2024,412.25,424.75,436.25,,,
4/03/2024,417.5,430,441.25,,,
5/03/2024,413.5,426.25,437.5,,,
6/03/2024,418,428.75,440,,,
7/03/2024,426,438,449.5,,,
8/03/2024,426.25,439.75,451.75,,,
11/03/2024,428.25,441.75,453.75,,,
12/03/2024,429,441.75,453.75,,,
13/03/2024,426.5,441.25,453.5,,,
14/03/2024,422.5,433.75,446.25,,,
15/03/2024,436.75,449,458,,,
18/03/2024,436,448.75,458,,,
19/03/2024,439.5,452.25,461,,,
20/03/2024,439,452.25,461.5,,,
21/03/2024,440.75,454,463.25,,,
22/03/2024,439.25,452,461.75,,,
25/03/2024,437.75,451.25,461,,,
26/03/2024,432.5,445,454.25,,,
27/03/2024,426.75,439.25,448.5,,,
28/03/2024,442,454.5,464.5,,,
1/04/2024,435.5,449.25,460.75,,,
2/04/2024,426.5,441,452.75,,,
3/04/2024,431.75,445,456.5,,,
4/04/2024,435.25,447.5,458.25,,,
5/04/2024,434.25,446.75,457,,,
8/04/2024,435.5,447.5,457.25,,,
9/04/2024,431.25,442.5,452.25,,,
10/04/2024,434.25,445.75,454.75,,,
11/04/2024,428.75,441,450.5,,,
12/04/2024,435.5,447.25,456.75,,,
15/04/2024,431.5,444.25,453.75,,,
16/04/2024,431,442.75,451.75,,,
17/04/2024,430.25,441,449.75,,,
18/04/2024,426.75,436.25,445,,,
19/04/2024,433.5,443,451.25,,,
22/04/2024,439.75,449.75,458,,,
23/04/2024,443,452.5,461,,,
24/04/2024,437.75,448.5,458.25,,,
25/04/2024,441,452,461.75,,,
26/04/2024,440,450,459,,,
29/04/2024,439.25,449.25,458.5,,,
30/04/2024,439.5,446.75,455.75,,,
1/05/2024,443.25,450.75,459,,,
2/05/2024,452,459.75,467,,,
3/05/2024,447,460.25,469.25,,,
6/05/2024,457,469,476.75,,,
7/05/2024,453.75,467,476.5,,,
8/05/2024,445.5,458.5,468.5,,,
9/05/2024,442.75,456.5,467,,,
10/05/2024,455.75,469.75,480,,,
13/05/2024,458.5,472.5,481.75,,,
14/05/2024,453.75,467.5,478,,,
15/05/2024,462.5,473.25,487,,,
16/05/2024,457,467.75,481.75,,,
17/05/2024,452.5,462.5,476.5,,,
20/05/2024,460.5,471,484.25,,,
21/05/2024,458,468.5,482.25,,,
22/05/2024,461.25,470.25,484,,,
23/05/2024,464,473.25,486.5,,,
24/05/2024,464.75,474.5,488.25,,,
28/05/2024,462.5,471.5,485.25,,,
29/05/2024,455.25,465,478.75,,,
30/05/2024,448.75,457.75,471,,,
31/05/2024,446.25,454,467,,,
3/06/2024,443.5,449.25,462.75,,,
4/06/2024,442.5,448.25,462,,,
5/06/2024,439.25,445.75,459,,,
6/06/2024,452,457.75,469.5,,,
7/06/2024,448.75,454.75,467.25,,,
10/06/2024,451.75,456.25,468.25,,,
11/06/2024,449.5,453.75,465.25,,,
12/06/2024,454.25,456.75,468.75,,,
13/06/2024,458.5,463.5,476,,,
14/06/2024,450,457,470.25,,,
17/06/2024,443.75,450,463,,,
18/06/2024,450,455.75,467.75,,,
20/06/2024,439.75,444.75,456.75,,,
21/06/2024,435,440.5,453.25,,,
24/06/2024,433.5,439.5,451.75,,,
25/06/2024,425.5,431.75,443,,,
26/06/2024,420,425.5,436.5,,,
27/06/2024,413.75,422.5,433.75,,,
28/06/2024,397.25,407.5,420.75,,,
1/07/2024,398.25,407,420.5,,,
2/07/2024,402,408,421.25,,,
3/07/2024,403.5,405.5,419.5,,,
5/07/2024,411.25,410.5,424,,,
8/07/2024,395.75,393.25,407.75,,,
9/07/2024,400.25,394,408.5,,,
10/07/2024,403.25,395.75,407.25,,,
11/07/2024,406.75,400.25,410.75,,,
12/07/2024,400,402,414.75,,,
15/07/2024,390.5,404.25,417.75,,,
16/07/2024,395.75,408.75,422,,,
17/07/2024,398,411.75,425,,,
18/07/2024,391.25,405,418.75,,,
19/07/2024,390.5,404.75,418.5,,,
22/07/2024,400.25,415,429.25,,,
23/07/2024,402.5,417.25,431.25,,,
24/07/2024,403.75,418,432.25,,,
25/07/2024,406,420.75,435.25,,,
26/07/2024,394.5,410,424.5,,,
29/07/2024,396.25,412.25,427,,,
30/07/2024,388.75,405,420.25,,,
31/07/2024,382.75,399.75,415.75,,,
1/08/2024,382,398.5,415.25,,,
2/08/2024,386.5,403.25,420.75,,,
5/08/2024,390.75,407,424.25,,,
6/08/2024,388.75,405.25,422.25,,,
7/08/2024,383.25,400.75,418,,,
8/08/2024,379.25,397,414.5,,,
9/08/2024,376.75,395,412.5,,,
12/08/2024,383.25,401.5,419,,,
13/08/2024,377.75,397.25,414.75,,,
14/08/2024,381,400.75,418.25,,,
15/08/2024,375,397,415.75,,,
16/08/2024,370.5,392.5,411,,,
19/08/2024,378,400.25,419.25,,,
20/08/2024,375,398,417.75,,,
21/08/2024,375.5,398.25,417,,,
22/08/2024,371.5,393.5,411.5,,,
23/08/2024,367.75,391,409.5,,,
26/08/2024,362,386.5,405.25,,,
27/08/2024,367.25,392.75,411.5,,,
28/08/2024,365.25,390.75,409.75,,,
29/08/2024,371.75,396,414,,,
30/08/2024,378,401,419,,,
3/09/2024,386.5,409.25,427.25,,,
4/09/2024,390.5,412.75,431,,,
5/09/2024,390,410.75,429.25,,,
6/09/2024,383.75,406.25,424.5,,,
9/09/2024,384.25,407.25,426,,,
10/09/2024,379.5,404.25,423.25,,,
11/09/2024,380.5,404.75,423.5,,,
12/09/2024,386.25,406,424.5,,,
13/09/2024,390.75,413.25,431,,,
16/09/2024,410.75,429.25,440.25,,,
17/09/2024,412.5,430.75,441.25,,,
18/09/2024,412.75,430.75,441.5,,,
19/09/2024,405.75,424.25,435.25,,,
20/09/2024,401.75,420,431,,,
23/09/2024,413.5,431.75,442.5,,,
24/09/2024,411.75,430.75,441.25,,,
25/09/2024,415.25,433.25,443.5,,,
26/09/2024,413.25,431,441,,,
27/09/2024,418,435,444.75,,,
30/09/2024,424.75,441.25,450.75,,,
1/10/2024,429,446.5,455.75,,,
2/10/2024,432.5,450,458.75,,,
3/10/2024,428.25,446,455,,,
4/10/2024,424.75,441.75,450.5,,,
7/10/2024,426,442.75,451.5,,,
8/10/2024,420.75,438.25,447.5,,,
9/10/2024,421,438,447.25,,,
10/10/2024,418.5,436.25,445,,,
11/10/2024,415.75,433,441.75,,,
14/10/2024,408.25,424.75,433,,,
15/10/2024,401.25,417.5,426,,,
16/10/2024,404.75,420.5,428.75,,,
17/10/2024,406.75,421.25,428.75,,,
18/10/2024,404.75,419,426.5,,,
21/10/2024,409.5,423.25,430.5,,,
22/10/2024,416.5,429.25,436.75,,,
23/10/2024,419,432,439.75,,,
24/10/2024,421.5,435,441.75,,,
25/10/2024,415.25,429.5,437.25,,,
28/10/2024,410.75,424.75,433.25,,,
29/10/2024,413.75,427,435,,,
30/10/2024,411.5,425.5,433.75,,,
31/10/2024,410.75,426,434.5,,,
1/11/2024,414.5,429.25,437.25,,,
4/11/2024,416.5,430,437.25,,,
5/11/2024,418.5,432,439,,,
6/11/2024,426.25,439,445.75,,,
7/11/2024,427.5,440.5,447.75,,,
8/11/2024,431,444.25,451.5,,,
11/11/2024,430,442.75,449.75,,,
12/11/2024,428.5,440.25,447.25,,,
13/11/2024,426.5,437.5,444.25,,,
14/11/2024,419,430.75,438.25,,,
15/11/2024,424,435.25,442.75,,,
18/11/2024,429.25,439.75,446.75,,,
19/11/2024,427.25,437.75,445.25,,,
20/11/2024,430.25,440,447,,,
21/11/2024,426.75,436.25,443.25,,,
22/11/2024,425.5,435.25,442.5,,,
25/11/2024,424.75,433,439.75,,,
26/11/2024,420,428,435.25,,,
27/11/2024,415.75,428,435.25,,,
29/11/2024,423,433,439.75,,,
2/12/2024,424.5,432.5,439,,,
3/12/2024,423.25,432.25,438,,,
4/12/2024,422,430,435.5,,,
5/12/2024,426.5,435,440.5,,,
6/12/2024,430.75,440,445.25,,,
9/12/2024,434,441.75,447.75,,,
10/12/2024,440.5,449,455.25,,,
11/12/2024,438,448.25,455.5,,,
12/12/2024,431.75,443.5,451,,,
13/12/2024,430,442,449.25,,,
16/12/2024,445,451.75,455,,,
17/12/2024,443.5,450,453.25,,,
18/12/2024,437.25,443.75,447.25,,,
19/12/2024,440.75,446.25,449.25,,,
20/12/2024,446.25,451.75,454.5,,,
23/12/2024,447.75,453.5,455.75,,,
24/12/2024,448.5,455,457.25,,,
26/12/2024,453.75,460.5,463.75,,,
27/12/2024,454,461.5,464.5,,,
30/12/2024,452.25,460,463.25,,,
31/12/2024,458.5,465.75,468.75,,,
2/01/2025,459.5,467.25,470.25,,,
3/01/2025,450.75,458.25,461.25,,,
6/01/2025,457.75,465.25,468,,,
7/01/2025,458,465.75,468.25,,,
8/01/2025,454,462.5,465.75,,,
9/01/2025,456,464.5,468,,,
10/01/2025,470.5,479.5,482,,,
13/01/2025,476.5,486.75,490,,,
14/01/2025,474.5,484.75,489,,,
15/01/2025,478.75,488,492,,,
16/01/2025,474.5,483,486,,,
17/01/2025,484.25,493,494.25,,,
21/01/2025,490,499.75,501,,,
22/01/2025,484.25,494,495.75,,,
23/01/2025,489.75,499.25,500.75,,,
24/01/2025,486.5,496.5,497.5,,,
27/01/2025,482,492.25,493.75,,,
28/01/2025,485.25,496,498.25,,,
29/01/2025,497,507.5,509,,,
30/01/2025,490.25,501.5,504.25,,,
31/01/2025,482,493,496.75,,,
3/02/2025,488.75,499.75,503.5,,,
4/02/2025,494.5,504.75,506.75,,,
5/02/2025,493.25,504.75,507.5,,,
6/02/2025,495.25,507.5,510.75,,,
7/02/2025,487.5,500.5,504.5,,,
10/02/2025,491.5,504.5,507.5,,,
11/02/2025,484,498,501.25,,,
12/02/2025,490.25,504,507.25,,,
13/02/2025,493.5,506,509,,,
14/02/2025,496.25,508.75,511.25,,,
18/02/2025,502,515.75,518.5,,,
19/02/2025,497.5,512.25,515.25,,,
20/02/2025,498,512.75,516.75,,,
21/02/2025,491.25,505,509.5,,,
24/02/2025,482.5,497,502,,,
25/02/2025,479.75,494.25,499.25,,,
26/02/2025,478.25,493.5,498.5,,,
27/02/2025,464.75,481,486.75,,,
28/02/2025,453.5,469.5,475.75,,,
3/03/2025,440.25,456.25,463.75,,,
4/03/2025,436,451.5,459.25,,,
5/03/2025,440.25,455.75,463.25,,,
6/03/2025,449.5,464,470.75,,,
7/03/2025,455.25,469.25,475.75,,,
10/03/2025,458.75,472,478.5,,,
11/03/2025,456.5,470.25,477,,,
12/03/2025,448.75,460.75,467.5,,,
13/03/2025,453.5,465.25,472.25,,,
14/03/2025,445.5,458.5,467.5,,,
17/03/2025,461,470,447.75,,,
18/03/2025,458.75,468,447.25,,,
19/03/2025,462,469.25,445.25,,,
20/03/2025,469,475.5,447.5,,,
21/03/2025,464.25,471.5,444.75,,,
24/03/2025,464.5,472,445,,,
25/03/2025,457.75,465.25,442,,,
26/03/2025,451.25,459,437,,,
27/03/2025,450,458,436.25,,,
28/03/2025,453.25,460,435.25,,,
31/03/2025,457.25,463.25,434.75,,,
1/04/2025,461.75,468.25,442,,,
2/04/2025,457.75,465.25,440.75,,,
3/04/2025,457.5,465.5,439,,,
4/04/2025,460.25,467.25,439.25,,,
7/04/2025,464.5,470.75,439,,,
8/04/2025,469,474.75,438.75,,,
9/04/2025,474,480.5,442.5,,,
10/04/2025,483,488.75,446.5,,,
11/04/2025,490.25,497,456.25,,,
14/04/2025,485,492.75,455.25,,,
15/04/2025,481.25,489.5,456.25,,,
16/04/2025,484.25,491.75,459,,,
17/04/2025,482.25,490.25,458.5,,,
21/04/2025,481.75,490,456.75,,,
22/04/2025,475.75,483.25,450,,,
23/04/2025,472,479.25,445.5,,,
24/04/2025,477.25,484,446.5,,,
25/04/2025,478.75,485.5,445.75,,,
28/04/2025,475.5,483.25,441.5,,,
29/04/2025,460.5,470.25,434.75,,,
30/04/2025,467.25,475.5,437,,,
1/05/2025,464.25,472.25,437.25,,,
2/05/2025,461.25,469,440,,,
5/05/2025,446.5,454.25,432.75,,,
6/05/2025,447.5,455.5,430.25,,,
7/05/2025,441,449.25,429.5,,,
8/05/2025,439,447.5,426.5,,,
9/05/2025,441.5,449.75,429.25,,,
12/05/2025,440.25,448,432.75,,,
13/05/2025,436,442.5,427.75,,,
14/05/2025,438.5,445.5,427.25,,,
15/05/2025,448.5,425,438.75,,,
16/05/2025,443.5,421.5,435.5,,,
19/05/2025,447.5,428.25,441.75,,,
20/05/2025,454.5,435.25,448.5,,,
21/05/2025,461,442.75,455.5,,,
22/05/2025,463,441,453.25,,,
23/05/2025,459.5,437.75,450.75,,,
27/05/2025,459.5,433.75,446.5,,,
28/05/2025,451,429.75,443.5,,,
29/05/2025,447,427.25,441.25,,,
30/05/2025,444,423.25,438.5,,,
2/06/2025,438.25,420.75,435.75,,,
3/06/2025,438.5,423.5,438.5,,,
4/06/2025,438.75,428,443.75,,,
5/06/2025,439.5,431.5,448.25,,,
6/06/2025,442.5,433.25,449.25,,,
9/06/2025,433.5,422.25,438,,,
10/06/2025,438.75,425.5,440,,,
11/06/2025,437,425.25,439.75,,,
12/06/2025,438.5,426.25,440.5,,,
13/06/2025,444.5,428.5,443,,,
16/06/2025,434.75,419.75,435,,,
17/06/2025,431.5,423.75,438.75,,,
18/06/2025,433.5,429,444,,,
20/06/2025,428.75,425.5,441.25,,,
23/06/2025,419.25,417.5,433.75,,,
24/06/2025,416.25,412.25,429,,,
25/06/2025,410.25,405,422.5,,,
26/06/2025,409.5,404,421,,,
27/06/2025,417.5,411.5,427,,,
30/06/2025,420.5,409.25,425.5,,,
1/07/2025,420,406,422,,,
2/07/2025,429.25,418,433.5,,,
3/07/2025,431.5,420.25,437,,,
7/07/2025,418,403.5,420.75,,,
8/07/2025,411,398,414.25,,,
9/07/2025,412.5,399.25,415.5,,,
10/07/2025,407.25,399.25,416.5,,,
11/07/2025,403,396,412.25,,,
14/07/2025,412.75,400,418,,,
15/07/2025,401.25,419.75,436.75,,,
16/07/2025,405.25,424,441,,,
17/07/2025,402,421,438.25,,,
18/07/2025,408.5,427.75,444.75,,,
21/07/2025,403.75,422.25,439.75,,,
22/07/2025,399.25,418,435.75,,,
23/07/2025,398.5,417.5,434.75,,,
24/07/2025,401.75,420.75,438.25,,,
25/07/2025,399.5,419,436.5,,,
28/07/2025,393.75,414,431.25,,,
29/07/2025,389.25,411,428.75,,,
30/07/2025,391.75,412.25,429.5,,,
31/07/2025,394,413.75,430.5,,,
1/08/2025,389.5,410.75,428.25,,,
4/08/2025,387,407,424.75,,,
5/08/2025,381.5,402,420,,,
6/08/2025,379.75,401.25,419.25,,,
7/08/2025,384.5,407,424.5,,,
8/08/2025,382.75,405.5,423,,,
11/08/2025,385,407.75,425.25,,,
12/08/2025,371.5,394.5,412.25,,,
13/08/2025,374,397.25,415,,,
14/08/2025,375,397.25,414,,,
15/08/2025,383.75,405.25,422.5,,,
18/08/2025,383,406.5,424.25,,,
19/08/2025,379.5,403.25,420.75,,,
20/08/2025,380,404,422,,,
21/08/2025,387.25,411.75,429.75,,,
22/08/2025,388.25,411.5,428.75,,,
25/08/2025,389.25,412.25,429.75,,,
26/08/2025,387.5,409.5,426.5,,,
27/08/2025,382.5,406,423.25,,,
28/08/2025,385.5,410,427.5,,,
29/08/2025,398,420.25,437.75,,,
2/09/2025,403,423,440.75,,,
3/09/2025,397.75,418,436,,,
4/09/2025,399.75,419.75,437.5,,,
5/09/2025,399,418,436.5,,,
8/09/2025,403,421.75,439.5,,,
9/09/2025,401.25,419.75,437.5,,,
10/09/2025,397.25,417,434.5,,,
11/09/2025,399,419.75,437.25,,,
12/09/2025,399,430,447.25,,,
15/09/2025,423.25,441,451.25,,,
16/09/2025,429.5,447,456.75,,,
17/09/2025,426.75,444.5,454.25,,,
18/09/2025,423.75,441.5,451.5,,,
19/09/2025,424,441.25,451,,,
22/09/2025,421.75,438.75,448.5,,,
23/09/2025,426.25,443,452.25,,,
24/09/2025,424.25,441,450.25,,,
25/09/2025,425.75,442.25,451.25,,,
26/09/2025,422,438.75,448,,,
29/09/2025,421.5,438.5,447.75,,,
30/09/2025,415.5,432,441.75,,,
1/10/2025,416.5,432.75,442.75,,,
2/10/2025,421.75,438,447.75,,,
3/10/2025,419,435.75,445.25,,,
6/10/2025,421.75,438.25,447.25,,,
7/10/2025,419.75,436.25,445.25,,,
8/10/2025,422,437.75,446.25,,,
9/10/2025,418.25,434,442.75,,,
10/10/2025,413,429,438,,,
13/10/2025,410.75,427.25,436.5,,,
14/10/2025,413,429.25,438,,,
15/10/2025,416.75,432.25,441,,,
16/10/2025,421.75,435.5,443.75,,,
17/10/2025,422.5,436.5,445,,,
20/10/2025,423.25,437,445.25,,,
21/10/2025,419.75,433.75,441.75,,,
22/10/2025,423,435.75,443.5,,,
23/10/2025,428,441.25,449.25,,,
24/10/2025,423.25,437,445.75,,,
27/10/2025,428.75,444.25,453.75,,,
28/10/2025,432,446,455,,,
29/10/2025,434,446.75,455,,,
30/10/2025,430.25,443.75,452.25,,,
31/10/2025,431.5,444,452.25,,,
3/11/2025,434.25,446.75,455.75,,,
4/11/2025,431.5,444.75,453.5,,,
5/11/2025,435.25,449.5,458.25,,,
6/11/2025,428.75,443,451.5,,,
7/11/2025,427.25,442,450.5,,,
10/11/2025,429.75,444.5,453.5,,,
11/11/2025,432,447,456,,,
12/11/2025,435.25,449.25,457.25,,,
13/11/2025,441.5,455.5,463,,,
14/11/2025,430.25,444,452.25,,,
17/11/2025,434.75,448,455.5,,,
18/11/2025,436.75,449.5,456.5,,,
19/11/2025,429.75,441.5,449,,,
20/11/2025,426.5,437.75,445.25,,,
21/11/2025,425.5,437.5,444.75,,,
24/11/2025,423.75,436.75,444.25,,,
25/11/2025,423.5,438.25,446.75,,,
26/11/2025,431.75,445.25,453,,,
28/11/2025,435.5,447.75,455.75,,,
1/12/2025,432.75,445,453.25,,,
2/12/2025,438,450,457.5,,,
3/12/2025,431.5,443.5,450.75,,,
4/12/2025,437.75,447.25,454.5,,,
5/12/2025,436.75,444.75,452.25,,,
8/12/2025,436.25,443.75,451.25,,,
9/12/2025,440.75,448,455.5,,,
10/12/2025,434.75,444.25,451.75,,,
11/12/2025,435.25,446.5,454.25,,,
12/12/2025,431.5,440.75,449,,,
15/12/2025,439.75,447.75,453.75,,,
16/12/2025,436.5,444.5,451,,,
17/12/2025,440.5,447.75,453.5,,,
18/12/2025,444.5,452.25,458,,,
19/12/2025,443.75,451.5,457.5,,,
22/12/2025,447,454.5,460,,,
23/12/2025,447.5,455.5,461,,,
24/12/2025,451,459,464.5,,,
26/12/2025,450,458.25,464.25,,,
29/12/2025,442.25,450.75,457,,,
30/12/2025,440.5,448.5,454.5,,,
31/12/2025,440.25,448.25,454.5,,,
2/01/2026,437.5,445.5,452,,,
5/01/2026,444.5,452,458.25,,,
6/01/2026,444,451.25,457,,,
7/01/2026,446.75,454,459.75,,,
8/01/2026,446,454,460.5,,,
9/01/2026,445.75,453.75,460.25,,,
12/01/2026,421.5,430.5,438,,,
13/01/2026,419.75,427.75,434.5,,,
14/01/2026,422,429.75,436,,,
15/01/2026,420.25,427.75,434,,,
16/01/2026,424.75,432,438,,,
20/01/2026,423.75,431.25,437.75,,,
21/01/2026,421.75,429.75,436.25,,,
22/01/2026,424,432.25,438.5,,,
23/01/2026,430.5,438,443.75,,,
26/01/2026,428.25,436,442,,,
27/01/2026,426.5,434.75,440.75,,,
28/01/2026,430,438,444,,,
29/01/2026,430.75,439,445.75,,,
30/01/2026,428.25,435.75,442,,,
2/02/2026,425.75,433.5,439.75,,,
3/02/2026,428.5,435.75,442,,,
4/02/2026,429.5,437,443.25,,,
5/02/2026,435,443,449.25,,,
6/02/2026,430.25,438.75,445.25,,,
9/02/2026,428.75,437,443.75,,,
10/02/2026,428.75,437.25,444.75,,,
11/02/2026,427.5,436.5,444.25,,,
12/02/2026,431.25,441.75,449.75,,,
13/02/2026,431.75,442,450,,,
17/02/2026,426.25,435.75,444.25,,,
18/02/2026,427,436.75,444.75,,,
19/02/2026,425.75,436.25,444.5,,,
20/02/2026,427.5,439.75,448.25,,,
23/02/2026,427.5,440.25,448.75,,,
24/02/2026,427.75,438.5,447.5,,,
25/02/2026,430.5,442,450.25,,,
26/02/2026,433.25,443.5,451.25,,,
27/02/2026,438.75,448.5,456,,,
2/03/2026,433.25,445.75,454.25,,,
3/03/2026,434.25,446.5,455.5,,,
4/03/2026,431.75,443.75,453.5,,,
5/03/2026,441.5,453.5,462.75,,,
6/03/2026,447,460.5,471,,,
9/03/2026,437.5,453.75,465.5,,,
10/03/2026,436.25,452.25,463.25,,,
11/03/2026,444.25,460.25,472,,,
12/03/2026,448.25,462.5,474,,,
13/03/2026,452.5,467.25,478.25,,,
16/03/2026,454,465.75,467.25,,,
17/03/2026,454,465.5,468.25,,,
18/03/2026,463.25,474.5,477,,,
19/03/2026,469.75,480,482,,,
20/03/2026,465.5,476,478,,,
23/03/2026,459.5,470.5,472.5,,,
24/03/2026,462.5,472.5,475,,,
25/03/2026,467.25,477.75,479.75,,,
26/03/2026,467,478,480.5,,,
27/03/2026,462,473.5,476.5,,,
30/03/2026,455.75,467.5,470.25,,,
31/03/2026,457.75,468.25,470.25,,,
1/04/2026,454.25,465,467.25,,,
2/04/2026,452.25,463.25,467,,,
6/04/2026,454,465.25,469,,,
7/04/2026,449,460,464,,,
8/04/2026,447.25,458,461.75,,,
9/04/2026,444,455,459.25,,,
10/04/2026,441,451.25,456.25,,,
13/04/2026,440.25,451,455.5,,,
14/04/2026,443,452.5,455,,,
15/04/2026,451.25,460.5,463.25,,,
16/04/2026,448.5,457.75,461,,,
17/04/2026,448.75,457.5,461.25,,,
20/04/2026,452,460.25,463.75,,,
21/04/2026,453.75,462,465.75,,,
22/04/2026,454.25,462.75,467,,,
23/04/2026,455.5,463.75,468.5,,,
24/04/2026,455,463.5,468.5,,,
27/04/2026,460.75,469.25,474,,,
28/04/2026,465.25,475.5,480.5,,,
29/04/2026,466.5,477.75,483,,,
30/04/2026,464.75,474.75,479.75,,,
1/05/2026,468.25,480.25,484.5,,,
4/05/2026,473.75,485.75,490.5,,,
5/05/2026,465.5,480,485.5,,,
6/05/2026,452.75,468.5,475,,,
7/05/2026,452.75,467.5,474.25,,,
8/05/2026,456.25,471.25,477.75,,,
11/05/2026,460.75,475.25,481.75,,,
12/05/2026,467.25,480,486.25,,,
13/05/2026,466.5,480.75,487.25,,,
14/05/2026,451.5,467.5,474.25,,,
15/05/2026,455.75,463,481,,,
18/05/2026,477,482.25,498,,,
19/05/2026,475.25,481.5,497.75,,,
20/05/2026,465.75,472.5,489.25,,,
21/05/2026,462.25,468.5,485,,,
22/05/2026,463.25,469.75,486.5,,,
26/05/2026,457.5,464.25,482,,,
27/05/2026,452.5,459.75,477.5,,,
28/05/2026,455.75,464.25,482.25,,,
29/05/2026,446.75,455.75,475,,,
1/06/2026,444,452.75,472.5,,,
2/06/2026,440.5,448,466.5,,,
3/06/2026,431.5,440.25,459.75,,,
4/06/2026,424.5,432.75,451.75,,,
5/06/2026,417.5,427,446,,,
8/06/2026,418.75,427.5,446,,,
9/06/2026,419.5,427.5,445.25,,,
10/06/2026,419,427.75,446.75,,,
11/06/2026,411.75,420,439.5,,,
12/06/2026,412.75,420.75,440.25,,,
15/06/2026,415.5,422.75,441.75,,,
16/06/2026,413.75,422.5,442.5,,,
17/06/2026,421,429.5,448.75,,,
18/06/2026,417.5,425.25,444,,,
22/06/2026,411.5,419.75,439.5,,,
23/06/2026,409.75,417.75,437.25,,,
24/06/2026,407,415.75,434.75,,,
25/06/2026,414.75,424.25,443,,,
26/06/2026,412.75,421.75,441.5,,,
29/06/2026,402,410.25,430,,,
30/06/2026,412.75,416.75,436,,,
1/07/2026,421,422.75,442.25,,,
2/07/2026,425,423,441.5,,,
6/07/2026,440.75,438.25,457.75,,,
7/07/2026,442.5,443.75,464.25,,,
8/07/2026,434.75,435,456.25,,,
9/07/2026,427.75,431.5,452,,,
10/07/2026,438,439.5,461,,,
13/07/2026,437.75,441,463.25,,,
14/07/2026,433.75,438.5,460.5,,,
15/07/2026,447.5,469.5,484.25,,,
16/07/2026,441.5,464,479.5,,,
17/07/2026,444.75,467.5,483,,,
20/07/2026,449.5,473,488.5,,,
21/07/2026,452.75,475.25,491,,,
22/07/2026,462,484.75,500.25,,,
23/07/2026,464,487.5,503,,,
24/07/2026,464.25,487.5,503,,,
27/07/2026,451.75,474,489.5,,,
28/07/2026,458.5,480.5,495.75,,,
29/07/2026,449,471.75,487.25,,,
30/07/2026,445.75,468.5,484.5,,,
31/07/2026,440.75,464,479.75,,,
3/08/2026,449.25,472.5,488.25,,,
4/08/2026,442.25,465.5,481.5,,,
5/08/2026,436.75,460,475.75,,,
6/08/2026,439,462,477.5,,,
7/08/2026,439,462,477.75,,,
10/08/2026,438.25,461.75,477.25,,,
11/08/2026,436.75,460.5,476,,,
12/08/2026,457,480.75,496.5,,,
13/08/2026,448,472,487.75,,,
14/08/2026,459,483.25,499,,,
17/08/2026,465,489.5,505.25,,,
18/08/2026,463.25,488,504,,,
19/08/2026,473,498,513.75,,,
20/08/2026,478.75,503.5,518.25,,,
21/08/2026,483.75,508.5,523.5,,,
24/08/2026,491.5,515.5,530.25,,,
25/08/2026,500.5,523.5,538.5,,,
26/08/2026,514,536.5,550.75,,,
27/08/2026,510.25,533.5,547.25,,,
28/08/2026,512,536.5,551.25,,,
31/08/2026,515,537.75,552.25,,,
1/09/2026,521.5,546,560.25,,,
2/09/2026,518.75,543.5,558.25,,,
3/09/2026,515.25,540.75,556,,,
4/09/2026,512,536.75,552.25,,,
8/09/2026,511,533.5,549,,,
,,,,,,
