Date,CL1,Cl2,CL3,,,,,,,
3/01/2005,42.12,42.34,42.37,,,,,,,
4/01/2005,43.91,44.08,44.05,,,,,,,
5/01/2005,43.39,43.61,43.55,,,,,,,
6/01/2005,45.56,45.78,45.63,,,,,,,
7/01/2005,45.43,45.65,45.47,,,,,,,
10/01/2005,45.33,45.57,45.34,,,,,,,
11/01/2005,45.68,45.91,45.64,,,,,,,
12/01/2005,46.37,46.56,46.25,,,,,,,
13/01/2005,48.04,48.19,47.82,,,,,,,
14/01/2005,48.38,48.53,48.18,,,,,,,
18/01/2005,48.38,48.48,48.28,,,,,,,
19/01/2005,47.55,47.86,47.71,,,,,,,
20/01/2005,46.91,47.31,47.26,,,,,,,
21/01/2005,48.53,48.6,48.37,,,,,,,
24/01/2005,48.81,48.93,48.76,,,,,,,
25/01/2005,49.64,49.8,49.7,,,,,,,
26/01/2005,48.78,48.94,48.95,,,,,,,
27/01/2005,48.84,49.02,49.06,,,,,,,
28/01/2005,47.18,47.44,47.52,,,,,,,
31/01/2005,48.2,48.45,48.5,,,,,,,
1/02/2005,47.12,47.57,47.79,,,,,,,
2/02/2005,46.69,47.15,47.34,,,,,,,
3/02/2005,46.45,46.88,47.1,,,,,,,
4/02/2005,46.48,46.95,47.15,,,,,,,
7/02/2005,45.28,45.96,46.26,,,,,,,
8/02/2005,45.4,46.06,46.36,,,,,,,
9/02/2005,45.46,46.08,46.36,,,,,,,
10/02/2005,47.1,47.69,47.92,,,,,,,
11/02/2005,47.16,47.8,48.05,,,,,,,
14/02/2005,47.44,48.02,48.25,,,,,,,
15/02/2005,47.26,47.77,48.04,,,,,,,
16/02/2005,48.33,48.86,49.11,,,,,,,
17/02/2005,47.54,48.22,48.56,,,,,,,
18/02/2005,48.35,49.01,49.39,,,,,,,
22/02/2005,51.15,51.42,51.72,,,,,,,
23/02/2005,51.17,51.59,51.59,,,,,,,
24/02/2005,51.39,51.85,51.91,,,,,,,
25/02/2005,51.49,51.95,52.04,,,,,,,
28/02/2005,51.75,52.33,52.5,,,,,,,
1/03/2005,51.68,52.31,52.53,,,,,,,
2/03/2005,53.05,53.62,53.74,,,,,,,
3/03/2005,53.57,54.16,54.06,,,,,,,
4/03/2005,53.78,54.28,54.18,,,,,,,
7/03/2005,53.89,54.54,54.54,,,,,,,
8/03/2005,54.59,55.23,55.3,,,,,,,
9/03/2005,54.77,55.38,55.45,,,,,,,
10/03/2005,53.54,54.26,54.49,,,,,,,
11/03/2005,54.43,55.12,55.35,,,,,,,
14/03/2005,54.95,55.65,55.95,,,,,,,
15/03/2005,55.05,55.65,56,,,,,,,
16/03/2005,56.46,57.04,57.42,,,,,,,
17/03/2005,56.4,56.91,57.42,,,,,,,
18/03/2005,56.72,57.24,57.83,,,,,,,
21/03/2005,56.62,57.46,58.06,,,,,,,
22/03/2005,56.03,56.72,57.2,,,,,,,
23/03/2005,53.81,54.74,55.32,,,,,,,
24/03/2005,54.84,55.65,56.11,,,,,,,
28/03/2005,54.05,54.78,55.15,,,,,,,
29/03/2005,54.23,54.95,55.21,,,,,,,
30/03/2005,53.99,54.79,55.26,,,,,,,
31/03/2005,55.4,56.42,56.91,,,,,,,
1/04/2005,57.27,58.29,58.87,,,,,,,
4/04/2005,57.01,58.1,58.8,,,,,,,
5/04/2005,56.04,57.1,57.79,,,,,,,
6/04/2005,55.85,56.89,57.54,,,,,,,
7/04/2005,54.11,55.33,55.99,,,,,,,
8/04/2005,53.32,54.65,55.36,,,,,,,
11/04/2005,53.71,55.1,55.82,,,,,,,
12/04/2005,51.86,53.53,54.37,,,,,,,
13/04/2005,50.22,52.13,53.12,,,,,,,
14/04/2005,51.13,52.78,53.66,,,,,,,
15/04/2005,50.49,52.06,53,,,,,,,
18/04/2005,50.37,51.47,52.3,,,,,,,
19/04/2005,52.29,53.57,54.46,,,,,,,
20/04/2005,52.44,54.03,55.13,,,,,,,
21/04/2005,54.2,55.55,56.13,,,,,,,
22/04/2005,55.39,56.54,57.08,,,,,,,
25/04/2005,54.57,55.91,56.52,,,,,,,
26/04/2005,54.2,55.65,56.3,,,,,,,
27/04/2005,51.61,53.19,54.02,,,,,,,
28/04/2005,51.77,53.25,54.12,,,,,,,
29/04/2005,49.72,51.45,52.4,,,,,,,
2/05/2005,50.92,52.64,53.56,,,,,,,
3/05/2005,49.5,51.23,52.14,,,,,,,
4/05/2005,50.13,51.9,52.75,,,,,,,
5/05/2005,50.83,52.49,53.17,,,,,,,
6/05/2005,50.96,52.67,53.23,,,,,,,
9/05/2005,52.03,53.38,53.73,,,,,,,
10/05/2005,52.07,53.49,53.92,,,,,,,
11/05/2005,50.45,51.95,52.58,,,,,,,
12/05/2005,48.54,50.19,51.01,,,,,,,
13/05/2005,48.67,50.28,51.07,,,,,,,
16/05/2005,48.61,50.17,50.82,,,,,,,
17/05/2005,48.97,50.67,51.21,,,,,,,
18/05/2005,47.25,49.13,49.96,,,,,,,
19/05/2005,46.92,48.74,49.65,,,,,,,
20/05/2005,46.8,48.65,49.7,,,,,,,
23/05/2005,49.16,50.05,50.72,,,,,,,
24/05/2005,49.67,50.47,51.01,,,,,,,
25/05/2005,50.98,51.66,52.06,,,,,,,
26/05/2005,51.01,51.71,52.14,,,,,,,
27/05/2005,51.85,52.36,52.66,,,,,,,
31/05/2005,51.97,52.75,53.03,,,,,,,
1/06/2005,54.6,55.42,55.79,,,,,,,
2/06/2005,53.63,54.62,55.1,,,,,,,
3/06/2005,55.03,55.98,56.54,,,,,,,
6/06/2005,54.49,55.69,56.44,,,,,,,
7/06/2005,53.76,54.94,55.78,,,,,,,
8/06/2005,52.54,53.85,54.74,,,,,,,
9/06/2005,54.28,55.57,56.37,,,,,,,
10/06/2005,53.54,54.68,55.5,,,,,,,
13/06/2005,55.62,56.82,57.66,,,,,,,
14/06/2005,55,55.97,56.79,,,,,,,
15/06/2005,55.57,56.41,57.08,,,,,,,
16/06/2005,56.58,57.43,58.04,,,,,,,
17/06/2005,58.47,59.18,59.73,,,,,,,
20/06/2005,59.37,59.88,60.5,,,,,,,
21/06/2005,58.9,59.04,59.63,,,,,,,
22/06/2005,58.09,58.74,59.09,,,,,,,
23/06/2005,59.42,60.05,60.42,,,,,,,
24/06/2005,59.84,60.49,60.85,,,,,,,
27/06/2005,60.54,61.33,61.76,,,,,,,
28/06/2005,58.2,59.11,59.67,,,,,,,
29/06/2005,57.26,58.23,58.89,,,,,,,
30/06/2005,56.5,57.64,58.36,,,,,,,
1/07/2005,58.75,59.81,60.43,,,,,,,
5/07/2005,59.59,60.74,61.5,,,,,,,
6/07/2005,61.28,62.13,62.76,,,,,,,
7/07/2005,60.73,61.68,62.33,,,,,,,
8/07/2005,59.63,60.64,61.29,,,,,,,
11/07/2005,58.92,60.08,60.86,,,,,,,
12/07/2005,60.62,61.48,62.13,,,,,,,
13/07/2005,60.01,60.85,61.49,,,,,,,
14/07/2005,57.8,58.7,59.33,,,,,,,
15/07/2005,58.09,59.13,59.77,,,,,,,
18/07/2005,57.32,58.42,59.13,,,,,,,
19/07/2005,57.46,58.69,59.34,,,,,,,
20/07/2005,56.72,58.02,58.7,,,,,,,
21/07/2005,57.13,57.86,58.45,,,,,,,
22/07/2005,58.65,59.26,59.83,,,,,,,
25/07/2005,59,59.75,60.3,,,,,,,
26/07/2005,59.2,60.01,60.6,,,,,,,
27/07/2005,59.11,60.12,60.79,,,,,,,
28/07/2005,59.94,60.98,61.68,,,,,,,
29/07/2005,60.57,61.65,62.35,,,,,,,
1/08/2005,61.57,62.7,63.43,,,,,,,
2/08/2005,61.89,62.87,63.63,,,,,,,
3/08/2005,60.86,61.87,62.63,,,,,,,
4/08/2005,61.38,62.31,63.04,,,,,,,
5/08/2005,62.31,63.28,63.96,,,,,,,
8/08/2005,63.94,64.9,65.5,,,,,,,
9/08/2005,63.07,64.16,64.91,,,,,,,
10/08/2005,64.9,66.06,66.77,,,,,,,
11/08/2005,65.8,66.75,67.28,,,,,,,
12/08/2005,66.86,67.37,67.55,,,,,,,
15/08/2005,66.27,67.07,67.53,,,,,,,
16/08/2005,66.08,66.7,67.23,,,,,,,
17/08/2005,63.25,63.85,64.48,,,,,,,
18/08/2005,63.27,63.77,64.39,,,,,,,
19/08/2005,65.35,65.79,66.31,,,,,,,
22/08/2005,65.45,65.65,66.28,,,,,,,
23/08/2005,65.71,66.48,66.89,,,,,,,
24/08/2005,67.32,68.01,68.51,,,,,,,
25/08/2005,67.49,68.19,68.72,,,,,,,
26/08/2005,66.13,66.89,67.42,,,,,,,
29/08/2005,67.2,67.74,68.12,,,,,,,
30/08/2005,69.81,69.87,69.91,,,,,,,
31/08/2005,68.94,69.41,69.58,,,,,,,
1/09/2005,69.47,69.98,70.23,,,,,,,
2/09/2005,67.57,68.16,68.57,,,,,,,
6/09/2005,65.96,66.71,67.37,,,,,,,
7/09/2005,64.37,65.03,65.72,,,,,,,
8/09/2005,64.49,65.27,65.92,,,,,,,
9/09/2005,64.08,64.9,65.41,,,,,,,
12/09/2005,63.34,64.01,64.63,,,,,,,
13/09/2005,63.11,63.78,64.38,,,,,,,
14/09/2005,65.09,65.73,66.28,,,,,,,
15/09/2005,64.75,65.25,65.78,,,,,,,
16/09/2005,63,63.34,63.91,,,,,,,
19/09/2005,67.39,67.51,67.71,,,,,,,
20/09/2005,66.23,66.2,66.39,,,,,,,
21/09/2005,66.8,66.79,67,,,,,,,
22/09/2005,66.5,66.65,66.98,,,,,,,
23/09/2005,64.19,64.52,65.02,,,,,,,
26/09/2005,65.82,66.03,66.46,,,,,,,
27/09/2005,65.07,65.35,65.83,,,,,,,
28/09/2005,66.35,66.46,66.77,,,,,,,
29/09/2005,66.79,66.29,66.43,,,,,,,
30/09/2005,66.24,66.23,66.53,,,,,,,
3/10/2005,65.47,65.29,65.69,,,,,,,
4/10/2005,63.9,63.76,64.26,,,,,,,
5/10/2005,62.79,62.69,63.21,,,,,,,
6/10/2005,61.36,61.06,61.45,,,,,,,
7/10/2005,61.84,61.62,62.04,,,,,,,
10/10/2005,61.8,61.57,62.03,,,,,,,
11/10/2005,63.53,63.05,63.47,,,,,,,
12/10/2005,64.12,63.61,63.88,,,,,,,
13/10/2005,63.08,62.61,62.93,,,,,,,
14/10/2005,62.63,61.99,62.05,,,,,,,
17/10/2005,64.36,63.61,63.42,,,,,,,
18/10/2005,63.2,62.44,62.18,,,,,,,
19/10/2005,62.41,61.51,61.33,,,,,,,
20/10/2005,61.03,60.02,60.07,,,,,,,
21/10/2005,60.63,60.82,61.02,,,,,,,
24/10/2005,60.32,60.55,60.78,,,,,,,
25/10/2005,62.44,62.82,63.1,,,,,,,
26/10/2005,60.66,61.2,61.59,,,,,,,
27/10/2005,61.09,61.52,61.85,,,,,,,
28/10/2005,61.22,61.53,61.82,,,,,,,
31/10/2005,59.76,60.39,60.77,,,,,,,
1/11/2005,59.85,60.54,60.96,,,,,,,
2/11/2005,59.75,60.49,60.92,,,,,,,
3/11/2005,61.78,62.55,62.96,,,,,,,
4/11/2005,60.58,61.5,61.91,,,,,,,
7/11/2005,59.47,60.53,61.04,,,,,,,
8/11/2005,59.71,60.73,61.28,,,,,,,
9/11/2005,58.93,59.76,60.29,,,,,,,
10/11/2005,57.8,58.74,59.29,,,,,,,
11/11/2005,57.53,58.48,58.95,,,,,,,
14/11/2005,57.69,58.51,58.94,,,,,,,
15/11/2005,56.98,57.61,58.08,,,,,,,
16/11/2005,57.88,58.45,58.93,,,,,,,
17/11/2005,56.34,57.15,57.71,,,,,,,
18/11/2005,56.14,57.21,57.88,,,,,,,
21/11/2005,57.7,58.39,58.86,,,,,,,
22/11/2005,58.84,59.41,59.78,,,,,,,
23/11/2005,58.71,59.25,59.6,,,,,,,
28/11/2005,57.36,57.99,58.4,,,,,,,
29/11/2005,56.5,57.29,57.74,,,,,,,
30/11/2005,57.32,58.23,58.68,,,,,,,
1/12/2005,58.47,59.35,59.84,,,,,,,
2/12/2005,59.32,60.21,60.76,,,,,,,
5/12/2005,59.91,60.85,61.49,,,,,,,
6/12/2005,59.94,60.85,61.44,,,,,,,
7/12/2005,59.21,60.18,60.8,,,,,,,
8/12/2005,60.66,61.61,62.29,,,,,,,
9/12/2005,59.39,60.38,61.04,,,,,,,
12/12/2005,61.3,62.26,62.86,,,,,,,
13/12/2005,61.37,62.31,62.89,,,,,,,
14/12/2005,60.85,61.87,62.52,,,,,,,
15/12/2005,59.99,61.1,61.78,,,,,,,
16/12/2005,58.06,59.05,59.76,,,,,,,
19/12/2005,57.34,58.05,58.71,,,,,,,
20/12/2005,57.98,58.09,58.69,,,,,,,
21/12/2005,58.56,59.14,59.57,,,,,,,
22/12/2005,58.28,58.86,59.3,,,,,,,
23/12/2005,58.43,59,59.43,,,,,,,
27/12/2005,58.16,58.68,59.1,,,,,,,
28/12/2005,59.82,60.36,60.78,,,,,,,
29/12/2005,60.32,60.92,61.37,,,,,,,
30/12/2005,61.04,61.9,62.35,,,,,,,
3/01/2006,63.14,63.99,64.48,,,,,,,
4/01/2006,63.42,64.2,64.67,,,,,,,
5/01/2006,62.79,63.59,64.09,,,,,,,
6/01/2006,64.21,64.97,65.48,,,,,,,
9/01/2006,63.5,64.35,64.91,,,,,,,
10/01/2006,63.37,64.1,64.7,,,,,,,
11/01/2006,63.94,64.45,64.95,,,,,,,
12/01/2006,63.94,64.49,64.99,,,,,,,
13/01/2006,63.92,64.58,65.14,,,,,,,
17/01/2006,66.31,66.94,67.43,,,,,,,
18/01/2006,65.73,66.25,66.73,,,,,,,
19/01/2006,66.83,67.19,67.69,,,,,,,
20/01/2006,68.35,68.48,68.96,,,,,,,
23/01/2006,68.1,68.67,69.06,,,,,,,
24/01/2006,67.06,67.65,68.07,,,,,,,
25/01/2006,65.85,66.48,66.93,,,,,,,
26/01/2006,66.26,66.99,67.48,,,,,,,
27/01/2006,67.76,68.52,69.02,,,,,,,
30/01/2006,68.35,69.1,69.62,,,,,,,
31/01/2006,67.92,68.74,69.28,,,,,,,
1/02/2006,66.56,67.42,68.02,,,,,,,
2/02/2006,64.68,65.49,66.17,,,,,,,
3/02/2006,65.37,66.22,66.91,,,,,,,
6/02/2006,65.11,66.08,66.77,,,,,,,
7/02/2006,63.09,64.14,64.96,,,,,,,
8/02/2006,62.55,63.53,64.33,,,,,,,
9/02/2006,62.62,63.59,64.39,,,,,,,
10/02/2006,61.84,62.86,63.75,,,,,,,
13/02/2006,61.24,62.31,63.2,,,,,,,
14/02/2006,59.57,61.03,61.93,,,,,,,
15/02/2006,57.65,59.25,60.33,,,,,,,
16/02/2006,58.46,60.13,61.2,,,,,,,
17/02/2006,59.88,61.29,62.35,,,,,,,
21/02/2006,61.1,62.74,63.73,,,,,,,
22/02/2006,61.01,62.25,63.11,,,,,,,
23/02/2006,60.54,62.04,63.09,,,,,,,
24/02/2006,62.91,64.14,65.03,,,,,,,
27/02/2006,61,62.35,63.36,,,,,,,
28/02/2006,61.41,63.01,64.06,,,,,,,
1/03/2006,61.97,63.62,64.66,,,,,,,
2/03/2006,63.36,65.07,66.05,,,,,,,
3/03/2006,63.67,65.36,66.26,,,,,,,
6/03/2006,62.41,64.05,64.92,,,,,,,
7/03/2006,61.58,63.32,64.08,,,,,,,
8/03/2006,60.02,61.79,62.69,,,,,,,
9/03/2006,60.47,62.42,63.42,,,,,,,
10/03/2006,59.96,61.84,62.81,,,,,,,
13/03/2006,61.77,63.67,64.55,,,,,,,
14/03/2006,63.1,65.09,65.99,,,,,,,
15/03/2006,62.17,63.84,64.67,,,,,,,
16/03/2006,63.58,65.1,65.96,,,,,,,
17/03/2006,62.77,64.2,65.06,,,,,,,
20/03/2006,60.42,61.96,63.06,,,,,,,
21/03/2006,60.57,62.34,63.61,,,,,,,
22/03/2006,61.77,63,63.78,,,,,,,
23/03/2006,63.91,64.89,65.53,,,,,,,
24/03/2006,64.26,65.2,65.79,,,,,,,
27/03/2006,64.16,65.15,65.82,,,,,,,
28/03/2006,66.07,66.92,67.49,,,,,,,
29/03/2006,66.45,67.47,68.07,,,,,,,
30/03/2006,67.15,68.33,69.02,,,,,,,
31/03/2006,66.63,67.93,68.67,,,,,,,
3/04/2006,66.74,68.04,68.79,,,,,,,
4/04/2006,66.23,67.66,68.49,,,,,,,
5/04/2006,67.07,68.36,69.14,,,,,,,
6/04/2006,67.94,69.06,69.66,,,,,,,
7/04/2006,67.39,68.64,69.38,,,,,,,
10/04/2006,68.74,70.11,70.91,,,,,,,
11/04/2006,68.98,70.38,71.24,,,,,,,
12/04/2006,68.62,70.09,71.07,,,,,,,
13/04/2006,69.32,70.82,71.82,,,,,,,
17/04/2006,70.4,71.98,72.94,,,,,,,
18/04/2006,71.35,73.09,73.97,,,,,,,
19/04/2006,72.17,74.12,75.08,,,,,,,
20/04/2006,71.95,73.69,74.6,,,,,,,
21/04/2006,75.17,76.07,76.63,,,,,,,
24/04/2006,73.33,74.56,75.26,,,,,,,
25/04/2006,72.88,74.48,75.32,,,,,,,
26/04/2006,71.93,73.48,74.3,,,,,,,
27/04/2006,70.97,72.47,73.27,,,,,,,
28/04/2006,71.88,73.5,74.25,,,,,,,
1/05/2006,73.7,75.22,75.94,,,,,,,
2/05/2006,74.61,76.06,76.72,,,,,,,
3/05/2006,72.28,73.91,74.73,,,,,,,
4/05/2006,69.94,71.6,72.55,,,,,,,
5/05/2006,70.19,71.9,72.87,,,,,,,
8/05/2006,69.77,71.31,72.29,,,,,,,
9/05/2006,70.69,72.22,73.21,,,,,,,
10/05/2006,72.13,73.57,74.54,,,,,,,
11/05/2006,73.32,74.68,75.53,,,,,,,
12/05/2006,72.04,73.28,74.11,,,,,,,
15/05/2006,69.41,70.47,71.35,,,,,,,
16/05/2006,69.53,70.32,71.18,,,,,,,
17/05/2006,68.69,69.42,70.33,,,,,,,
18/05/2006,69.45,70.14,71.04,,,,,,,
19/05/2006,68.53,69.29,70.14,,,,,,,
22/05/2006,69.23,69.96,70.76,,,,,,,
23/05/2006,71.76,72.49,73.09,,,,,,,
24/05/2006,69.86,70.61,71.2,,,,,,,
25/05/2006,71.32,72.09,72.66,,,,,,,
26/05/2006,71.37,72.16,72.76,,,,,,,
30/05/2006,72.03,72.87,73.43,,,,,,,
31/05/2006,71.29,72.29,72.89,,,,,,,
1/06/2006,70.34,71.23,71.86,,,,,,,
2/06/2006,72.33,73.03,73.61,,,,,,,
5/06/2006,72.6,73.34,74,,,,,,,
6/06/2006,72.5,73.11,73.82,,,,,,,
7/06/2006,70.82,71.5,72.35,,,,,,,
8/06/2006,70.35,71.13,72.04,,,,,,,
9/06/2006,71.63,72.31,73.19,,,,,,,
12/06/2006,70.36,71.09,71.96,,,,,,,
13/06/2006,68.56,69.29,70.11,,,,,,,
14/06/2006,69.14,69.62,70.33,,,,,,,
15/06/2006,69.5,69.93,70.56,,,,,,,
16/06/2006,69.88,70.2,70.89,,,,,,,
19/06/2006,68.98,69.55,70.27,,,,,,,
20/06/2006,68.94,69.34,70.01,,,,,,,
21/06/2006,70.33,71.03,71.53,,,,,,,
22/06/2006,70.84,71.73,72.3,,,,,,,
23/06/2006,70.87,71.77,72.38,,,,,,,
26/06/2006,71.8,72.74,73.36,,,,,,,
27/06/2006,71.92,72.8,73.4,,,,,,,
28/06/2006,72.19,73.14,73.75,,,,,,,
29/06/2006,73.52,74.51,75.07,,,,,,,
30/06/2006,73.93,74.81,75.4,,,,,,,
3/07/2006,73.93,74.81,75.4,,,,,,,
5/07/2006,75.19,76.16,76.79,,,,,,,
6/07/2006,75.14,76.2,76.83,,,,,,,
7/07/2006,74.09,75.23,75.93,,,,,,,
10/07/2006,73.61,74.71,75.4,,,,,,,
11/07/2006,74.16,75.23,75.9,,,,,,,
12/07/2006,74.95,76.06,76.69,,,,,,,
13/07/2006,76.7,78.24,78.85,,,,,,,
14/07/2006,77.03,78.71,79.32,,,,,,,
17/07/2006,75.3,76.91,77.68,,,,,,,
18/07/2006,73.54,75.26,76.14,,,,,,,
19/07/2006,72.66,74.77,75.74,,,,,,,
20/07/2006,73.08,74.27,75.17,,,,,,,
21/07/2006,74.43,75.35,75.98,,,,,,,
24/07/2006,75.05,75.98,76.65,,,,,,,
25/07/2006,73.75,74.71,75.4,,,,,,,
26/07/2006,73.94,74.99,75.73,,,,,,,
27/07/2006,74.54,75.7,76.49,,,,,,,
28/07/2006,73.24,74.39,75.18,,,,,,,
31/07/2006,74.4,75.68,76.47,,,,,,,
1/08/2006,74.91,76.18,76.95,,,,,,,
2/08/2006,75.81,76.9,77.57,,,,,,,
3/08/2006,75.46,76.74,77.47,,,,,,,
4/08/2006,74.76,76.16,76.97,,,,,,,
7/08/2006,76.98,78.42,79.15,,,,,,,
8/08/2006,76.31,77.72,78.42,,,,,,,
9/08/2006,76.35,77.53,78.24,,,,,,,
10/08/2006,74,75.5,76.36,,,,,,,
11/08/2006,74.35,75.99,76.86,,,,,,,
14/08/2006,73.53,74.95,75.82,,,,,,,
15/08/2006,73.05,74.33,75.19,,,,,,,
16/08/2006,71.89,73.19,74.19,,,,,,,
17/08/2006,70.06,71.48,72.56,,,,,,,
18/08/2006,71.14,72.1,73.1,,,,,,,
21/08/2006,72.45,73.3,74.22,,,,,,,
22/08/2006,72.63,73.1,74.04,,,,,,,
23/08/2006,71.76,72.86,73.65,,,,,,,
24/08/2006,72.36,73.32,74.04,,,,,,,
25/08/2006,72.51,73.44,74.13,,,,,,,
28/08/2006,70.61,71.73,72.56,,,,,,,
29/08/2006,69.71,70.86,71.74,,,,,,,
30/08/2006,70.03,71.09,71.93,,,,,,,
31/08/2006,70.26,71.47,72.3,,,,,,,
1/09/2006,69.19,70.37,71.21,,,,,,,
5/09/2006,68.6,69.77,70.65,,,,,,,
6/09/2006,67.5,68.7,69.6,,,,,,,
7/09/2006,67.32,68.5,69.43,,,,,,,
8/09/2006,66.25,67.38,68.33,,,,,,,
11/09/2006,65.61,66.59,67.51,,,,,,,
12/09/2006,63.76,64.9,65.88,,,,,,,
13/09/2006,63.97,64.98,65.99,,,,,,,
14/09/2006,63.22,64.11,65.2,,,,,,,
15/09/2006,63.33,64.02,65.02,,,,,,,
18/09/2006,63.8,64.45,65.44,,,,,,,
19/09/2006,61.66,62.17,63.25,,,,,,,
20/09/2006,60.46,60.74,61.72,,,,,,,
21/09/2006,61.59,62.53,63.32,,,,,,,
22/09/2006,60.55,61.54,62.38,,,,,,,
25/09/2006,61.45,62.33,63.1,,,,,,,
26/09/2006,61.01,61.92,62.69,,,,,,,
27/09/2006,62.96,63.86,64.63,,,,,,,
28/09/2006,62.76,63.77,64.6,,,,,,,
29/09/2006,62.91,64.15,65.05,,,,,,,
2/10/2006,61.03,62.32,63.36,,,,,,,
3/10/2006,58.68,60.05,61.16,,,,,,,
4/10/2006,59.41,60.74,61.79,,,,,,,
5/10/2006,60.03,61.34,62.37,,,,,,,
6/10/2006,59.76,61.17,62.23,,,,,,,
9/10/2006,59.96,61.49,62.58,,,,,,,
10/10/2006,58.52,60.26,61.52,,,,,,,
11/10/2006,57.59,59.45,60.78,,,,,,,
12/10/2006,57.86,59.68,61.08,,,,,,,
13/10/2006,58.57,60.3,61.69,,,,,,,
16/10/2006,59.94,61.57,62.93,,,,,,,
17/10/2006,58.93,60.66,62.13,,,,,,,
18/10/2006,57.65,59.3,60.77,,,,,,,
19/10/2006,58.5,60.5,61.88,,,,,,,
20/10/2006,56.82,59.33,60.91,,,,,,,
23/10/2006,58.81,60.48,61.66,,,,,,,
24/10/2006,59.35,61.07,62.23,,,,,,,
25/10/2006,61.4,63.07,64.2,,,,,,,
26/10/2006,60.36,61.99,63.12,,,,,,,
27/10/2006,60.75,62.53,63.72,,,,,,,
30/10/2006,58.36,60.24,61.52,,,,,,,
31/10/2006,58.73,60.61,61.9,,,,,,,
1/11/2006,58.71,60.55,61.84,,,,,,,
2/11/2006,57.88,59.62,60.89,,,,,,,
3/11/2006,59.14,60.88,62.1,,,,,,,
6/11/2006,60.02,61.75,62.99,,,,,,,
7/11/2006,58.93,60.62,61.84,,,,,,,
8/11/2006,59.83,61.55,62.77,,,,,,,
9/11/2006,61.16,63.06,64.33,,,,,,,
10/11/2006,59.59,61.54,62.88,,,,,,,
13/11/2006,58.58,60.59,62.04,,,,,,,
14/11/2006,58.28,60.18,61.62,,,,,,,
15/11/2006,58.76,60.72,62.14,,,,,,,
16/11/2006,56.26,58.57,60.09,,,,,,,
17/11/2006,55.81,58.97,60.54,,,,,,,
20/11/2006,58.8,60.28,61.47,,,,,,,
21/11/2006,60.17,61.54,62.64,,,,,,,
22/11/2006,59.24,60.74,61.89,,,,,,,
24/11/2006,59.24,60.74,61.89,,,,,,,
27/11/2006,60.32,61.69,62.72,,,,,,,
28/11/2006,60.99,62.39,63.34,,,,,,,
29/11/2006,62.46,63.82,64.73,,,,,,,
30/11/2006,63.13,64.62,65.56,,,,,,,
1/12/2006,63.43,65.01,66.07,,,,,,,
4/12/2006,62.44,64.03,65.15,,,,,,,
5/12/2006,62.43,63.92,64.98,,,,,,,
6/12/2006,62.19,63.52,64.52,,,,,,,
7/12/2006,62.49,63.38,64.22,,,,,,,
8/12/2006,62.03,63.09,63.91,,,,,,,
11/12/2006,61.22,62.36,63.29,,,,,,,
12/12/2006,61.02,61.99,62.92,,,,,,,
13/12/2006,61.37,62.17,63.05,,,,,,,
14/12/2006,62.51,63.33,64.22,,,,,,,
15/12/2006,63.43,64.09,64.89,,,,,,,
18/12/2006,62.21,62.79,63.61,,,,,,,
19/12/2006,63.15,63.46,64.29,,,,,,,
20/12/2006,63.72,64.77,65.52,,,,,,,
21/12/2006,62.66,63.78,64.65,,,,,,,
22/12/2006,62.41,63.53,64.4,,,,,,,
26/12/2006,61.1,62.23,63.13,,,,,,,
27/12/2006,60.34,61.56,62.44,,,,,,,
28/12/2006,60.53,61.78,62.63,,,,,,,
29/12/2006,61.05,62.38,63.26,,,,,,,
2/01/2007,61.05,62.38,61.8,,,,,,,
3/01/2007,58.32,59.41,60.34,,,,,,,
4/01/2007,55.59,56.64,57.6,,,,,,,
5/01/2007,56.31,57.39,58.35,,,,,,,
8/01/2007,56.09,57.36,58.38,,,,,,,
9/01/2007,55.64,56.74,57.79,,,,,,,
10/01/2007,54.02,54.96,55.88,,,,,,,
11/01/2007,51.88,52.84,53.62,,,,,,,
12/01/2007,52.99,53.87,54.66,,,,,,,
16/01/2007,51.21,51.96,52.67,,,,,,,
17/01/2007,52.24,53.13,53.77,,,,,,,
18/01/2007,50.48,51.81,52.66,,,,,,,
19/01/2007,51.99,53.4,54.3,,,,,,,
22/01/2007,51.13,52.58,53.53,,,,,,,
23/01/2007,55.04,55.91,56.61,,,,,,,
24/01/2007,55.37,56.16,56.85,,,,,,,
25/01/2007,54.23,55.12,55.86,,,,,,,
26/01/2007,55.42,56.25,56.97,,,,,,,
29/01/2007,54.01,54.77,55.49,,,,,,,
30/01/2007,56.97,57.66,58.33,,,,,,,
31/01/2007,58.14,58.85,59.54,,,,,,,
1/02/2007,57.3,58.02,58.75,,,,,,,
2/02/2007,59.02,59.73,60.48,,,,,,,
5/02/2007,58.74,59.39,60.19,,,,,,,
6/02/2007,58.88,59.44,60.1,,,,,,,
7/02/2007,57.71,58.35,59.03,,,,,,,
8/02/2007,59.71,60.43,61.13,,,,,,,
9/02/2007,59.89,60.63,61.33,,,,,,,
12/02/2007,57.81,58.63,59.37,,,,,,,
13/02/2007,59.06,59.85,60.61,,,,,,,
14/02/2007,58,58.57,59.25,,,,,,,
15/02/2007,57.99,58.51,59.16,,,,,,,
16/02/2007,59.39,59.86,60.5,,,,,,,
20/02/2007,58.07,58.85,59.64,,,,,,,
21/02/2007,60.07,60.89,61.53,,,,,,,
22/02/2007,60.95,62.05,62.84,,,,,,,
23/02/2007,61.14,62.35,63.32,,,,,,,
26/02/2007,61.39,62.53,63.45,,,,,,,
27/02/2007,61.46,62.62,63.52,,,,,,,
28/02/2007,61.79,63.06,63.97,,,,,,,
1/03/2007,62,63.18,64.06,,,,,,,
2/03/2007,61.64,62.77,63.6,,,,,,,
5/03/2007,60.07,61.3,62.18,,,,,,,
6/03/2007,60.69,62.06,62.99,,,,,,,
7/03/2007,61.82,63.28,64.21,,,,,,,
8/03/2007,61.64,63.22,64.21,,,,,,,
9/03/2007,60.05,61.77,62.82,,,,,,,
12/03/2007,58.91,60.77,61.95,,,,,,,
13/03/2007,57.93,60.16,61.52,,,,,,,
14/03/2007,58.16,60.47,61.74,,,,,,,
15/03/2007,57.55,59.96,61.23,,,,,,,
16/03/2007,57.11,59.58,60.94,,,,,,,
19/03/2007,56.59,59.7,61.05,,,,,,,
20/03/2007,56.73,59.25,60.63,,,,,,,
21/03/2007,59.61,61.11,62.12,,,,,,,
22/03/2007,61.69,63.02,63.93,,,,,,,
23/03/2007,62.28,63.52,64.38,,,,,,,
26/03/2007,62.91,64.52,65.56,,,,,,,
27/03/2007,62.93,64.65,65.79,,,,,,,
28/03/2007,64.08,65.68,66.75,,,,,,,
29/03/2007,66.03,67.28,68.41,,,,,,,
30/03/2007,65.87,67.47,68.25,,,,,,,
2/04/2007,65.94,67.55,68.45,,,,,,,
3/04/2007,64.64,66.29,67.31,,,,,,,
4/04/2007,64.38,66.29,67.48,,,,,,,
5/04/2007,64.28,66.37,67.69,,,,,,,
9/04/2007,61.51,64.31,66.12,,,,,,,
10/04/2007,61.89,64.88,66.67,,,,,,,
11/04/2007,62.01,64.84,66.5,,,,,,,
12/04/2007,63.85,66.34,67.88,,,,,,,
13/04/2007,63.63,66.33,67.89,,,,,,,
16/04/2007,63.61,65.67,66.85,,,,,,,
17/04/2007,63.1,64.46,65.68,,,,,,,
18/04/2007,63.13,64.38,65.7,,,,,,,
19/04/2007,61.83,63.32,64.86,,,,,,,
20/04/2007,63.38,64.11,65.5,,,,,,,
23/04/2007,65.89,67.11,67.9,,,,,,,
24/04/2007,64.58,65.89,66.73,,,,,,,
25/04/2007,65.84,67.2,68.09,,,,,,,
26/04/2007,65.06,66.41,67.29,,,,,,,
27/04/2007,66.46,67.84,68.69,,,,,,,
30/04/2007,65.71,67.21,68.1,,,,,,,
1/05/2007,64.4,66.11,67.17,,,,,,,
2/05/2007,63.68,65.35,66.47,,,,,,,
3/05/2007,63.19,64.95,66.15,,,,,,,
4/05/2007,61.93,63.86,65.15,,,,,,,
7/05/2007,61.47,63.37,64.55,,,,,,,
8/05/2007,62.26,63.99,65.09,,,,,,,
9/05/2007,61.55,63.16,64.37,,,,,,,
10/05/2007,61.81,63.43,64.66,,,,,,,
11/05/2007,62.37,64.12,65.27,,,,,,,
14/05/2007,62.46,63.89,65.02,,,,,,,
15/05/2007,63.17,64.6,65.76,,,,,,,
16/05/2007,62.55,63.95,65.2,,,,,,,
17/05/2007,64.86,65.92,67.05,,,,,,,
18/05/2007,64.94,65.98,67.05,,,,,,,
21/05/2007,66.27,66.87,67.96,,,,,,,
22/05/2007,64.97,65.51,66.6,,,,,,,
23/05/2007,65.77,67.02,67.95,,,,,,,
24/05/2007,64.18,65.63,66.74,,,,,,,
25/05/2007,65.2,66.52,67.53,,,,,,,
29/05/2007,63.15,64.38,65.36,,,,,,,
30/05/2007,63.49,64.65,65.56,,,,,,,
31/05/2007,64.01,64.99,65.83,,,,,,,
1/06/2007,65.08,66.12,66.99,,,,,,,
4/06/2007,66.21,67.29,68.16,,,,,,,
5/06/2007,65.61,66.74,67.68,,,,,,,
6/06/2007,65.96,66.99,67.88,,,,,,,
7/06/2007,66.93,67.74,68.57,,,,,,,
8/06/2007,64.76,65.45,66.3,,,,,,,
11/06/2007,65.97,66.64,67.51,,,,,,,
12/06/2007,65.35,66.06,66.98,,,,,,,
13/06/2007,66.26,66.93,67.83,,,,,,,
14/06/2007,67.65,68.14,68.91,,,,,,,
15/06/2007,68,68.54,69.36,,,,,,,
18/06/2007,69.09,69.62,70.32,,,,,,,
19/06/2007,69.1,69.54,70.23,,,,,,,
20/06/2007,68.19,68.86,69.51,,,,,,,
21/06/2007,68.65,69.2,69.67,,,,,,,
22/06/2007,69.14,69.8,70.35,,,,,,,
25/06/2007,69.18,69.77,70.3,,,,,,,
26/06/2007,67.77,68.25,68.72,,,,,,,
27/06/2007,68.97,69.28,69.54,,,,,,,
28/06/2007,69.57,69.86,69.99,,,,,,,
29/06/2007,70.68,70.98,71.06,,,,,,,
2/07/2007,71.09,71.56,71.73,,,,,,,
3/07/2007,71.41,71.87,72.04,,,,,,,
5/07/2007,71.81,72.15,72.25,,,,,,,
6/07/2007,72.81,73.15,73.08,,,,,,,
9/07/2007,72.19,72.61,72.72,,,,,,,
10/07/2007,72.81,73.19,73.28,,,,,,,
11/07/2007,72.56,72.94,73.02,,,,,,,
12/07/2007,72.5,72.87,72.93,,,,,,,
13/07/2007,73.93,74.13,74,,,,,,,
16/07/2007,74.15,74.23,73.97,,,,,,,
17/07/2007,74.02,74.11,73.8,,,,,,,
18/07/2007,75.05,75.3,75.04,,,,,,,
19/07/2007,75.92,76.07,75.74,,,,,,,
20/07/2007,75.57,75.79,75.55,,,,,,,
23/07/2007,74.89,74.78,74.6,,,,,,,
24/07/2007,73.56,73.39,73.25,,,,,,,
25/07/2007,75.88,75.46,75.1,,,,,,,
26/07/2007,74.95,74.47,74.04,,,,,,,
27/07/2007,77.02,76.31,75.64,,,,,,,
30/07/2007,76.83,76.21,75.45,,,,,,,
31/07/2007,78.21,77.6,76.82,,,,,,,
1/08/2007,76.53,76.21,75.8,,,,,,,
2/08/2007,76.86,76.55,76.14,,,,,,,
3/08/2007,75.48,75.37,75.06,,,,,,,
6/08/2007,72.06,71.97,71.72,,,,,,,
7/08/2007,72.42,72.38,72.17,,,,,,,
8/08/2007,72.15,71.94,71.69,,,,,,,
9/08/2007,71.59,71.4,71.2,,,,,,,
10/08/2007,71.47,71.25,71.05,,,,,,,
13/08/2007,71.62,71.32,70.98,,,,,,,
14/08/2007,72.38,72.02,71.59,,,,,,,
15/08/2007,73.33,73.21,72.83,,,,,,,
16/08/2007,71,70.87,70.6,,,,,,,
17/08/2007,71.98,71.82,71.46,,,,,,,
20/08/2007,71.12,70.96,70.67,,,,,,,
21/08/2007,69.47,69.57,69.34,,,,,,,
22/08/2007,69.26,69.03,68.72,,,,,,,
23/08/2007,69.83,69.56,69.23,,,,,,,
24/08/2007,71.09,70.69,70.23,,,,,,,
27/08/2007,71.97,71.38,70.85,,,,,,,
28/08/2007,71.73,71.14,70.55,,,,,,,
29/08/2007,73.51,72.78,72,,,,,,,
30/08/2007,73.36,72.61,71.75,,,,,,,
31/08/2007,74.04,73.32,72.46,,,,,,,
4/09/2007,75.08,74.26,73.36,,,,,,,
5/09/2007,75.73,74.67,73.55,,,,,,,
6/09/2007,76.3,75.31,74.17,,,,,,,
7/09/2007,76.7,75.62,74.54,,,,,,,
10/09/2007,77.49,76.26,75.08,,,,,,,
11/09/2007,78.23,77,75.77,,,,,,,
12/09/2007,79.91,78.54,77.29,,,,,,,
13/09/2007,80.09,78.78,77.63,,,,,,,
14/09/2007,79.1,78.09,77.17,,,,,,,
17/09/2007,80.57,79.38,78.16,,,,,,,
18/09/2007,81.51,80.23,78.95,,,,,,,
19/09/2007,81.93,80.85,79.7,,,,,,,
20/09/2007,83.32,81.78,80.64,,,,,,,
21/09/2007,81.62,80.64,79.99,,,,,,,
24/09/2007,80.95,80.15,79.64,,,,,,,
25/09/2007,79.53,78.61,78.02,,,,,,,
26/09/2007,80.3,78.86,77.96,,,,,,,
27/09/2007,82.88,81.51,80.42,,,,,,,
28/09/2007,81.66,80.48,79.58,,,,,,,
1/10/2007,80.24,79.28,78.5,,,,,,,
2/10/2007,80.05,79.04,78.17,,,,,,,
3/10/2007,79.94,79.02,78.1,,,,,,,
4/10/2007,81.44,80.64,79.83,,,,,,,
5/10/2007,81.22,80.62,79.94,,,,,,,
8/10/2007,79.02,78.4,77.83,,,,,,,
9/10/2007,80.26,79.54,78.83,,,,,,,
10/10/2007,81.3,80.61,79.94,,,,,,,
11/10/2007,83.08,82.26,81.49,,,,,,,
12/10/2007,83.69,82.74,81.93,,,,,,,
15/10/2007,86.13,85.13,84.25,,,,,,,
16/10/2007,87.61,86.58,85.58,,,,,,,
17/10/2007,87.4,86.19,85.12,,,,,,,
18/10/2007,89.47,88.04,86.89,,,,,,,
19/10/2007,88.6,86.95,85.92,,,,,,,
22/10/2007,87.56,86.02,85.21,,,,,,,
23/10/2007,85.27,84.46,83.67,,,,,,,
24/10/2007,87.1,86.13,85.23,,,,,,,
25/10/2007,90.46,89.24,88.13,,,,,,,
26/10/2007,91.86,90.74,89.62,,,,,,,
29/10/2007,93.53,92.63,91.66,,,,,,,
30/10/2007,90.38,89.59,88.77,,,,,,,
31/10/2007,94.53,93.27,92.14,,,,,,,
1/11/2007,93.49,92.45,91.4,,,,,,,
2/11/2007,95.93,94.81,93.72,,,,,,,
5/11/2007,93.98,93.12,92.22,,,,,,,
6/11/2007,96.7,95.8,94.87,,,,,,,
7/11/2007,96.37,95.6,94.81,,,,,,,
8/11/2007,95.46,94.66,93.9,,,,,,,
9/11/2007,96.32,95.3,94.45,,,,,,,
12/11/2007,94.62,93.52,92.67,,,,,,,
13/11/2007,91.17,90.2,89.42,,,,,,,
14/11/2007,94.09,92.83,91.76,,,,,,,
15/11/2007,93.43,92.07,91.01,,,,,,,
16/11/2007,95.1,93.84,92.72,,,,,,,
19/11/2007,94.64,93.58,92.6,,,,,,,
20/11/2007,98.03,96.89,95.84,,,,,,,
21/11/2007,97.29,96.18,95.12,,,,,,,
23/11/2007,98.18,97.13,96.05,,,,,,,
26/11/2007,97.7,96.76,95.74,,,,,,,
27/11/2007,94.42,93.63,92.81,,,,,,,
28/11/2007,90.62,90.03,89.45,,,,,,,
29/11/2007,91.01,90.35,89.78,,,,,,,
30/11/2007,88.71,88.26,87.84,,,,,,,
3/12/2007,89.31,89.04,88.69,,,,,,,
4/12/2007,88.32,88.11,87.87,,,,,,,
5/12/2007,87.49,87.29,87.05,,,,,,,
6/12/2007,90.23,89.94,89.6,,,,,,,
7/12/2007,88.28,88.15,87.94,,,,,,,
10/12/2007,87.86,87.77,87.61,,,,,,,
11/12/2007,90.02,89.92,89.75,,,,,,,
12/12/2007,94.39,94.28,94.04,,,,,,,
13/12/2007,92.25,92.46,92.36,,,,,,,
14/12/2007,91.27,91.55,91.57,,,,,,,
17/12/2007,90.63,91.05,91.15,,,,,,,
18/12/2007,90.49,90.08,90.09,,,,,,,
19/12/2007,91.24,91.18,90.91,,,,,,,
20/12/2007,91.06,90.96,90.71,,,,,,,
21/12/2007,93.31,93,92.53,,,,,,,
24/12/2007,94.13,93.74,93.14,,,,,,,
26/12/2007,95.97,95.44,94.72,,,,,,,
27/12/2007,96.62,96.27,95.62,,,,,,,
28/12/2007,96,95.76,95.15,,,,,,,
31/12/2007,95.98,95.78,95.24,,,,,,,
2/01/2008,99.62,99.33,98.74,,,,,,,
3/01/2008,99.18,98.94,98.42,,,,,,,
4/01/2008,97.91,97.69,97.28,,,,,,,
7/01/2008,95.09,94.9,94.53,,,,,,,
8/01/2008,96.33,96.08,95.62,,,,,,,
9/01/2008,95.67,95.23,94.66,,,,,,,
10/01/2008,93.71,93.21,92.68,,,,,,,
11/01/2008,92.69,92.16,91.7,,,,,,,
14/01/2008,94.2,93.87,93.41,,,,,,,
15/01/2008,91.9,91.73,91.42,,,,,,,
16/01/2008,90.84,90.36,89.98,,,,,,,
17/01/2008,90.13,89.57,89.22,,,,,,,
18/01/2008,90.57,89.92,89.49,,,,,,,
22/01/2008,89.85,89.21,88.76,,,,,,,
23/01/2008,86.99,86.62,86.27,,,,,,,
24/01/2008,89.41,88.99,88.58,,,,,,,
25/01/2008,90.71,90.47,90.19,,,,,,,
28/01/2008,90.99,90.79,90.55,,,,,,,
29/01/2008,91.64,91.42,91.14,,,,,,,
30/01/2008,92.33,92.16,91.9,,,,,,,
31/01/2008,91.75,91.68,91.52,,,,,,,
1/02/2008,88.96,89,88.92,,,,,,,
4/02/2008,90.02,90.07,89.96,,,,,,,
5/02/2008,88.41,88.45,88.34,,,,,,,
6/02/2008,87.14,87.22,87.19,,,,,,,
7/02/2008,88.11,88.2,88.2,,,,,,,
8/02/2008,91.77,91.77,91.62,,,,,,,
11/02/2008,93.59,93.61,93.42,,,,,,,
12/02/2008,92.78,92.86,92.72,,,,,,,
13/02/2008,93.27,93.41,93.28,,,,,,,
14/02/2008,95.46,95.55,95.39,,,,,,,
15/02/2008,95.5,95.45,95.16,,,,,,,
19/02/2008,100.01,99.7,99.31,,,,,,,
20/02/2008,100.74,99.7,99.26,,,,,,,
21/02/2008,98.23,97.81,97.37,,,,,,,
22/02/2008,98.81,98.42,97.94,,,,,,,
25/02/2008,99.23,98.88,98.47,,,,,,,
26/02/2008,100.88,100.57,100.19,,,,,,,
27/02/2008,99.64,99.38,99.06,,,,,,,
28/02/2008,102.59,102.25,101.85,,,,,,,
29/02/2008,101.84,101.42,100.97,,,,,,,
3/03/2008,102.45,102.01,101.57,,,,,,,
4/03/2008,99.52,98.97,98.47,,,,,,,
5/03/2008,104.52,103.69,102.89,,,,,,,
6/03/2008,105.47,104.67,103.78,,,,,,,
7/03/2008,105.15,104.28,103.34,,,,,,,
10/03/2008,107.9,106.74,105.51,,,,,,,
11/03/2008,108.75,107.52,106.22,,,,,,,
12/03/2008,109.92,108.57,107.2,,,,,,,
13/03/2008,110.33,109.17,107.94,,,,,,,
14/03/2008,110.21,108.74,107.53,,,,,,,
17/03/2008,105.68,104.23,103,,,,,,,
18/03/2008,109.42,108.5,107.35,,,,,,,
19/03/2008,104.48,102.54,101.63,,,,,,,
20/03/2008,101.84,101.06,100.32,,,,,,,
24/03/2008,100.86,100.24,99.65,,,,,,,
25/03/2008,101.22,100.83,100.45,,,,,,,
26/03/2008,105.9,105.14,104.37,,,,,,,
27/03/2008,107.58,106.59,105.63,,,,,,,
28/03/2008,105.62,104.91,104.19,,,,,,,
31/03/2008,101.58,101.09,100.56,,,,,,,
1/04/2008,100.98,100.5,100,,,,,,,
2/04/2008,104.83,104.28,103.72,,,,,,,
3/04/2008,103.83,103.26,102.63,,,,,,,
4/04/2008,106.23,105.76,105.19,,,,,,,
7/04/2008,109.09,108.55,107.89,,,,,,,
8/04/2008,108.5,107.86,107.14,,,,,,,
9/04/2008,110.87,110.19,109.4,,,,,,,
10/04/2008,110.11,109.57,108.93,,,,,,,
11/04/2008,110.14,109.71,109.19,,,,,,,
14/04/2008,111.76,111.17,110.45,,,,,,,
15/04/2008,113.79,113.22,112.48,,,,,,,
16/04/2008,114.93,114.45,113.8,,,,,,,
17/04/2008,114.86,114.45,113.82,,,,,,,
18/04/2008,116.69,116.16,115.41,,,,,,,
21/04/2008,117.48,116.63,115.8,,,,,,,
22/04/2008,119.37,118.07,117.26,,,,,,,
23/04/2008,118.3,117.59,116.89,,,,,,,
24/04/2008,116.06,115.22,114.45,,,,,,,
25/04/2008,118.52,117.53,116.57,,,,,,,
28/04/2008,118.75,117.82,116.93,,,,,,,
29/04/2008,115.63,114.82,114.03,,,,,,,
30/04/2008,113.46,112.73,111.97,,,,,,,
1/05/2008,112.52,111.8,111.08,,,,,,,
2/05/2008,116.32,115.79,115.16,,,,,,,
5/05/2008,119.97,119.47,118.84,,,,,,,
6/05/2008,121.84,121.34,120.75,,,,,,,
7/05/2008,123.53,123.2,122.74,,,,,,,
8/05/2008,123.69,123.61,123.28,,,,,,,
9/05/2008,125.96,126,125.76,,,,,,,
12/05/2008,124.23,124.1,123.86,,,,,,,
13/05/2008,125.8,125.59,125.31,,,,,,,
14/05/2008,124.22,124.11,124.01,,,,,,,
15/05/2008,124.12,123.85,123.67,,,,,,,
16/05/2008,126.29,126.04,125.9,,,,,,,
19/05/2008,127.05,126.72,126.64,,,,,,,
20/05/2008,129.07,128.98,129.25,,,,,,,
21/05/2008,133.17,133.54,133.83,,,,,,,
22/05/2008,130.81,130.9,130.81,,,,,,,
23/05/2008,132.19,132.24,132.03,,,,,,,
27/05/2008,128.85,128.94,128.91,,,,,,,
28/05/2008,131.03,130.99,130.7,,,,,,,
29/05/2008,126.62,126.81,126.75,,,,,,,
30/05/2008,127.35,127.5,127.42,,,,,,,
2/06/2008,127.76,128.05,128.11,,,,,,,
3/06/2008,124.31,124.7,124.88,,,,,,,
4/06/2008,122.3,122.68,122.85,,,,,,,
5/06/2008,127.79,128.18,128.34,,,,,,,
6/06/2008,138.54,138.7,138.62,,,,,,,
9/06/2008,134.35,134.75,134.85,,,,,,,
10/06/2008,131.31,131.86,132.12,,,,,,,
11/06/2008,136.38,136.98,137.32,,,,,,,
12/06/2008,136.74,137.38,137.68,,,,,,,
13/06/2008,134.86,135.47,135.8,,,,,,,
16/06/2008,134.61,135.34,135.88,,,,,,,
17/06/2008,134.01,134.53,135.02,,,,,,,
18/06/2008,136.68,137.17,137.51,,,,,,,
19/06/2008,131.93,132.6,133.02,,,,,,,
20/06/2008,134.62,135.36,135.66,,,,,,,
23/06/2008,136.74,137.14,137.26,,,,,,,
24/06/2008,137,137.52,137.71,,,,,,,
25/06/2008,134.55,135.08,135.33,,,,,,,
26/06/2008,139.64,140.16,140.41,,,,,,,
27/06/2008,140.21,140.75,141.06,,,,,,,
30/06/2008,140,140.58,140.95,,,,,,,
1/07/2008,140.97,141.58,141.98,,,,,,,
2/07/2008,143.57,144.14,144.5,,,,,,,
3/07/2008,145.29,145.86,146.12,,,,,,,
7/07/2008,141.37,142.03,142.42,,,,,,,
8/07/2008,136.04,136.73,137.21,,,,,,,
9/07/2008,136.05,136.72,137.19,,,,,,,
10/07/2008,141.65,142.33,142.76,,,,,,,
11/07/2008,145.08,145.66,145.96,,,,,,,
14/07/2008,145.18,145.78,146.13,,,,,,,
15/07/2008,138.74,139.37,139.83,,,,,,,
16/07/2008,134.6,135.32,135.83,,,,,,,
17/07/2008,129.29,130.18,130.68,,,,,,,
18/07/2008,128.88,129.47,129.97,,,,,,,
21/07/2008,131.04,131.82,132.26,,,,,,,
22/07/2008,127.95,128.42,128.97,,,,,,,
23/07/2008,124.44,125.04,125.49,,,,,,,
24/07/2008,125.49,125.97,126.33,,,,,,,
25/07/2008,123.26,123.82,124.28,,,,,,,
28/07/2008,124.73,125.29,125.75,,,,,,,
29/07/2008,122.19,122.74,123.21,,,,,,,
30/07/2008,126.77,127.2,127.57,,,,,,,
31/07/2008,124.08,124.51,124.95,,,,,,,
1/08/2008,125.1,125.5,125.94,,,,,,,
4/08/2008,121.41,121.69,122.08,,,,,,,
5/08/2008,119.17,119.22,119.42,,,,,,,
6/08/2008,118.58,118.44,118.59,,,,,,,
7/08/2008,120.02,119.78,119.78,,,,,,,
8/08/2008,115.2,115.4,115.77,,,,,,,
11/08/2008,114.45,114.66,115.04,,,,,,,
12/08/2008,113.01,113.13,113.52,,,,,,,
13/08/2008,116,115.99,116.27,,,,,,,
14/08/2008,115.01,115.03,115.37,,,,,,,
15/08/2008,113.77,113.94,114.41,,,,,,,
18/08/2008,112.87,112.89,113.32,,,,,,,
19/08/2008,114.53,114.54,114.93,,,,,,,
20/08/2008,114.98,115.56,116.03,,,,,,,
21/08/2008,121.18,121.72,122.27,,,,,,,
22/08/2008,114.59,115.14,115.7,,,,,,,
25/08/2008,115.11,115.71,116.31,,,,,,,
26/08/2008,116.27,116.7,117.14,,,,,,,
27/08/2008,118.15,118.44,118.79,,,,,,,
28/08/2008,115.59,115.99,116.47,,,,,,,
29/08/2008,115.46,115.85,116.31,,,,,,,
2/09/2008,109.71,110.3,110.97,,,,,,,
3/09/2008,109.35,109.87,110.45,,,,,,,
4/09/2008,107.89,108.44,109,,,,,,,
5/09/2008,106.23,106.69,107.18,,,,,,,
8/09/2008,106.34,106.61,107.03,,,,,,,
9/09/2008,103.26,103.36,103.74,,,,,,,
10/09/2008,102.58,102.62,102.92,,,,,,,
11/09/2008,100.87,100.93,101.25,,,,,,,
12/09/2008,101.18,101.25,101.62,,,,,,,
15/09/2008,95.71,95.69,96.04,,,,,,,
16/09/2008,91.15,91.02,91.17,,,,,,,
17/09/2008,97.16,96.96,96.95,,,,,,,
18/09/2008,97.88,97.54,97.6,,,,,,,
19/09/2008,104.55,102.75,102.54,,,,,,,
22/09/2008,120.92,109.37,108.87,,,,,,,
23/09/2008,106.61,105.47,105.1,,,,,,,
24/09/2008,105.73,105.02,104.91,,,,,,,
25/09/2008,108.02,107.21,107.11,,,,,,,
26/09/2008,106.89,106.18,106.16,,,,,,,
29/09/2008,96.37,96.09,96.37,,,,,,,
30/09/2008,100.64,100.26,100.51,,,,,,,
1/10/2008,98.53,97.92,98,,,,,,,
2/10/2008,93.97,93.29,93.24,,,,,,,
3/10/2008,93.88,93.01,92.81,,,,,,,
6/10/2008,87.81,86.71,86.52,,,,,,,
7/10/2008,90.06,88.71,88.4,,,,,,,
8/10/2008,88.95,88.43,88.48,,,,,,,
9/10/2008,86.59,86.62,86.91,,,,,,,
10/10/2008,77.7,77.99,78.34,,,,,,,
13/10/2008,81.19,81.68,82.04,,,,,,,
14/10/2008,78.63,78.95,79.33,,,,,,,
15/10/2008,74.54,74.88,75.24,,,,,,,
16/10/2008,69.85,70.26,70.69,,,,,,,
17/10/2008,71.85,72.13,72.49,,,,,,,
20/10/2008,74.25,74.39,74.69,,,,,,,
21/10/2008,70.89,72.18,72.64,,,,,,,
22/10/2008,66.75,67.16,67.64,,,,,,,
23/10/2008,67.84,68.24,68.71,,,,,,,
24/10/2008,64.15,64.58,65.06,,,,,,,
27/10/2008,63.22,63.71,64.23,,,,,,,
28/10/2008,62.73,63.21,63.72,,,,,,,
29/10/2008,67.5,67.99,68.54,,,,,,,
30/10/2008,65.96,66.54,67.27,,,,,,,
31/10/2008,67.81,68.48,69.22,,,,,,,
3/11/2008,63.91,64.59,65.3,,,,,,,
4/11/2008,70.53,71.19,71.96,,,,,,,
5/11/2008,65.3,66.01,66.84,,,,,,,
6/11/2008,60.77,61.47,62.36,,,,,,,
7/11/2008,61.04,61.87,62.81,,,,,,,
10/11/2008,62.41,63.27,64.19,,,,,,,
11/11/2008,59.33,60.22,61.12,,,,,,,
12/11/2008,56.16,57.03,57.95,,,,,,,
13/11/2008,58.24,59.06,60,,,,,,,
14/11/2008,57.04,57.6,58.4,,,,,,,
17/11/2008,54.95,55.49,56.28,,,,,,,
18/11/2008,54.39,54.76,55.58,,,,,,,
19/11/2008,53.62,54.1,54.95,,,,,,,
20/11/2008,49.62,49.42,50.41,,,,,,,
21/11/2008,49.93,50.96,52.05,,,,,,,
24/11/2008,54.5,55.62,56.68,,,,,,,
25/11/2008,50.77,52.01,53.21,,,,,,,
26/11/2008,54.44,55.7,56.92,,,,,,,
28/11/2008,54.43,55.82,57.09,,,,,,,
1/12/2008,49.28,50.68,52,,,,,,,
2/12/2008,46.96,48.43,49.84,,,,,,,
3/12/2008,46.79,48.32,49.87,,,,,,,
4/12/2008,43.67,45.21,46.86,,,,,,,
5/12/2008,40.81,42.93,44.76,,,,,,,
8/12/2008,43.71,46.36,48.62,,,,,,,
9/12/2008,42.07,44.66,46.86,,,,,,,
10/12/2008,43.52,46.02,48.04,,,,,,,
11/12/2008,47.98,50.84,52.97,,,,,,,
12/12/2008,46.28,49.12,51.54,,,,,,,
15/12/2008,44.51,47.47,50,,,,,,,
16/12/2008,43.6,46.7,49.17,,,,,,,
17/12/2008,40.06,44.61,47.27,,,,,,,
18/12/2008,36.22,41.67,44.39,,,,,,,
19/12/2008,33.87,42.36,45.16,,,,,,,
22/12/2008,39.91,42.88,44.76,,,,,,,
23/12/2008,38.98,42.03,43.86,,,,,,,
24/12/2008,35.35,38.23,40.06,,,,,,,
26/12/2008,37.71,40.53,42.28,,,,,,,
29/12/2008,40.02,43.03,44.81,,,,,,,
30/12/2008,39.03,42.76,44.8,,,,,,,
31/12/2008,44.6,48.59,50.57,,,,,,,
2/01/2009,46.34,50.21,52.23,,,,,,,
5/01/2009,48.81,52.69,54.7,,,,,,,
6/01/2009,48.58,53.13,55.34,,,,,,,
7/01/2009,42.63,47.39,50.06,,,,,,,
8/01/2009,41.7,46.51,49.45,,,,,,,
9/01/2009,40.83,46.07,49.11,,,,,,,
12/01/2009,37.59,43.65,46.97,,,,,,,
13/01/2009,37.78,44.77,48.37,,,,,,,
14/01/2009,37.28,44.19,48.28,,,,,,,
15/01/2009,35.4,43.54,48.11,,,,,,,
16/01/2009,36.51,42.57,47.02,,,,,,,
20/01/2009,38.74,40.84,44.25,,,,,,,
21/01/2009,43.55,45.55,47.12,,,,,,,
22/01/2009,43.67,45.83,47.41,,,,,,,
23/01/2009,46.47,49.21,50.76,,,,,,,
26/01/2009,45.73,48.49,50.03,,,,,,,
27/01/2009,41.58,44.9,47.18,,,,,,,
28/01/2009,42.16,46.07,48.56,,,,,,,
29/01/2009,41.44,46.04,48.66,,,,,,,
30/01/2009,41.68,46.13,48.52,,,,,,,
2/02/2009,40.08,43.92,46.17,,,,,,,
3/02/2009,40.78,44.04,46.13,,,,,,,
4/02/2009,40.32,44.24,46.68,,,,,,,
5/02/2009,41.17,45.76,48.38,,,,,,,
6/02/2009,40.17,46.15,48.85,,,,,,,
9/02/2009,39.56,45.84,48.69,,,,,,,
10/02/2009,37.55,43.76,46.76,,,,,,,
11/02/2009,35.94,42.47,45.95,,,,,,,
12/02/2009,33.98,42.17,45.92,,,,,,,
13/02/2009,37.51,41.97,44.94,,,,,,,
17/02/2009,34.93,38.54,41.23,,,,,,,
18/02/2009,34.62,37.41,39.72,,,,,,,
19/02/2009,39.48,40.18,42.51,,,,,,,
20/02/2009,38.94,40.03,42.17,,,,,,,
23/02/2009,38.44,41.27,42.86,,,,,,,
24/02/2009,39.96,42.76,44.23,,,,,,,
25/02/2009,42.5,44.66,45.89,,,,,,,
26/02/2009,45.22,47.47,48.74,,,,,,,
27/02/2009,44.76,46.89,48.05,,,,,,,
2/03/2009,40.15,42.45,43.68,,,,,,,
3/03/2009,41.65,43.91,45.03,,,,,,,
4/03/2009,45.38,47.2,48.09,,,,,,,
5/03/2009,43.61,45.66,46.77,,,,,,,
6/03/2009,45.52,47.72,48.77,,,,,,,
9/03/2009,47.07,48.06,48.75,,,,,,,
10/03/2009,45.71,46.98,48.07,,,,,,,
11/03/2009,42.33,43.99,45.29,,,,,,,
12/03/2009,47.03,47.97,49.01,,,,,,,
13/03/2009,46.25,47.03,48.11,,,,,,,
16/03/2009,47.35,48.05,49.11,,,,,,,
17/03/2009,49.16,50.04,51.21,,,,,,,
18/03/2009,48.14,48.9,50.35,,,,,,,
19/03/2009,51.61,52.04,53.53,,,,,,,
20/03/2009,51.06,52.07,53.8,,,,,,,
23/03/2009,53.8,55.73,57.2,,,,,,,
24/03/2009,53.98,55.63,57,,,,,,,
25/03/2009,52.77,54.19,55.47,,,,,,,
26/03/2009,54.34,55.78,57.04,,,,,,,
27/03/2009,52.38,54.02,55.48,,,,,,,
30/03/2009,48.41,50.2,51.79,,,,,,,
31/03/2009,49.66,51.37,52.85,,,,,,,
1/04/2009,48.39,50.2,51.77,,,,,,,
2/04/2009,52.64,54.52,56.1,,,,,,,
3/04/2009,52.51,54.68,56.52,,,,,,,
6/04/2009,51.05,53.38,55.4,,,,,,,
7/04/2009,49.15,51.91,54.29,,,,,,,
8/04/2009,49.38,52.07,54.48,,,,,,,
9/04/2009,52.24,54.69,56.9,,,,,,,
13/04/2009,50.05,52.98,55.33,,,,,,,
14/04/2009,49.41,52.52,54.93,,,,,,,
15/04/2009,49.25,51.77,54.09,,,,,,,
16/04/2009,49.98,52.16,54.36,,,,,,,
17/04/2009,50.33,52.47,54.56,,,,,,,
20/04/2009,45.88,48.51,50.77,,,,,,,
21/04/2009,46.51,48.55,50.61,,,,,,,
22/04/2009,48.85,50.7,52.19,,,,,,,
23/04/2009,49.62,51.07,52.33,,,,,,,
24/04/2009,51.55,52.94,54.1,,,,,,,
27/04/2009,50.14,51.52,52.69,,,,,,,
28/04/2009,49.92,51.09,52.18,,,,,,,
29/04/2009,50.97,52.21,53.31,,,,,,,
30/04/2009,51.12,52.28,53.4,,,,,,,
1/05/2009,53.2,54.54,55.73,,,,,,,
4/05/2009,54.47,56.18,57.64,,,,,,,
5/05/2009,53.84,55.44,56.84,,,,,,,
6/05/2009,56.34,57.59,58.76,,,,,,,
7/05/2009,56.71,58.02,59.03,,,,,,,
8/05/2009,58.63,59.74,60.62,,,,,,,
11/05/2009,58.5,59.41,60.23,,,,,,,
12/05/2009,58.85,59.71,60.59,,,,,,,
13/05/2009,58.02,58.97,59.88,,,,,,,
14/05/2009,58.62,59.42,60.27,,,,,,,
15/05/2009,56.34,57,57.78,,,,,,,
18/05/2009,59.03,59.59,60.29,,,,,,,
19/05/2009,59.65,60.1,60.81,,,,,,,
20/05/2009,62.04,62.62,63.21,,,,,,,
21/05/2009,61.05,61.81,62.54,,,,,,,
22/05/2009,61.67,62.38,63.07,,,,,,,
26/05/2009,62.45,63.1,63.7,,,,,,,
27/05/2009,63.45,64.16,64.74,,,,,,,
28/05/2009,65.08,65.87,66.55,,,,,,,
29/05/2009,66.31,67.07,67.72,,,,,,,
1/06/2009,68.58,69.37,70.07,,,,,,,
2/06/2009,68.55,69.43,70.25,,,,,,,
3/06/2009,66.12,67.09,68.02,,,,,,,
4/06/2009,68.81,69.69,70.52,,,,,,,
5/06/2009,68.44,69.35,70.24,,,,,,,
8/06/2009,68.09,69.03,70.02,,,,,,,
9/06/2009,70.01,70.74,71.65,,,,,,,
10/06/2009,71.33,72.03,72.89,,,,,,,
11/06/2009,72.68,73.48,74.31,,,,,,,
12/06/2009,72.04,72.75,73.56,,,,,,,
15/06/2009,70.62,71.31,72.15,,,,,,,
16/06/2009,70.47,71.16,71.96,,,,,,,
17/06/2009,71.03,71.7,72.61,,,,,,,
18/06/2009,71.37,71.91,72.69,,,,,,,
19/06/2009,69.55,70.02,70.88,,,,,,,
22/06/2009,66.93,67.5,68.32,,,,,,,
23/06/2009,69.24,70.03,70.71,,,,,,,
24/06/2009,68.67,69.5,70.21,,,,,,,
25/06/2009,70.23,71.08,71.81,,,,,,,
26/06/2009,69.16,70.02,70.76,,,,,,,
29/06/2009,71.49,72.38,73.09,,,,,,,
30/06/2009,69.89,70.84,71.6,,,,,,,
1/07/2009,69.31,70.27,71.08,,,,,,,
2/07/2009,66.73,67.74,68.65,,,,,,,
6/07/2009,64.05,64.97,65.9,,,,,,,
7/07/2009,62.93,63.86,64.82,,,,,,,
8/07/2009,60.14,61.16,62.23,,,,,,,
9/07/2009,60.41,61.49,62.59,,,,,,,
10/07/2009,59.89,60.88,61.94,,,,,,,
13/07/2009,59.69,60.56,61.62,,,,,,,
14/07/2009,59.52,60.39,61.5,,,,,,,
15/07/2009,61.54,62.58,63.76,,,,,,,
16/07/2009,62.02,63.06,64.33,,,,,,,
17/07/2009,63.56,64.58,65.85,,,,,,,
20/07/2009,63.98,65.29,66.77,,,,,,,
21/07/2009,64.72,65.61,66.97,,,,,,,
22/07/2009,65.4,67.04,68.53,,,,,,,
23/07/2009,67.16,68.87,70.41,,,,,,,
24/07/2009,68.05,69.79,71.36,,,,,,,
27/07/2009,68.38,70.05,71.48,,,,,,,
28/07/2009,67.23,68.98,70.46,,,,,,,
29/07/2009,63.35,65.23,66.9,,,,,,,
30/07/2009,66.94,68.92,70.48,,,,,,,
31/07/2009,69.45,71.15,72.4,,,,,,,
3/08/2009,71.58,73.18,74.27,,,,,,,
4/08/2009,71.42,73.3,74.69,,,,,,,
5/08/2009,71.97,73.93,75.37,,,,,,,
6/08/2009,71.94,73.87,75.21,,,,,,,
7/08/2009,70.93,72.78,74.08,,,,,,,
10/08/2009,70.6,72.61,74.08,,,,,,,
11/08/2009,69.45,71.35,72.77,,,,,,,
12/08/2009,70.16,72.01,73.36,,,,,,,
13/08/2009,70.52,72.48,73.87,,,,,,,
14/08/2009,67.51,69.6,71.06,,,,,,,
17/08/2009,66.75,68.81,70.24,,,,,,,
18/08/2009,69.19,71.09,72.3,,,,,,,
19/08/2009,72.42,73.83,74.79,,,,,,,
20/08/2009,72.54,72.91,73.77,,,,,,,
21/08/2009,73.89,74.82,75.48,,,,,,,
24/08/2009,74.37,75.08,75.75,,,,,,,
25/08/2009,72.05,72.78,73.51,,,,,,,
26/08/2009,71.43,72.19,72.98,,,,,,,
27/08/2009,72.49,73.14,73.87,,,,,,,
28/08/2009,72.74,73.46,74.16,,,,,,,
31/08/2009,69.96,70.66,71.38,,,,,,,
1/09/2009,68.05,68.72,69.45,,,,,,,
2/09/2009,68.05,68.68,69.33,,,,,,,
3/09/2009,67.96,68.55,69.15,,,,,,,
4/09/2009,68.02,68.55,69.08,,,,,,,
8/09/2009,71.1,71.59,72,,,,,,,
9/09/2009,71.31,71.82,72.21,,,,,,,
10/09/2009,71.94,72.27,72.61,,,,,,,
11/09/2009,69.29,69.72,70.2,,,,,,,
14/09/2009,68.86,69.37,69.86,,,,,,,
15/09/2009,70.93,71.3,71.69,,,,,,,
16/09/2009,72.51,72.87,73.25,,,,,,,
17/09/2009,72.47,72.94,73.43,,,,,,,
18/09/2009,72.04,72.49,73.04,,,,,,,
21/09/2009,69.71,69.93,70.41,,,,,,,
22/09/2009,71.55,71.76,72.22,,,,,,,
23/09/2009,68.97,69.51,70.06,,,,,,,
24/09/2009,65.89,66.38,66.93,,,,,,,
25/09/2009,66.02,66.42,66.9,,,,,,,
28/09/2009,66.84,67.17,67.64,,,,,,,
29/09/2009,66.71,67.08,67.53,,,,,,,
30/09/2009,70.61,70.94,71.31,,,,,,,
1/10/2009,70.82,71.2,71.63,,,,,,,
2/10/2009,69.95,70.33,70.78,,,,,,,
5/10/2009,70.41,70.61,70.98,,,,,,,
6/10/2009,70.88,71.14,71.52,,,,,,,
7/10/2009,69.57,69.88,70.34,,,,,,,
8/10/2009,71.69,72.14,72.72,,,,,,,
9/10/2009,71.77,72.25,72.84,,,,,,,
12/10/2009,73.27,73.74,74.28,,,,,,,
13/10/2009,74.15,74.71,75.29,,,,,,,
14/10/2009,75.18,75.6,76.12,,,,,,,
15/10/2009,77.58,78.08,78.59,,,,,,,
16/10/2009,78.53,79.02,79.5,,,,,,,
19/10/2009,79.61,79.96,80.43,,,,,,,
20/10/2009,79.09,79.12,79.68,,,,,,,
21/10/2009,81.37,81.96,82.58,,,,,,,
22/10/2009,81.19,81.84,82.48,,,,,,,
23/10/2009,80.5,81.19,81.87,,,,,,,
26/10/2009,78.68,79.37,80.04,,,,,,,
27/10/2009,79.55,80.15,80.75,,,,,,,
28/10/2009,77.46,78.06,78.65,,,,,,,
29/10/2009,79.87,80.4,80.95,,,,,,,
30/10/2009,77,77.64,78.27,,,,,,,
2/11/2009,78.13,78.82,79.51,,,,,,,
3/11/2009,79.6,80.26,80.92,,,,,,,
4/11/2009,80.4,81.07,81.74,,,,,,,
5/11/2009,79.62,80.28,80.93,,,,,,,
6/11/2009,77.43,78.09,78.75,,,,,,,
9/11/2009,79.43,80.07,80.72,,,,,,,
10/11/2009,79.05,79.64,80.27,,,,,,,
11/11/2009,79.28,79.92,80.59,,,,,,,
12/11/2009,76.94,77.65,78.39,,,,,,,
13/11/2009,76.35,77.03,77.75,,,,,,,
16/11/2009,78.9,79.53,80.22,,,,,,,
17/11/2009,79.14,79.72,80.44,,,,,,,
18/11/2009,79.58,80.1,80.82,,,,,,,
19/11/2009,77.46,78.05,78.84,,,,,,,
20/11/2009,76.72,77.47,78.3,,,,,,,
23/11/2009,77.56,78.5,79.33,,,,,,,
24/11/2009,76.02,77.19,78.18,,,,,,,
25/11/2009,77.96,79.19,80.23,,,,,,,
27/11/2009,76.05,77.36,78.5,,,,,,,
30/11/2009,77.28,78.66,79.84,,,,,,,
1/12/2009,78.37,79.77,80.94,,,,,,,
2/12/2009,76.6,78.17,79.45,,,,,,,
3/12/2009,76.46,78.21,79.65,,,,,,,
4/12/2009,75.47,77.25,78.72,,,,,,,
7/12/2009,73.93,75.91,77.55,,,,,,,
8/12/2009,72.62,74.62,76.14,,,,,,,
9/12/2009,70.67,72.55,73.92,,,,,,,
10/12/2009,70.54,72.32,73.68,,,,,,,
11/12/2009,69.87,71.95,73.54,,,,,,,
14/12/2009,69.51,71.86,73.46,,,,,,,
15/12/2009,70.69,72.69,73.93,,,,,,,
16/12/2009,72.66,74.38,75.32,,,,,,,
17/12/2009,72.65,74.08,74.89,,,,,,,
18/12/2009,73.36,74.42,75.23,,,,,,,
21/12/2009,72.47,73.72,74.55,,,,,,,
22/12/2009,74.4,75.06,75.74,,,,,,,
23/12/2009,76.67,77.25,77.86,,,,,,,
24/12/2009,78.05,78.66,79.32,,,,,,,
28/12/2009,78.77,79.45,80.17,,,,,,,
29/12/2009,78.87,79.59,80.31,,,,,,,
30/12/2009,79.28,80.03,80.73,,,,,,,
31/12/2009,79.36,80.02,80.63,,,,,,,
4/01/2010,81.51,82.12,82.65,,,,,,,
5/01/2010,81.77,82.41,82.99,,,,,,,
6/01/2010,83.18,83.75,84.31,,,,,,,
7/01/2010,82.66,83.19,83.75,,,,,,,
8/01/2010,82.75,83.3,83.87,,,,,,,
11/01/2010,82.52,83.01,83.55,,,,,,,
12/01/2010,80.79,81.17,81.7,,,,,,,
13/01/2010,79.65,80.04,80.6,,,,,,,
14/01/2010,79.39,79.88,80.47,,,,,,,
15/01/2010,78,78.37,78.97,,,,,,,
19/01/2010,79.02,79.32,79.81,,,,,,,
20/01/2010,77.62,77.74,78.23,,,,,,,
21/01/2010,76.08,76.53,77.13,,,,,,,
22/01/2010,74.54,74.92,75.46,,,,,,,
25/01/2010,75.26,75.69,76.27,,,,,,,
26/01/2010,74.71,75.15,75.73,,,,,,,
27/01/2010,73.67,74.15,74.75,,,,,,,
28/01/2010,73.64,74.07,74.64,,,,,,,
29/01/2010,72.89,73.35,73.95,,,,,,,
1/02/2010,74.43,74.91,75.52,,,,,,,
2/02/2010,77.23,77.72,78.34,,,,,,,
3/02/2010,76.98,77.43,78.05,,,,,,,
4/02/2010,73.14,73.54,74.14,,,,,,,
5/02/2010,71.19,71.52,71.95,,,,,,,
8/02/2010,71.89,72.29,72.76,,,,,,,
9/02/2010,73.75,74.2,74.71,,,,,,,
10/02/2010,74.52,74.89,75.34,,,,,,,
11/02/2010,75.28,75.72,76.23,,,,,,,
12/02/2010,74.13,74.5,75.03,,,,,,,
16/02/2010,77.01,77.42,77.92,,,,,,,
17/02/2010,77.33,77.73,78.22,,,,,,,
18/02/2010,79.06,79.42,79.85,,,,,,,
19/02/2010,79.81,80.06,80.45,,,,,,,
22/02/2010,80.16,80.31,80.72,,,,,,,
23/02/2010,78.86,79.29,79.74,,,,,,,
24/02/2010,80,80.38,80.78,,,,,,,
25/02/2010,78.17,78.53,78.9,,,,,,,
26/02/2010,79.66,80.01,80.37,,,,,,,
1/03/2010,78.7,79.08,79.48,,,,,,,
2/03/2010,79.68,80.06,80.44,,,,,,,
3/03/2010,80.87,81.26,81.64,,,,,,,
4/03/2010,80.21,80.63,81.1,,,,,,,
5/03/2010,81.5,81.92,82.37,,,,,,,
8/03/2010,81.87,82.31,82.78,,,,,,,
9/03/2010,81.49,81.86,82.3,,,,,,,
10/03/2010,82.09,82.43,82.79,,,,,,,
11/03/2010,82.11,82.43,82.78,,,,,,,
12/03/2010,81.24,81.54,81.88,,,,,,,
15/03/2010,79.8,80.08,80.43,,,,,,,
16/03/2010,81.7,81.97,82.31,,,,,,,
17/03/2010,82.93,83.21,83.56,,,,,,,
18/03/2010,82.2,82.54,82.94,,,,,,,
19/03/2010,80.68,80.97,81.36,,,,,,,
22/03/2010,81.25,81.6,81.97,,,,,,,
23/03/2010,81.91,82.25,82.63,,,,,,,
24/03/2010,80.61,81.01,81.44,,,,,,,
25/03/2010,80.53,80.99,81.46,,,,,,,
26/03/2010,80,80.47,80.96,,,,,,,
29/03/2010,82.17,82.59,83.02,,,,,,,
30/03/2010,82.37,82.77,83.17,,,,,,,
31/03/2010,83.76,84.18,84.57,,,,,,,
1/04/2010,84.87,85.34,85.78,,,,,,,
5/04/2010,86.62,87.13,87.62,,,,,,,
6/04/2010,86.84,87.39,87.94,,,,,,,
7/04/2010,85.88,86.51,87.17,,,,,,,
8/04/2010,85.39,86.03,86.75,,,,,,,
9/04/2010,84.92,85.63,86.52,,,,,,,
12/04/2010,84.34,85.28,86.41,,,,,,,
13/04/2010,84.05,85.11,86.16,,,,,,,
14/04/2010,85.84,86.73,87.71,,,,,,,
15/04/2010,85.51,86.75,88.07,,,,,,,
16/04/2010,83.24,84.67,86.22,,,,,,,
19/04/2010,81.45,83.13,84.62,,,,,,,
20/04/2010,83.45,83.85,85.25,,,,,,,
21/04/2010,83.68,85.63,86.75,,,,,,,
22/04/2010,83.7,85.64,86.85,,,,,,,
23/04/2010,85.12,87.04,88.3,,,,,,,
26/04/2010,84.2,86.47,87.95,,,,,,,
27/04/2010,82.44,85,86.77,,,,,,,
28/04/2010,83.22,85.67,87.29,,,,,,,
29/04/2010,85.17,87.25,88.51,,,,,,,
30/04/2010,86.15,88.36,89.68,,,,,,,
3/05/2010,86.19,89.15,90.77,,,,,,,
4/05/2010,82.74,85.76,87.26,,,,,,,
5/05/2010,79.97,82.99,84.56,,,,,,,
6/05/2010,77.11,80.18,81.8,,,,,,,
7/05/2010,75.11,78.51,80.22,,,,,,,
10/05/2010,76.8,80.52,82.17,,,,,,,
11/05/2010,76.37,80.22,82.18,,,,,,,
12/05/2010,75.65,80.15,82.55,,,,,,,
13/05/2010,74.4,78.99,81.43,,,,,,,
14/05/2010,71.61,75.43,77.67,,,,,,,
17/05/2010,70.08,73.22,75.06,,,,,,,
18/05/2010,69.41,72.7,74.39,,,,,,,
19/05/2010,69.87,72.48,73.78,,,,,,,
20/05/2010,68.01,70.8,71.96,,,,,,,
21/05/2010,70.04,71.67,72.75,,,,,,,
24/05/2010,70.21,71.62,72.59,,,,,,,
25/05/2010,68.75,70.1,71.04,,,,,,,
26/05/2010,71.51,72.54,73.36,,,,,,,
27/05/2010,74.55,75.62,76.5,,,,,,,
28/05/2010,73.97,75.16,76.12,,,,,,,
1/06/2010,72.58,73.9,74.9,,,,,,,
2/06/2010,72.86,74.5,75.76,,,,,,,
3/06/2010,74.61,76.05,77.11,,,,,,,
4/06/2010,71.51,72.8,73.77,,,,,,,
7/06/2010,71.44,72.77,73.85,,,,,,,
8/06/2010,71.99,73.06,73.98,,,,,,,
9/06/2010,74.38,75.44,76.33,,,,,,,
10/06/2010,75.48,76.68,77.6,,,,,,,
11/06/2010,73.78,75.34,76.51,,,,,,,
14/06/2010,75.12,76.28,77.16,,,,,,,
15/06/2010,76.94,77.91,78.71,,,,,,,
16/06/2010,77.67,78.72,79.6,,,,,,,
17/06/2010,76.79,78.04,79.12,,,,,,,
18/06/2010,77.18,78.26,79.18,,,,,,,
21/06/2010,77.82,78.61,79.48,,,,,,,
22/06/2010,77.21,77.85,78.66,,,,,,,
23/06/2010,76.35,77.03,77.65,,,,,,,
24/06/2010,76.51,77.15,77.66,,,,,,,
25/06/2010,78.86,79.43,79.9,,,,,,,
28/06/2010,78.25,78.9,79.48,,,,,,,
29/06/2010,75.94,76.57,77.1,,,,,,,
30/06/2010,75.63,76.16,76.6,,,,,,,
1/07/2010,72.95,73.46,73.93,,,,,,,
2/07/2010,72.14,72.6,73.06,,,,,,,
6/07/2010,71.98,72.51,73.06,,,,,,,
7/07/2010,74.07,74.64,75.19,,,,,,,
8/07/2010,75.44,76.03,76.58,,,,,,,
9/07/2010,76.09,76.63,77.07,,,,,,,
12/07/2010,74.95,75.44,75.87,,,,,,,
13/07/2010,77.15,77.59,77.98,,,,,,,
14/07/2010,77.04,77.45,77.79,,,,,,,
15/07/2010,76.62,77.01,77.38,,,,,,,
16/07/2010,76.01,76.38,76.8,,,,,,,
19/07/2010,76.54,76.9,77.29,,,,,,,
20/07/2010,77.44,77.58,77.92,,,,,,,
21/07/2010,76.56,77,77.56,,,,,,,
22/07/2010,79.3,79.64,80.12,,,,,,,
23/07/2010,78.98,79.34,79.83,,,,,,,
26/07/2010,78.98,79.37,79.86,,,,,,,
27/07/2010,77.5,77.9,78.41,,,,,,,
28/07/2010,76.99,77.44,78.03,,,,,,,
29/07/2010,78.36,78.83,79.43,,,,,,,
30/07/2010,78.95,79.39,79.95,,,,,,,
2/08/2010,81.34,81.76,82.3,,,,,,,
3/08/2010,82.55,82.99,83.53,,,,,,,
4/08/2010,82.47,82.91,83.46,,,,,,,
5/08/2010,82.01,82.45,83,,,,,,,
6/08/2010,80.7,81.18,81.77,,,,,,,
9/08/2010,81.48,81.95,82.56,,,,,,,
10/08/2010,80.25,80.71,81.31,,,,,,,
11/08/2010,78.02,78.49,79.13,,,,,,,
12/08/2010,75.74,76.15,76.73,,,,,,,
13/08/2010,75.39,75.77,76.36,,,,,,,
16/08/2010,75.24,75.6,76.25,,,,,,,
17/08/2010,75.77,76.16,76.95,,,,,,,
18/08/2010,75.42,75.78,76.51,,,,,,,
19/08/2010,74.43,74.77,75.42,,,,,,,
20/08/2010,73.46,73.82,74.46,,,,,,,
23/08/2010,73.1,73.73,74.5,,,,,,,
24/08/2010,71.63,72.36,73.22,,,,,,,
25/08/2010,72.52,73.24,74.11,,,,,,,
26/08/2010,73.36,74.22,75.19,,,,,,,
27/08/2010,75.17,76.21,77.3,,,,,,,
30/08/2010,74.7,75.91,77.17,,,,,,,
31/08/2010,71.92,73.54,75.1,,,,,,,
1/09/2010,73.91,75.36,76.86,,,,,,,
2/09/2010,75.02,76.24,77.49,,,,,,,
3/09/2010,74.6,75.97,77.29,,,,,,,
7/09/2010,74.09,75.85,77.47,,,,,,,
8/09/2010,74.67,76.37,77.91,,,,,,,
9/09/2010,74.25,75.79,77.23,,,,,,,
10/09/2010,76.45,77.37,78.26,,,,,,,
13/09/2010,77.19,78.03,78.87,,,,,,,
14/09/2010,76.8,77.83,78.83,,,,,,,
15/09/2010,76.02,77.12,78.4,,,,,,,
16/09/2010,74.57,75.74,77.19,,,,,,,
17/09/2010,73.66,74.92,76.67,,,,,,,
20/09/2010,74.86,76.19,77.8,,,,,,,
21/09/2010,73.52,74.97,76.65,,,,,,,
22/09/2010,74.71,76.3,77.63,,,,,,,
23/09/2010,75.18,76.54,77.7,,,,,,,
24/09/2010,76.49,77.65,78.62,,,,,,,
27/09/2010,76.52,77.5,78.35,,,,,,,
28/09/2010,76.18,77.41,78.4,,,,,,,
29/09/2010,77.86,79.09,80.15,,,,,,,
30/09/2010,79.97,80.95,81.81,,,,,,,
1/10/2010,81.58,82.5,83.28,,,,,,,
4/10/2010,81.47,82.2,82.88,,,,,,,
5/10/2010,82.82,83.64,84.39,,,,,,,
6/10/2010,83.23,83.99,84.77,,,,,,,
7/10/2010,81.67,82.38,83.16,,,,,,,
8/10/2010,82.66,83.35,84.04,,,,,,,
11/10/2010,82.21,83.01,83.88,,,,,,,
12/10/2010,81.67,82.45,83.32,,,,,,,
13/10/2010,83.01,83.74,84.49,,,,,,,
14/10/2010,82.69,83.36,84.04,,,,,,,
15/10/2010,81.25,81.93,82.61,,,,,,,
18/10/2010,83.08,83.8,84.49,,,,,,,
19/10/2010,79.49,80.16,80.88,,,,,,,
20/10/2010,81.77,82.54,83.26,,,,,,,
21/10/2010,80.56,81.33,81.94,,,,,,,
22/10/2010,81.69,82.45,83.06,,,,,,,
25/10/2010,82.52,83.21,83.76,,,,,,,
26/10/2010,82.55,83.2,83.74,,,,,,,
27/10/2010,81.94,82.67,83.28,,,,,,,
28/10/2010,82.18,82.94,83.57,,,,,,,
29/10/2010,81.43,82.15,82.73,,,,,,,
1/11/2010,82.95,83.67,84.24,,,,,,,
2/11/2010,83.9,84.56,85.09,,,,,,,
3/11/2010,84.69,85.35,85.89,,,,,,,
4/11/2010,86.49,87.16,87.66,,,,,,,
5/11/2010,86.85,87.48,87.97,,,,,,,
8/11/2010,87.06,87.71,88.22,,,,,,,
9/11/2010,86.72,87.35,87.85,,,,,,,
10/11/2010,87.81,88.29,88.68,,,,,,,
11/11/2010,87.81,88.28,88.69,,,,,,,
12/11/2010,84.88,85.34,85.8,,,,,,,
15/11/2010,84.86,85.29,85.84,,,,,,,
16/11/2010,82.34,82.84,83.44,,,,,,,
17/11/2010,80.44,81.04,81.71,,,,,,,
18/11/2010,81.85,82.42,83.08,,,,,,,
19/11/2010,81.51,81.98,82.58,,,,,,,
22/11/2010,81.74,82.33,82.83,,,,,,,
23/11/2010,81.25,81.83,82.35,,,,,,,
24/11/2010,83.86,84.43,84.94,,,,,,,
26/11/2010,83.76,84.35,84.87,,,,,,,
29/11/2010,85.73,86.27,86.73,,,,,,,
30/11/2010,84.11,84.65,85.08,,,,,,,
1/12/2010,86.75,87.25,87.63,,,,,,,
2/12/2010,88,88.42,88.75,,,,,,,
3/12/2010,89.19,89.59,89.87,,,,,,,
6/12/2010,89.38,89.74,89.98,,,,,,,
7/12/2010,88.69,89.22,89.67,,,,,,,
8/12/2010,88.28,88.82,89.29,,,,,,,
9/12/2010,88.37,88.88,89.34,,,,,,,
10/12/2010,87.79,88.31,88.79,,,,,,,
13/12/2010,88.61,89.14,89.63,,,,,,,
14/12/2010,88.28,88.84,89.43,,,,,,,
15/12/2010,88.62,89.24,89.89,,,,,,,
16/12/2010,87.7,88.4,89.18,,,,,,,
17/12/2010,88.02,88.6,89.37,,,,,,,
20/12/2010,88.81,89.37,90.16,,,,,,,
21/12/2010,89.82,90.64,91.27,,,,,,,
22/12/2010,90.48,91.21,91.81,,,,,,,
23/12/2010,91.51,92.16,92.69,,,,,,,
27/12/2010,91,91.74,92.36,,,,,,,
28/12/2010,91.49,92.23,92.83,,,,,,,
29/12/2010,91.12,91.9,92.53,,,,,,,
30/12/2010,89.84,90.69,91.37,,,,,,,
31/12/2010,91.38,92.22,92.91,,,,,,,
3/01/2011,91.55,92.43,93.14,,,,,,,
4/01/2011,89.38,90.42,91.32,,,,,,,
5/01/2011,90.3,91.42,92.39,,,,,,,
6/01/2011,88.38,89.75,90.9,,,,,,,
7/01/2011,88.03,89.22,90.17,,,,,,,
10/01/2011,89.25,90.58,91.67,,,,,,,
11/01/2011,91.11,92.36,93.38,,,,,,,
12/01/2011,91.86,92.87,93.74,,,,,,,
13/01/2011,91.4,92.3,93.21,,,,,,,
14/01/2011,91.54,92.57,93.56,,,,,,,
18/01/2011,91.38,92.31,93.33,,,,,,,
19/01/2011,90.86,91.81,92.98,,,,,,,
20/01/2011,88.86,89.59,90.96,,,,,,,
21/01/2011,89.11,90.63,92.04,,,,,,,
24/01/2011,87.87,89.53,91.02,,,,,,,
25/01/2011,86.19,87.88,89.43,,,,,,,
26/01/2011,87.33,89.35,91.11,,,,,,,
27/01/2011,85.64,88.29,90.45,,,,,,,
28/01/2011,89.34,91.68,93.43,,,,,,,
31/01/2011,92.19,94.28,95.82,,,,,,,
1/02/2011,90.77,93.5,95.42,,,,,,,
2/02/2011,90.86,93.68,95.78,,,,,,,
3/02/2011,90.54,93.24,95.37,,,,,,,
4/02/2011,89.03,91.85,94,,,,,,,
7/02/2011,87.48,90.64,93.16,,,,,,,
8/02/2011,86.94,90.24,93.12,,,,,,,
9/02/2011,86.71,90.1,93.19,,,,,,,
10/02/2011,86.73,89.94,92.92,,,,,,,
11/02/2011,85.58,89.13,92.35,,,,,,,
14/02/2011,84.81,88.73,92.26,,,,,,,
15/02/2011,84.32,87.57,90.86,,,,,,,
16/02/2011,84.99,87.84,90.96,,,,,,,
17/02/2011,86.36,88.84,91.18,,,,,,,
18/02/2011,86.2,89.71,92.31,,,,,,,
22/02/2011,93.57,95.42,96.8,,,,,,,
23/02/2011,98.1,99.82,100.64,,,,,,,
24/02/2011,97.28,98.74,99.44,,,,,,,
25/02/2011,97.88,99.36,100.08,,,,,,,
28/02/2011,96.97,98.64,99.44,,,,,,,
1/03/2011,99.63,101.4,102.17,,,,,,,
2/03/2011,102.23,103.48,104.03,,,,,,,
3/03/2011,101.91,103.09,103.77,,,,,,,
4/03/2011,104.42,105.61,106.17,,,,,,,
7/03/2011,105.44,106.73,107.28,,,,,,,
8/03/2011,105.02,105.95,106.48,,,,,,,
9/03/2011,104.38,105.61,106.3,,,,,,,
10/03/2011,102.7,103.92,104.52,,,,,,,
11/03/2011,101.16,102.35,102.95,,,,,,,
14/03/2011,101.19,102.19,102.79,,,,,,,
15/03/2011,97.18,97.98,98.58,,,,,,,
16/03/2011,97.98,98.95,99.58,,,,,,,
17/03/2011,101.42,102.39,103.06,,,,,,,
18/03/2011,101.07,101.85,102.44,,,,,,,
21/03/2011,102.33,103.09,103.72,,,,,,,
22/03/2011,104,104.97,105.52,,,,,,,
23/03/2011,105.75,106.21,106.58,,,,,,,
24/03/2011,105.6,106.11,106.52,,,,,,,
25/03/2011,105.4,105.94,106.38,,,,,,,
28/03/2011,103.98,104.56,105.06,,,,,,,
29/03/2011,104.79,105.32,105.79,,,,,,,
30/03/2011,104.27,104.84,105.37,,,,,,,
31/03/2011,106.72,107.24,107.71,,,,,,,
1/04/2011,107.94,108.5,108.94,,,,,,,
4/04/2011,108.47,109.05,109.53,,,,,,,
5/04/2011,108.34,108.99,109.56,,,,,,,
6/04/2011,108.83,109.48,110.05,,,,,,,
7/04/2011,110.3,110.88,111.37,,,,,,,
8/04/2011,112.79,113.37,113.86,,,,,,,
11/04/2011,109.92,110.57,111.17,,,,,,,
12/04/2011,106.25,106.97,107.64,,,,,,,
13/04/2011,107.11,107.71,108.24,,,,,,,
14/04/2011,108.11,108.7,109.19,,,,,,,
15/04/2011,109.66,110.22,110.68,,,,,,,
18/04/2011,107.12,107.69,108.15,,,,,,,
19/04/2011,108.15,108.28,108.73,,,,,,,
20/04/2011,111.45,111.91,112.17,,,,,,,
21/04/2011,112.29,112.75,113.02,,,,,,,
25/04/2011,112.28,112.75,113.01,,,,,,,
26/04/2011,112.21,112.71,112.98,,,,,,,
27/04/2011,112.76,113.28,113.57,,,,,,,
28/04/2011,112.86,113.34,113.62,,,,,,,
29/04/2011,113.93,114.43,114.71,,,,,,,
2/05/2011,113.52,114.04,114.32,,,,,,,
3/05/2011,111.05,111.56,111.85,,,,,,,
4/05/2011,109.24,109.73,110,,,,,,,
5/05/2011,99.8,100.34,100.64,,,,,,,
6/05/2011,97.18,97.77,98.14,,,,,,,
9/05/2011,102.55,103.1,103.47,,,,,,,
10/05/2011,103.88,104.47,104.87,,,,,,,
11/05/2011,98.21,98.77,99.12,,,,,,,
12/05/2011,98.97,99.48,99.85,,,,,,,
13/05/2011,99.65,100.12,100.48,,,,,,,
16/05/2011,97.37,97.85,98.25,,,,,,,
17/05/2011,96.91,97.43,97.84,,,,,,,
18/05/2011,100.1,100.56,100.89,,,,,,,
19/05/2011,98.44,98.93,99.32,,,,,,,
20/05/2011,99.49,100.1,100.48,,,,,,,
23/05/2011,97.7,98.14,98.53,,,,,,,
24/05/2011,99.59,100.06,100.48,,,,,,,
25/05/2011,101.32,101.82,102.24,,,,,,,
26/05/2011,100.23,100.82,101.32,,,,,,,
27/05/2011,100.59,101.16,101.63,,,,,,,
31/05/2011,102.7,103.27,103.73,,,,,,,
1/06/2011,100.29,100.86,101.33,,,,,,,
2/06/2011,100.4,101,101.49,,,,,,,
3/06/2011,100.22,100.8,101.3,,,,,,,
6/06/2011,99.01,99.6,100.11,,,,,,,
7/06/2011,99.09,99.69,100.23,,,,,,,
8/06/2011,100.74,101.29,101.78,,,,,,,
9/06/2011,101.93,102.45,102.91,,,,,,,
10/06/2011,99.29,99.85,100.4,,,,,,,
13/06/2011,97.3,97.84,98.36,,,,,,,
14/06/2011,99.37,99.86,100.31,,,,,,,
15/06/2011,94.81,95.26,95.71,,,,,,,
16/06/2011,94.95,95.36,95.77,,,,,,,
17/06/2011,93.01,93.4,93.84,,,,,,,
20/06/2011,93.26,93.63,94.07,,,,,,,
21/06/2011,93.4,94.17,94.6,,,,,,,
22/06/2011,95.41,95.92,96.35,,,,,,,
23/06/2011,91.02,91.54,92.04,,,,,,,
24/06/2011,91.16,91.71,92.23,,,,,,,
27/06/2011,90.61,91.17,91.7,,,,,,,
28/06/2011,92.89,93.46,94.01,,,,,,,
29/06/2011,94.77,95.32,95.84,,,,,,,
30/06/2011,95.42,95.96,96.5,,,,,,,
1/07/2011,94.94,95.51,96.06,,,,,,,
5/07/2011,96.89,97.38,97.87,,,,,,,
6/07/2011,96.65,97.13,97.57,,,,,,,
7/07/2011,98.67,99.14,99.59,,,,,,,
8/07/2011,96.2,96.7,97.19,,,,,,,
11/07/2011,95.15,95.62,96.11,,,,,,,
12/07/2011,97.43,97.85,98.27,,,,,,,
13/07/2011,98.05,98.49,98.9,,,,,,,
14/07/2011,95.69,96.11,96.55,,,,,,,
15/07/2011,97.24,97.6,97.99,,,,,,,
18/07/2011,95.93,96.25,96.65,,,,,,,
19/07/2011,97.5,97.86,98.24,,,,,,,
20/07/2011,98.14,98.4,98.78,,,,,,,
21/07/2011,99.13,99.46,99.85,,,,,,,
22/07/2011,99.87,100.2,100.58,,,,,,,
25/07/2011,99.2,99.6,100.05,,,,,,,
26/07/2011,99.59,100.01,100.46,,,,,,,
27/07/2011,97.4,97.84,98.33,,,,,,,
28/07/2011,97.44,97.87,98.35,,,,,,,
29/07/2011,95.7,96.13,96.6,,,,,,,
1/08/2011,94.89,95.33,95.8,,,,,,,
2/08/2011,93.79,94.2,94.64,,,,,,,
3/08/2011,91.93,92.33,92.78,,,,,,,
4/08/2011,86.63,87.04,87.49,,,,,,,
5/08/2011,86.88,87.3,87.8,,,,,,,
8/08/2011,81.31,81.7,82.2,,,,,,,
9/08/2011,79.3,79.67,80.14,,,,,,,
10/08/2011,82.89,83.25,83.71,,,,,,,
11/08/2011,85.72,86.04,86.43,,,,,,,
12/08/2011,85.38,85.69,86.05,,,,,,,
15/08/2011,87.88,88.14,88.47,,,,,,,
16/08/2011,86.65,86.85,87.18,,,,,,,
17/08/2011,87.58,87.73,88.05,,,,,,,
18/08/2011,82.38,82.51,82.83,,,,,,,
19/08/2011,82.26,82.41,82.77,,,,,,,
22/08/2011,84.12,84.42,84.69,,,,,,,
23/08/2011,85.44,85.74,86.11,,,,,,,
24/08/2011,85.16,85.53,85.94,,,,,,,
25/08/2011,85.3,85.64,86.02,,,,,,,
26/08/2011,85.37,85.7,86.06,,,,,,,
29/08/2011,87.27,87.57,87.87,,,,,,,
30/08/2011,88.9,89.19,89.5,,,,,,,
31/08/2011,88.81,89.16,89.57,,,,,,,
1/09/2011,88.93,89.24,89.62,,,,,,,
2/09/2011,86.45,86.74,87.13,,,,,,,
6/09/2011,86.02,86.31,86.7,,,,,,,
7/09/2011,89.34,89.55,89.86,,,,,,,
8/09/2011,89.05,89.23,89.49,,,,,,,
9/09/2011,87.24,87.41,87.68,,,,,,,
12/09/2011,88.19,88.31,88.46,,,,,,,
13/09/2011,90.21,90.28,90.39,,,,,,,
14/09/2011,88.91,89.01,89.16,,,,,,,
15/09/2011,89.4,89.59,89.81,,,,,,,
16/09/2011,87.96,88.18,88.44,,,,,,,
19/09/2011,85.7,85.81,86.03,,,,,,,
20/09/2011,86.89,86.92,87.17,,,,,,,
21/09/2011,85.92,86.18,86.46,,,,,,,
22/09/2011,80.51,80.75,80.99,,,,,,,
23/09/2011,79.85,80.12,80.4,,,,,,,
26/09/2011,80.24,80.48,80.73,,,,,,,
27/09/2011,84.45,84.68,84.94,,,,,,,
28/09/2011,81.21,81.46,81.73,,,,,,,
29/09/2011,82.14,82.34,82.55,,,,,,,
30/09/2011,79.2,79.33,79.46,,,,,,,
3/10/2011,77.61,77.83,78.04,,,,,,,
4/10/2011,75.67,75.87,76.07,,,,,,,
5/10/2011,79.68,79.83,79.96,,,,,,,
6/10/2011,82.59,82.8,82.93,,,,,,,
7/10/2011,82.98,83.17,83.25,,,,,,,
10/10/2011,85.41,85.59,85.67,,,,,,,
11/10/2011,85.81,86.01,86.16,,,,,,,
12/10/2011,85.57,85.78,85.95,,,,,,,
13/10/2011,84.23,84.45,84.63,,,,,,,
14/10/2011,86.8,87,87.1,,,,,,,
17/10/2011,86.38,86.62,86.8,,,,,,,
18/10/2011,88.34,88.53,88.68,,,,,,,
19/10/2011,86.11,86.29,86.43,,,,,,,
20/10/2011,85.3,86.07,86.21,,,,,,,
21/10/2011,87.4,87.47,87.57,,,,,,,
24/10/2011,91.27,91.14,91.03,,,,,,,
25/10/2011,93.17,92.93,92.67,,,,,,,
26/10/2011,90.2,90.18,90.15,,,,,,,
27/10/2011,93.96,93.82,93.68,,,,,,,
28/10/2011,93.32,93.24,93.17,,,,,,,
31/10/2011,93.19,93.08,92.99,,,,,,,
1/11/2011,92.19,92.05,91.91,,,,,,,
2/11/2011,92.51,92.35,92.19,,,,,,,
3/11/2011,94.07,93.91,93.74,,,,,,,
4/11/2011,94.26,94.19,94.13,,,,,,,
7/11/2011,95.52,95.45,95.41,,,,,,,
8/11/2011,96.8,96.7,96.64,,,,,,,
9/11/2011,95.74,95.64,95.54,,,,,,,
10/11/2011,97.78,97.68,97.56,,,,,,,
11/11/2011,98.99,98.89,98.74,,,,,,,
14/11/2011,98.14,98.22,98.15,,,,,,,
15/11/2011,99.37,99.43,99.35,,,,,,,
16/11/2011,102.59,102.6,102.48,,,,,,,
17/11/2011,98.82,98.93,98.9,,,,,,,
18/11/2011,97.41,97.67,97.63,,,,,,,
21/11/2011,96.92,96.99,97.06,,,,,,,
22/11/2011,98.01,98.19,98.36,,,,,,,
23/11/2011,96.17,96.37,96.56,,,,,,,
25/11/2011,96.77,96.91,97.03,,,,,,,
28/11/2011,98.21,98.33,98.43,,,,,,,
29/11/2011,99.79,99.88,99.95,,,,,,,
30/11/2011,100.36,100.46,100.55,,,,,,,
1/12/2011,100.2,100.33,100.45,,,,,,,
2/12/2011,100.96,101.09,101.22,,,,,,,
5/12/2011,100.99,101.13,101.27,,,,,,,
6/12/2011,101.28,101.45,101.62,,,,,,,
7/12/2011,100.49,100.68,100.86,,,,,,,
8/12/2011,98.34,98.54,98.74,,,,,,,
9/12/2011,99.41,99.6,99.75,,,,,,,
12/12/2011,97.77,97.99,98.18,,,,,,,
13/12/2011,100.14,100.32,100.48,,,,,,,
14/12/2011,94.95,95.14,95.37,,,,,,,
15/12/2011,93.87,94.07,94.31,,,,,,,
16/12/2011,93.53,93.75,93.98,,,,,,,
19/12/2011,93.88,94.05,94.25,,,,,,,
20/12/2011,97.22,97.24,97.42,,,,,,,
21/12/2011,98.67,98.85,99.02,,,,,,,
22/12/2011,99.53,99.7,99.86,,,,,,,
23/12/2011,99.68,99.83,99.98,,,,,,,
27/12/2011,101.34,101.46,101.6,,,,,,,
28/12/2011,99.36,99.51,99.7,,,,,,,
29/12/2011,99.65,99.82,100.01,,,,,,,
30/12/2011,98.83,99,99.21,,,,,,,
3/01/2012,102.96,103.14,103.32,,,,,,,
4/01/2012,103.22,103.4,103.6,,,,,,,
5/01/2012,101.81,102,102.21,,,,,,,
6/01/2012,101.56,101.78,102.04,,,,,,,
9/01/2012,101.31,101.52,101.78,,,,,,,
10/01/2012,102.24,102.44,102.64,,,,,,,
11/01/2012,100.87,101.09,101.33,,,,,,,
12/01/2012,99.1,99.31,99.56,,,,,,,
13/01/2012,98.7,98.88,99.12,,,,,,,
17/01/2012,100.71,100.87,101.14,,,,,,,
18/01/2012,100.59,100.76,100.98,,,,,,,
19/01/2012,100.39,100.54,100.8,,,,,,,
20/01/2012,98.46,98.33,98.65,,,,,,,
23/01/2012,99.58,99.86,100.18,,,,,,,
24/01/2012,98.95,99.29,99.66,,,,,,,
25/01/2012,99.4,99.73,100.08,,,,,,,
26/01/2012,99.7,100.04,100.42,,,,,,,
27/01/2012,99.56,99.91,100.3,,,,,,,
30/01/2012,98.78,99.12,99.51,,,,,,,
31/01/2012,98.48,98.85,99.27,,,,,,,
1/02/2012,97.61,97.99,98.41,,,,,,,
2/02/2012,96.36,96.74,97.17,,,,,,,
3/02/2012,97.84,98.23,98.71,,,,,,,
6/02/2012,96.91,97.41,98.06,,,,,,,
7/02/2012,98.41,98.82,99.38,,,,,,,
8/02/2012,98.71,99.1,99.72,,,,,,,
9/02/2012,99.84,100.24,100.87,,,,,,,
10/02/2012,98.67,99.03,99.63,,,,,,,
13/02/2012,100.91,101.29,101.84,,,,,,,
14/02/2012,100.74,101.08,101.6,,,,,,,
15/02/2012,101.8,102.14,102.62,,,,,,,
16/02/2012,102.31,102.64,103.18,,,,,,,
17/02/2012,103.24,103.6,104.06,,,,,,,
21/02/2012,105.84,106.25,106.75,,,,,,,
22/02/2012,106.28,106.78,107.27,,,,,,,
23/02/2012,107.83,108.25,108.68,,,,,,,
24/02/2012,109.77,110.18,110.56,,,,,,,
27/02/2012,108.56,109.02,109.48,,,,,,,
28/02/2012,106.55,107,107.45,,,,,,,
29/02/2012,107.07,107.52,107.95,,,,,,,
1/03/2012,108.84,109.27,109.68,,,,,,,
2/03/2012,106.7,107.17,107.64,,,,,,,
5/03/2012,106.72,107.18,107.63,,,,,,,
6/03/2012,104.7,105.21,105.75,,,,,,,
7/03/2012,106.16,106.65,107.18,,,,,,,
8/03/2012,106.58,107.06,107.56,,,,,,,
9/03/2012,107.4,107.87,108.33,,,,,,,
12/03/2012,106.34,106.84,107.34,,,,,,,
13/03/2012,106.71,107.24,107.78,,,,,,,
14/03/2012,105.43,105.95,106.48,,,,,,,
15/03/2012,105.11,105.65,106.22,,,,,,,
16/03/2012,107.06,107.58,108.07,,,,,,,
19/03/2012,108.09,108.56,109,,,,,,,
20/03/2012,105.61,106.07,106.59,,,,,,,
21/03/2012,107.27,107.75,108.18,,,,,,,
22/03/2012,105.35,105.84,106.29,,,,,,,
23/03/2012,106.87,107.35,107.79,,,,,,,
26/03/2012,107.03,107.55,108.02,,,,,,,
27/03/2012,107.33,107.85,108.33,,,,,,,
28/03/2012,105.41,105.96,106.45,,,,,,,
29/03/2012,102.78,103.31,103.8,,,,,,,
30/03/2012,103.02,103.54,104.03,,,,,,,
2/04/2012,105.23,105.76,106.27,,,,,,,
3/04/2012,104.01,104.55,105.08,,,,,,,
4/04/2012,101.47,102.03,102.61,,,,,,,
5/04/2012,103.31,103.83,104.35,,,,,,,
9/04/2012,102.46,102.98,103.52,,,,,,,
10/04/2012,101.02,101.56,102.11,,,,,,,
11/04/2012,102.7,103.18,103.66,,,,,,,
12/04/2012,103.64,104.1,104.57,,,,,,,
13/04/2012,102.83,103.32,103.8,,,,,,,
16/04/2012,102.93,103.37,103.81,,,,,,,
17/04/2012,104.2,104.64,105.08,,,,,,,
18/04/2012,102.67,103.12,103.58,,,,,,,
19/04/2012,102.27,102.72,103.15,,,,,,,
20/04/2012,103.05,103.88,104.29,,,,,,,
23/04/2012,103.11,103.55,103.95,,,,,,,
24/04/2012,103.55,103.96,104.33,,,,,,,
25/04/2012,104.12,104.5,104.83,,,,,,,
26/04/2012,104.55,104.94,105.27,,,,,,,
27/04/2012,104.93,105.32,105.64,,,,,,,
30/04/2012,104.87,105.26,105.55,,,,,,,
1/05/2012,106.16,106.5,106.74,,,,,,,
2/05/2012,105.22,105.58,105.83,,,,,,,
3/05/2012,102.54,102.92,103.2,,,,,,,
4/05/2012,98.49,98.88,99.16,,,,,,,
7/05/2012,97.94,98.31,98.59,,,,,,,
8/05/2012,97.01,97.37,97.65,,,,,,,
9/05/2012,96.81,97.15,97.42,,,,,,,
10/05/2012,97.08,97.41,97.65,,,,,,,
11/05/2012,96.13,96.49,96.75,,,,,,,
14/05/2012,94.78,95.13,95.39,,,,,,,
15/05/2012,93.98,94.35,94.63,,,,,,,
16/05/2012,92.81,93.19,93.48,,,,,,,
17/05/2012,92.56,92.94,93.19,,,,,,,
18/05/2012,91.48,91.8,92.08,,,,,,,
21/05/2012,92.57,92.86,93.14,,,,,,,
22/05/2012,91.66,91.85,92.15,,,,,,,
23/05/2012,89.9,90.2,90.5,,,,,,,
24/05/2012,90.66,90.94,91.22,,,,,,,
25/05/2012,90.86,91.15,91.44,,,,,,,
29/05/2012,90.76,91.09,91.42,,,,,,,
30/05/2012,87.82,88.14,88.45,,,,,,,
31/05/2012,86.53,86.85,87.17,,,,,,,
1/06/2012,83.23,83.56,83.89,,,,,,,
4/06/2012,83.98,84.27,84.56,,,,,,,
5/06/2012,84.29,84.57,84.83,,,,,,,
6/06/2012,85.02,85.33,85.64,,,,,,,
7/06/2012,84.82,85.13,85.44,,,,,,,
8/06/2012,84.1,84.39,84.69,,,,,,,
11/06/2012,82.7,83,83.29,,,,,,,
12/06/2012,83.32,83.62,83.89,,,,,,,
13/06/2012,82.62,82.92,83.19,,,,,,,
14/06/2012,83.91,84.22,84.5,,,,,,,
15/06/2012,84.03,84.33,84.63,,,,,,,
18/06/2012,83.27,83.6,83.93,,,,,,,
19/06/2012,84.03,84.35,84.68,,,,,,,
20/06/2012,81.8,81.45,81.84,,,,,,,
21/06/2012,78.2,78.56,78.95,,,,,,,
22/06/2012,79.76,80.14,80.51,,,,,,,
25/06/2012,79.21,79.62,80.01,,,,,,,
26/06/2012,79.36,79.77,80.18,,,,,,,
27/06/2012,80.21,80.61,81.01,,,,,,,
28/06/2012,77.69,78.1,78.53,,,,,,,
29/06/2012,84.96,85.37,85.76,,,,,,,
2/07/2012,83.75,84.15,84.54,,,,,,,
3/07/2012,87.66,88.03,88.39,,,,,,,
5/07/2012,87.22,87.57,87.94,,,,,,,
6/07/2012,84.45,84.83,85.21,,,,,,,
9/07/2012,85.99,86.37,86.74,,,,,,,
10/07/2012,83.91,84.3,84.69,,,,,,,
11/07/2012,85.81,86.19,86.56,,,,,,,
12/07/2012,86.08,86.46,86.8,,,,,,,
13/07/2012,87.1,87.5,87.85,,,,,,,
16/07/2012,88.43,88.81,89.16,,,,,,,
17/07/2012,89.22,89.54,89.87,,,,,,,
18/07/2012,89.87,90.17,90.47,,,,,,,
19/07/2012,92.66,92.97,93.23,,,,,,,
20/07/2012,91.44,91.83,92.1,,,,,,,
23/07/2012,88.14,88.43,88.73,,,,,,,
24/07/2012,88.5,88.78,89.08,,,,,,,
25/07/2012,88.97,89.25,89.57,,,,,,,
26/07/2012,89.39,89.67,90,,,,,,,
27/07/2012,90.13,90.42,90.79,,,,,,,
30/07/2012,89.78,90.06,90.45,,,,,,,
31/07/2012,88.06,88.34,88.72,,,,,,,
1/08/2012,88.91,89.17,89.52,,,,,,,
2/08/2012,87.13,87.41,87.77,,,,,,,
3/08/2012,91.4,91.64,91.93,,,,,,,
6/08/2012,92.2,92.46,92.76,,,,,,,
7/08/2012,93.67,93.94,94.25,,,,,,,
8/08/2012,93.35,93.63,93.97,,,,,,,
9/08/2012,93.36,93.63,93.94,,,,,,,
10/08/2012,92.87,93.15,93.43,,,,,,,
13/08/2012,92.73,93.03,93.34,,,,,,,
14/08/2012,93.43,93.74,94.07,,,,,,,
15/08/2012,94.33,94.62,94.91,,,,,,,
16/08/2012,95.6,95.89,96.17,,,,,,,
17/08/2012,96.01,96.32,96.58,,,,,,,
20/08/2012,95.97,96.26,96.56,,,,,,,
21/08/2012,96.68,96.84,97.17,,,,,,,
22/08/2012,97.26,97.55,97.89,,,,,,,
23/08/2012,96.27,96.6,96.98,,,,,,,
24/08/2012,96.15,96.45,96.79,,,,,,,
27/08/2012,95.47,95.79,96.16,,,,,,,
28/08/2012,96.33,96.63,96.96,,,,,,,
29/08/2012,95.49,95.81,96.14,,,,,,,
30/08/2012,94.62,94.96,95.31,,,,,,,
31/08/2012,96.47,96.76,97.07,,,,,,,
4/09/2012,95.3,95.64,95.98,,,,,,,
5/09/2012,95.36,95.69,96.03,,,,,,,
6/09/2012,95.53,95.85,96.16,,,,,,,
7/09/2012,96.42,96.75,97.06,,,,,,,
10/09/2012,96.54,96.88,97.21,,,,,,,
11/09/2012,97.17,97.5,97.82,,,,,,,
12/09/2012,97.01,97.34,97.66,,,,,,,
13/09/2012,98.31,98.63,98.92,,,,,,,
14/09/2012,99,99.33,99.63,,,,,,,
17/09/2012,96.62,96.95,97.25,,,,,,,
18/09/2012,95.29,95.62,95.92,,,,,,,
19/09/2012,91.98,92.3,92.59,,,,,,,
20/09/2012,91.87,92.42,92.74,,,,,,,
21/09/2012,92.89,93.21,93.58,,,,,,,
24/09/2012,91.93,92.25,92.62,,,,,,,
25/09/2012,91.37,91.71,92.09,,,,,,,
26/09/2012,89.98,90.34,90.77,,,,,,,
27/09/2012,91.85,92.21,92.64,,,,,,,
28/09/2012,92.19,92.56,93,,,,,,,
1/10/2012,92.48,92.85,93.28,,,,,,,
2/10/2012,91.89,92.27,92.71,,,,,,,
3/10/2012,88.14,88.52,88.97,,,,,,,
4/10/2012,91.71,92.07,92.48,,,,,,,
5/10/2012,89.88,90.27,90.71,,,,,,,
8/10/2012,89.33,89.73,90.18,,,,,,,
9/10/2012,92.39,92.78,93.25,,,,,,,
10/10/2012,91.25,91.64,92.11,,,,,,,
11/10/2012,92.07,92.5,92.99,,,,,,,
12/10/2012,91.86,92.28,92.76,,,,,,,
15/10/2012,91.85,92.32,92.83,,,,,,,
16/10/2012,92.09,92.54,93.04,,,,,,,
17/10/2012,92.12,92.59,93.08,,,,,,,
18/10/2012,92.1,92.53,93.02,,,,,,,
19/10/2012,90.05,90.44,90.97,,,,,,,
22/10/2012,88.73,88.65,89.18,,,,,,,
23/10/2012,86.67,87.23,87.77,,,,,,,
24/10/2012,85.73,86.29,86.84,,,,,,,
25/10/2012,86.05,86.6,87.15,,,,,,,
26/10/2012,86.28,86.8,87.34,,,,,,,
29/10/2012,85.54,86.05,86.59,,,,,,,
30/10/2012,85.68,86.19,86.73,,,,,,,
31/10/2012,86.24,86.73,87.28,,,,,,,
1/11/2012,87.09,87.57,88.1,,,,,,,
2/11/2012,84.86,85.4,86,,,,,,,
5/11/2012,85.65,86.14,86.73,,,,,,,
6/11/2012,88.71,89.17,89.73,,,,,,,
7/11/2012,84.44,84.91,85.51,,,,,,,
8/11/2012,85.09,85.56,86.14,,,,,,,
9/11/2012,86.07,86.55,87.16,,,,,,,
12/11/2012,85.57,86.07,86.7,,,,,,,
13/11/2012,85.38,85.84,86.48,,,,,,,
14/11/2012,86.32,86.75,87.31,,,,,,,
15/11/2012,85.45,85.87,86.44,,,,,,,
16/11/2012,86.67,86.92,87.47,,,,,,,
19/11/2012,89.28,89.8,90.33,,,,,,,
20/11/2012,86.75,87.35,87.98,,,,,,,
21/11/2012,87.38,87.98,88.61,,,,,,,
23/11/2012,88.28,88.9,89.56,,,,,,,
26/11/2012,87.74,88.37,89.02,,,,,,,
27/11/2012,87.18,87.81,88.47,,,,,,,
28/11/2012,86.49,87.13,87.8,,,,,,,
29/11/2012,88.07,88.66,89.29,,,,,,,
30/11/2012,88.91,89.49,90.13,,,,,,,
3/12/2012,89.09,89.69,90.34,,,,,,,
4/12/2012,88.5,89.08,89.72,,,,,,,
5/12/2012,87.88,88.47,89.14,,,,,,,
6/12/2012,86.26,86.85,87.51,,,,,,,
7/12/2012,85.93,86.5,87.15,,,,,,,
10/12/2012,85.56,86.1,86.73,,,,,,,
11/12/2012,85.79,86.32,86.94,,,,,,,
12/12/2012,86.77,87.31,87.89,,,,,,,
13/12/2012,85.89,86.44,87.02,,,,,,,
14/12/2012,86.73,87.25,87.82,,,,,,,
17/12/2012,87.2,87.67,88.17,,,,,,,
18/12/2012,87.93,88.4,88.92,,,,,,,
19/12/2012,89.51,89.98,90.46,,,,,,,
20/12/2012,90.13,90.69,91.23,,,,,,,
21/12/2012,88.66,89.23,89.81,,,,,,,
24/12/2012,88.61,89.17,89.74,,,,,,,
26/12/2012,90.98,91.49,92.01,,,,,,,
27/12/2012,90.87,91.37,91.91,,,,,,,
28/12/2012,90.8,91.3,91.81,,,,,,,
31/12/2012,91.82,92.27,92.73,,,,,,,
2/01/2013,93.12,93.55,93.97,,,,,,,
3/01/2013,92.92,93.34,93.76,,,,,,,
4/01/2013,93.09,93.51,93.91,,,,,,,
7/01/2013,93.19,93.63,94.02,,,,,,,
8/01/2013,93.15,93.6,94.02,,,,,,,
9/01/2013,93.1,93.56,93.99,,,,,,,
10/01/2013,93.82,94.27,94.65,,,,,,,
11/01/2013,93.56,93.99,94.35,,,,,,,
14/01/2013,94.14,94.59,94.97,,,,,,,
15/01/2013,93.28,93.72,94.09,,,,,,,
16/01/2013,94.24,94.68,95.05,,,,,,,
17/01/2013,95.49,95.94,96.31,,,,,,,
18/01/2013,95.56,96.04,96.43,,,,,,,
22/01/2013,96.24,96.68,97.07,,,,,,,
23/01/2013,95.23,95.75,96.21,,,,,,,
24/01/2013,95.95,96.45,96.9,,,,,,,
25/01/2013,95.88,96.33,96.75,,,,,,,
28/01/2013,96.44,96.87,97.26,,,,,,,
29/01/2013,97.57,97.99,98.35,,,,,,,
30/01/2013,97.94,98.38,98.77,,,,,,,
31/01/2013,97.49,97.96,98.41,,,,,,,
1/02/2013,97.77,98.24,98.66,,,,,,,
4/02/2013,96.17,96.66,97.1,,,,,,,
5/02/2013,96.64,97.11,97.54,,,,,,,
6/02/2013,96.62,97.09,97.55,,,,,,,
7/02/2013,95.83,96.35,96.88,,,,,,,
8/02/2013,95.72,96.27,96.83,,,,,,,
11/02/2013,97.03,97.58,98.11,,,,,,,
12/02/2013,97.51,98.07,98.59,,,,,,,
13/02/2013,97.01,97.6,98.14,,,,,,,
14/02/2013,97.31,97.9,98.41,,,,,,,
15/02/2013,95.86,96.41,96.92,,,,,,,
19/02/2013,96.66,97.1,97.54,,,,,,,
20/02/2013,94.46,95.22,95.65,,,,,,,
21/02/2013,92.84,93.27,93.65,,,,,,,
22/02/2013,93.13,93.57,93.96,,,,,,,
25/02/2013,93.11,93.53,93.93,,,,,,,
26/02/2013,92.63,93.05,93.43,,,,,,,
27/02/2013,92.76,93.15,93.52,,,,,,,
28/02/2013,92.05,92.46,92.84,,,,,,,
1/03/2013,90.68,91.14,91.55,,,,,,,
4/03/2013,90.12,90.58,90.99,,,,,,,
5/03/2013,90.82,91.28,91.69,,,,,,,
6/03/2013,90.43,90.9,91.3,,,,,,,
7/03/2013,91.56,92.03,92.4,,,,,,,
8/03/2013,91.95,92.43,92.79,,,,,,,
11/03/2013,92.06,92.52,92.87,,,,,,,
12/03/2013,92.54,92.92,93.2,,,,,,,
13/03/2013,92.52,92.88,93.13,,,,,,,
14/03/2013,93.03,93.38,93.62,,,,,,,
15/03/2013,93.45,93.82,94.09,,,,,,,
18/03/2013,93.74,94.11,94.36,,,,,,,
19/03/2013,92.16,92.52,92.8,,,,,,,
20/03/2013,92.96,93.5,93.77,,,,,,,
21/03/2013,92.45,92.77,92.99,,,,,,,
22/03/2013,93.71,93.96,94.1,,,,,,,
25/03/2013,94.81,95.09,95.25,,,,,,,
26/03/2013,96.34,96.61,96.75,,,,,,,
27/03/2013,96.58,96.84,96.98,,,,,,,
28/03/2013,97.23,97.49,97.64,,,,,,,
1/04/2013,97.07,97.38,97.6,,,,,,,
2/04/2013,97.19,97.5,97.71,,,,,,,
3/04/2013,94.45,94.77,95,,,,,,,
4/04/2013,93.26,93.56,93.79,,,,,,,
5/04/2013,92.7,93.01,93.24,,,,,,,
8/04/2013,93.36,93.68,93.91,,,,,,,
9/04/2013,94.2,94.51,94.74,,,,,,,
10/04/2013,94.64,94.97,95.22,,,,,,,
11/04/2013,93.51,93.85,94.11,,,,,,,
12/04/2013,91.29,91.61,91.88,,,,,,,
15/04/2013,88.71,89.03,89.29,,,,,,,
16/04/2013,88.72,89.03,89.29,,,,,,,
17/04/2013,86.68,86.97,87.19,,,,,,,
18/04/2013,87.73,88,88.2,,,,,,,
19/04/2013,88.01,88.27,88.48,,,,,,,
22/04/2013,88.76,89.19,89.45,,,,,,,
23/04/2013,89.18,89.46,89.58,,,,,,,
24/04/2013,91.43,91.69,91.76,,,,,,,
25/04/2013,93.64,93.91,93.99,,,,,,,
26/04/2013,93,93.25,93.29,,,,,,,
29/04/2013,94.5,94.72,94.71,,,,,,,
30/04/2013,93.46,93.68,93.67,,,,,,,
1/05/2013,91.03,91.24,91.21,,,,,,,
2/05/2013,93.99,94.2,94.15,,,,,,,
3/05/2013,95.61,95.82,95.74,,,,,,,
6/05/2013,96.16,96.39,96.38,,,,,,,
7/05/2013,95.62,95.86,95.83,,,,,,,
8/05/2013,96.62,96.85,96.77,,,,,,,
9/05/2013,96.39,96.66,96.65,,,,,,,
10/05/2013,96.04,96.29,96.28,,,,,,,
13/05/2013,95.17,95.41,95.43,,,,,,,
14/05/2013,94.21,94.48,94.55,,,,,,,
15/05/2013,94.3,94.56,94.64,,,,,,,
16/05/2013,95.16,95.45,95.56,,,,,,,
17/05/2013,96.02,96.29,96.41,,,,,,,
20/05/2013,96.71,96.93,97.04,,,,,,,
21/05/2013,96.16,96.18,96.32,,,,,,,
22/05/2013,94.28,94.46,94.37,,,,,,,
23/05/2013,94.25,94.42,94.32,,,,,,,
24/05/2013,94.15,94.34,94.28,,,,,,,
28/05/2013,95.01,95.2,95.17,,,,,,,
29/05/2013,93.13,93.35,93.38,,,,,,,
30/05/2013,93.61,93.8,93.81,,,,,,,
31/05/2013,91.97,92.21,92.3,,,,,,,
3/06/2013,93.45,93.67,93.73,,,,,,,
4/06/2013,93.31,93.55,93.65,,,,,,,
5/06/2013,93.74,93.96,94.04,,,,,,,
6/06/2013,94.76,94.98,95.03,,,,,,,
7/06/2013,96.03,96.27,96.32,,,,,,,
10/06/2013,95.77,96,96.07,,,,,,,
11/06/2013,95.38,95.6,95.66,,,,,,,
12/06/2013,95.88,96.1,96.13,,,,,,,
13/06/2013,96.69,96.92,96.95,,,,,,,
14/06/2013,97.85,98.07,98.11,,,,,,,
17/06/2013,97.77,98.03,98.11,,,,,,,
18/06/2013,98.44,98.67,98.72,,,,,,,
19/06/2013,98.24,98.48,98.55,,,,,,,
20/06/2013,95.4,95.14,95.15,,,,,,,
21/06/2013,93.69,93.63,93.28,,,,,,,
24/06/2013,95.18,95.04,94.56,,,,,,,
25/06/2013,95.32,95.21,94.67,,,,,,,
26/06/2013,95.5,95.41,94.88,,,,,,,
27/06/2013,97.05,96.89,96.31,,,,,,,
28/06/2013,96.56,96.44,95.81,,,,,,,
1/07/2013,97.99,97.88,97.02,,,,,,,
2/07/2013,99.6,99.42,98.38,,,,,,,
3/07/2013,101.24,101.11,100.06,,,,,,,
5/07/2013,103.22,103.05,101.8,,,,,,,
8/07/2013,103.14,103.02,101.94,,,,,,,
9/07/2013,103.53,103.31,102.19,,,,,,,
10/07/2013,106.52,105.62,103.98,,,,,,,
11/07/2013,104.91,104.38,103.01,,,,,,,
12/07/2013,105.95,105.55,104.14,,,,,,,
15/07/2013,106.32,105.92,104.49,,,,,,,
16/07/2013,106,105.69,104.39,,,,,,,
17/07/2013,106.48,106.35,105.05,,,,,,,
18/07/2013,108.04,107.81,106.29,,,,,,,
19/07/2013,108.05,107.87,106.12,,,,,,,
22/07/2013,106.91,106.94,105.51,,,,,,,
23/07/2013,107.23,105.79,104.19,,,,,,,
24/07/2013,105.39,104.1,102.68,,,,,,,
25/07/2013,105.49,104.47,103.16,,,,,,,
26/07/2013,104.7,104.01,102.78,,,,,,,
29/07/2013,104.55,103.9,102.72,,,,,,,
30/07/2013,103.08,102.5,101.52,,,,,,,
31/07/2013,105.03,104.22,102.94,,,,,,,
1/08/2013,107.89,106.93,105.32,,,,,,,
2/08/2013,106.94,106.24,104.76,,,,,,,
5/08/2013,106.56,105.9,104.51,,,,,,,
6/08/2013,105.3,104.76,103.47,,,,,,,
7/08/2013,104.37,103.91,102.75,,,,,,,
8/08/2013,103.4,102.87,101.75,,,,,,,
9/08/2013,105.97,105.16,103.82,,,,,,,
12/08/2013,106.11,105.52,104.34,,,,,,,
13/08/2013,106.83,106.4,105.21,,,,,,,
14/08/2013,106.85,106.56,105.41,,,,,,,
15/08/2013,107.33,107.19,106.09,,,,,,,
16/08/2013,107.46,107.29,106.49,,,,,,,
19/08/2013,107.1,106.86,106.03,,,,,,,
20/08/2013,104.96,105.11,104.57,,,,,,,
21/08/2013,103.85,103.37,102.42,,,,,,,
22/08/2013,105.03,104.33,103.26,,,,,,,
23/08/2013,106.42,105.72,104.53,,,,,,,
26/08/2013,105.92,105.35,104.16,,,,,,,
27/08/2013,109.01,108.3,106.9,,,,,,,
28/08/2013,110.1,109.37,107.84,,,,,,,
29/08/2013,108.8,108.15,106.6,,,,,,,
30/08/2013,107.65,107.08,105.71,,,,,,,
3/09/2013,108.54,107.85,106.42,,,,,,,
4/09/2013,107.23,106.59,105.39,,,,,,,
5/09/2013,108.37,107.67,106.33,,,,,,,
6/09/2013,110.53,109.52,107.95,,,,,,,
9/09/2013,109.52,108.47,106.82,,,,,,,
10/09/2013,107.39,106.49,104.92,,,,,,,
11/09/2013,107.56,106.64,105.09,,,,,,,
12/09/2013,108.6,107.75,106.14,,,,,,,
13/09/2013,108.21,107.54,105.96,,,,,,,
16/09/2013,106.59,106.19,104.82,,,,,,,
17/09/2013,105.42,104.82,103.46,,,,,,,
18/09/2013,108.07,107.28,105.88,,,,,,,
19/09/2013,106.39,105.86,104.52,,,,,,,
20/09/2013,104.67,104.75,103.71,,,,,,,
23/09/2013,103.59,102.72,101.62,,,,,,,
24/09/2013,103.13,102.48,101.51,,,,,,,
25/09/2013,102.66,102.05,101.18,,,,,,,
26/09/2013,103.03,102.52,101.74,,,,,,,
27/09/2013,102.87,102.34,101.5,,,,,,,
30/09/2013,102.33,101.9,101.15,,,,,,,
1/10/2013,102.04,101.69,100.97,,,,,,,
2/10/2013,104.1,103.64,102.77,,,,,,,
3/10/2013,103.31,102.97,102.25,,,,,,,
4/10/2013,103.84,103.53,102.82,,,,,,,
7/10/2013,103.03,102.83,102.33,,,,,,,
8/10/2013,103.49,103.31,102.8,,,,,,,
9/10/2013,101.61,101.43,100.97,,,,,,,
10/10/2013,103.01,102.89,102.49,,,,,,,
11/10/2013,102.02,102.06,101.85,,,,,,,
14/10/2013,102.41,102.48,102.23,,,,,,,
15/10/2013,101.21,101.41,101.24,,,,,,,
16/10/2013,102.29,102.49,102.33,,,,,,,
17/10/2013,100.67,100.87,100.62,,,,,,,
18/10/2013,100.81,101.11,100.99,,,,,,,
21/10/2013,99.22,99.68,99.76,,,,,,,
22/10/2013,97.8,98.3,98.47,,,,,,,
23/10/2013,96.86,97,96.75,,,,,,,
24/10/2013,97.11,97.24,96.97,,,,,,,
25/10/2013,97.85,97.95,97.64,,,,,,,
28/10/2013,98.68,98.86,98.64,,,,,,,
29/10/2013,98.2,98.38,98.2,,,,,,,
30/10/2013,96.77,97.06,97.03,,,,,,,
31/10/2013,96.38,96.65,96.66,,,,,,,
1/11/2013,94.61,94.96,95.05,,,,,,,
4/11/2013,94.62,94.98,95.13,,,,,,,
5/11/2013,93.37,93.73,93.9,,,,,,,
6/11/2013,94.8,95.13,95.27,,,,,,,
7/11/2013,94.2,94.54,94.66,,,,,,,
8/11/2013,94.6,94.95,95.1,,,,,,,
11/11/2013,95.14,95.47,95.62,,,,,,,
12/11/2013,93.04,93.52,93.78,,,,,,,
13/11/2013,93.88,94.49,94.75,,,,,,,
14/11/2013,93.76,94.41,94.77,,,,,,,
15/11/2013,93.84,94.49,94.83,,,,,,,
18/11/2013,93.03,93.68,94.01,,,,,,,
19/11/2013,93.34,93.89,94.15,,,,,,,
20/11/2013,93.33,93.85,94.12,,,,,,,
21/11/2013,95.44,95.69,95.77,,,,,,,
22/11/2013,94.84,95.15,95.29,,,,,,,
25/11/2013,94.09,94.4,94.57,,,,,,,
26/11/2013,93.68,94,94.21,,,,,,,
27/11/2013,92.3,92.63,92.88,,,,,,,
29/11/2013,92.72,93.01,93.24,,,,,,,
2/12/2013,93.82,94.1,94.28,,,,,,,
3/12/2013,96.04,96.27,96.31,,,,,,,
4/12/2013,97.2,97.43,97.45,,,,,,,
5/12/2013,97.38,97.61,97.64,,,,,,,
6/12/2013,97.65,97.9,97.94,,,,,,,
9/12/2013,97.34,97.56,97.58,,,,,,,
10/12/2013,98.51,98.66,98.58,,,,,,,
11/12/2013,97.44,97.72,97.72,,,,,,,
12/12/2013,97.5,97.82,97.77,,,,,,,
13/12/2013,96.6,96.93,96.91,,,,,,,
16/12/2013,97.48,97.77,97.7,,,,,,,
17/12/2013,97.22,97.47,97.36,,,,,,,
18/12/2013,97.8,98.06,97.92,,,,,,,
19/12/2013,98.77,99.04,98.94,,,,,,,
20/12/2013,99.32,99.26,98.73,,,,,,,
23/12/2013,98.91,98.89,98.43,,,,,,,
24/12/2013,99.22,99.34,98.98,,,,,,,
26/12/2013,99.55,99.62,99.21,,,,,,,
27/12/2013,100.32,100.39,99.97,,,,,,,
30/12/2013,99.29,99.43,99.24,,,,,,,
31/12/2013,98.42,98.55,98.44,,,,,,,
2/01/2014,95.44,95.62,95.55,,,,,,,
3/01/2014,93.96,94.14,94.06,,,,,,,
6/01/2014,93.43,93.58,93.52,,,,,,,
7/01/2014,93.67,93.84,93.71,,,,,,,
8/01/2014,92.33,92.53,92.47,,,,,,,
9/01/2014,91.66,91.89,91.89,,,,,,,
10/01/2014,92.72,92.95,92.92,,,,,,,
13/01/2014,91.8,92.01,91.97,,,,,,,
14/01/2014,92.59,92.78,92.66,,,,,,,
15/01/2014,94.17,94.35,94.2,,,,,,,
16/01/2014,93.96,94.1,93.92,,,,,,,
17/01/2014,94.37,94.59,94.44,,,,,,,
21/01/2014,94.99,94.97,94.8,,,,,,,
22/01/2014,96.73,96.37,95.82,,,,,,,
23/01/2014,97.32,96.76,95.95,,,,,,,
24/01/2014,96.64,96.22,95.56,,,,,,,
27/01/2014,95.72,95.36,94.74,,,,,,,
28/01/2014,97.41,96.96,96.28,,,,,,,
29/01/2014,97.36,96.88,96.19,,,,,,,
30/01/2014,98.23,97.66,96.85,,,,,,,
31/01/2014,97.49,96.71,95.8,,,,,,,
3/02/2014,96.43,95.72,94.9,,,,,,,
4/02/2014,97.19,96.46,95.64,,,,,,,
5/02/2014,97.38,96.76,96.02,,,,,,,
6/02/2014,97.84,97.32,96.66,,,,,,,
7/02/2014,99.88,99.35,98.62,,,,,,,
10/02/2014,100.06,99.44,98.65,,,,,,,
11/02/2014,99.94,99.44,98.7,,,,,,,
12/02/2014,100.37,99.92,99.17,,,,,,,
13/02/2014,100.35,100.05,99.31,,,,,,,
14/02/2014,100.3,100.13,99.47,,,,,,,
18/02/2014,102.43,102.1,101.21,,,,,,,
19/02/2014,103.31,102.84,101.81,,,,,,,
20/02/2014,102.92,102.75,101.85,,,,,,,
21/02/2014,102.2,101.37,100.48,,,,,,,
24/02/2014,102.82,102.06,101.17,,,,,,,
25/02/2014,101.83,101.12,100.24,,,,,,,
26/02/2014,102.59,101.77,100.77,,,,,,,
27/02/2014,102.4,101.62,100.63,,,,,,,
28/02/2014,102.59,101.89,100.95,,,,,,,
3/03/2014,104.92,104.22,103.16,,,,,,,
4/03/2014,103.33,102.68,101.71,,,,,,,
5/03/2014,101.45,100.88,99.99,,,,,,,
6/03/2014,101.56,101.02,100.14,,,,,,,
7/03/2014,102.58,101.99,101.07,,,,,,,
10/03/2014,101.12,100.59,99.75,,,,,,,
11/03/2014,100.03,99.59,98.85,,,,,,,
12/03/2014,97.99,97.68,97.09,,,,,,,
13/03/2014,98.2,97.94,97.36,,,,,,,
14/03/2014,98.89,98.56,97.99,,,,,,,
17/03/2014,98.08,97.62,96.95,,,,,,,
18/03/2014,99.7,98.88,98.01,,,,,,,
19/03/2014,100.37,99.17,98.15,,,,,,,
20/03/2014,99.43,98.9,98.05,,,,,,,
21/03/2014,99.46,98.65,97.75,,,,,,,
24/03/2014,99.6,98.83,97.93,,,,,,,
25/03/2014,99.19,98.53,97.68,,,,,,,
26/03/2014,100.26,99.53,98.63,,,,,,,
27/03/2014,101.28,100.53,99.61,,,,,,,
28/03/2014,101.67,100.89,99.96,,,,,,,
31/03/2014,101.58,100.82,99.9,,,,,,,
1/04/2014,99.74,99.05,98.18,,,,,,,
2/04/2014,99.62,98.9,98.04,,,,,,,
3/04/2014,100.29,99.63,98.84,,,,,,,
4/04/2014,101.14,100.46,99.62,,,,,,,
7/04/2014,100.44,99.78,99.03,,,,,,,
8/04/2014,102.56,101.81,100.96,,,,,,,
9/04/2014,103.6,102.65,101.68,,,,,,,
10/04/2014,103.4,102.38,101.39,,,,,,,
11/04/2014,103.74,102.62,101.56,,,,,,,
14/04/2014,104.05,103.21,102.3,,,,,,,
15/04/2014,103.75,103,102.11,,,,,,,
16/04/2014,103.76,103.03,102.2,,,,,,,
17/04/2014,104.3,103.37,102.4,,,,,,,
21/04/2014,104.37,103.65,102.74,,,,,,,
22/04/2014,102.13,101.75,101.12,,,,,,,
23/04/2014,101.44,100.85,100.09,,,,,,,
24/04/2014,101.94,101.35,100.58,,,,,,,
25/04/2014,100.6,100.03,99.27,,,,,,,
28/04/2014,100.84,100.11,99.21,,,,,,,
29/04/2014,101.28,100.59,99.71,,,,,,,
30/04/2014,99.74,99.11,98.28,,,,,,,
1/05/2014,99.42,98.75,97.91,,,,,,,
2/05/2014,99.76,99.04,98.16,,,,,,,
5/05/2014,99.48,98.73,97.82,,,,,,,
6/05/2014,99.5,98.65,97.7,,,,,,,
7/05/2014,100.77,99.96,99.02,,,,,,,
8/05/2014,100.26,99.54,98.65,,,,,,,
9/05/2014,99.99,99.31,98.43,,,,,,,
12/05/2014,100.59,99.94,99.09,,,,,,,
13/05/2014,101.7,101.05,100.16,,,,,,,
14/05/2014,102.37,101.74,100.85,,,,,,,
15/05/2014,101.5,101.13,100.38,,,,,,,
16/05/2014,102.02,101.58,100.76,,,,,,,
19/05/2014,102.61,102.11,101.19,,,,,,,
20/05/2014,102.44,102.33,101.5,,,,,,,
21/05/2014,104.07,103.16,102.08,,,,,,,
22/05/2014,103.74,102.87,101.85,,,,,,,
23/05/2014,104.35,103.43,102.35,,,,,,,
27/05/2014,104.11,103.18,102.1,,,,,,,
28/05/2014,102.72,101.99,101.02,,,,,,,
29/05/2014,103.58,102.78,101.75,,,,,,,
30/05/2014,102.71,101.98,101.03,,,,,,,
2/06/2014,102.47,101.79,100.89,,,,,,,
3/06/2014,102.66,101.97,101.07,,,,,,,
4/06/2014,102.64,101.93,101.01,,,,,,,
5/06/2014,102.48,101.81,100.95,,,,,,,
6/06/2014,102.66,101.94,101.05,,,,,,,
9/06/2014,104.41,103.59,102.6,,,,,,,
10/06/2014,104.35,103.49,102.49,,,,,,,
11/06/2014,104.4,103.62,102.69,,,,,,,
12/06/2014,106.53,105.78,104.82,,,,,,,
13/06/2014,106.91,106.17,105.07,,,,,,,
16/06/2014,106.9,106.3,105.33,,,,,,,
17/06/2014,106.36,105.87,105.02,,,,,,,
18/06/2014,105.97,105.59,104.84,,,,,,,
19/06/2014,106.43,106.05,105.3,,,,,,,
20/06/2014,107.26,106.83,105.97,,,,,,,
23/06/2014,106.17,105.42,104.38,,,,,,,
24/06/2014,106.03,105.32,104.35,,,,,,,
25/06/2014,106.5,105.72,104.73,,,,,,,
26/06/2014,105.84,105.11,104.17,,,,,,,
27/06/2014,105.74,105.04,104.14,,,,,,,
30/06/2014,105.37,104.73,103.85,,,,,,,
1/07/2014,105.34,104.74,103.86,,,,,,,
2/07/2014,104.48,103.91,103.09,,,,,,,
3/07/2014,104.06,103.51,102.74,,,,,,,
7/07/2014,103.53,103.03,102.29,,,,,,,
8/07/2014,103.4,102.79,102.01,,,,,,,
9/07/2014,102.29,101.75,101.04,,,,,,,
10/07/2014,102.93,102.4,101.7,,,,,,,
11/07/2014,100.83,100.3,99.64,,,,,,,
14/07/2014,100.91,100.48,99.93,,,,,,,
15/07/2014,99.96,99.53,98.98,,,,,,,
16/07/2014,101.2,100.6,99.9,,,,,,,
17/07/2014,103.19,102.2,101.23,,,,,,,
18/07/2014,103.13,101.95,100.94,,,,,,,
21/07/2014,104.59,102.86,101.73,,,,,,,
22/07/2014,104.42,102.39,101.23,,,,,,,
23/07/2014,103.12,101.65,100.73,,,,,,,
24/07/2014,102.07,100.72,99.86,,,,,,,
25/07/2014,102.09,100.87,100.07,,,,,,,
28/07/2014,101.67,100.32,99.43,,,,,,,
29/07/2014,100.97,99.73,98.94,,,,,,,
30/07/2014,100.27,99.04,98.24,,,,,,,
31/07/2014,98.17,97.32,96.73,,,,,,,
1/08/2014,97.88,96.94,96.31,,,,,,,
4/08/2014,98.29,97.36,96.78,,,,,,,
5/08/2014,97.38,96.57,96.14,,,,,,,
6/08/2014,96.92,96.24,95.84,,,,,,,
7/08/2014,97.34,96.69,96.32,,,,,,,
8/08/2014,97.65,96.84,96.42,,,,,,,
11/08/2014,98.08,97.21,96.73,,,,,,,
12/08/2014,97.37,96.48,96.01,,,,,,,
13/08/2014,97.59,96.74,96.28,,,,,,,
14/08/2014,95.58,94.08,93.59,,,,,,,
15/08/2014,97.35,95.32,94.74,,,,,,,
18/08/2014,96.41,93.75,93.12,,,,,,,
19/08/2014,94.48,92.86,92.34,,,,,,,
20/08/2014,96.07,93.45,92.88,,,,,,,
21/08/2014,93.96,93.38,93.04,,,,,,,
22/08/2014,93.65,93.17,92.92,,,,,,,
25/08/2014,93.35,92.88,92.68,,,,,,,
26/08/2014,93.86,93.36,93.13,,,,,,,
27/08/2014,93.88,93.34,93.06,,,,,,,
28/08/2014,94.55,93.83,93.36,,,,,,,
29/08/2014,95.96,95.02,94.37,,,,,,,
2/09/2014,92.88,92.1,91.74,,,,,,,
3/09/2014,95.54,94.68,94.16,,,,,,,
4/09/2014,94.45,93.71,93.25,,,,,,,
5/09/2014,93.29,92.71,92.4,,,,,,,
8/09/2014,92.66,92.05,91.72,,,,,,,
9/09/2014,92.75,91.89,91.45,,,,,,,
10/09/2014,91.67,90.84,90.42,,,,,,,
11/09/2014,92.83,91.86,91.36,,,,,,,
12/09/2014,92.27,91.37,90.77,,,,,,,
15/09/2014,92.92,91.99,91.37,,,,,,,
16/09/2014,94.88,93.81,93.1,,,,,,,
17/09/2014,94.42,93.2,92.5,,,,,,,
18/09/2014,93.07,91.98,91.39,,,,,,,
19/09/2014,92.41,91.65,91.14,,,,,,,
22/09/2014,91.52,90.87,90.34,,,,,,,
23/09/2014,91.56,90.91,90.56,,,,,,,
24/09/2014,92.8,92.07,91.53,,,,,,,
25/09/2014,92.53,91.78,91.3,,,,,,,
26/09/2014,93.54,92.62,92.02,,,,,,,
29/09/2014,94.57,93.49,92.78,,,,,,,
30/09/2014,91.16,90.27,89.76,,,,,,,
1/10/2014,90.73,89.74,89.11,,,,,,,
2/10/2014,91.01,89.88,89.08,,,,,,,
3/10/2014,89.74,88.67,87.87,,,,,,,
6/10/2014,90.34,89.34,88.65,,,,,,,
7/10/2014,88.85,87.98,87.44,,,,,,,
8/10/2014,87.31,86.59,86.19,,,,,,,
9/10/2014,85.77,85.05,84.69,,,,,,,
10/10/2014,85.82,85.11,84.73,,,,,,,
13/10/2014,85.74,84.98,84.53,,,,,,,
14/10/2014,81.84,81.2,80.74,,,,,,,
15/10/2014,81.78,80.94,80.36,,,,,,,
16/10/2014,82.7,81.95,81.5,,,,,,,
17/10/2014,82.75,82.06,81.62,,,,,,,
20/10/2014,82.71,81.91,81.38,,,,,,,
21/10/2014,82.81,82.49,81.96,,,,,,,
22/10/2014,80.52,80.13,79.81,,,,,,,
23/10/2014,82.09,81.75,81.46,,,,,,,
24/10/2014,81.01,80.8,80.64,,,,,,,
27/10/2014,81,80.7,80.48,,,,,,,
28/10/2014,81.42,81.12,80.94,,,,,,,
29/10/2014,82.2,81.96,81.81,,,,,,,
30/10/2014,81.12,80.9,80.75,,,,,,,
31/10/2014,80.54,80.42,80.36,,,,,,,
3/11/2014,78.78,78.84,78.84,,,,,,,
4/11/2014,77.19,77.19,77.19,,,,,,,
5/11/2014,78.68,78.6,78.54,,,,,,,
6/11/2014,77.91,77.87,77.81,,,,,,,
7/11/2014,78.65,78.6,78.54,,,,,,,
10/11/2014,77.4,77.38,77.36,,,,,,,
11/11/2014,77.94,77.87,77.83,,,,,,,
12/11/2014,77.18,77.15,77.12,,,,,,,
13/11/2014,74.21,74.16,74.08,,,,,,,
14/11/2014,75.82,75.82,75.79,,,,,,,
17/11/2014,75.64,75.66,75.71,,,,,,,
18/11/2014,74.61,74.64,74.73,,,,,,,
19/11/2014,74.58,74.5,74.43,,,,,,,
20/11/2014,75.58,75.85,75.85,,,,,,,
21/11/2014,76.51,76.59,76.67,,,,,,,
24/11/2014,75.78,75.87,75.97,,,,,,,
25/11/2014,74.09,74.17,74.25,,,,,,,
26/11/2014,73.69,73.76,73.82,,,,,,,
28/11/2014,66.15,66.26,66.41,,,,,,,
1/12/2014,69,69.1,69.21,,,,,,,
2/12/2014,66.88,67,67.15,,,,,,,
3/12/2014,67.38,67.46,67.56,,,,,,,
4/12/2014,66.81,66.9,67.03,,,,,,,
5/12/2014,65.84,65.96,66.08,,,,,,,
8/12/2014,63.05,63.21,63.38,,,,,,,
9/12/2014,63.82,63.98,64.15,,,,,,,
10/12/2014,60.94,61.16,61.42,,,,,,,
11/12/2014,59.95,60.19,60.52,,,,,,,
12/12/2014,57.81,58.08,58.41,,,,,,,
15/12/2014,55.91,56.26,56.64,,,,,,,
16/12/2014,55.93,56.26,56.55,,,,,,,
17/12/2014,56.47,56.79,57.13,,,,,,,
18/12/2014,54.11,54.36,54.7,,,,,,,
19/12/2014,56.52,57.13,57.48,,,,,,,
22/12/2014,55.26,55.63,56.05,,,,,,,
23/12/2014,57.12,57.48,57.87,,,,,,,
24/12/2014,55.84,56.22,56.66,,,,,,,
26/12/2014,54.73,55.13,55.59,,,,,,,
29/12/2014,53.61,54.03,54.54,,,,,,,
30/12/2014,54.12,54.53,55.05,,,,,,,
31/12/2014,53.27,53.7,54.26,,,,,,,
2/01/2015,52.69,53.11,53.69,,,,,,,
5/01/2015,50.04,50.52,51.17,,,,,,,
6/01/2015,47.93,48.46,49.16,,,,,,,
7/01/2015,48.65,49.08,49.72,,,,,,,
8/01/2015,48.79,49.28,49.98,,,,,,,
9/01/2015,48.36,48.99,49.73,,,,,,,
12/01/2015,46.07,46.76,47.53,,,,,,,
13/01/2015,45.89,46.51,47.24,,,,,,,
14/01/2015,48.48,48.96,49.62,,,,,,,
15/01/2015,46.25,46.73,47.47,,,,,,,
16/01/2015,48.69,49.13,49.84,,,,,,,
20/01/2015,46.39,46.47,47.17,,,,,,,
21/01/2015,47.78,48.43,49.22,,,,,,,
22/01/2015,46.31,46.98,47.86,,,,,,,
23/01/2015,45.59,46.32,47.31,,,,,,,
26/01/2015,45.15,45.88,46.93,,,,,,,
27/01/2015,46.23,46.95,47.95,,,,,,,
28/01/2015,44.45,45.23,46.36,,,,,,,
29/01/2015,44.53,45.3,46.44,,,,,,,
30/01/2015,48.24,48.99,50.07,,,,,,,
2/02/2015,49.57,50.45,51.55,,,,,,,
3/02/2015,53.05,53.86,54.95,,,,,,,
4/02/2015,48.45,49.3,50.58,,,,,,,
5/02/2015,50.48,51.31,52.53,,,,,,,
6/02/2015,51.69,52.5,53.66,,,,,,,
9/02/2015,52.86,53.67,54.71,,,,,,,
10/02/2015,50.02,50.93,52.16,,,,,,,
11/02/2015,48.84,49.78,51.08,,,,,,,
12/02/2015,51.21,52.16,53.5,,,,,,,
13/02/2015,52.78,53.67,54.96,,,,,,,
17/02/2015,53.53,54.29,55.52,,,,,,,
18/02/2015,52.14,52.82,53.97,,,,,,,
19/02/2015,51.16,51.83,53,,,,,,,
20/02/2015,50.34,50.81,52.09,,,,,,,
23/02/2015,49.45,51.01,52.56,,,,,,,
24/02/2015,49.28,50.83,52.34,,,,,,,
25/02/2015,50.99,52.76,54.31,,,,,,,
26/02/2015,48.17,50.39,52.1,,,,,,,
27/02/2015,49.76,52.14,53.84,,,,,,,
2/03/2015,49.59,51.52,52.98,,,,,,,
3/03/2015,50.52,52.5,54.07,,,,,,,
4/03/2015,51.53,53.23,54.55,,,,,,,
5/03/2015,50.76,52.55,53.99,,,,,,,
6/03/2015,49.61,51.47,52.95,,,,,,,
9/03/2015,50,51.66,52.95,,,,,,,
10/03/2015,48.29,50.07,51.44,,,,,,,
11/03/2015,48.17,50.02,51.59,,,,,,,
12/03/2015,47.05,49.13,50.87,,,,,,,
13/03/2015,44.84,47.06,48.84,,,,,,,
16/03/2015,43.88,46.13,47.98,,,,,,,
17/03/2015,43.46,45.19,47.06,,,,,,,
18/03/2015,44.66,46.65,48.69,,,,,,,
19/03/2015,43.96,45.53,47.4,,,,,,,
20/03/2015,45.72,46.57,48.43,,,,,,,
23/03/2015,47.45,49.15,50.59,,,,,,,
24/03/2015,47.51,49.13,50.46,,,,,,,
25/03/2015,49.21,50.78,52.01,,,,,,,
26/03/2015,51.43,53.04,54.31,,,,,,,
27/03/2015,48.87,50.5,51.87,,,,,,,
30/03/2015,48.68,50.41,51.81,,,,,,,
31/03/2015,47.6,49.34,50.78,,,,,,,
1/04/2015,50.09,51.75,53.06,,,,,,,
2/04/2015,49.14,50.6,51.79,,,,,,,
6/04/2015,52.14,53.57,54.71,,,,,,,
7/04/2015,53.98,55.23,56.09,,,,,,,
8/04/2015,50.42,51.87,52.93,,,,,,,
9/04/2015,50.79,52.49,53.66,,,,,,,
10/04/2015,51.64,53.51,54.79,,,,,,,
13/04/2015,51.91,53.74,54.99,,,,,,,
14/04/2015,53.29,54.87,56.04,,,,,,,
15/04/2015,56.39,57.69,58.73,,,,,,,
16/04/2015,56.71,58.11,59.23,,,,,,,
17/04/2015,55.74,57.32,58.47,,,,,,,
20/04/2015,56.38,57.88,59.05,,,,,,,
21/04/2015,55.26,56.61,57.88,,,,,,,
22/04/2015,56.16,57.57,58.49,,,,,,,
23/04/2015,57.74,59.26,60.13,,,,,,,
24/04/2015,57.15,58.9,59.85,,,,,,,
27/04/2015,56.99,58.62,59.52,,,,,,,
28/04/2015,57.06,58.53,59.32,,,,,,,
29/04/2015,58.58,59.86,60.52,,,,,,,
30/04/2015,59.63,60.71,61.31,,,,,,,
1/05/2015,59.15,60.36,61.06,,,,,,,
4/05/2015,58.93,60.16,60.87,,,,,,,
5/05/2015,60.4,61.5,62.11,,,,,,,
6/05/2015,60.93,62,62.56,,,,,,,
7/05/2015,58.94,59.92,60.41,,,,,,,
8/05/2015,59.39,60.35,60.82,,,,,,,
11/05/2015,59.25,60.29,60.83,,,,,,,
12/05/2015,60.75,61.74,62.25,,,,,,,
13/05/2015,60.5,61.49,61.99,,,,,,,
14/05/2015,59.88,60.84,61.36,,,,,,,
15/05/2015,59.69,60.54,61.01,,,,,,,
18/05/2015,59.43,60.24,60.64,,,,,,,
19/05/2015,57.26,57.99,58.47,,,,,,,
20/05/2015,58.98,59.47,59.75,,,,,,,
21/05/2015,60.72,61.15,61.39,,,,,,,
22/05/2015,59.72,60.15,60.43,,,,,,,
26/05/2015,58.03,58.48,58.75,,,,,,,
27/05/2015,57.51,57.86,58.04,,,,,,,
28/05/2015,57.68,58.02,58.2,,,,,,,
29/05/2015,60.3,60.6,60.79,,,,,,,
1/06/2015,60.2,60.48,60.62,,,,,,,
2/06/2015,61.26,61.52,61.68,,,,,,,
3/06/2015,59.64,59.93,60.14,,,,,,,
4/06/2015,58,58.34,58.62,,,,,,,
5/06/2015,59.13,59.56,59.89,,,,,,,
8/06/2015,58.14,58.61,58.97,,,,,,,
9/06/2015,60.14,60.61,60.98,,,,,,,
10/06/2015,61.43,61.82,62.17,,,,,,,
11/06/2015,60.77,61.22,61.6,,,,,,,
12/06/2015,59.96,60.4,60.77,,,,,,,
15/06/2015,59.52,60,60.39,,,,,,,
16/06/2015,59.97,60.45,60.84,,,,,,,
17/06/2015,59.92,60.33,60.72,,,,,,,
18/06/2015,60.45,60.82,61.17,,,,,,,
19/06/2015,59.61,59.97,60.29,,,,,,,
22/06/2015,59.68,60.38,60.74,,,,,,,
23/06/2015,61.01,61.33,61.62,,,,,,,
24/06/2015,60.27,60.58,60.84,,,,,,,
25/06/2015,59.7,60,60.24,,,,,,,
26/06/2015,59.63,59.97,60.24,,,,,,,
29/06/2015,58.33,58.68,58.96,,,,,,,
30/06/2015,59.47,59.83,60.1,,,,,,,
1/07/2015,56.96,57.37,57.7,,,,,,,
2/07/2015,56.93,57.3,57.61,,,,,,,
6/07/2015,52.53,52.84,53.13,,,,,,,
7/07/2015,52.33,52.71,53.03,,,,,,,
8/07/2015,51.65,52.09,52.45,,,,,,,
9/07/2015,52.78,53.23,53.6,,,,,,,
10/07/2015,52.74,53.22,53.61,,,,,,,
13/07/2015,52.2,52.71,53.13,,,,,,,
14/07/2015,53.04,53.48,53.88,,,,,,,
15/07/2015,51.41,51.79,52.19,,,,,,,
16/07/2015,50.91,51.24,51.62,,,,,,,
17/07/2015,50.89,51.21,51.58,,,,,,,
20/07/2015,50.15,50.44,50.87,,,,,,,
21/07/2015,50.36,50.86,51.3,,,,,,,
22/07/2015,49.19,49.67,50.34,,,,,,,
23/07/2015,48.45,48.92,49.57,,,,,,,
24/07/2015,48.14,48.61,49.25,,,,,,,
27/07/2015,47.39,47.85,48.51,,,,,,,
28/07/2015,47.98,48.41,49.03,,,,,,,
29/07/2015,48.79,49.16,49.72,,,,,,,
30/07/2015,48.52,48.91,49.53,,,,,,,
31/07/2015,47.12,47.53,48.21,,,,,,,
3/08/2015,45.17,45.56,46.19,,,,,,,
4/08/2015,45.74,46.13,46.72,,,,,,,
5/08/2015,45.15,45.55,46.18,,,,,,,
6/08/2015,44.66,45.09,45.8,,,,,,,
7/08/2015,43.87,44.36,45.11,,,,,,,
10/08/2015,44.96,45.66,46.53,,,,,,,
11/08/2015,43.08,43.87,44.83,,,,,,,
12/08/2015,43.3,44.01,45.04,,,,,,,
13/08/2015,42.23,42.98,44.18,,,,,,,
14/08/2015,42.5,43.11,44.31,,,,,,,
17/08/2015,41.87,42.41,43.56,,,,,,,
18/08/2015,42.62,43.12,44.09,,,,,,,
19/08/2015,40.8,41.27,42.18,,,,,,,
20/08/2015,41.14,41.32,42.09,,,,,,,
21/08/2015,40.45,41.19,41.91,,,,,,,
24/08/2015,38.24,38.93,39.65,,,,,,,
25/08/2015,39.31,39.95,40.64,,,,,,,
26/08/2015,38.6,39.37,40.2,,,,,,,
27/08/2015,42.56,43.37,44.28,,,,,,,
28/08/2015,45.22,45.98,46.86,,,,,,,
31/08/2015,49.2,49.93,50.77,,,,,,,
1/09/2015,45.41,46.02,46.69,,,,,,,
2/09/2015,46.25,46.86,47.52,,,,,,,
3/09/2015,46.75,47.32,47.92,,,,,,,
4/09/2015,46.05,46.63,47.23,,,,,,,
8/09/2015,45.94,46.59,47.24,,,,,,,
9/09/2015,44.15,44.8,45.48,,,,,,,
10/09/2015,45.92,46.44,47.04,,,,,,,
11/09/2015,44.63,45.16,45.8,,,,,,,
14/09/2015,44,44.43,44.9,,,,,,,
15/09/2015,44.59,45,45.53,,,,,,,
16/09/2015,47.15,47.51,47.97,,,,,,,
17/09/2015,46.9,47.2,47.66,,,,,,,
18/09/2015,44.68,45.02,45.56,,,,,,,
21/09/2015,46.68,46.96,47.43,,,,,,,
22/09/2015,45.83,46.36,46.92,,,,,,,
23/09/2015,44.48,45.1,45.82,,,,,,,
24/09/2015,44.91,45.48,46.18,,,,,,,
25/09/2015,45.7,46.19,46.8,,,,,,,
28/09/2015,44.43,44.87,45.45,,,,,,,
29/09/2015,45.23,45.64,46.2,,,,,,,
30/09/2015,45.09,45.56,46.16,,,,,,,
1/10/2015,44.74,45.22,45.82,,,,,,,
2/10/2015,45.54,46,46.64,,,,,,,
5/10/2015,46.26,46.75,47.47,,,,,,,
6/10/2015,48.53,49.02,49.71,,,,,,,
7/10/2015,47.81,48.4,49.13,,,,,,,
8/10/2015,49.43,50,50.69,,,,,,,
9/10/2015,49.63,50.14,50.82,,,,,,,
12/10/2015,47.1,47.61,48.32,,,,,,,
13/10/2015,46.66,47.15,47.9,,,,,,,
14/10/2015,46.64,47.16,47.96,,,,,,,
15/10/2015,46.38,46.87,47.69,,,,,,,
16/10/2015,47.26,47.72,48.5,,,,,,,
19/10/2015,45.89,46.28,46.99,,,,,,,
20/10/2015,45.55,46.29,47,,,,,,,
21/10/2015,45.2,45.92,46.65,,,,,,,
22/10/2015,45.38,46.12,46.86,,,,,,,
23/10/2015,44.6,45.47,46.25,,,,,,,
26/10/2015,43.98,44.9,45.7,,,,,,,
27/10/2015,43.2,44.12,44.91,,,,,,,
28/10/2015,45.94,46.82,47.6,,,,,,,
29/10/2015,46.06,46.9,47.64,,,,,,,
30/10/2015,46.59,47.47,48.26,,,,,,,
2/11/2015,46.14,47.04,47.87,,,,,,,
3/11/2015,47.9,48.8,49.62,,,,,,,
4/11/2015,46.32,47.21,47.99,,,,,,,
5/11/2015,45.2,46.24,47.09,,,,,,,
6/11/2015,44.29,45.47,46.33,,,,,,,
9/11/2015,43.87,45.12,46.05,,,,,,,
10/11/2015,44.21,45.44,46.36,,,,,,,
11/11/2015,42.93,44.2,45.13,,,,,,,
12/11/2015,41.75,43.03,44,,,,,,,
13/11/2015,40.74,42,43.02,,,,,,,
16/11/2015,41.74,42.79,43.77,,,,,,,
17/11/2015,40.67,41.71,42.74,,,,,,,
18/11/2015,40.75,41.95,43.09,,,,,,,
19/11/2015,40.54,41.72,42.89,,,,,,,
20/11/2015,40.39,41.9,43.19,,,,,,,
23/11/2015,41.75,43.15,44.29,,,,,,,
24/11/2015,42.87,44.33,45.47,,,,,,,
25/11/2015,43.04,44.39,45.46,,,,,,,
27/11/2015,41.71,43.06,44.1,,,,,,,
30/11/2015,41.65,42.96,43.93,,,,,,,
1/12/2015,41.85,43.13,44.08,,,,,,,
2/12/2015,39.94,41.38,42.49,,,,,,,
3/12/2015,41.08,42.5,43.6,,,,,,,
4/12/2015,39.97,41.39,42.54,,,,,,,
7/12/2015,37.65,39.3,40.54,,,,,,,
8/12/2015,37.51,39.01,40.21,,,,,,,
9/12/2015,37.16,38.72,39.95,,,,,,,
10/12/2015,36.76,38.43,39.78,,,,,,,
11/12/2015,35.62,37.25,38.57,,,,,,,
14/12/2015,36.31,37.6,38.75,,,,,,,
15/12/2015,37.35,38.51,39.56,,,,,,,
16/12/2015,35.52,36.75,37.9,,,,,,,
17/12/2015,34.95,36.27,37.46,,,,,,,
18/12/2015,34.73,36.06,37.21,,,,,,,
21/12/2015,34.74,35.81,36.87,,,,,,,
22/12/2015,36.14,37.06,37.83,,,,,,,
23/12/2015,37.5,38.42,39.15,,,,,,,
24/12/2015,38.1,39.11,39.93,,,,,,,
28/12/2015,36.81,37.82,38.66,,,,,,,
29/12/2015,37.87,38.86,39.69,,,,,,,
30/12/2015,36.6,37.64,38.51,,,,,,,
31/12/2015,37.04,38.17,39.13,,,,,,,
4/01/2016,36.76,37.95,38.93,,,,,,,
5/01/2016,35.97,37.18,38.23,,,,,,,
6/01/2016,33.97,35.2,36.31,,,,,,,
7/01/2016,33.27,34.49,35.64,,,,,,,
8/01/2016,33.16,34.32,35.48,,,,,,,
11/01/2016,31.41,32.52,33.69,,,,,,,
12/01/2016,30.44,31.52,32.64,,,,,,,
13/01/2016,30.48,31.39,32.35,,,,,,,
14/01/2016,31.2,32.11,33.12,,,,,,,
15/01/2016,29.42,30.39,31.38,,,,,,,
19/01/2016,28.46,29.57,30.67,,,,,,,
20/01/2016,26.55,28.35,29.69,,,,,,,
21/01/2016,29.53,30.83,31.93,,,,,,,
22/01/2016,32.19,33.51,34.67,,,,,,,
25/01/2016,30.34,31.8,33.11,,,,,,,
26/01/2016,31.45,32.9,34.22,,,,,,,
27/01/2016,32.3,33.76,35.07,,,,,,,
28/01/2016,33.22,34.71,36.03,,,,,,,
29/01/2016,33.62,35.28,36.78,,,,,,,
1/02/2016,31.62,33.36,34.93,,,,,,,
2/02/2016,29.88,31.61,33.24,,,,,,,
3/02/2016,32.28,33.86,35.39,,,,,,,
4/02/2016,31.72,33.38,34.95,,,,,,,
5/02/2016,30.89,32.72,34.47,,,,,,,
8/02/2016,29.69,31.64,33.43,,,,,,,
9/02/2016,27.94,29.74,31.41,,,,,,,
10/02/2016,27.45,29.66,31.52,,,,,,,
11/02/2016,26.21,28.83,30.76,,,,,,,
12/02/2016,29.44,31.91,33.85,,,,,,,
16/02/2016,29.04,30.97,32.64,,,,,,,
17/02/2016,30.66,32.98,34.69,,,,,,,
18/02/2016,30.77,32.93,34.55,,,,,,,
19/02/2016,29.64,31.75,33.39,,,,,,,
22/02/2016,31.48,33.39,35.04,,,,,,,
23/02/2016,31.87,33.6,34.86,,,,,,,
24/02/2016,32.15,34.07,35.44,,,,,,,
25/02/2016,33.07,34.83,36.12,,,,,,,
26/02/2016,32.78,34.58,35.83,,,,,,,
29/02/2016,33.75,35.58,36.87,,,,,,,
1/03/2016,34.4,36.15,37.3,,,,,,,
2/03/2016,34.66,36.3,37.39,,,,,,,
3/03/2016,34.57,36.33,37.51,,,,,,,
4/03/2016,35.92,37.75,38.98,,,,,,,
7/03/2016,37.9,39.82,41.03,,,,,,,
8/03/2016,36.5,38.42,39.58,,,,,,,
9/03/2016,38.29,40.07,41.09,,,,,,,
10/03/2016,37.84,39.4,40.32,,,,,,,
11/03/2016,38.5,40.09,40.98,,,,,,,
14/03/2016,37.18,38.84,39.8,,,,,,,
15/03/2016,36.34,38.08,39.04,,,,,,,
16/03/2016,38.46,40,40.8,,,,,,,
17/03/2016,40.2,41.66,42.39,,,,,,,
18/03/2016,39.44,41.14,42.05,,,,,,,
21/03/2016,39.91,41.52,42.42,,,,,,,
22/03/2016,41.45,42.44,43.13,,,,,,,
23/03/2016,39.79,40.87,41.63,,,,,,,
24/03/2016,39.46,40.63,41.41,,,,,,,
28/03/2016,39.39,40.53,41.29,,,,,,,
29/03/2016,38.28,39.51,40.33,,,,,,,
30/03/2016,38.32,39.66,40.55,,,,,,,
31/03/2016,38.34,39.75,40.69,,,,,,,
1/04/2016,36.79,38.2,39.17,,,,,,,
4/04/2016,35.7,37.03,37.97,,,,,,,
5/04/2016,35.89,37.11,37.99,,,,,,,
6/04/2016,37.75,38.98,39.87,,,,,,,
7/04/2016,37.26,38.49,39.36,,,,,,,
8/04/2016,39.72,40.99,41.86,,,,,,,
11/04/2016,40.36,41.75,42.66,,,,,,,
12/04/2016,42.17,43.5,44.35,,,,,,,
13/04/2016,41.76,43.01,43.84,,,,,,,
14/04/2016,41.5,42.67,43.45,,,,,,,
15/04/2016,40.36,41.71,42.54,,,,,,,
18/04/2016,39.78,41.19,42.06,,,,,,,
19/04/2016,41.08,42.47,43.32,,,,,,,
20/04/2016,42.63,44.18,45.02,,,,,,,
21/04/2016,43.18,43.98,44.44,,,,,,,
22/04/2016,43.73,44.54,45.01,,,,,,,
25/04/2016,42.64,43.59,44.15,,,,,,,
26/04/2016,44.04,44.89,45.4,,,,,,,
27/04/2016,45.33,46.2,46.7,,,,,,,
28/04/2016,46.03,46.87,47.35,,,,,,,
29/04/2016,45.92,46.69,47.14,,,,,,,
2/05/2016,44.78,45.48,45.91,,,,,,,
3/05/2016,43.65,44.41,44.9,,,,,,,
4/05/2016,43.78,44.42,44.86,,,,,,,
5/05/2016,44.32,44.91,45.3,,,,,,,
6/05/2016,44.66,45.32,45.74,,,,,,,
9/05/2016,43.44,44.03,44.45,,,,,,,
10/05/2016,44.66,45.35,45.83,,,,,,,
11/05/2016,46.23,47.01,47.48,,,,,,,
12/05/2016,46.7,47.45,47.9,,,,,,,
13/05/2016,46.21,46.9,47.39,,,,,,,
16/05/2016,47.72,48.42,48.85,,,,,,,
17/05/2016,48.31,48.99,49.42,,,,,,,
18/05/2016,48.19,48.78,49.22,,,,,,,
19/05/2016,48.16,48.67,49.08,,,,,,,
20/05/2016,47.75,48.41,48.87,,,,,,,
23/05/2016,48.08,48.57,48.95,,,,,,,
24/05/2016,48.62,49.06,49.41,,,,,,,
25/05/2016,49.56,49.96,50.31,,,,,,,
26/05/2016,49.48,49.88,50.23,,,,,,,
27/05/2016,49.33,49.74,50.13,,,,,,,
31/05/2016,49.1,49.53,49.93,,,,,,,
1/06/2016,49.01,49.49,49.91,,,,,,,
2/06/2016,49.17,49.66,50.1,,,,,,,
3/06/2016,48.62,49.11,49.54,,,,,,,
6/06/2016,49.69,50.17,50.59,,,,,,,
7/06/2016,50.36,50.92,51.39,,,,,,,
8/06/2016,51.23,51.84,52.31,,,,,,,
9/06/2016,50.56,51.22,51.73,,,,,,,
10/06/2016,49.07,49.72,50.24,,,,,,,
13/06/2016,48.88,49.52,50.04,,,,,,,
14/06/2016,48.49,49.06,49.56,,,,,,,
15/06/2016,48.01,48.5,48.95,,,,,,,
16/06/2016,46.21,46.74,47.25,,,,,,,
17/06/2016,47.98,48.56,49.09,,,,,,,
20/06/2016,49.37,49.96,50.5,,,,,,,
21/06/2016,48.85,49.85,50.45,,,,,,,
22/06/2016,49.13,49.78,50.28,,,,,,,
23/06/2016,50.11,50.76,51.25,,,,,,,
24/06/2016,47.64,48.31,48.82,,,,,,,
27/06/2016,46.33,47.02,47.55,,,,,,,
28/06/2016,47.85,48.59,49.17,,,,,,,
29/06/2016,49.88,50.58,51.15,,,,,,,
30/06/2016,48.33,49.01,49.59,,,,,,,
1/07/2016,48.99,49.65,50.25,,,,,,,
5/07/2016,46.6,47.29,47.91,,,,,,,
6/07/2016,47.43,48.14,48.75,,,,,,,
7/07/2016,45.14,45.84,46.46,,,,,,,
8/07/2016,45.41,46.12,46.75,,,,,,,
11/07/2016,44.76,45.52,46.22,,,,,,,
12/07/2016,46.8,47.57,48.24,,,,,,,
13/07/2016,44.75,45.44,46.07,,,,,,,
14/07/2016,45.68,46.42,47.06,,,,,,,
15/07/2016,45.95,46.65,47.23,,,,,,,
18/07/2016,45.24,45.94,46.54,,,,,,,
19/07/2016,44.65,45.45,46.14,,,,,,,
20/07/2016,44.94,45.75,46.45,,,,,,,
21/07/2016,44.75,45.45,46.18,,,,,,,
22/07/2016,44.19,44.88,45.59,,,,,,,
25/07/2016,43.13,43.87,44.61,,,,,,,
26/07/2016,42.92,43.68,44.42,,,,,,,
27/07/2016,41.92,42.61,43.32,,,,,,,
28/07/2016,41.14,41.86,42.59,,,,,,,
29/07/2016,41.6,42.33,43.09,,,,,,,
1/08/2016,40.06,40.84,41.62,,,,,,,
2/08/2016,39.51,40.3,41.12,,,,,,,
3/08/2016,40.83,41.58,42.35,,,,,,,
4/08/2016,41.93,42.69,43.47,,,,,,,
5/08/2016,41.8,42.57,43.38,,,,,,,
8/08/2016,43.02,43.76,44.51,,,,,,,
9/08/2016,42.77,43.5,44.25,,,,,,,
10/08/2016,41.71,42.46,43.25,,,,,,,
11/08/2016,43.49,44.23,44.99,,,,,,,
12/08/2016,44.49,45.18,45.89,,,,,,,
15/08/2016,45.74,46.4,47.1,,,,,,,
16/08/2016,46.58,47.22,47.92,,,,,,,
17/08/2016,46.79,47.52,48.27,,,,,,,
18/08/2016,48.22,48.89,49.56,,,,,,,
19/08/2016,48.52,49.11,49.73,,,,,,,
22/08/2016,47.05,47.41,48.03,,,,,,,
23/08/2016,48.1,48.75,49.39,,,,,,,
24/08/2016,46.77,47.48,48.16,,,,,,,
25/08/2016,47.33,48.03,48.69,,,,,,,
26/08/2016,47.64,48.33,48.98,,,,,,,
29/08/2016,46.98,47.65,48.29,,,,,,,
30/08/2016,46.35,46.99,47.62,,,,,,,
31/08/2016,44.7,45.31,45.91,,,,,,,
1/09/2016,43.16,43.75,44.34,,,,,,,
2/09/2016,44.44,45.04,45.64,,,,,,,
6/09/2016,44.83,45.46,46.1,,,,,,,
7/09/2016,45.5,46.15,46.81,,,,,,,
8/09/2016,47.62,48.26,48.91,,,,,,,
9/09/2016,45.88,46.46,47.07,,,,,,,
12/09/2016,46.29,46.84,47.44,,,,,,,
13/09/2016,44.9,45.48,46.12,,,,,,,
14/09/2016,43.58,44.15,44.78,,,,,,,
15/09/2016,43.91,44.52,45.23,,,,,,,
16/09/2016,43.03,43.62,44.36,,,,,,,
19/09/2016,43.3,43.86,44.56,,,,,,,
20/09/2016,43.44,44.05,44.7,,,,,,,
21/09/2016,45.34,45.9,46.48,,,,,,,
22/09/2016,46.32,46.88,47.48,,,,,,,
23/09/2016,44.48,45.07,45.69,,,,,,,
26/09/2016,45.93,46.49,47.08,,,,,,,
27/09/2016,44.67,45.24,45.82,,,,,,,
28/09/2016,47.05,47.65,48.22,,,,,,,
29/09/2016,47.83,48.4,48.97,,,,,,,
30/09/2016,48.24,48.82,49.4,,,,,,,
3/10/2016,48.81,49.4,50.01,,,,,,,
4/10/2016,48.69,49.3,49.94,,,,,,,
5/10/2016,49.83,50.38,50.98,,,,,,,
6/10/2016,50.44,50.98,51.57,,,,,,,
7/10/2016,49.81,50.38,51,,,,,,,
10/10/2016,51.35,51.87,52.43,,,,,,,
11/10/2016,50.79,51.24,51.75,,,,,,,
12/10/2016,50.18,50.64,51.17,,,,,,,
13/10/2016,50.44,50.85,51.38,,,,,,,
14/10/2016,50.35,50.75,51.26,,,,,,,
17/10/2016,49.94,50.37,50.91,,,,,,,
18/10/2016,50.29,50.62,51.14,,,,,,,
19/10/2016,51.6,51.82,52.28,,,,,,,
20/10/2016,50.43,50.63,51.14,,,,,,,
21/10/2016,50.85,51.43,52,,,,,,,
24/10/2016,50.52,51.16,51.77,,,,,,,
25/10/2016,49.96,50.6,51.21,,,,,,,
26/10/2016,49.18,49.83,50.45,,,,,,,
27/10/2016,49.72,50.34,50.94,,,,,,,
28/10/2016,48.7,49.33,49.93,,,,,,,
31/10/2016,46.86,47.46,48.05,,,,,,,
1/11/2016,46.67,47.24,47.8,,,,,,,
2/11/2016,45.34,45.93,46.53,,,,,,,
3/11/2016,44.66,45.25,45.89,,,,,,,
4/11/2016,44.07,44.65,45.28,,,,,,,
7/11/2016,44.89,45.47,46.1,,,,,,,
8/11/2016,44.98,45.61,46.3,,,,,,,
9/11/2016,45.27,45.94,46.67,,,,,,,
10/11/2016,44.66,45.36,46.12,,,,,,,
11/11/2016,43.41,44.15,44.92,,,,,,,
14/11/2016,43.32,43.94,44.65,,,,,,,
15/11/2016,45.81,46.39,47.06,,,,,,,
16/11/2016,45.57,46.1,46.77,,,,,,,
17/11/2016,45.42,45.98,46.71,,,,,,,
18/11/2016,45.69,46.36,47.11,,,,,,,
21/11/2016,47.49,48.24,49.03,,,,,,,
22/11/2016,48.03,48.93,49.78,,,,,,,
23/11/2016,47.96,48.86,49.72,,,,,,,
25/11/2016,46.06,47,47.9,,,,,,,
28/11/2016,47.08,47.99,48.86,,,,,,,
29/11/2016,45.23,46.13,47,,,,,,,
30/11/2016,49.44,50.34,51.21,,,,,,,
1/12/2016,51.06,51.96,52.81,,,,,,,
2/12/2016,51.68,52.65,53.52,,,,,,,
5/12/2016,51.79,52.83,53.76,,,,,,,
6/12/2016,50.93,51.97,52.91,,,,,,,
7/12/2016,49.77,50.94,51.97,,,,,,,
8/12/2016,50.84,51.88,52.82,,,,,,,
9/12/2016,51.5,52.44,53.3,,,,,,,
12/12/2016,52.83,53.75,54.59,,,,,,,
13/12/2016,52.98,53.94,54.81,,,,,,,
14/12/2016,51.04,52.09,53.05,,,,,,,
15/12/2016,50.9,51.97,52.91,,,,,,,
16/12/2016,51.9,52.95,53.87,,,,,,,
19/12/2016,52.12,53.06,53.9,,,,,,,
20/12/2016,52.23,53.3,54.19,,,,,,,
21/12/2016,52.49,53.38,54.1,,,,,,,
22/12/2016,52.95,53.86,54.61,,,,,,,
23/12/2016,53.02,53.92,54.65,,,,,,,
27/12/2016,53.9,54.79,55.51,,,,,,,
28/12/2016,54.06,54.95,55.67,,,,,,,
29/12/2016,53.77,54.72,55.49,,,,,,,
30/12/2016,53.72,54.66,55.43,,,,,,,
3/01/2017,52.33,53.29,54.12,,,,,,,
4/01/2017,53.26,54.22,55.05,,,,,,,
5/01/2017,53.76,54.68,55.49,,,,,,,
6/01/2017,53.99,54.87,55.68,,,,,,,
9/01/2017,51.96,52.87,53.72,,,,,,,
10/01/2017,50.82,51.7,52.53,,,,,,,
11/01/2017,52.25,53.06,53.87,,,,,,,
12/01/2017,53.01,53.84,54.65,,,,,,,
13/01/2017,52.37,53.15,53.95,,,,,,,
17/01/2017,52.48,53.26,54.03,,,,,,,
18/01/2017,51.08,51.89,52.66,,,,,,,
19/01/2017,51.37,52.12,52.84,,,,,,,
20/01/2017,52.42,53.22,53.96,,,,,,,
23/01/2017,52.75,53.5,54.17,,,,,,,
24/01/2017,53.18,53.86,54.46,,,,,,,
25/01/2017,52.75,53.39,53.95,,,,,,,
26/01/2017,53.78,54.38,54.9,,,,,,,
27/01/2017,53.17,53.75,54.25,,,,,,,
30/01/2017,52.63,53.24,53.78,,,,,,,
31/01/2017,52.81,53.42,53.94,,,,,,,
1/02/2017,53.88,54.49,54.99,,,,,,,
2/02/2017,53.54,54.17,54.67,,,,,,,
3/02/2017,53.83,54.47,54.99,,,,,,,
6/02/2017,53.01,53.63,54.16,,,,,,,
7/02/2017,52.17,52.78,53.3,,,,,,,
8/02/2017,52.34,52.91,53.37,,,,,,,
9/02/2017,53,53.46,53.88,,,,,,,
10/02/2017,53.86,54.33,54.78,,,,,,,
13/02/2017,52.93,53.43,53.86,,,,,,,
14/02/2017,53.2,53.71,54.12,,,,,,,
15/02/2017,53.11,53.6,53.99,,,,,,,
16/02/2017,53.36,53.75,54.07,,,,,,,
17/02/2017,53.4,53.78,54.12,,,,,,,
21/02/2017,54.06,54.33,54.61,,,,,,,
22/02/2017,53.59,53.93,54.17,,,,,,,
23/02/2017,54.45,54.76,54.96,,,,,,,
24/02/2017,53.99,54.32,54.56,,,,,,,
27/02/2017,54.05,54.42,54.69,,,,,,,
28/02/2017,54.01,54.43,54.75,,,,,,,
1/03/2017,53.83,54.28,54.61,,,,,,,
2/03/2017,52.61,53.07,53.41,,,,,,,
3/03/2017,53.33,53.78,54.12,,,,,,,
6/03/2017,53.2,53.71,54.11,,,,,,,
7/03/2017,53.14,53.64,54.02,,,,,,,
8/03/2017,50.28,50.83,51.24,,,,,,,
9/03/2017,49.28,49.83,50.25,,,,,,,
10/03/2017,48.49,49.03,49.45,,,,,,,
13/03/2017,48.4,48.94,49.37,,,,,,,
14/03/2017,47.72,48.35,48.83,,,,,,,
15/03/2017,48.86,49.38,49.78,,,,,,,
16/03/2017,48.75,49.24,49.63,,,,,,,
17/03/2017,48.78,49.31,49.73,,,,,,,
20/03/2017,48.22,48.91,49.44,,,,,,,
21/03/2017,47.34,48.24,48.82,,,,,,,
22/03/2017,48.04,48.58,48.96,,,,,,,
23/03/2017,47.7,48.26,48.63,,,,,,,
24/03/2017,47.97,48.51,48.87,,,,,,,
27/03/2017,47.73,48.3,48.69,,,,,,,
28/03/2017,48.37,48.9,49.27,,,,,,,
29/03/2017,49.51,50,50.35,,,,,,,
30/03/2017,50.35,50.78,51.1,,,,,,,
31/03/2017,50.6,51.07,51.42,,,,,,,
3/04/2017,50.24,50.71,51.08,,,,,,,
4/04/2017,51.03,51.51,51.88,,,,,,,
5/04/2017,51.15,51.6,51.95,,,,,,,
6/04/2017,51.7,52.13,52.47,,,,,,,
7/04/2017,52.24,52.64,52.95,,,,,,,
10/04/2017,53.08,53.48,53.8,,,,,,,
11/04/2017,53.4,53.79,54.11,,,,,,,
12/04/2017,53.11,53.52,53.85,,,,,,,
13/04/2017,53.18,53.6,53.93,,,,,,,
17/04/2017,52.65,53.11,53.47,,,,,,,
18/04/2017,52.41,52.85,53.2,,,,,,,
19/04/2017,50.44,50.85,51.2,,,,,,,
20/04/2017,50.27,50.71,51.07,,,,,,,
21/04/2017,49.62,49.97,50.28,,,,,,,
24/04/2017,49.23,49.58,49.89,,,,,,,
25/04/2017,49.56,49.9,50.17,,,,,,,
26/04/2017,49.62,49.96,50.21,,,,,,,
27/04/2017,48.97,49.31,49.56,,,,,,,
28/04/2017,49.33,49.62,49.85,,,,,,,
1/05/2017,48.84,49.16,49.4,,,,,,,
2/05/2017,47.66,47.99,48.24,,,,,,,
3/05/2017,47.82,48.18,48.45,,,,,,,
4/05/2017,45.52,45.9,46.19,,,,,,,
5/05/2017,46.22,46.6,46.91,,,,,,,
8/05/2017,46.43,46.84,47.19,,,,,,,
9/05/2017,45.88,46.27,46.62,,,,,,,
10/05/2017,47.33,47.7,48.02,,,,,,,
11/05/2017,47.83,48.2,48.51,,,,,,,
12/05/2017,47.84,48.17,48.44,,,,,,,
15/05/2017,48.85,49.16,49.4,,,,,,,
16/05/2017,48.66,49,49.29,,,,,,,
17/05/2017,49.07,49.41,49.7,,,,,,,
18/05/2017,49.35,49.66,49.91,,,,,,,
19/05/2017,50.33,50.67,50.92,,,,,,,
22/05/2017,50.73,51.13,51.4,,,,,,,
23/05/2017,51.47,51.72,51.92,,,,,,,
24/05/2017,51.36,51.59,51.76,,,,,,,
25/05/2017,48.9,49.14,49.33,,,,,,,
26/05/2017,49.8,50.05,50.23,,,,,,,
30/05/2017,49.66,49.91,50.1,,,,,,,
31/05/2017,48.32,48.56,48.74,,,,,,,
1/06/2017,48.36,48.6,48.79,,,,,,,
2/06/2017,47.66,47.87,48.05,,,,,,,
5/06/2017,47.4,47.58,47.75,,,,,,,
6/06/2017,48.19,48.34,48.49,,,,,,,
7/06/2017,45.72,45.98,46.22,,,,,,,
8/06/2017,45.64,45.89,46.13,,,,,,,
9/06/2017,45.83,46.07,46.32,,,,,,,
12/06/2017,46.08,46.32,46.56,,,,,,,
13/06/2017,46.46,46.67,46.89,,,,,,,
14/06/2017,44.73,44.93,45.14,,,,,,,
15/06/2017,44.46,44.68,44.91,,,,,,,
16/06/2017,44.74,44.97,45.2,,,,,,,
19/06/2017,44.2,44.43,44.69,,,,,,,
20/06/2017,43.23,43.51,43.77,,,,,,,
21/06/2017,42.53,42.75,42.96,,,,,,,
22/06/2017,42.74,42.97,43.19,,,,,,,
23/06/2017,43.01,43.27,43.51,,,,,,,
26/06/2017,43.38,43.61,43.84,,,,,,,
27/06/2017,44.24,44.49,44.73,,,,,,,
28/06/2017,44.74,44.99,45.23,,,,,,,
29/06/2017,44.93,45.2,45.44,,,,,,,
30/06/2017,46.04,46.29,46.51,,,,,,,
3/07/2017,47.07,47.29,47.49,,,,,,,
5/07/2017,45.13,45.34,45.55,,,,,,,
6/07/2017,45.52,45.7,45.89,,,,,,,
7/07/2017,44.23,44.39,44.56,,,,,,,
10/07/2017,44.4,44.6,44.79,,,,,,,
11/07/2017,45.04,45.23,45.4,,,,,,,
12/07/2017,45.49,45.66,45.81,,,,,,,
13/07/2017,46.08,46.25,46.4,,,,,,,
14/07/2017,46.54,46.75,46.92,,,,,,,
17/07/2017,46.02,46.23,46.41,,,,,,,
18/07/2017,46.4,46.59,46.76,,,,,,,
19/07/2017,47.12,47.32,47.5,,,,,,,
20/07/2017,46.79,46.92,47.1,,,,,,,
21/07/2017,45.77,45.95,46.19,,,,,,,
24/07/2017,46.34,46.51,46.72,,,,,,,
25/07/2017,47.89,48.02,48.19,,,,,,,
26/07/2017,48.75,48.85,48.99,,,,,,,
27/07/2017,49.04,49.17,49.32,,,,,,,
28/07/2017,49.71,49.81,49.93,,,,,,,
31/07/2017,50.17,50.26,50.37,,,,,,,
1/08/2017,49.16,49.29,49.43,,,,,,,
2/08/2017,49.59,49.73,49.87,,,,,,,
3/08/2017,49.03,49.19,49.34,,,,,,,
4/08/2017,49.58,49.73,49.88,,,,,,,
7/08/2017,49.39,49.57,49.75,,,,,,,
8/08/2017,49.17,49.35,49.52,,,,,,,
9/08/2017,49.56,49.72,49.87,,,,,,,
10/08/2017,48.59,48.75,48.88,,,,,,,
11/08/2017,48.82,48.97,49.11,,,,,,,
14/08/2017,47.59,47.73,47.88,,,,,,,
15/08/2017,47.55,47.7,47.84,,,,,,,
16/08/2017,46.78,46.94,47.1,,,,,,,
17/08/2017,47.09,47.24,47.4,,,,,,,
18/08/2017,48.51,48.66,48.82,,,,,,,
21/08/2017,47.37,47.53,47.68,,,,,,,
22/08/2017,47.64,47.83,48.02,,,,,,,
23/08/2017,48.41,48.62,48.8,,,,,,,
24/08/2017,47.43,47.7,47.92,,,,,,,
25/08/2017,47.87,48.12,48.34,,,,,,,
28/08/2017,46.57,46.96,47.27,,,,,,,
29/08/2017,46.44,47,47.45,,,,,,,
30/08/2017,45.96,46.51,46.94,,,,,,,
31/08/2017,47.23,47.96,48.56,,,,,,,
1/09/2017,47.29,47.99,48.54,,,,,,,
5/09/2017,48.66,49.14,49.53,,,,,,,
6/09/2017,49.16,49.62,50,,,,,,,
7/09/2017,49.09,49.53,49.91,,,,,,,
8/09/2017,47.48,48.06,48.56,,,,,,,
11/09/2017,48.07,48.62,49.07,,,,,,,
12/09/2017,48.23,48.75,49.17,,,,,,,
13/09/2017,49.3,49.75,50.1,,,,,,,
14/09/2017,49.89,50.35,50.66,,,,,,,
15/09/2017,49.89,50.44,50.81,,,,,,,
18/09/2017,49.91,50.35,50.66,,,,,,,
19/09/2017,49.48,49.9,50.24,,,,,,,
20/09/2017,50.41,50.69,51.04,,,,,,,
21/09/2017,50.55,50.93,51.21,,,,,,,
22/09/2017,50.66,51.03,51.31,,,,,,,
25/09/2017,52.22,52.52,52.74,,,,,,,
26/09/2017,51.88,52.19,52.42,,,,,,,
27/09/2017,52.14,52.43,52.63,,,,,,,
28/09/2017,51.56,51.87,52.09,,,,,,,
29/09/2017,51.67,51.95,52.14,,,,,,,
2/10/2017,50.58,50.9,51.14,,,,,,,
3/10/2017,50.42,50.74,50.99,,,,,,,
4/10/2017,49.98,50.32,50.6,,,,,,,
5/10/2017,50.79,51.15,51.44,,,,,,,
6/10/2017,49.29,49.65,49.92,,,,,,,
9/10/2017,49.58,49.93,50.18,,,,,,,
10/10/2017,50.92,51.23,51.43,,,,,,,
11/10/2017,51.3,51.6,51.8,,,,,,,
12/10/2017,50.6,50.93,51.15,,,,,,,
13/10/2017,51.45,51.73,51.94,,,,,,,
16/10/2017,51.87,52.14,52.34,,,,,,,
17/10/2017,51.88,52.11,52.28,,,,,,,
18/10/2017,52.04,52.26,52.45,,,,,,,
19/10/2017,51.29,51.51,51.73,,,,,,,
20/10/2017,51.47,51.84,52.04,,,,,,,
23/10/2017,51.9,52.08,52.19,,,,,,,
24/10/2017,52.47,52.67,52.79,,,,,,,
25/10/2017,52.18,52.43,52.59,,,,,,,
26/10/2017,52.64,52.86,53,,,,,,,
27/10/2017,53.9,54.09,54.18,,,,,,,
30/10/2017,54.15,54.37,54.48,,,,,,,
31/10/2017,54.38,54.59,54.69,,,,,,,
1/11/2017,54.3,54.51,54.62,,,,,,,
2/11/2017,54.54,54.77,54.89,,,,,,,
3/11/2017,55.64,55.86,55.98,,,,,,,
6/11/2017,57.35,57.57,57.7,,,,,,,
7/11/2017,57.2,57.43,57.59,,,,,,,
8/11/2017,56.81,57.05,57.22,,,,,,,
9/11/2017,57.17,57.39,57.56,,,,,,,
10/11/2017,56.74,56.98,57.16,,,,,,,
13/11/2017,56.76,56.97,57.13,,,,,,,
14/11/2017,55.7,55.89,56.03,,,,,,,
15/11/2017,55.33,55.52,55.66,,,,,,,
16/11/2017,55.14,55.35,55.49,,,,,,,
17/11/2017,56.55,56.71,56.81,,,,,,,
20/11/2017,56.09,56.42,56.53,,,,,,,
21/11/2017,56.83,56.92,56.96,,,,,,,
22/11/2017,58.02,58.02,57.94,,,,,,,
24/11/2017,58.95,58.91,58.73,,,,,,,
27/11/2017,58.11,58.16,58.08,,,,,,,
28/11/2017,57.99,58.05,58,,,,,,,
29/11/2017,57.3,57.36,57.31,,,,,,,
30/11/2017,57.4,57.45,57.4,,,,,,,
1/12/2017,58.36,58.38,58.31,,,,,,,
4/12/2017,57.47,57.49,57.42,,,,,,,
5/12/2017,57.62,57.67,57.65,,,,,,,
6/12/2017,55.96,56.03,56.05,,,,,,,
7/12/2017,56.69,56.75,56.76,,,,,,,
8/12/2017,57.36,57.44,57.46,,,,,,,
11/12/2017,57.99,58.05,58.04,,,,,,,
12/12/2017,57.14,57.16,57.13,,,,,,,
13/12/2017,56.6,56.59,56.5,,,,,,,
14/12/2017,57.04,57.08,57.01,,,,,,,
15/12/2017,57.3,57.33,57.24,,,,,,,
18/12/2017,57.16,57.22,57.23,,,,,,,
19/12/2017,57.46,57.56,57.58,,,,,,,
20/12/2017,58.09,58.13,58.11,,,,,,,
21/12/2017,58.36,58.4,58.39,,,,,,,
22/12/2017,58.47,58.54,58.54,,,,,,,
26/12/2017,59.97,60,59.98,,,,,,,
27/12/2017,59.64,59.69,59.68,,,,,,,
28/12/2017,59.84,59.87,59.84,,,,,,,
29/12/2017,60.42,60.44,60.4,,,,,,,
2/01/2018,60.37,60.38,60.33,,,,,,,
3/01/2018,61.63,61.55,61.41,,,,,,,
4/01/2018,62.01,61.9,61.73,,,,,,,
5/01/2018,61.44,61.41,61.3,,,,,,,
8/01/2018,61.73,61.72,61.62,,,,,,,
9/01/2018,62.96,62.87,62.7,,,,,,,
10/01/2018,63.57,63.42,63.21,,,,,,,
11/01/2018,63.8,63.68,63.46,,,,,,,
12/01/2018,64.3,64.23,64.03,,,,,,,
16/01/2018,63.73,63.67,63.49,,,,,,,
17/01/2018,63.97,63.92,63.74,,,,,,,
18/01/2018,63.95,63.89,63.71,,,,,,,
19/01/2018,63.37,63.31,63.16,,,,,,,
22/01/2018,63.49,63.57,63.43,,,,,,,
23/01/2018,64.47,64.31,64.09,,,,,,,
24/01/2018,65.61,65.36,65.03,,,,,,,
25/01/2018,65.51,65.37,65.1,,,,,,,
26/01/2018,66.14,65.97,65.67,,,,,,,
29/01/2018,65.56,65.39,65.1,,,,,,,
30/01/2018,64.5,64.35,64.11,,,,,,,
31/01/2018,64.73,64.56,64.31,,,,,,,
1/02/2018,65.8,65.55,65.21,,,,,,,
2/02/2018,65.45,65.07,64.61,,,,,,,
5/02/2018,64.15,63.83,63.41,,,,,,,
6/02/2018,63.39,63.11,62.7,,,,,,,
7/02/2018,61.79,61.55,61.19,,,,,,,
8/02/2018,61.15,60.94,60.62,,,,,,,
9/02/2018,59.2,58.99,58.67,,,,,,,
12/02/2018,59.29,59.08,58.73,,,,,,,
13/02/2018,59.19,59.03,58.75,,,,,,,
14/02/2018,60.6,60.51,60.27,,,,,,,
15/02/2018,61.34,61.17,60.78,,,,,,,
16/02/2018,61.68,61.55,61.2,,,,,,,
20/02/2018,61.9,61.79,61.56,,,,,,,
21/02/2018,61.68,61.52,61.2,,,,,,,
22/02/2018,62.77,62.6,62.25,,,,,,,
23/02/2018,63.55,63.41,63.1,,,,,,,
26/02/2018,63.91,63.77,63.45,,,,,,,
27/02/2018,63.01,62.9,62.63,,,,,,,
28/02/2018,61.64,61.47,61.14,,,,,,,
1/03/2018,60.99,60.8,60.44,,,,,,,
2/03/2018,61.25,61.09,60.78,,,,,,,
5/03/2018,62.57,62.39,62.05,,,,,,,
6/03/2018,62.6,62.45,62.16,,,,,,,
7/03/2018,61.15,61.02,60.75,,,,,,,
8/03/2018,60.12,60.06,59.91,,,,,,,
9/03/2018,62.04,61.92,61.69,,,,,,,
12/03/2018,61.36,61.33,61.16,,,,,,,
13/03/2018,60.71,60.75,60.65,,,,,,,
14/03/2018,60.96,61.02,60.91,,,,,,,
15/03/2018,61.19,61.25,61.13,,,,,,,
16/03/2018,62.34,62.41,62.25,,,,,,,
19/03/2018,62.06,62.13,61.96,,,,,,,
20/03/2018,63.4,63.54,63.31,,,,,,,
21/03/2018,65.17,64.95,64.54,,,,,,,
22/03/2018,64.3,64.18,63.83,,,,,,,
23/03/2018,65.88,65.71,65.29,,,,,,,
26/03/2018,65.55,65.41,65.03,,,,,,,
27/03/2018,65.25,65.18,64.86,,,,,,,
28/03/2018,64.38,64.35,64.06,,,,,,,
29/03/2018,64.94,64.87,64.54,,,,,,,
2/04/2018,63.01,62.99,62.72,,,,,,,
3/04/2018,63.51,63.46,63.21,,,,,,,
4/04/2018,63.37,63.33,63.1,,,,,,,
5/04/2018,63.54,63.54,63.34,,,,,,,
6/04/2018,62.06,62.1,61.96,,,,,,,
9/04/2018,63.42,63.43,63.26,,,,,,,
10/04/2018,65.51,65.44,65.17,,,,,,,
11/04/2018,66.82,66.74,66.44,,,,,,,
12/04/2018,67.07,66.95,66.58,,,,,,,
13/04/2018,67.39,67.33,67,,,,,,,
16/04/2018,66.22,66.2,65.94,,,,,,,
17/04/2018,66.52,66.51,66.24,,,,,,,
18/04/2018,68.47,68.47,68.15,,,,,,,
19/04/2018,68.29,68.33,68.08,,,,,,,
20/04/2018,68.38,68.4,68.18,,,,,,,
23/04/2018,68.64,68.47,68.02,,,,,,,
24/04/2018,67.7,67.57,67.17,,,,,,,
25/04/2018,68.05,67.92,67.53,,,,,,,
26/04/2018,68.19,68.08,67.74,,,,,,,
27/04/2018,68.1,67.98,67.63,,,,,,,
30/04/2018,68.57,68.48,68.17,,,,,,,
1/05/2018,67.25,67.13,66.82,,,,,,,
2/05/2018,67.93,67.77,67.35,,,,,,,
3/05/2018,68.43,68.26,67.8,,,,,,,
4/05/2018,69.72,69.58,69.16,,,,,,,
7/05/2018,70.73,70.62,70.26,,,,,,,
8/05/2018,69.06,68.97,68.66,,,,,,,
9/05/2018,71.14,71.05,70.75,,,,,,,
10/05/2018,71.36,71.31,71.07,,,,,,,
11/05/2018,70.7,70.68,70.47,,,,,,,
14/05/2018,70.96,70.99,70.81,,,,,,,
15/05/2018,71.31,71.37,71.15,,,,,,,
16/05/2018,71.49,71.56,71.35,,,,,,,
17/05/2018,71.49,71.57,71.33,,,,,,,
18/05/2018,71.28,71.37,71.11,,,,,,,
21/05/2018,72.24,72.35,72.08,,,,,,,
22/05/2018,72.13,72.2,72.02,,,,,,,
23/05/2018,71.84,71.71,71.32,,,,,,,
24/05/2018,70.71,70.58,70.19,,,,,,,
25/05/2018,67.88,67.78,67.45,,,,,,,
29/05/2018,66.73,66.62,66.27,,,,,,,
30/05/2018,68.21,68.08,67.66,,,,,,,
31/05/2018,67.04,66.91,66.54,,,,,,,
1/06/2018,65.81,65.77,65.53,,,,,,,
4/06/2018,64.75,64.68,64.48,,,,,,,
5/06/2018,65.52,65.46,65.23,,,,,,,
6/06/2018,64.73,64.7,64.52,,,,,,,
7/06/2018,65.95,65.89,65.63,,,,,,,
8/06/2018,65.74,65.67,65.4,,,,,,,
11/06/2018,66.1,66.03,65.74,,,,,,,
12/06/2018,66.36,66.28,65.98,,,,,,,
13/06/2018,66.64,66.52,66.22,,,,,,,
14/06/2018,66.89,66.69,66.27,,,,,,,
15/06/2018,65.06,64.85,64.4,,,,,,,
18/06/2018,65.85,65.69,65.28,,,,,,,
19/06/2018,65.07,64.9,64.56,,,,,,,
20/06/2018,66.22,65.71,65.24,,,,,,,
21/06/2018,65.54,64.86,64.19,,,,,,,
22/06/2018,68.58,67.63,66.79,,,,,,,
25/06/2018,68.08,67.04,66.18,,,,,,,
26/06/2018,70.53,69.28,68.16,,,,,,,
27/06/2018,72.76,71.26,69.96,,,,,,,
28/06/2018,73.45,71.81,70.34,,,,,,,
29/06/2018,74.15,72.46,70.92,,,,,,,
2/07/2018,73.94,71.62,69.3,,,,,,,
3/07/2018,74.14,71.59,68.84,,,,,,,
5/07/2018,72.94,70.63,68.46,,,,,,,
6/07/2018,73.8,71.57,69.14,,,,,,,
9/07/2018,73.85,71.98,69.85,,,,,,,
10/07/2018,74.11,72.56,70.62,,,,,,,
11/07/2018,70.38,68.86,67.1,,,,,,,
12/07/2018,70.33,69.35,68.07,,,,,,,
13/07/2018,71.01,69.95,68.55,,,,,,,
16/07/2018,68.06,67.07,65.66,,,,,,,
17/07/2018,68.08,67.16,65.84,,,,,,,
18/07/2018,68.76,67.75,66.38,,,,,,,
19/07/2018,69.46,68.24,66.53,,,,,,,
20/07/2018,70.46,68.26,66.64,,,,,,,
23/07/2018,67.89,66.75,66.43,,,,,,,
24/07/2018,68.52,67.19,66.77,,,,,,,
25/07/2018,69.3,68.01,67.59,,,,,,,
26/07/2018,69.61,68.43,68,,,,,,,
27/07/2018,68.69,67.73,67.36,,,,,,,
30/07/2018,70.13,68.95,68.51,,,,,,,
31/07/2018,68.76,67.63,67.27,,,,,,,
1/08/2018,67.66,66.5,66.11,,,,,,,
2/08/2018,68.96,67.66,67.18,,,,,,,
3/08/2018,68.49,67.35,66.93,,,,,,,
6/08/2018,69.01,67.94,67.48,,,,,,,
7/08/2018,69.17,68.33,67.96,,,,,,,
8/08/2018,66.94,66.25,65.87,,,,,,,
9/08/2018,66.81,66.14,65.78,,,,,,,
10/08/2018,67.63,66.94,66.54,,,,,,,
13/08/2018,67.2,66.57,66.21,,,,,,,
14/08/2018,67.04,66.33,66,,,,,,,
15/08/2018,65.01,64.46,64.24,,,,,,,
16/08/2018,65.46,64.88,64.66,,,,,,,
17/08/2018,65.91,65.21,64.94,,,,,,,
20/08/2018,66.43,65.42,65.1,,,,,,,
21/08/2018,67.35,65.84,65.49,,,,,,,
22/08/2018,67.86,67.51,67.2,,,,,,,
23/08/2018,67.83,67.53,67.24,,,,,,,
24/08/2018,68.72,68.36,68.05,,,,,,,
27/08/2018,68.87,68.54,68.25,,,,,,,
28/08/2018,68.53,68.22,67.93,,,,,,,
29/08/2018,69.51,69.17,68.87,,,,,,,
30/08/2018,70.25,69.81,69.46,,,,,,,
31/08/2018,69.8,69.37,69.05,,,,,,,
4/09/2018,69.87,69.56,69.29,,,,,,,
5/09/2018,68.72,68.42,68.17,,,,,,,
6/09/2018,67.77,67.52,67.3,,,,,,,
7/09/2018,67.75,67.55,67.39,,,,,,,
10/09/2018,67.54,67.41,67.31,,,,,,,
11/09/2018,69.25,69.04,68.89,,,,,,,
12/09/2018,70.37,70.16,70.04,,,,,,,
13/09/2018,68.59,68.41,68.35,,,,,,,
14/09/2018,68.99,68.77,68.67,,,,,,,
17/09/2018,68.91,68.68,68.59,,,,,,,
18/09/2018,69.85,69.59,69.45,,,,,,,
19/09/2018,71.12,70.77,70.52,,,,,,,
20/09/2018,70.8,70.32,70.06,,,,,,,
21/09/2018,70.78,70.37,70.06,,,,,,,
24/09/2018,72.08,71.76,71.51,,,,,,,
25/09/2018,72.28,72.1,71.91,,,,,,,
26/09/2018,71.57,71.41,71.25,,,,,,,
27/09/2018,72.12,71.96,71.82,,,,,,,
28/09/2018,73.25,73.06,72.89,,,,,,,
1/10/2018,75.3,75.14,75,,,,,,,
2/10/2018,75.23,75.04,74.9,,,,,,,
3/10/2018,76.41,76.24,76.1,,,,,,,
4/10/2018,74.33,74.25,74.13,,,,,,,
5/10/2018,74.34,74.26,74.15,,,,,,,
8/10/2018,74.29,74.17,74.03,,,,,,,
9/10/2018,74.96,74.81,74.65,,,,,,,
10/10/2018,73.17,73.03,72.91,,,,,,,
11/10/2018,70.97,70.81,70.69,,,,,,,
12/10/2018,71.34,71.18,71.08,,,,,,,
15/10/2018,71.78,71.61,71.53,,,,,,,
16/10/2018,71.92,71.76,71.7,,,,,,,
17/10/2018,69.75,69.7,69.72,,,,,,,
18/10/2018,68.65,68.71,68.75,,,,,,,
19/10/2018,69.12,69.28,69.35,,,,,,,
22/10/2018,69.17,69.36,69.49,,,,,,,
23/10/2018,66.43,66.62,66.76,,,,,,,
24/10/2018,66.82,66.96,67.06,,,,,,,
25/10/2018,67.33,67.44,67.51,,,,,,,
26/10/2018,67.59,67.75,67.84,,,,,,,
29/10/2018,67.04,67.21,67.34,,,,,,,
30/10/2018,66.18,66.31,66.42,,,,,,,
31/10/2018,65.31,65.44,65.58,,,,,,,
1/11/2018,63.69,63.81,63.92,,,,,,,
2/11/2018,63.14,63.28,63.41,,,,,,,
5/11/2018,63.1,63.21,63.31,,,,,,,
6/11/2018,62.21,62.34,62.46,,,,,,,
7/11/2018,61.67,61.82,62,,,,,,,
8/11/2018,60.67,60.86,61.07,,,,,,,
9/11/2018,60.19,60.36,60.56,,,,,,,
12/11/2018,59.93,60.08,60.28,,,,,,,
13/11/2018,55.69,55.84,56.05,,,,,,,
14/11/2018,56.25,56.44,56.67,,,,,,,
15/11/2018,56.46,56.68,56.9,,,,,,,
16/11/2018,56.46,56.68,56.88,,,,,,,
19/11/2018,56.76,57.2,57.32,,,,,,,
20/11/2018,53.43,53.57,53.71,,,,,,,
21/11/2018,54.63,54.8,54.97,,,,,,,
23/11/2018,50.42,50.59,50.76,,,,,,,
26/11/2018,51.63,51.8,51.95,,,,,,,
27/11/2018,51.56,51.73,51.89,,,,,,,
28/11/2018,50.29,50.49,50.67,,,,,,,
29/11/2018,51.45,51.62,51.78,,,,,,,
30/11/2018,50.93,51.09,51.23,,,,,,,
3/12/2018,52.95,53.14,53.33,,,,,,,
4/12/2018,53.25,53.46,53.67,,,,,,,
5/12/2018,52.89,53.12,53.36,,,,,,,
6/12/2018,51.49,51.7,51.95,,,,,,,
7/12/2018,52.61,52.81,53.05,,,,,,,
10/12/2018,51,51.2,51.4,,,,,,,
11/12/2018,51.65,51.84,52.01,,,,,,,
12/12/2018,51.15,51.36,51.59,,,,,,,
13/12/2018,52.58,52.83,53.07,,,,,,,
14/12/2018,51.2,51.47,51.76,,,,,,,
17/12/2018,49.88,50.2,50.55,,,,,,,
18/12/2018,46.24,46.6,46.94,,,,,,,
19/12/2018,47.2,48.17,48.49,,,,,,,
20/12/2018,45.88,46.19,46.52,,,,,,,
21/12/2018,45.59,45.89,46.23,,,,,,,
24/12/2018,42.53,42.82,43.16,,,,,,,
26/12/2018,46.22,46.54,46.88,,,,,,,
27/12/2018,44.61,44.9,45.23,,,,,,,
28/12/2018,45.33,45.6,45.9,,,,,,,
31/12/2018,45.41,45.72,46.08,,,,,,,
2/01/2019,46.54,46.86,47.24,,,,,,,
3/01/2019,47.09,47.4,47.77,,,,,,,
4/01/2019,47.96,48.28,48.65,,,,,,,
7/01/2019,48.52,48.82,49.17,,,,,,,
8/01/2019,49.78,50.11,50.49,,,,,,,
9/01/2019,52.36,52.69,53.07,,,,,,,
10/01/2019,52.59,52.91,53.28,,,,,,,
11/01/2019,51.59,51.91,52.27,,,,,,,
14/01/2019,50.51,50.8,51.14,,,,,,,
15/01/2019,52.11,52.39,52.7,,,,,,,
16/01/2019,52.31,52.61,52.93,,,,,,,
17/01/2019,52.07,52.36,52.69,,,,,,,
18/01/2019,53.8,54.04,54.3,,,,,,,
22/01/2019,52.57,53.01,53.3,,,,,,,
23/01/2019,52.62,52.92,53.32,,,,,,,
24/01/2019,53.13,53.42,53.78,,,,,,,
25/01/2019,53.69,53.98,54.31,,,,,,,
28/01/2019,51.99,52.29,52.64,,,,,,,
29/01/2019,53.31,53.6,53.93,,,,,,,
30/01/2019,54.23,54.47,54.72,,,,,,,
31/01/2019,53.79,54.04,54.31,,,,,,,
1/02/2019,55.26,55.55,55.88,,,,,,,
4/02/2019,54.56,54.89,55.29,,,,,,,
5/02/2019,53.66,54,54.44,,,,,,,
6/02/2019,54.01,54.34,54.8,,,,,,,
7/02/2019,52.64,53,53.45,,,,,,,
8/02/2019,52.72,53.09,53.55,,,,,,,
11/02/2019,52.41,52.78,53.28,,,,,,,
12/02/2019,53.1,53.47,54,,,,,,,
13/02/2019,53.9,54.31,54.88,,,,,,,
14/02/2019,54.41,54.79,55.35,,,,,,,
15/02/2019,55.59,55.98,56.54,,,,,,,
19/02/2019,56.09,56.45,56.95,,,,,,,
20/02/2019,56.92,57.16,57.64,,,,,,,
21/02/2019,56.96,57.46,57.98,,,,,,,
22/02/2019,57.26,57.75,58.25,,,,,,,
25/02/2019,55.48,55.92,56.42,,,,,,,
26/02/2019,55.5,55.97,56.51,,,,,,,
27/02/2019,56.94,57.37,57.87,,,,,,,
28/02/2019,57.22,57.61,58.06,,,,,,,
1/03/2019,55.8,56.19,56.65,,,,,,,
4/03/2019,56.59,56.97,57.42,,,,,,,
5/03/2019,56.56,56.94,57.4,,,,,,,
6/03/2019,56.22,56.62,57.1,,,,,,,
7/03/2019,56.66,57.03,57.48,,,,,,,
8/03/2019,56.07,56.43,56.87,,,,,,,
11/03/2019,56.79,57.12,57.54,,,,,,,
12/03/2019,56.87,57.2,57.62,,,,,,,
13/03/2019,58.26,58.59,58.94,,,,,,,
14/03/2019,58.61,58.91,59.21,,,,,,,
15/03/2019,58.52,58.82,59.12,,,,,,,
18/03/2019,59.09,59.38,59.65,,,,,,,
19/03/2019,59.03,59.29,59.58,,,,,,,
20/03/2019,59.83,60.23,60.48,,,,,,,
21/03/2019,59.98,60.2,60.43,,,,,,,
22/03/2019,59.04,59.29,59.53,,,,,,,
25/03/2019,58.82,59.08,59.33,,,,,,,
26/03/2019,59.94,60.1,60.23,,,,,,,
27/03/2019,59.41,59.61,59.77,,,,,,,
28/03/2019,59.3,59.48,59.63,,,,,,,
29/03/2019,60.14,60.28,60.4,,,,,,,
1/04/2019,61.59,61.71,61.8,,,,,,,
2/04/2019,62.58,62.61,62.6,,,,,,,
3/04/2019,62.46,62.52,62.55,,,,,,,
4/04/2019,62.1,62.19,62.26,,,,,,,
5/04/2019,63.08,63.15,63.18,,,,,,,
8/04/2019,64.4,64.33,64.22,,,,,,,
9/04/2019,63.98,63.96,63.91,,,,,,,
10/04/2019,64.61,64.65,64.67,,,,,,,
11/04/2019,63.58,63.67,63.73,,,,,,,
12/04/2019,63.89,64.02,64.1,,,,,,,
15/04/2019,63.4,63.56,63.67,,,,,,,
16/04/2019,64.05,64.19,64.26,,,,,,,
17/04/2019,63.76,63.87,63.94,,,,,,,
18/04/2019,64,64.07,64.12,,,,,,,
22/04/2019,65.7,65.55,65.51,,,,,,,
23/04/2019,66.3,66.24,66.06,,,,,,,
24/04/2019,65.89,65.89,65.77,,,,,,,
25/04/2019,65.21,65.28,65.23,,,,,,,
26/04/2019,63.3,63.38,63.36,,,,,,,
29/04/2019,63.5,63.57,63.54,,,,,,,
30/04/2019,63.91,63.98,63.97,,,,,,,
1/05/2019,63.6,63.69,63.71,,,,,,,
2/05/2019,61.81,61.9,61.94,,,,,,,
3/05/2019,61.94,62.04,62.07,,,,,,,
6/05/2019,62.25,62.37,62.42,,,,,,,
7/05/2019,61.4,61.51,61.54,,,,,,,
8/05/2019,62.12,62.22,62.25,,,,,,,
9/05/2019,61.7,61.81,61.86,,,,,,,
10/05/2019,61.66,61.8,61.86,,,,,,,
13/05/2019,61.04,61.21,61.3,,,,,,,
14/05/2019,61.78,61.96,62.08,,,,,,,
15/05/2019,62.02,62.24,62.39,,,,,,,
16/05/2019,62.87,63.06,63.17,,,,,,,
17/05/2019,62.76,62.92,62.99,,,,,,,
20/05/2019,63.1,63.21,63.26,,,,,,,
21/05/2019,62.99,63.13,63.21,,,,,,,
22/05/2019,61.42,61.5,61.48,,,,,,,
23/05/2019,57.91,57.99,57.99,,,,,,,
24/05/2019,58.63,58.71,58.73,,,,,,,
28/05/2019,59.14,59.35,59.45,,,,,,,
29/05/2019,58.81,58.95,58.99,,,,,,,
30/05/2019,56.59,56.74,56.81,,,,,,,
31/05/2019,53.5,53.64,53.73,,,,,,,
3/06/2019,53.25,53.38,53.45,,,,,,,
4/06/2019,53.48,53.63,53.71,,,,,,,
5/06/2019,51.68,51.83,51.91,,,,,,,
6/06/2019,52.59,52.73,52.83,,,,,,,
7/06/2019,53.99,54.16,54.27,,,,,,,
10/06/2019,53.26,53.48,53.62,,,,,,,
11/06/2019,53.27,53.52,53.68,,,,,,,
12/06/2019,51.14,51.37,51.54,,,,,,,
13/06/2019,52.28,52.54,52.72,,,,,,,
14/06/2019,52.51,52.77,52.95,,,,,,,
17/06/2019,51.93,52.17,52.31,,,,,,,
18/06/2019,53.9,54.11,54.19,,,,,,,
19/06/2019,53.76,53.97,54.03,,,,,,,
20/06/2019,56.65,57.07,57.13,,,,,,,
21/06/2019,57.43,57.5,57.42,,,,,,,
24/06/2019,57.9,57.93,57.82,,,,,,,
25/06/2019,57.83,57.89,57.8,,,,,,,
26/06/2019,59.38,59.43,59.31,,,,,,,
27/06/2019,59.43,59.49,59.38,,,,,,,
28/06/2019,58.47,58.52,58.4,,,,,,,
1/07/2019,59.09,59.14,59.01,,,,,,,
2/07/2019,56.25,56.34,56.28,,,,,,,
3/07/2019,57.34,57.44,57.43,,,,,,,
5/07/2019,57.51,57.59,57.56,,,,,,,
8/07/2019,57.66,57.76,57.73,,,,,,,
9/07/2019,57.83,57.94,57.91,,,,,,,
10/07/2019,60.43,60.52,60.46,,,,,,,
11/07/2019,60.2,60.28,60.23,,,,,,,
12/07/2019,60.21,60.3,60.27,,,,,,,
15/07/2019,59.58,59.68,59.64,,,,,,,
16/07/2019,57.62,57.74,57.71,,,,,,,
17/07/2019,56.78,56.92,56.95,,,,,,,
18/07/2019,55.3,55.42,55.44,,,,,,,
19/07/2019,55.63,55.76,55.82,,,,,,,
22/07/2019,56.22,56.22,56.29,,,,,,,
23/07/2019,56.77,56.85,56.89,,,,,,,
24/07/2019,55.88,56,56.07,,,,,,,
25/07/2019,56.02,56.16,56.26,,,,,,,
26/07/2019,56.2,56.33,56.42,,,,,,,
29/07/2019,56.87,56.96,57.01,,,,,,,
30/07/2019,58.05,58.11,58.11,,,,,,,
31/07/2019,58.58,58.63,58.61,,,,,,,
1/08/2019,53.95,54.01,54.03,,,,,,,
2/08/2019,55.66,55.67,55.66,,,,,,,
5/08/2019,54.69,54.58,54.45,,,,,,,
6/08/2019,53.63,53.59,53.53,,,,,,,
7/08/2019,51.09,51.03,50.95,,,,,,,
8/08/2019,52.54,52.46,52.29,,,,,,,
9/08/2019,54.5,54.37,54.09,,,,,,,
12/08/2019,54.93,54.85,54.54,,,,,,,
13/08/2019,57.1,57.1,56.87,,,,,,,
14/08/2019,55.23,55.25,54.99,,,,,,,
15/08/2019,54.47,54.42,54.09,,,,,,,
16/08/2019,54.87,54.81,54.42,,,,,,,
19/08/2019,56.21,56.14,55.71,,,,,,,
20/08/2019,56.34,56.13,55.8,,,,,,,
21/08/2019,55.68,55.49,55.18,,,,,,,
22/08/2019,55.35,55.16,54.87,,,,,,,
23/08/2019,54.17,54.02,53.74,,,,,,,
26/08/2019,53.64,53.5,53.24,,,,,,,
27/08/2019,54.93,54.77,54.46,,,,,,,
28/08/2019,55.78,55.6,55.26,,,,,,,
29/08/2019,56.71,56.45,56.05,,,,,,,
30/08/2019,55.1,54.89,54.56,,,,,,,
3/09/2019,53.94,53.76,53.48,,,,,,,
4/09/2019,56.26,56.1,55.8,,,,,,,
5/09/2019,56.3,56.16,55.88,,,,,,,
6/09/2019,56.52,56.43,56.17,,,,,,,
9/09/2019,57.85,57.73,57.43,,,,,,,
10/09/2019,57.4,57.29,57,,,,,,,
11/09/2019,55.75,55.67,55.44,,,,,,,
12/09/2019,55.09,55.05,54.86,,,,,,,
13/09/2019,54.85,54.8,54.59,,,,,,,
16/09/2019,62.9,62.67,62.02,,,,,,,
17/09/2019,59.34,59.1,58.57,,,,,,,
18/09/2019,58.11,58.04,57.62,,,,,,,
19/09/2019,58.13,58.19,57.91,,,,,,,
20/09/2019,58.09,58.09,57.84,,,,,,,
23/09/2019,58.64,58.42,57.96,,,,,,,
24/09/2019,57.29,57.08,56.63,,,,,,,
25/09/2019,56.49,56.32,55.93,,,,,,,
26/09/2019,56.41,56.28,55.9,,,,,,,
27/09/2019,55.91,55.79,55.43,,,,,,,
30/09/2019,54.07,53.98,53.7,,,,,,,
1/10/2019,53.62,53.5,53.24,,,,,,,
2/10/2019,52.64,52.51,52.25,,,,,,,
3/10/2019,52.45,52.36,52.16,,,,,,,
4/10/2019,52.81,52.74,52.56,,,,,,,
7/10/2019,52.75,52.71,52.57,,,,,,,
8/10/2019,52.63,52.62,52.49,,,,,,,
9/10/2019,52.59,52.61,52.48,,,,,,,
10/10/2019,53.55,53.56,53.41,,,,,,,
11/10/2019,54.7,54.78,54.72,,,,,,,
14/10/2019,53.59,53.65,53.66,,,,,,,
15/10/2019,52.81,52.88,52.91,,,,,,,
16/10/2019,53.36,53.45,53.47,,,,,,,
17/10/2019,53.93,54.03,54.01,,,,,,,
18/10/2019,53.78,53.87,53.82,,,,,,,
21/10/2019,53.31,53.51,53.54,,,,,,,
22/10/2019,54.16,54.48,54.5,,,,,,,
23/10/2019,55.97,55.99,55.82,,,,,,,
24/10/2019,56.23,56.27,56.13,,,,,,,
25/10/2019,56.66,56.71,56.59,,,,,,,
28/10/2019,55.81,55.9,55.83,,,,,,,
29/10/2019,55.54,55.68,55.64,,,,,,,
30/10/2019,55.06,55.1,54.94,,,,,,,
31/10/2019,54.18,54.25,54.16,,,,,,,
1/11/2019,56.2,56.27,56.15,,,,,,,
4/11/2019,56.54,56.6,56.47,,,,,,,
5/11/2019,57.23,57.29,57.15,,,,,,,
6/11/2019,56.35,56.38,56.2,,,,,,,
7/11/2019,57.15,57.15,56.93,,,,,,,
8/11/2019,57.24,57.26,57.1,,,,,,,
11/11/2019,56.86,56.9,56.77,,,,,,,
12/11/2019,56.8,56.85,56.74,,,,,,,
13/11/2019,57.12,57.2,57.09,,,,,,,
14/11/2019,56.77,56.88,56.77,,,,,,,
15/11/2019,57.72,57.83,57.69,,,,,,,
18/11/2019,57.05,57.14,57,,,,,,,
19/11/2019,55.21,55.35,55.26,,,,,,,
20/11/2019,57.11,57.01,56.88,,,,,,,
21/11/2019,58.58,58.41,58.02,,,,,,,
22/11/2019,57.77,57.66,57.35,,,,,,,
25/11/2019,58.01,57.91,57.63,,,,,,,
26/11/2019,58.41,58.32,58.06,,,,,,,
27/11/2019,58.11,58.05,57.85,,,,,,,
29/11/2019,55.17,55.14,54.98,,,,,,,
2/12/2019,55.96,55.91,55.74,,,,,,,
3/12/2019,56.1,56.03,55.82,,,,,,,
4/12/2019,58.43,58.34,58.04,,,,,,,
5/12/2019,58.43,58.34,58.06,,,,,,,
6/12/2019,59.2,59.1,58.78,,,,,,,
9/12/2019,59.02,58.92,58.64,,,,,,,
10/12/2019,59.24,59.14,58.88,,,,,,,
11/12/2019,58.76,58.65,58.36,,,,,,,
12/12/2019,59.18,59.06,58.76,,,,,,,
13/12/2019,60.07,59.98,59.67,,,,,,,
16/12/2019,60.21,60.14,59.85,,,,,,,
17/12/2019,60.94,60.87,60.53,,,,,,,
18/12/2019,60.93,60.85,60.56,,,,,,,
19/12/2019,61.22,61.18,60.88,,,,,,,
20/12/2019,60.44,60.25,59.95,,,,,,,
23/12/2019,60.52,60.35,60.07,,,,,,,
24/12/2019,61.11,60.94,60.65,,,,,,,
26/12/2019,61.68,61.48,61.16,,,,,,,
27/12/2019,61.72,61.53,61.21,,,,,,,
30/12/2019,61.68,61.44,61.1,,,,,,,
31/12/2019,61.06,60.77,60.41,,,,,,,
2/01/2020,61.18,60.95,60.64,,,,,,,
3/01/2020,63.05,62.82,62.48,,,,,,,
6/01/2020,63.27,63.04,62.69,,,,,,,
7/01/2020,62.7,62.51,62.21,,,,,,,
8/01/2020,59.61,59.46,59.23,,,,,,,
9/01/2020,59.56,59.44,59.25,,,,,,,
10/01/2020,59.04,58.99,58.85,,,,,,,
13/01/2020,58.08,58.08,57.99,,,,,,,
14/01/2020,58.23,58.26,58.19,,,,,,,
15/01/2020,57.81,57.84,57.77,,,,,,,
16/01/2020,58.52,58.53,58.43,,,,,,,
17/01/2020,58.54,58.58,58.51,,,,,,,
21/01/2020,58.34,58.38,58.34,,,,,,,
22/01/2020,56.74,56.76,56.66,,,,,,,
23/01/2020,55.59,55.61,55.54,,,,,,,
24/01/2020,54.19,54.2,54.12,,,,,,,
27/01/2020,53.14,53.18,53.13,,,,,,,
28/01/2020,53.48,53.52,53.48,,,,,,,
29/01/2020,53.33,53.41,53.42,,,,,,,
30/01/2020,52.14,52.23,52.27,,,,,,,
31/01/2020,51.56,51.68,51.77,,,,,,,
3/02/2020,50.11,50.28,50.45,,,,,,,
4/02/2020,49.61,49.8,50.01,,,,,,,
5/02/2020,50.75,50.92,51.13,,,,,,,
6/02/2020,50.95,51.14,51.37,,,,,,,
7/02/2020,50.32,50.55,50.82,,,,,,,
10/02/2020,49.57,49.78,50.03,,,,,,,
11/02/2020,49.94,50.17,50.45,,,,,,,
12/02/2020,51.17,51.41,51.68,,,,,,,
13/02/2020,51.42,51.66,51.93,,,,,,,
14/02/2020,52.05,52.32,52.6,,,,,,,
18/02/2020,52.05,52.29,52.58,,,,,,,
19/02/2020,53.29,53.49,53.74,,,,,,,
20/02/2020,53.78,53.88,54.06,,,,,,,
21/02/2020,53.38,53.5,53.54,,,,,,,
24/02/2020,51.43,51.58,51.67,,,,,,,
25/02/2020,49.9,50.06,50.13,,,,,,,
26/02/2020,48.73,48.88,48.96,,,,,,,
27/02/2020,47.09,47.29,47.44,,,,,,,
28/02/2020,44.76,44.94,45.1,,,,,,,
2/03/2020,46.75,46.92,47.05,,,,,,,
3/03/2020,47.18,47.33,47.45,,,,,,,
4/03/2020,46.78,46.95,47.11,,,,,,,
5/03/2020,45.9,46.06,46.21,,,,,,,
6/03/2020,41.28,41.51,41.77,,,,,,,
9/03/2020,31.13,31.47,31.94,,,,,,,
10/03/2020,34.36,34.73,35.14,,,,,,,
11/03/2020,32.98,33.39,33.86,,,,,,,
12/03/2020,31.5,31.98,32.51,,,,,,,
13/03/2020,31.73,32.11,32.59,,,,,,,
16/03/2020,28.7,29,29.55,,,,,,,
17/03/2020,26.95,27.33,28.05,,,,,,,
18/03/2020,20.37,20.83,21.93,,,,,,,
19/03/2020,25.22,25.91,26.79,,,,,,,
20/03/2020,22.43,22.63,24.36,,,,,,,
23/03/2020,23.36,25.48,27.23,,,,,,,
24/03/2020,24.01,26.2,28.05,,,,,,,
25/03/2020,24.49,27.16,29.19,,,,,,,
26/03/2020,22.6,25.71,28.27,,,,,,,
27/03/2020,21.51,25.15,28.13,,,,,,,
30/03/2020,20.09,24.09,27.4,,,,,,,
31/03/2020,20.48,24.51,27.69,,,,,,,
1/04/2020,20.31,23.74,26.42,,,,,,,
2/04/2020,25.32,28.05,29.92,,,,,,,
3/04/2020,28.34,30.9,32.33,,,,,,,
6/04/2020,26.08,29.98,32.04,,,,,,,
7/04/2020,23.63,28.69,31.84,,,,,,,
8/04/2020,25.09,30.17,32.92,,,,,,,
9/04/2020,22.76,28.82,32,,,,,,,
13/04/2020,22.41,29.26,32.96,,,,,,,
14/04/2020,20.11,27.4,31.87,,,,,,,
15/04/2020,19.87,26.04,29.96,,,,,,,
16/04/2020,19.87,25.53,29.55,,,,,,,
17/04/2020,18.27,25.03,29.42,,,,,,,
20/04/2020,-37.63,20.43,26.28,,,,,,,
21/04/2020,10.01,11.57,18.69,,,,,,,
22/04/2020,13.78,20.69,23.76,,,,,,,
23/04/2020,16.5,21.44,24.12,,,,,,,
24/04/2020,16.94,21.22,23.86,,,,,,,
27/04/2020,12.78,18.08,21.42,,,,,,,
28/04/2020,12.34,17.6,21.17,,,,,,,
29/04/2020,15.06,19.12,22.19,,,,,,,
30/04/2020,18.84,21.85,24.37,,,,,,,
1/05/2020,19.78,22.29,24.2,,,,,,,
4/05/2020,20.39,22.78,24.63,,,,,,,
5/05/2020,24.56,26.49,28.09,,,,,,,
6/05/2020,23.99,25.62,27.04,,,,,,,
7/05/2020,23.55,24.83,26.49,,,,,,,
8/05/2020,24.74,26.17,28.05,,,,,,,
11/05/2020,24.14,25.08,26.76,,,,,,,
12/05/2020,25.78,26.33,27.43,,,,,,,
13/05/2020,25.29,25.68,26.8,,,,,,,
14/05/2020,27.56,27.88,28.66,,,,,,,
15/05/2020,29.43,29.52,30.12,,,,,,,
18/05/2020,31.82,31.65,32.27,,,,,,,
19/05/2020,32.5,31.96,32.47,,,,,,,
20/05/2020,33.49,33.94,34.38,,,,,,,
21/05/2020,33.92,34.34,34.81,,,,,,,
22/05/2020,33.25,33.65,34.14,,,,,,,
26/05/2020,34.35,34.77,35.24,,,,,,,
27/05/2020,32.81,33.23,33.69,,,,,,,
28/05/2020,33.71,34.06,34.49,,,,,,,
29/05/2020,35.49,35.84,36.2,,,,,,,
1/06/2020,35.44,35.79,36.17,,,,,,,
2/06/2020,36.81,37.06,37.35,,,,,,,
3/06/2020,37.29,37.59,37.87,,,,,,,
4/06/2020,37.41,37.72,38,,,,,,,
5/06/2020,39.55,39.8,40.03,,,,,,,
8/06/2020,38.19,38.43,38.65,,,,,,,
9/06/2020,38.94,39.16,39.38,,,,,,,
10/06/2020,39.6,39.78,39.97,,,,,,,
11/06/2020,36.34,36.57,36.81,,,,,,,
12/06/2020,36.26,36.51,36.78,,,,,,,
15/06/2020,37.12,37.43,37.71,,,,,,,
16/06/2020,38.38,38.65,38.87,,,,,,,
17/06/2020,37.96,38.21,38.4,,,,,,,
18/06/2020,38.84,39.05,39.23,,,,,,,
19/06/2020,39.75,39.83,39.93,,,,,,,
22/06/2020,40.46,40.73,40.85,,,,,,,
23/06/2020,40.37,40.51,40.63,,,,,,,
24/06/2020,38.01,38.21,38.39,,,,,,,
25/06/2020,38.72,38.91,39.08,,,,,,,
26/06/2020,38.49,38.65,38.8,,,,,,,
29/06/2020,39.7,39.81,39.92,,,,,,,
30/06/2020,39.27,39.34,39.48,,,,,,,
1/07/2020,39.82,39.92,40.09,,,,,,,
2/07/2020,40.65,40.76,40.91,,,,,,,
6/07/2020,40.63,40.73,40.88,,,,,,,
7/07/2020,40.62,40.7,40.84,,,,,,,
8/07/2020,40.9,41.04,41.18,,,,,,,
9/07/2020,39.62,39.83,40.02,,,,,,,
10/07/2020,40.55,40.76,40.94,,,,,,,
13/07/2020,40.1,40.32,40.49,,,,,,,
14/07/2020,40.29,40.55,40.73,,,,,,,
15/07/2020,41.2,41.4,41.57,,,,,,,
16/07/2020,40.75,40.93,41.1,,,,,,,
17/07/2020,40.59,40.75,40.94,,,,,,,
20/07/2020,40.81,40.92,41.09,,,,,,,
21/07/2020,41.96,41.92,42.06,,,,,,,
22/07/2020,41.9,42.04,42.17,,,,,,,
23/07/2020,41.07,41.21,41.37,,,,,,,
24/07/2020,41.29,41.45,41.64,,,,,,,
27/07/2020,41.6,41.8,42,,,,,,,
28/07/2020,41.04,41.28,41.52,,,,,,,
29/07/2020,41.27,41.54,41.81,,,,,,,
30/07/2020,39.92,40.24,40.6,,,,,,,
31/07/2020,40.27,40.57,40.91,,,,,,,
3/08/2020,41.01,41.31,41.68,,,,,,,
4/08/2020,41.7,41.91,42.21,,,,,,,
5/08/2020,42.19,42.43,42.76,,,,,,,
6/08/2020,41.95,42.2,42.56,,,,,,,
7/08/2020,41.22,41.49,41.86,,,,,,,
10/08/2020,41.94,42.17,42.5,,,,,,,
11/08/2020,41.61,41.87,42.2,,,,,,,
12/08/2020,42.67,42.95,43.25,,,,,,,
13/08/2020,42.24,42.52,42.84,,,,,,,
14/08/2020,42.01,42.31,42.67,,,,,,,
17/08/2020,42.89,43.17,43.48,,,,,,,
18/08/2020,42.89,43.12,43.44,,,,,,,
19/08/2020,42.93,43.11,43.39,,,,,,,
20/08/2020,42.58,42.82,43.09,,,,,,,
21/08/2020,42.34,42.62,42.93,,,,,,,
24/08/2020,42.62,42.93,43.27,,,,,,,
25/08/2020,43.35,43.65,43.94,,,,,,,
26/08/2020,43.39,43.69,44,,,,,,,
27/08/2020,43.04,43.31,43.61,,,,,,,
28/08/2020,42.97,43.29,43.62,,,,,,,
31/08/2020,42.61,42.9,43.21,,,,,,,
1/09/2020,42.76,43.08,43.41,,,,,,,
2/09/2020,41.51,41.85,42.22,,,,,,,
3/09/2020,41.37,41.72,42.11,,,,,,,
4/09/2020,39.77,40.15,40.59,,,,,,,
8/09/2020,36.76,37.19,37.71,,,,,,,
9/09/2020,38.05,38.41,38.87,,,,,,,
10/09/2020,37.3,37.66,38.11,,,,,,,
11/09/2020,37.33,37.65,38.08,,,,,,,
14/09/2020,37.26,37.56,37.99,,,,,,,
15/09/2020,38.28,38.55,38.93,,,,,,,
16/09/2020,40.16,40.41,40.72,,,,,,,
17/09/2020,40.97,41.22,41.53,,,,,,,
18/09/2020,41.11,41.32,41.61,,,,,,,
21/09/2020,39.31,39.54,39.85,,,,,,,
22/09/2020,39.6,39.8,40.09,,,,,,,
23/09/2020,39.93,40.22,40.53,,,,,,,
24/09/2020,40.31,40.58,40.9,,,,,,,
25/09/2020,40.25,40.51,40.81,,,,,,,
28/09/2020,40.6,40.87,41.18,,,,,,,
29/09/2020,39.29,39.56,39.88,,,,,,,
30/09/2020,40.22,40.47,40.79,,,,,,,
1/10/2020,38.72,39.01,39.38,,,,,,,
2/10/2020,37.05,37.34,37.74,,,,,,,
5/10/2020,39.22,39.5,39.89,,,,,,,
6/10/2020,40.67,40.93,41.27,,,,,,,
7/10/2020,39.95,40.23,40.59,,,,,,,
8/10/2020,41.19,41.47,41.81,,,,,,,
9/10/2020,40.6,40.91,41.27,,,,,,,
12/10/2020,39.43,39.73,40.11,,,,,,,
13/10/2020,40.2,40.49,40.85,,,,,,,
14/10/2020,41.04,41.34,41.66,,,,,,,
15/10/2020,40.96,41.24,41.55,,,,,,,
16/10/2020,40.88,41.12,41.42,,,,,,,
19/10/2020,40.83,41.06,41.34,,,,,,,
20/10/2020,41.46,41.7,41.97,,,,,,,
21/10/2020,40.03,40.31,40.61,,,,,,,
22/10/2020,40.64,40.94,41.23,,,,,,,
23/10/2020,39.85,40.15,40.45,,,,,,,
26/10/2020,38.56,38.89,39.22,,,,,,,
27/10/2020,39.57,39.87,40.18,,,,,,,
28/10/2020,37.39,37.72,38.08,,,,,,,
29/10/2020,36.17,36.51,36.87,,,,,,,
30/10/2020,35.79,36.15,36.57,,,,,,,
2/11/2020,36.81,37.18,37.63,,,,,,,
3/11/2020,37.66,37.99,38.41,,,,,,,
4/11/2020,39.15,39.47,39.86,,,,,,,
5/11/2020,38.79,39.11,39.48,,,,,,,
6/11/2020,37.14,37.49,37.9,,,,,,,
9/11/2020,40.29,40.62,40.97,,,,,,,
10/11/2020,41.36,41.67,41.98,,,,,,,
11/11/2020,41.45,41.74,42.06,,,,,,,
12/11/2020,41.12,41.41,41.74,,,,,,,
13/11/2020,40.13,40.4,40.7,,,,,,,
16/11/2020,41.34,41.57,41.82,,,,,,,
17/11/2020,41.43,41.65,41.9,,,,,,,
18/11/2020,41.82,42.01,42.24,,,,,,,
19/11/2020,41.74,41.9,42.11,,,,,,,
20/11/2020,42.15,42.42,42.64,,,,,,,
23/11/2020,43.06,43.28,43.46,,,,,,,
24/11/2020,44.91,45.11,45.25,,,,,,,
25/11/2020,45.71,45.91,46.03,,,,,,,
27/11/2020,45.53,45.74,45.91,,,,,,,
30/11/2020,45.34,45.51,45.65,,,,,,,
1/12/2020,44.55,44.73,44.88,,,,,,,
2/12/2020,45.28,45.44,45.57,,,,,,,
3/12/2020,45.64,45.79,45.91,,,,,,,
4/12/2020,46.26,46.42,46.54,,,,,,,
7/12/2020,45.76,45.95,46.09,,,,,,,
8/12/2020,45.6,45.8,45.96,,,,,,,
9/12/2020,45.52,45.72,45.87,,,,,,,
10/12/2020,46.78,46.96,47.07,,,,,,,
11/12/2020,46.57,46.75,46.87,,,,,,,
14/12/2020,46.99,47.15,47.27,,,,,,,
15/12/2020,47.62,47.78,47.88,,,,,,,
16/12/2020,47.82,48,48.12,,,,,,,
17/12/2020,48.36,48.54,48.65,,,,,,,
18/12/2020,49.1,49.24,49.34,,,,,,,
21/12/2020,47.74,47.97,48.09,,,,,,,
22/12/2020,47.02,47.16,47.26,,,,,,,
23/12/2020,48.12,48.24,48.33,,,,,,,
24/12/2020,48.23,48.35,48.43,,,,,,,
28/12/2020,47.62,47.77,47.87,,,,,,,
29/12/2020,48,48.14,48.25,,,,,,,
30/12/2020,48.4,48.5,48.57,,,,,,,
31/12/2020,48.52,48.63,48.69,,,,,,,
4/01/2021,47.62,47.76,47.87,,,,,,,
5/01/2021,49.93,50.01,50.04,,,,,,,
6/01/2021,50.63,50.69,50.67,,,,,,,
7/01/2021,50.83,50.87,50.83,,,,,,,
8/01/2021,52.24,52.26,52.19,,,,,,,
11/01/2021,52.25,52.27,52.2,,,,,,,
12/01/2021,53.21,53.24,53.16,,,,,,,
13/01/2021,52.91,52.96,52.92,,,,,,,
14/01/2021,53.57,53.62,53.53,,,,,,,
15/01/2021,52.36,52.42,52.36,,,,,,,
19/01/2021,52.98,52.98,52.9,,,,,,,
20/01/2021,53.24,53.31,53.2,,,,,,,
21/01/2021,53.13,53.05,52.87,,,,,,,
22/01/2021,52.27,52.19,52.04,,,,,,,
25/01/2021,52.77,52.67,52.5,,,,,,,
26/01/2021,52.61,52.52,52.36,,,,,,,
27/01/2021,52.85,52.73,52.53,,,,,,,
28/01/2021,52.34,52.24,52.06,,,,,,,
29/01/2021,52.2,52.08,51.88,,,,,,,
1/02/2021,53.55,53.42,53.19,,,,,,,
2/02/2021,54.76,54.62,54.36,,,,,,,
3/02/2021,55.69,55.54,55.28,,,,,,,
4/02/2021,56.23,56.07,55.8,,,,,,,
5/02/2021,56.85,56.7,56.4,,,,,,,
8/02/2021,57.97,57.83,57.55,,,,,,,
9/02/2021,58.36,58.25,57.97,,,,,,,
10/02/2021,58.68,58.57,58.31,,,,,,,
11/02/2021,58.24,58.14,57.88,,,,,,,
12/02/2021,59.47,59.38,59.06,,,,,,,
16/02/2021,60.05,60.08,59.78,,,,,,,
17/02/2021,61.14,61.16,60.76,,,,,,,
18/02/2021,60.52,60.53,60.19,,,,,,,
19/02/2021,59.24,59.26,59.06,,,,,,,
22/02/2021,61.49,61.7,61.4,,,,,,,
23/02/2021,61.67,61.43,60.96,,,,,,,
24/02/2021,63.22,63,62.52,,,,,,,
25/02/2021,63.53,63.22,62.7,,,,,,,
26/02/2021,61.5,61.23,60.74,,,,,,,
1/03/2021,60.64,60.42,59.96,,,,,,,
2/03/2021,59.75,59.57,59.17,,,,,,,
3/03/2021,61.28,61.1,60.69,,,,,,,
4/03/2021,63.83,63.62,63.15,,,,,,,
5/03/2021,66.09,65.92,65.45,,,,,,,
8/03/2021,65.05,64.93,64.52,,,,,,,
9/03/2021,64.01,63.99,63.69,,,,,,,
10/03/2021,64.44,64.42,64.09,,,,,,,
11/03/2021,66.02,66,65.66,,,,,,,
12/03/2021,65.61,65.64,65.36,,,,,,,
15/03/2021,65.39,65.44,65.2,,,,,,,
16/03/2021,64.8,64.86,64.68,,,,,,,
17/03/2021,64.6,64.63,64.45,,,,,,,
18/03/2021,60,60.06,59.94,,,,,,,
19/03/2021,61.42,61.44,61.31,,,,,,,
22/03/2021,61.55,61.56,61.49,,,,,,,
23/03/2021,57.76,57.78,57.64,,,,,,,
24/03/2021,61.18,61.16,60.96,,,,,,,
25/03/2021,58.56,58.57,58.4,,,,,,,
26/03/2021,60.97,60.96,60.76,,,,,,,
29/03/2021,61.56,61.53,61.3,,,,,,,
30/03/2021,60.55,60.56,60.35,,,,,,,
31/03/2021,59.16,59.18,59.03,,,,,,,
1/04/2021,61.45,61.48,61.35,,,,,,,
2/04/2021,61.45,61.48,61.35,,,,,,,
5/04/2021,58.65,58.68,58.61,,,,,,,
6/04/2021,59.33,59.37,59.32,,,,,,,
7/04/2021,59.77,59.81,59.73,,,,,,,
8/04/2021,59.6,59.63,59.52,,,,,,,
9/04/2021,59.32,59.35,59.27,,,,,,,
12/04/2021,59.7,59.75,59.69,,,,,,,
13/04/2021,60.18,60.24,60.19,,,,,,,
14/04/2021,63.15,63.22,63.12,,,,,,,
15/04/2021,63.46,63.51,63.4,,,,,,,
16/04/2021,63.13,63.19,63.09,,,,,,,
19/04/2021,63.38,63.43,63.31,,,,,,,
20/04/2021,62.44,62.67,62.6,,,,,,,
21/04/2021,61.35,61.27,61.01,,,,,,,
22/04/2021,61.43,61.34,61.07,,,,,,,
23/04/2021,62.14,62.02,61.72,,,,,,,
26/04/2021,61.91,61.8,61.52,,,,,,,
27/04/2021,62.94,62.8,62.48,,,,,,,
28/04/2021,63.86,63.75,63.44,,,,,,,
29/04/2021,65.01,64.88,64.52,,,,,,,
30/04/2021,63.58,63.48,63.14,,,,,,,
3/05/2021,64.49,64.41,64.1,,,,,,,
4/05/2021,65.69,65.61,65.33,,,,,,,
5/05/2021,65.63,65.59,65.35,,,,,,,
6/05/2021,64.71,64.67,64.47,,,,,,,
7/05/2021,64.9,64.88,64.71,,,,,,,
10/05/2021,64.92,64.93,64.78,,,,,,,
11/05/2021,65.28,65.3,65.15,,,,,,,
12/05/2021,66.08,66.1,65.95,,,,,,,
13/05/2021,63.82,63.84,63.69,,,,,,,
14/05/2021,65.37,65.36,65.16,,,,,,,
17/05/2021,66.27,66.28,66.07,,,,,,,
18/05/2021,65.49,65.5,65.33,,,,,,,
19/05/2021,63.36,63.35,63.18,,,,,,,
20/05/2021,62.05,61.94,61.79,,,,,,,
21/05/2021,63.58,63.36,62.99,,,,,,,
24/05/2021,66.05,65.78,65.32,,,,,,,
25/05/2021,66.07,65.79,65.32,,,,,,,
26/05/2021,66.21,65.96,65.51,,,,,,,
27/05/2021,66.85,66.6,66.12,,,,,,,
28/05/2021,66.32,66.1,65.6,,,,,,,
1/06/2021,67.72,67.52,67.06,,,,,,,
2/06/2021,68.83,68.63,68.17,,,,,,,
3/06/2021,68.81,68.6,68.14,,,,,,,
4/06/2021,69.62,69.39,68.89,,,,,,,
7/06/2021,69.23,69.04,68.59,,,,,,,
8/06/2021,70.05,69.87,69.4,,,,,,,
9/06/2021,69.96,69.79,69.33,,,,,,,
10/06/2021,70.29,70.09,69.58,,,,,,,
11/06/2021,70.91,70.6,69.92,,,,,,,
14/06/2021,70.88,70.63,70,,,,,,,
15/06/2021,72.12,71.86,71.14,,,,,,,
16/06/2021,72.15,71.95,71.27,,,,,,,
17/06/2021,71.04,70.78,70.03,,,,,,,
18/06/2021,71.64,71.29,70.45,,,,,,,
21/06/2021,73.66,73.12,72.03,,,,,,,
22/06/2021,73.06,72.85,72.05,,,,,,,
23/06/2021,73.08,72.36,71.44,,,,,,,
24/06/2021,73.3,72.63,71.77,,,,,,,
25/06/2021,74.05,73.33,72.4,,,,,,,
28/06/2021,72.91,72.2,71.31,,,,,,,
29/06/2021,72.98,72.31,71.41,,,,,,,
30/06/2021,73.47,72.77,71.76,,,,,,,
1/07/2021,75.23,74.33,73.06,,,,,,,
2/07/2021,75.16,74.36,73.25,,,,,,,
6/07/2021,73.37,72.58,71.46,,,,,,,
7/07/2021,72.2,71.5,70.42,,,,,,,
8/07/2021,72.94,72.22,71.17,,,,,,,
9/07/2021,74.56,73.81,72.68,,,,,,,
12/07/2021,74.1,73.44,72.36,,,,,,,
13/07/2021,75.25,74.69,73.69,,,,,,,
14/07/2021,73.13,72.64,71.81,,,,,,,
15/07/2021,71.65,71.38,70.64,,,,,,,
16/07/2021,71.81,71.56,70.82,,,,,,,
19/07/2021,66.42,66.35,65.76,,,,,,,
20/07/2021,67.42,67.2,66.62,,,,,,,
21/07/2021,70.3,69.57,68.78,,,,,,,
22/07/2021,71.91,71.14,70.26,,,,,,,
23/07/2021,72.07,71.38,70.52,,,,,,,
26/07/2021,71.91,71.34,70.57,,,,,,,
27/07/2021,71.65,71.14,70.42,,,,,,,
28/07/2021,72.39,71.79,71.02,,,,,,,
29/07/2021,73.62,72.98,72.21,,,,,,,
30/07/2021,73.95,73.23,72.43,,,,,,,
2/08/2021,71.26,70.61,69.91,,,,,,,
3/08/2021,70.56,70.03,69.44,,,,,,,
4/08/2021,68.15,67.79,67.35,,,,,,,
5/08/2021,69.09,68.74,68.32,,,,,,,
6/08/2021,68.28,68.1,67.76,,,,,,,
9/08/2021,66.48,66.3,65.99,,,,,,,
10/08/2021,68.29,68.06,67.69,,,,,,,
11/08/2021,69.25,69.02,68.65,,,,,,,
12/08/2021,69.09,68.9,68.55,,,,,,,
13/08/2021,68.44,68.21,67.84,,,,,,,
16/08/2021,67.29,67.05,66.7,,,,,,,
17/08/2021,66.59,66.34,65.99,,,,,,,
18/08/2021,65.46,65.21,64.87,,,,,,,
19/08/2021,63.69,63.5,63.15,,,,,,,
20/08/2021,62.32,62.14,61.84,,,,,,,
23/08/2021,65.64,65.34,64.96,,,,,,,
24/08/2021,67.54,67.25,66.86,,,,,,,
25/08/2021,68.36,68.06,67.66,,,,,,,
26/08/2021,67.42,67.1,66.69,,,,,,,
27/08/2021,68.74,68.48,68.11,,,,,,,
30/08/2021,69.21,68.93,68.56,,,,,,,
31/08/2021,68.5,68.26,67.94,,,,,,,
1/09/2021,68.59,68.32,68,,,,,,,
2/09/2021,69.99,69.73,69.41,,,,,,,
3/09/2021,69.29,69.07,68.79,,,,,,,
7/09/2021,68.35,68.13,67.85,,,,,,,
8/09/2021,69.3,69.05,68.7,,,,,,,
9/09/2021,68.14,67.92,67.61,,,,,,,
10/09/2021,69.72,69.47,69.13,,,,,,,
13/09/2021,70.45,70.19,69.81,,,,,,,
14/09/2021,70.46,70.23,69.83,,,,,,,
15/09/2021,72.61,72.33,71.84,,,,,,,
16/09/2021,72.61,72.37,71.91,,,,,,,
17/09/2021,71.97,71.82,71.38,,,,,,,
20/09/2021,70.29,70.14,69.73,,,,,,,
21/09/2021,70.56,70.49,70.14,,,,,,,
22/09/2021,72.23,71.89,71.4,,,,,,,
23/09/2021,73.3,72.95,72.42,,,,,,,
24/09/2021,73.98,73.61,73.07,,,,,,,
27/09/2021,75.45,75.08,74.53,,,,,,,
28/09/2021,75.29,74.9,74.33,,,,,,,
29/09/2021,74.83,74.5,73.99,,,,,,,
30/09/2021,75.03,74.7,74.19,,,,,,,
1/10/2021,75.88,75.58,75.12,,,,,,,
4/10/2021,77.62,77.33,76.88,,,,,,,
5/10/2021,78.93,78.57,78.09,,,,,,,
6/10/2021,77.43,77.06,76.59,,,,,,,
7/10/2021,78.3,77.96,77.45,,,,,,,
8/10/2021,79.35,78.76,78.03,,,,,,,
11/10/2021,80.52,79.92,79.25,,,,,,,
12/10/2021,80.64,79.92,79.19,,,,,,,
13/10/2021,80.44,79.82,79.12,,,,,,,
14/10/2021,81.31,80.77,80.05,,,,,,,
15/10/2021,82.28,81.73,80.88,,,,,,,
18/10/2021,82.44,81.69,80.74,,,,,,,
19/10/2021,82.96,82.44,81.5,,,,,,,
20/10/2021,83.87,83.42,82.38,,,,,,,
21/10/2021,82.5,81.36,80.13,,,,,,,
22/10/2021,83.76,82.5,80.98,,,,,,,
25/10/2021,83.76,82.61,81.21,,,,,,,
26/10/2021,84.65,83.36,81.89,,,,,,,
27/10/2021,82.66,81.48,80.09,,,,,,,
28/10/2021,82.81,81.46,79.95,,,,,,,
29/10/2021,83.57,81.78,79.98,,,,,,,
1/11/2021,84.05,82.45,80.71,,,,,,,
2/11/2021,83.91,82.44,80.88,,,,,,,
3/11/2021,80.86,79.57,78.21,,,,,,,
4/11/2021,78.81,77.7,76.57,,,,,,,
5/11/2021,81.27,80.13,79,,,,,,,
8/11/2021,81.93,80.74,79.57,,,,,,,
9/11/2021,84.15,82.56,81.05,,,,,,,
10/11/2021,81.34,80.06,78.74,,,,,,,
11/11/2021,81.59,80.42,79.07,,,,,,,
12/11/2021,80.79,79.69,78.44,,,,,,,
15/11/2021,80.88,79.75,78.48,,,,,,,
16/11/2021,80.76,79.74,78.54,,,,,,,
17/11/2021,78.36,77.55,76.56,,,,,,,
18/11/2021,79.01,78.41,77.55,,,,,,,
19/11/2021,76.1,75.94,75.23,,,,,,,
22/11/2021,76.75,76.12,75.39,,,,,,,
23/11/2021,78.5,77.94,77.27,,,,,,,
24/11/2021,78.39,77.81,77.15,,,,,,,
26/11/2021,68.15,67.84,67.48,,,,,,,
29/11/2021,69.95,69.62,69.28,,,,,,,
30/11/2021,66.18,65.85,65.49,,,,,,,
1/12/2021,65.57,65.37,65.11,,,,,,,
2/12/2021,66.5,66.27,66.03,,,,,,,
3/12/2021,66.26,66.1,65.93,,,,,,,
6/12/2021,69.49,69.3,69.07,,,,,,,
7/12/2021,72.05,71.84,71.56,,,,,,,
8/12/2021,72.36,72.18,71.9,,,,,,,
9/12/2021,70.94,70.79,70.54,,,,,,,
10/12/2021,71.67,71.48,71.22,,,,,,,
13/12/2021,71.29,71.06,70.8,,,,,,,
14/12/2021,70.73,70.52,70.26,,,,,,,
15/12/2021,70.87,70.66,70.36,,,,,,,
16/12/2021,72.38,72.15,71.75,,,,,,,
17/12/2021,70.86,70.72,70.35,,,,,,,
20/12/2021,68.23,68.61,68.36,,,,,,,
21/12/2021,71.12,70.82,70.44,,,,,,,
22/12/2021,72.76,72.33,71.83,,,,,,,
23/12/2021,73.79,73.42,72.93,,,,,,,
27/12/2021,75.57,75.18,74.67,,,,,,,
28/12/2021,75.98,75.6,75.13,,,,,,,
29/12/2021,76.56,76.18,75.71,,,,,,,
30/12/2021,76.99,76.61,76.13,,,,,,,
31/12/2021,75.21,74.88,74.45,,,,,,,
3/01/2022,76.08,75.85,75.48,,,,,,,
4/01/2022,76.99,76.74,76.38,,,,,,,
5/01/2022,77.85,77.47,77.01,,,,,,,
6/01/2022,79.46,78.88,78.23,,,,,,,
7/01/2022,78.9,78.44,77.82,,,,,,,
10/01/2022,78.23,77.7,77.1,,,,,,,
11/01/2022,81.22,80.67,79.98,,,,,,,
12/01/2022,82.64,82.02,81.18,,,,,,,
13/01/2022,82.12,81.62,80.86,,,,,,,
14/01/2022,83.82,83.3,82.42,,,,,,,
18/01/2022,85.43,84.83,83.86,,,,,,,
19/01/2022,86.96,85.8,84.79,,,,,,,
20/01/2022,86.9,85.55,84.65,,,,,,,
21/01/2022,85.14,84.14,83.2,,,,,,,
24/01/2022,83.31,82.41,81.54,,,,,,,
25/01/2022,85.6,84.37,83.29,,,,,,,
26/01/2022,87.35,85.96,84.78,,,,,,,
27/01/2022,86.61,85.29,84.13,,,,,,,
28/01/2022,86.82,85.43,84.21,,,,,,,
31/01/2022,88.15,86.49,85.11,,,,,,,
1/02/2022,88.2,86.46,85.02,,,,,,,
2/02/2022,88.26,86.69,85.32,,,,,,,
3/02/2022,90.27,88.45,87,,,,,,,
4/02/2022,92.31,90.33,88.78,,,,,,,
7/02/2022,91.32,89.77,88.33,,,,,,,
8/02/2022,89.36,87.9,86.55,,,,,,,
9/02/2022,89.66,88.53,87.33,,,,,,,
10/02/2022,89.88,88.56,87.26,,,,,,,
11/02/2022,93.1,91.42,89.7,,,,,,,
14/02/2022,95.46,93.5,91.52,,,,,,,
15/02/2022,92.07,90.21,88.29,,,,,,,
16/02/2022,93.66,91.83,89.81,,,,,,,
17/02/2022,91.76,90.04,88.19,,,,,,,
18/02/2022,91.07,90.21,88.6,,,,,,,
22/02/2022,92.35,91.91,90.39,,,,,,,
23/02/2022,92.1,90.69,89.08,,,,,,,
24/02/2022,92.81,90.94,88.84,,,,,,,
25/02/2022,91.59,89.89,87.93,,,,,,,
28/02/2022,95.72,93.5,90.98,,,,,,,
1/03/2022,103.41,100.21,96.24,,,,,,,
2/03/2022,110.6,107.06,102.37,,,,,,,
3/03/2022,107.67,104.61,100.74,,,,,,,
4/03/2022,115.68,112.11,108.12,,,,,,,
7/03/2022,119.4,115.8,111.71,,,,,,,
8/03/2022,123.7,119.65,115.21,,,,,,,
9/03/2022,108.7,105.05,100.95,,,,,,,
10/03/2022,106.02,102.99,99.64,,,,,,,
11/03/2022,109.33,106.3,103.2,,,,,,,
14/03/2022,103.01,101.18,98.44,,,,,,,
15/03/2022,96.44,94.79,92.83,,,,,,,
16/03/2022,95.04,93.59,91.59,,,,,,,
17/03/2022,102.98,101.65,99.38,,,,,,,
18/03/2022,104.7,103.09,100.65,,,,,,,
21/03/2022,112.12,109.97,107.06,,,,,,,
22/03/2022,111.76,109.27,106.55,,,,,,,
23/03/2022,114.93,111.99,108.65,,,,,,,
24/03/2022,112.34,109.43,106.19,,,,,,,
25/03/2022,113.9,111.06,107.93,,,,,,,
28/03/2022,105.96,103.42,100.72,,,,,,,
29/03/2022,104.24,102.05,99.65,,,,,,,
30/03/2022,107.82,105.68,103.32,,,,,,,
31/03/2022,100.28,98.52,96.88,,,,,,,
1/04/2022,99.27,97.9,96.76,,,,,,,
4/04/2022,103.28,101.84,100.6,,,,,,,
5/04/2022,101.96,100.68,99.55,,,,,,,
6/04/2022,96.23,95.41,94.63,,,,,,,
7/04/2022,96.03,95.51,94.81,,,,,,,
8/04/2022,98.26,97.73,97.01,,,,,,,
11/04/2022,94.29,93.92,93.46,,,,,,,
12/04/2022,100.6,100.15,99.4,,,,,,,
13/04/2022,104.25,103.79,102.89,,,,,,,
14/04/2022,106.95,106.38,105.44,,,,,,,
18/04/2022,108.21,107.61,106.41,,,,,,,
19/04/2022,102.56,102.05,101.16,,,,,,,
20/04/2022,102.75,102.19,101.36,,,,,,,
21/04/2022,103.79,102.96,101.74,,,,,,,
22/04/2022,102.07,101.05,99.72,,,,,,,
25/04/2022,98.54,97.67,96.53,,,,,,,
26/04/2022,101.7,100.41,98.95,,,,,,,
27/04/2022,102.02,100.68,99.21,,,,,,,
28/04/2022,105.36,103.47,101.52,,,,,,,
29/04/2022,104.69,102.94,100.88,,,,,,,
2/05/2022,105.17,103.42,101.38,,,,,,,
3/05/2022,102.41,100.9,99.22,,,,,,,
4/05/2022,107.81,106.22,104.42,,,,,,,
5/05/2022,108.26,106.74,104.86,,,,,,,
6/05/2022,109.77,108.33,106.48,,,,,,,
9/05/2022,103.09,101.77,100.1,,,,,,,
10/05/2022,99.76,98.45,96.87,,,,,,,
11/05/2022,105.71,104.03,102.2,,,,,,,
12/05/2022,106.13,104.4,102.42,,,,,,,
13/05/2022,110.49,108.63,106.27,,,,,,,
16/05/2022,114.2,111.82,108.91,,,,,,,
17/05/2022,112.4,109.63,106.76,,,,,,,
18/05/2022,109.59,107.04,104.07,,,,,,,
19/05/2022,112.21,109.89,106.82,,,,,,,
20/05/2022,113.23,110.28,107.17,,,,,,,
23/05/2022,110.29,107.54,104.61,,,,,,,
24/05/2022,109.77,107.2,104.45,,,,,,,
25/05/2022,110.33,107.75,105.03,,,,,,,
26/05/2022,114.09,111.25,108.28,,,,,,,
27/05/2022,115.07,112.23,109.23,,,,,,,
31/05/2022,114.67,111.91,108.9,,,,,,,
1/06/2022,115.26,112.72,109.96,,,,,,,
2/06/2022,116.87,114.3,111.58,,,,,,,
3/06/2022,118.87,116.23,113.47,,,,,,,
6/06/2022,118.5,116.06,113.35,,,,,,,
7/06/2022,119.41,117.1,114.54,,,,,,,
8/06/2022,122.11,119.78,117.15,,,,,,,
9/06/2022,121.51,119.09,116.49,,,,,,,
10/06/2022,120.67,118.12,115.34,,,,,,,
13/06/2022,120.93,118.25,115.31,,,,,,,
14/06/2022,118.93,116.26,113.48,,,,,,,
15/06/2022,115.31,113.09,110.75,,,,,,,
16/06/2022,117.59,115.25,112.7,,,,,,,
17/06/2022,109.56,107.99,105.78,,,,,,,
21/06/2022,110.65,109.52,107.34,,,,,,,
22/06/2022,106.19,103.99,101.83,,,,,,,
23/06/2022,104.27,101.58,99.05,,,,,,,
24/06/2022,107.62,104.45,101.47,,,,,,,
27/06/2022,109.57,106.38,103.3,,,,,,,
28/06/2022,111.76,108.89,105.99,,,,,,,
29/06/2022,109.78,107.01,104.13,,,,,,,
30/06/2022,105.76,103.1,100.27,,,,,,,
1/07/2022,108.43,105.39,102.31,,,,,,,
5/07/2022,99.5,96.52,93.44,,,,,,,
6/07/2022,98.53,94.98,91.85,,,,,,,
7/07/2022,102.73,99.25,96.04,,,,,,,
8/07/2022,104.79,101.53,98.37,,,,,,,
11/07/2022,104.09,101.21,98.2,,,,,,,
12/07/2022,95.84,93.31,90.7,,,,,,,
13/07/2022,96.3,93.83,91.36,,,,,,,
14/07/2022,95.78,92.83,90.15,,,,,,,
15/07/2022,97.59,94.57,91.74,,,,,,,
18/07/2022,102.6,99.42,96.36,,,,,,,
19/07/2022,104.22,100.74,97.45,,,,,,,
20/07/2022,102.26,99.88,96.88,,,,,,,
21/07/2022,96.35,93.78,91.72,,,,,,,
22/07/2022,94.7,92.43,90.6,,,,,,,
25/07/2022,96.7,94.42,92.58,,,,,,,
26/07/2022,94.98,92.88,91.32,,,,,,,
27/07/2022,97.26,95.29,93.79,,,,,,,
28/07/2022,96.42,94.65,93.28,,,,,,,
29/07/2022,98.62,96.75,95.3,,,,,,,
1/08/2022,93.89,92.39,91.34,,,,,,,
2/08/2022,94.42,93.22,92.29,,,,,,,
3/08/2022,90.66,89.74,89.07,,,,,,,
4/08/2022,88.54,87.56,86.81,,,,,,,
5/08/2022,89.01,88.08,87.26,,,,,,,
8/08/2022,90.76,89.93,89.16,,,,,,,
9/08/2022,90.5,89.67,88.9,,,,,,,
10/08/2022,91.93,91.2,90.47,,,,,,,
11/08/2022,94.34,93.53,92.69,,,,,,,
12/08/2022,92.09,91.46,90.87,,,,,,,
15/08/2022,89.41,88.85,88.41,,,,,,,
16/08/2022,86.53,86.16,85.86,,,,,,,
17/08/2022,88.11,87.69,87.3,,,,,,,
18/08/2022,90.5,90.11,89.67,,,,,,,
19/08/2022,90.77,90.44,90.11,,,,,,,
22/08/2022,90.23,90.36,89.97,,,,,,,
23/08/2022,93.74,93.25,92.53,,,,,,,
24/08/2022,94.89,94.4,93.65,,,,,,,
25/08/2022,92.52,92.19,91.58,,,,,,,
26/08/2022,93.06,92.39,91.55,,,,,,,
29/08/2022,97.01,96.19,95.03,,,,,,,
30/08/2022,91.64,91.17,90.46,,,,,,,
31/08/2022,89.55,89.03,88.31,,,,,,,
1/09/2022,86.61,86.22,85.66,,,,,,,
2/09/2022,86.87,86.48,85.9,,,,,,,
6/09/2022,86.88,86.51,86.03,,,,,,,
7/09/2022,81.94,81.63,81.25,,,,,,,
8/09/2022,83.54,83.07,82.46,,,,,,,
9/09/2022,86.79,86.36,85.75,,,,,,,
12/09/2022,87.78,87.41,86.86,,,,,,,
13/09/2022,87.31,86.89,86.25,,,,,,,
14/09/2022,88.48,88.05,87.36,,,,,,,
15/09/2022,85.1,84.65,83.9,,,,,,,
16/09/2022,85.11,84.76,84.07,,,,,,,
19/09/2022,85.73,85.36,84.61,,,,,,,
20/09/2022,84.45,83.94,83.28,,,,,,,
21/09/2022,82.94,82.43,81.62,,,,,,,
22/09/2022,83.49,83.03,82.27,,,,,,,
23/09/2022,78.74,78.25,77.53,,,,,,,
26/09/2022,76.71,76.18,75.45,,,,,,,
27/09/2022,78.5,77.81,76.93,,,,,,,
28/09/2022,82.15,81.24,80.2,,,,,,,
29/09/2022,81.23,80.42,79.42,,,,,,,
30/09/2022,79.49,78.72,77.75,,,,,,,
3/10/2022,83.63,82.7,81.38,,,,,,,
4/10/2022,86.52,85.5,84.17,,,,,,,
5/10/2022,87.76,86.84,85.7,,,,,,,
6/10/2022,88.45,87.59,86.51,,,,,,,
7/10/2022,92.64,91.35,89.85,,,,,,,
10/10/2022,91.13,89.84,88.4,,,,,,,
11/10/2022,89.35,87.97,86.56,,,,,,,
12/10/2022,87.27,86.06,84.74,,,,,,,
13/10/2022,89.11,87.95,86.65,,,,,,,
14/10/2022,85.61,84.65,83.55,,,,,,,
17/10/2022,85.46,84.53,83.51,,,,,,,
18/10/2022,82.82,82.07,81.29,,,,,,,
19/10/2022,85.55,84.52,83.42,,,,,,,
20/10/2022,85.98,84.51,83.3,,,,,,,
21/10/2022,85.05,83.95,82.65,,,,,,,
24/10/2022,84.58,83.59,82.39,,,,,,,
25/10/2022,85.32,84.31,83.15,,,,,,,
26/10/2022,87.91,86.68,85.34,,,,,,,
27/10/2022,89.08,87.83,86.43,,,,,,,
28/10/2022,87.9,86.61,85.17,,,,,,,
31/10/2022,86.53,85.4,84.1,,,,,,,
1/11/2022,88.37,87.19,85.82,,,,,,,
2/11/2022,90,88.86,87.53,,,,,,,
3/11/2022,88.17,87.18,86.02,,,,,,,
4/11/2022,92.61,91.45,90.12,,,,,,,
7/11/2022,91.79,90.73,89.54,,,,,,,
8/11/2022,88.91,88,86.95,,,,,,,
9/11/2022,85.83,85,84,,,,,,,
10/11/2022,86.47,85.66,84.69,,,,,,,
11/11/2022,88.96,88.16,87.17,,,,,,,
14/11/2022,85.87,85.16,84.36,,,,,,,
15/11/2022,86.92,86.25,85.52,,,,,,,
16/11/2022,85.59,85,84.26,,,,,,,
17/11/2022,81.64,81.4,81.09,,,,,,,
18/11/2022,80.08,80.11,79.83,,,,,,,
21/11/2022,79.73,80.04,79.91,,,,,,,
22/11/2022,80.95,80.73,80.48,,,,,,,
23/11/2022,77.94,78.07,78.12,,,,,,,
25/11/2022,76.28,76.43,76.54,,,,,,,
28/11/2022,77.24,77.33,77.36,,,,,,,
29/11/2022,78.2,78.28,78.32,,,,,,,
30/11/2022,80.55,80.66,80.75,,,,,,,
1/12/2022,81.22,81.14,81.03,,,,,,,
2/12/2022,79.98,80.05,80.08,,,,,,,
5/12/2022,76.93,77.08,77.2,,,,,,,
6/12/2022,74.25,74.46,74.63,,,,,,,
7/12/2022,72.01,72.28,72.52,,,,,,,
8/12/2022,71.46,71.58,71.72,,,,,,,
9/12/2022,71.02,71.21,71.43,,,,,,,
12/12/2022,73.17,73.28,73.46,,,,,,,
13/12/2022,75.39,75.44,75.58,,,,,,,
14/12/2022,77.28,77.31,77.33,,,,,,,
15/12/2022,76.11,76.15,76.12,,,,,,,
16/12/2022,74.29,74.46,74.54,,,,,,,
19/12/2022,75.19,75.38,75.44,,,,,,,
20/12/2022,76.09,76.23,76.23,,,,,,,
21/12/2022,78.29,78.24,78.09,,,,,,,
22/12/2022,77.49,77.42,77.26,,,,,,,
23/12/2022,79.56,79.64,79.62,,,,,,,
27/12/2022,79.53,79.64,79.68,,,,,,,
28/12/2022,78.96,79.08,79.13,,,,,,,
29/12/2022,78.4,78.5,78.54,,,,,,,
30/12/2022,80.26,80.45,80.53,,,,,,,
3/01/2023,76.93,77.12,77.27,,,,,,,
4/01/2023,72.84,73.1,73.33,,,,,,,
5/01/2023,73.67,73.92,74.14,,,,,,,
6/01/2023,73.77,74.04,74.26,,,,,,,
9/01/2023,74.63,74.92,75.17,,,,,,,
10/01/2023,75.12,75.37,75.6,,,,,,,
11/01/2023,77.41,77.68,77.9,,,,,,,
12/01/2023,78.39,78.65,78.88,,,,,,,
13/01/2023,79.86,80.11,80.3,,,,,,,
17/01/2023,80.18,80.45,80.65,,,,,,,
18/01/2023,79.48,79.8,80.03,,,,,,,
19/01/2023,80.33,80.61,80.85,,,,,,,
20/01/2023,81.31,81.64,81.89,,,,,,,
23/01/2023,81.62,81.93,82.13,,,,,,,
24/01/2023,80.13,80.44,80.65,,,,,,,
25/01/2023,80.15,80.44,80.63,,,,,,,
26/01/2023,81.01,81.28,81.44,,,,,,,
27/01/2023,79.68,79.96,80.14,,,,,,,
30/01/2023,77.9,78.18,78.37,,,,,,,
31/01/2023,78.87,79.17,79.38,,,,,,,
1/02/2023,76.41,76.73,76.94,,,,,,,
2/02/2023,75.88,76.2,76.44,,,,,,,
3/02/2023,73.39,73.74,74,,,,,,,
6/02/2023,74.11,74.47,74.74,,,,,,,
7/02/2023,77.14,77.39,77.56,,,,,,,
8/02/2023,78.47,78.69,78.84,,,,,,,
9/02/2023,78.06,78.27,78.39,,,,,,,
10/02/2023,79.72,79.92,80.04,,,,,,,
13/02/2023,80.14,80.33,80.45,,,,,,,
14/02/2023,79.06,79.24,79.4,,,,,,,
15/02/2023,78.59,78.83,79.02,,,,,,,
16/02/2023,78.49,78.74,78.9,,,,,,,
17/02/2023,76.34,76.55,76.7,,,,,,,
21/02/2023,76.16,76.36,76.53,,,,,,,
22/02/2023,73.95,74.19,74.31,,,,,,,
23/02/2023,75.39,75.6,75.68,,,,,,,
24/02/2023,76.32,76.47,76.48,,,,,,,
27/02/2023,75.68,75.81,75.79,,,,,,,
28/02/2023,77.05,77.19,77.14,,,,,,,
1/03/2023,77.69,77.83,77.8,,,,,,,
2/03/2023,78.16,78.31,78.29,,,,,,,
3/03/2023,79.68,79.79,79.77,,,,,,,
6/03/2023,80.46,80.56,80.51,,,,,,,
7/03/2023,77.58,77.72,77.71,,,,,,,
8/03/2023,76.66,76.81,76.85,,,,,,,
9/03/2023,75.72,75.84,75.88,,,,,,,
10/03/2023,76.68,76.78,76.8,,,,,,,
13/03/2023,74.8,74.91,74.95,,,,,,,
14/03/2023,71.33,71.49,71.57,,,,,,,
15/03/2023,67.61,67.74,67.82,,,,,,,
16/03/2023,68.35,68.52,68.63,,,,,,,
17/03/2023,66.74,66.93,67.12,,,,,,,
20/03/2023,67.64,67.82,67.99,,,,,,,
21/03/2023,69.33,69.67,69.77,,,,,,,
22/03/2023,70.9,71.02,70.97,,,,,,,
23/03/2023,69.96,70.12,70.11,,,,,,,
24/03/2023,69.26,69.41,69.4,,,,,,,
27/03/2023,72.81,72.93,72.88,,,,,,,
28/03/2023,73.2,73.34,73.29,,,,,,,
29/03/2023,72.97,73.12,73.06,,,,,,,
30/03/2023,74.37,74.49,74.41,,,,,,,
31/03/2023,75.67,75.8,75.73,,,,,,,
3/04/2023,80.42,80.44,80.16,,,,,,,
4/04/2023,80.71,80.72,80.43,,,,,,,
5/04/2023,80.61,80.63,80.36,,,,,,,
6/04/2023,80.7,80.68,80.35,,,,,,,
7/04/2023,80.7,80.68,80.35,,,,,,,
10/04/2023,79.74,79.77,79.46,,,,,,,
11/04/2023,81.53,81.49,81.14,,,,,,,
12/04/2023,83.26,83.09,82.65,,,,,,,
13/04/2023,82.16,82.04,81.68,,,,,,,
14/04/2023,82.52,82.43,82.06,,,,,,,
17/04/2023,80.83,80.83,80.56,,,,,,,
18/04/2023,80.86,80.9,80.61,,,,,,,
19/04/2023,79.16,79.24,78.96,,,,,,,
20/04/2023,77.29,77.37,77.11,,,,,,,
21/04/2023,77.87,77.71,77.32,,,,,,,
24/04/2023,78.76,78.6,78.23,,,,,,,
25/04/2023,77.07,76.87,76.46,,,,,,,
26/04/2023,74.3,74.19,73.87,,,,,,,
27/04/2023,74.76,74.58,74.23,,,,,,,
28/04/2023,76.78,76.61,76.24,,,,,,,
1/05/2023,75.66,75.51,75.15,,,,,,,
2/05/2023,71.66,71.55,71.27,,,,,,,
3/05/2023,68.6,68.55,68.37,,,,,,,
4/05/2023,68.56,68.51,68.32,,,,,,,
5/05/2023,71.34,71.27,71.03,,,,,,,
8/05/2023,73.16,73.07,72.81,,,,,,,
9/05/2023,73.71,73.62,73.39,,,,,,,
10/05/2023,72.56,72.52,72.35,,,,,,,
11/05/2023,70.87,70.88,70.71,,,,,,,
12/05/2023,70.04,70.02,69.83,,,,,,,
15/05/2023,71.11,71.09,70.91,,,,,,,
16/05/2023,70.86,70.84,70.66,,,,,,,
17/05/2023,72.83,72.89,72.77,,,,,,,
18/05/2023,71.86,71.94,71.86,,,,,,,
19/05/2023,71.55,71.69,71.59,,,,,,,
22/05/2023,71.99,72.05,71.97,,,,,,,
23/05/2023,72.91,72.85,72.58,,,,,,,
24/05/2023,74.34,74.29,74.01,,,,,,,
25/05/2023,71.83,71.93,71.75,,,,,,,
26/05/2023,72.67,72.76,72.57,,,,,,,
30/05/2023,69.46,69.6,69.48,,,,,,,
31/05/2023,68.09,68.24,68.14,,,,,,,
1/06/2023,70.1,70.2,70.03,,,,,,,
2/06/2023,71.74,71.84,71.64,,,,,,,
5/06/2023,72.15,72.26,72.03,,,,,,,
6/06/2023,71.74,71.85,71.63,,,,,,,
7/06/2023,72.53,72.64,72.44,,,,,,,
8/06/2023,71.29,71.44,71.31,,,,,,,
9/06/2023,70.17,70.33,70.27,,,,,,,
12/06/2023,67.12,67.29,67.3,,,,,,,
13/06/2023,69.42,69.58,69.59,,,,,,,
14/06/2023,68.27,68.46,68.49,,,,,,,
15/06/2023,70.62,70.81,70.85,,,,,,,
16/06/2023,71.78,71.93,71.92,,,,,,,
20/06/2023,70.5,71.19,71.18,,,,,,,
21/06/2023,72.53,72.52,72.34,,,,,,,
22/06/2023,69.51,69.63,69.59,,,,,,,
23/06/2023,69.16,69.32,69.32,,,,,,,
26/06/2023,69.37,69.54,69.55,,,,,,,
27/06/2023,67.7,67.9,67.99,,,,,,,
28/06/2023,69.56,69.73,69.77,,,,,,,
29/06/2023,69.86,70.02,70.04,,,,,,,
30/06/2023,70.64,70.78,70.72,,,,,,,
3/07/2023,69.79,69.91,69.8,,,,,,,
5/07/2023,71.79,71.88,71.72,,,,,,,
6/07/2023,71.8,71.79,71.56,,,,,,,
7/07/2023,73.86,73.77,73.44,,,,,,,
10/07/2023,72.99,72.95,72.7,,,,,,,
11/07/2023,74.83,74.71,74.44,,,,,,,
12/07/2023,75.75,75.54,75.25,,,,,,,
13/07/2023,76.89,76.76,76.47,,,,,,,
14/07/2023,75.42,75.32,75.05,,,,,,,
17/07/2023,74.15,74.08,73.89,,,,,,,
18/07/2023,75.75,75.66,75.42,,,,,,,
19/07/2023,75.35,75.29,75.11,,,,,,,
20/07/2023,75.63,75.65,75.43,,,,,,,
21/07/2023,77.07,76.78,76.45,,,,,,,
24/07/2023,78.74,78.4,78.02,,,,,,,
25/07/2023,79.63,79.2,78.75,,,,,,,
26/07/2023,78.78,78.4,78.01,,,,,,,
27/07/2023,80.09,79.63,79.18,,,,,,,
28/07/2023,80.58,80.18,79.76,,,,,,,
31/07/2023,81.8,81.32,80.84,,,,,,,
1/08/2023,81.37,80.92,80.46,,,,,,,
2/08/2023,79.49,79.13,78.73,,,,,,,
3/08/2023,81.55,81.08,80.61,,,,,,,
4/08/2023,82.82,82.27,81.75,,,,,,,
7/08/2023,81.94,81.49,81.02,,,,,,,
8/08/2023,82.92,82.36,81.85,,,,,,,
9/08/2023,84.4,83.69,83.07,,,,,,,
10/08/2023,82.82,82.29,81.8,,,,,,,
11/08/2023,83.19,82.57,82.02,,,,,,,
14/08/2023,82.51,81.92,81.37,,,,,,,
15/08/2023,80.99,80.5,80.05,,,,,,,
16/08/2023,79.38,79.02,78.73,,,,,,,
17/08/2023,80.39,79.9,79.51,,,,,,,
18/08/2023,81.25,80.66,80.2,,,,,,,
21/08/2023,80.72,80.12,79.76,,,,,,,
22/08/2023,80.35,79.64,79.35,,,,,,,
23/08/2023,78.89,78.59,78.28,,,,,,,
24/08/2023,79.05,78.66,78.26,,,,,,,
25/08/2023,79.83,79.49,79.09,,,,,,,
28/08/2023,80.1,79.67,79.21,,,,,,,
29/08/2023,81.16,80.68,80.17,,,,,,,
30/08/2023,81.63,81.12,80.57,,,,,,,
31/08/2023,83.63,82.96,82.26,,,,,,,
1/09/2023,85.55,84.75,83.9,,,,,,,
5/09/2023,86.69,86.01,85.21,,,,,,,
6/09/2023,87.54,86.79,85.93,,,,,,,
7/09/2023,86.87,86.15,85.32,,,,,,,
8/09/2023,87.51,86.81,86,,,,,,,
11/09/2023,87.29,86.66,85.94,,,,,,,
12/09/2023,88.84,88.16,87.36,,,,,,,
13/09/2023,88.52,87.88,87.11,,,,,,,
14/09/2023,90.16,89.61,88.81,,,,,,,
15/09/2023,90.77,90.02,88.97,,,,,,,
18/09/2023,91.48,90.58,89.26,,,,,,,
19/09/2023,91.2,90.48,89.17,,,,,,,
20/09/2023,90.28,89.66,88.34,,,,,,,
21/09/2023,89.63,88.32,87.06,,,,,,,
22/09/2023,90.03,88.35,86.76,,,,,,,
25/09/2023,89.68,88.17,86.7,,,,,,,
26/09/2023,90.39,88.78,87.22,,,,,,,
27/09/2023,93.68,91.3,89.3,,,,,,,
28/09/2023,91.71,89.59,87.75,,,,,,,
29/09/2023,90.79,88.8,86.98,,,,,,,
2/10/2023,88.82,87.17,85.62,,,,,,,
3/10/2023,89.23,87.44,85.77,,,,,,,
4/10/2023,84.22,82.55,80.98,,,,,,,
5/10/2023,82.31,80.81,79.41,,,,,,,
6/10/2023,82.79,81.28,79.83,,,,,,,
9/10/2023,86.38,84.6,83,,,,,,,
10/10/2023,85.97,84.13,82.57,,,,,,,
11/10/2023,83.49,82.07,80.92,,,,,,,
12/10/2023,82.91,81.8,80.73,,,,,,,
13/10/2023,87.69,86.35,85.08,,,,,,,
16/10/2023,86.66,85.26,84.02,,,,,,,
17/10/2023,86.66,85.44,84.3,,,,,,,
18/10/2023,88.32,87.27,86.09,,,,,,,
19/10/2023,89.37,88.37,87.06,,,,,,,
20/10/2023,88.75,88.08,86.82,,,,,,,
23/10/2023,85.49,84.42,83.4,,,,,,,
24/10/2023,83.74,82.97,82.14,,,,,,,
25/10/2023,85.39,84.69,83.86,,,,,,,
26/10/2023,83.21,82.54,81.84,,,,,,,
27/10/2023,85.54,84.7,83.84,,,,,,,
30/10/2023,82.31,81.68,80.99,,,,,,,
31/10/2023,81.02,80.5,79.96,,,,,,,
1/11/2023,80.44,80.1,79.63,,,,,,,
2/11/2023,82.46,82.16,81.7,,,,,,,
3/11/2023,80.51,80.23,79.86,,,,,,,
6/11/2023,80.82,80.6,80.32,,,,,,,
7/11/2023,77.37,77.21,76.98,,,,,,,
8/11/2023,75.33,75.31,75.12,,,,,,,
9/11/2023,75.74,75.75,75.57,,,,,,,
10/11/2023,77.17,77.15,76.93,,,,,,,
13/11/2023,78.26,78.19,77.99,,,,,,,
14/11/2023,78.26,78.17,77.98,,,,,,,
15/11/2023,76.66,76.79,76.8,,,,,,,
16/11/2023,72.9,73.09,73.19,,,,,,,
17/11/2023,75.89,76.04,76.11,,,,,,,
20/11/2023,77.6,77.83,77.9,,,,,,,
21/11/2023,77.77,77.92,77.88,,,,,,,
22/11/2023,77.1,77.25,77.23,,,,,,,
24/11/2023,75.54,75.77,75.83,,,,,,,
27/11/2023,74.86,75.09,75.22,,,,,,,
28/11/2023,76.41,76.59,76.66,,,,,,,
29/11/2023,77.86,77.99,77.98,,,,,,,
30/11/2023,75.96,76.05,75.99,,,,,,,
1/12/2023,74.07,74.25,74.31,,,,,,,
4/12/2023,73.04,73.32,73.53,,,,,,,
5/12/2023,72.32,72.53,72.7,,,,,,,
6/12/2023,69.38,69.65,69.91,,,,,,,
7/12/2023,69.34,69.59,69.81,,,,,,,
8/12/2023,71.23,71.44,71.58,,,,,,,
11/12/2023,71.32,71.56,71.76,,,,,,,
12/12/2023,68.61,68.85,69.09,,,,,,,
13/12/2023,69.47,69.72,69.98,,,,,,,
14/12/2023,71.58,71.91,72.21,,,,,,,
15/12/2023,71.43,71.78,72.05,,,,,,,
18/12/2023,72.47,72.82,73.1,,,,,,,
19/12/2023,73.44,73.94,74.21,,,,,,,
20/12/2023,74.22,74.45,74.62,,,,,,,
21/12/2023,73.89,74.06,74.18,,,,,,,
22/12/2023,73.56,73.73,73.84,,,,,,,
26/12/2023,75.57,75.71,75.79,,,,,,,
27/12/2023,74.11,74.34,74.51,,,,,,,
28/12/2023,71.77,71.97,72.14,,,,,,,
29/12/2023,71.65,71.84,72.01,,,,,,,
2/01/2024,70.38,70.62,70.82,,,,,,,
3/01/2024,72.7,72.89,73.03,,,,,,,
4/01/2024,72.19,72.36,72.46,,,,,,,
5/01/2024,73.81,73.86,73.87,,,,,,,
8/01/2024,70.77,70.92,71.02,,,,,,,
9/01/2024,72.24,72.29,72.33,,,,,,,
10/01/2024,71.37,71.44,71.5,,,,,,,
11/01/2024,72.02,72.09,72.17,,,,,,,
12/01/2024,72.68,72.79,72.88,,,,,,,
16/01/2024,72.4,72.52,72.58,,,,,,,
17/01/2024,72.56,72.48,72.46,,,,,,,
18/01/2024,74.08,73.95,73.83,,,,,,,
19/01/2024,73.41,73.25,73.12,,,,,,,
22/01/2024,75.19,74.76,74.65,,,,,,,
23/01/2024,74.37,74.27,74.16,,,,,,,
24/01/2024,75.09,74.98,74.85,,,,,,,
25/01/2024,77.36,77.19,77.01,,,,,,,
26/01/2024,78.01,77.86,77.68,,,,,,,
29/01/2024,76.78,76.67,76.55,,,,,,,
30/01/2024,77.82,77.65,77.48,,,,,,,
31/01/2024,75.85,75.71,75.56,,,,,,,
1/02/2024,73.82,73.79,73.7,,,,,,,
2/02/2024,72.28,72.3,72.28,,,,,,,
5/02/2024,72.78,72.85,72.87,,,,,,,
6/02/2024,73.31,73.37,73.35,,,,,,,
7/02/2024,73.86,73.91,73.89,,,,,,,
8/02/2024,76.22,76.19,76.04,,,,,,,
9/02/2024,76.84,76.77,76.61,,,,,,,
12/02/2024,76.92,76.82,76.65,,,,,,,
13/02/2024,77.87,77.56,77.24,,,,,,,
14/02/2024,76.64,76.36,76.11,,,,,,,
15/02/2024,78.03,77.59,77.22,,,,,,,
16/02/2024,79.19,78.46,77.98,,,,,,,
20/02/2024,78.18,77.04,76.62,,,,,,,
21/02/2024,77.91,77.31,76.78,,,,,,,
22/02/2024,78.61,77.93,77.34,,,,,,,
23/02/2024,76.49,76.08,75.62,,,,,,,
26/02/2024,77.58,77.09,76.59,,,,,,,
27/02/2024,78.87,78.23,77.64,,,,,,,
28/02/2024,78.54,77.83,77.21,,,,,,,
29/02/2024,78.26,77.45,76.81,,,,,,,
1/03/2024,79.97,79.09,78.33,,,,,,,
4/03/2024,78.74,78.17,77.61,,,,,,,
5/03/2024,78.15,77.41,76.82,,,,,,,
6/03/2024,79.13,78.41,77.78,,,,,,,
7/03/2024,78.93,78.32,77.78,,,,,,,
8/03/2024,78.01,77.5,77.03,,,,,,,
11/03/2024,77.93,77.53,77.14,,,,,,,
12/03/2024,77.56,77.25,76.9,,,,,,,
13/03/2024,79.72,79.3,78.84,,,,,,,
14/03/2024,81.26,80.74,80.19,,,,,,,
15/03/2024,81.04,80.58,80.14,,,,,,,
18/03/2024,82.72,82.16,81.61,,,,,,,
19/03/2024,83.47,82.73,82.08,,,,,,,
20/03/2024,81.68,81.27,80.78,,,,,,,
21/03/2024,81.07,80.64,80.09,,,,,,,
22/03/2024,80.63,80.17,79.61,,,,,,,
25/03/2024,81.95,81.38,80.77,,,,,,,
26/03/2024,81.62,81.04,80.43,,,,,,,
27/03/2024,81.35,80.78,80.19,,,,,,,
28/03/2024,83.17,82.42,81.67,,,,,,,
1/04/2024,83.71,82.82,81.98,,,,,,,
2/04/2024,85.15,84.22,83.29,,,,,,,
3/04/2024,85.43,84.61,83.77,,,,,,,
4/04/2024,86.59,85.81,84.96,,,,,,,
5/04/2024,86.91,86.1,85.2,,,,,,,
8/04/2024,86.43,85.53,84.64,,,,,,,
9/04/2024,85.23,84.46,83.68,,,,,,,
10/04/2024,86.21,85.44,84.63,,,,,,,
11/04/2024,85.02,84.45,83.77,,,,,,,
12/04/2024,85.66,85.08,84.4,,,,,,,
15/04/2024,85.41,84.86,84.2,,,,,,,
16/04/2024,85.36,84.83,84.22,,,,,,,
17/04/2024,82.69,82.15,81.61,,,,,,,
18/04/2024,82.73,82.1,81.52,,,,,,,
19/04/2024,83.14,82.22,81.58,,,,,,,
22/04/2024,82.85,81.9,81.21,,,,,,,
23/04/2024,83.36,82.56,81.73,,,,,,,
24/04/2024,82.81,82.09,81.35,,,,,,,
25/04/2024,83.57,82.75,81.93,,,,,,,
26/04/2024,83.85,83.13,82.35,,,,,,,
29/04/2024,82.63,82.03,81.37,,,,,,,
30/04/2024,81.93,81.28,80.61,,,,,,,
1/05/2024,79,78.44,77.85,,,,,,,
2/05/2024,78.95,78.48,77.95,,,,,,,
3/05/2024,78.11,77.76,77.35,,,,,,,
6/05/2024,78.48,78.14,77.74,,,,,,,
7/05/2024,78.38,78.06,77.68,,,,,,,
8/05/2024,78.99,78.56,78.07,,,,,,,
9/05/2024,79.26,78.8,78.31,,,,,,,
10/05/2024,78.26,77.84,77.41,,,,,,,
13/05/2024,79.12,78.6,78.08,,,,,,,
14/05/2024,78.02,77.65,77.2,,,,,,,
15/05/2024,78.63,78.16,77.68,,,,,,,
16/05/2024,79.23,78.74,78.27,,,,,,,
17/05/2024,80.06,79.58,79.12,,,,,,,
20/05/2024,79.8,79.3,78.9,,,,,,,
21/05/2024,79.26,78.66,78.28,,,,,,,
22/05/2024,77.57,77.15,76.66,,,,,,,
23/05/2024,76.87,76.46,76,,,,,,,
24/05/2024,77.72,77.23,76.71,,,,,,,
28/05/2024,79.83,79.35,78.83,,,,,,,
29/05/2024,79.23,78.8,78.34,,,,,,,
30/05/2024,77.91,77.54,77.14,,,,,,,
31/05/2024,76.99,76.73,76.4,,,,,,,
3/06/2024,74.22,74.09,73.84,,,,,,,
4/06/2024,73.25,73.06,72.75,,,,,,,
5/06/2024,74.07,73.82,73.42,,,,,,,
6/06/2024,75.55,75.24,74.81,,,,,,,
7/06/2024,75.53,75.22,74.8,,,,,,,
10/06/2024,77.74,77.33,76.82,,,,,,,
11/06/2024,77.9,77.55,77.08,,,,,,,
12/06/2024,78.5,78.15,77.68,,,,,,,
13/06/2024,78.62,78.26,77.82,,,,,,,
14/06/2024,78.45,78.05,77.55,,,,,,,
17/06/2024,80.33,79.72,79.02,,,,,,,
18/06/2024,81.57,80.71,79.99,,,,,,,
20/06/2024,82.17,81.29,80.49,,,,,,,
21/06/2024,80.73,79.96,79.15,,,,,,,
24/06/2024,81.63,80.86,80.06,,,,,,,
25/06/2024,80.83,80.07,79.32,,,,,,,
26/06/2024,80.9,80.19,79.48,,,,,,,
27/06/2024,81.74,80.83,79.98,,,,,,,
28/06/2024,81.54,80.64,79.76,,,,,,,
1/07/2024,83.38,82.32,81.33,,,,,,,
2/07/2024,82.81,81.91,81.03,,,,,,,
3/07/2024,83.88,83.02,82.13,,,,,,,
5/07/2024,83.16,82.26,81.37,,,,,,,
8/07/2024,82.33,81.52,80.69,,,,,,,
9/07/2024,81.41,80.56,79.71,,,,,,,
10/07/2024,82.1,81.07,80.07,,,,,,,
11/07/2024,82.62,81.38,80.26,,,,,,,
12/07/2024,82.21,81.02,79.96,,,,,,,
15/07/2024,81.91,80.84,79.77,,,,,,,
16/07/2024,80.76,79.71,78.67,,,,,,,
17/07/2024,82.85,81.44,80.06,,,,,,,
18/07/2024,82.82,81.3,79.96,,,,,,,
19/07/2024,80.13,78.64,77.48,,,,,,,
22/07/2024,79.78,78.4,77.33,,,,,,,
23/07/2024,76.96,75.92,75.1,,,,,,,
24/07/2024,77.59,76.58,75.79,,,,,,,
25/07/2024,78.28,77.11,76.22,,,,,,,
26/07/2024,77.16,76,75.2,,,,,,,
29/07/2024,75.81,74.8,74.11,,,,,,,
30/07/2024,74.73,73.88,73.26,,,,,,,
31/07/2024,77.91,76.84,76.05,,,,,,,
1/08/2024,76.31,75.4,74.72,,,,,,,
2/08/2024,73.52,72.59,71.95,,,,,,,
5/08/2024,72.94,72.2,71.66,,,,,,,
6/08/2024,73.2,72.34,71.7,,,,,,,
7/08/2024,75.23,74.17,73.38,,,,,,,
8/08/2024,76.19,75.04,74.26,,,,,,,
9/08/2024,76.84,75.61,74.77,,,,,,,
12/08/2024,80.06,78.46,77.37,,,,,,,
13/08/2024,78.35,76.8,75.83,,,,,,,
14/08/2024,76.98,75.84,75,,,,,,,
15/08/2024,78.16,76.99,76.09,,,,,,,
16/08/2024,76.65,75.54,74.67,,,,,,,
19/08/2024,74.37,73.66,72.99,,,,,,,
20/08/2024,74.04,73.17,72.45,,,,,,,
21/08/2024,71.93,71.3,70.81,,,,,,,
22/08/2024,73.01,72.28,71.68,,,,,,,
23/08/2024,74.83,73.93,73.25,,,,,,,
26/08/2024,77.42,76.17,75.21,,,,,,,
27/08/2024,75.53,74.46,73.62,,,,,,,
28/08/2024,74.52,73.44,72.59,,,,,,,
29/08/2024,75.91,74.67,73.73,,,,,,,
30/08/2024,73.55,72.65,71.89,,,,,,,
3/09/2024,70.34,69.59,69.04,,,,,,,
4/09/2024,69.2,68.52,68.06,,,,,,,
5/09/2024,69.15,68.5,68.08,,,,,,,
6/09/2024,67.67,66.98,66.52,,,,,,,
9/09/2024,68.71,67.91,67.31,,,,,,,
10/09/2024,65.75,65.14,64.69,,,,,,,
11/09/2024,67.31,66.6,66.08,,,,,,,
12/09/2024,68.97,68.15,67.53,,,,,,,
13/09/2024,68.65,67.75,67.09,,,,,,,
16/09/2024,70.09,69.02,68.29,,,,,,,
17/09/2024,71.19,69.96,69.17,,,,,,,
18/09/2024,70.91,69.88,69.08,,,,,,,
19/09/2024,71.95,71.16,70.26,,,,,,,
20/09/2024,71.92,71,70.1,,,,,,,
23/09/2024,70.37,69.61,69.1,,,,,,,
24/09/2024,71.56,70.84,70.33,,,,,,,
25/09/2024,69.69,69.13,68.77,,,,,,,
26/09/2024,67.67,67.19,66.89,,,,,,,
27/09/2024,68.18,67.67,67.34,,,,,,,
30/09/2024,68.17,67.77,67.5,,,,,,,
1/10/2024,69.83,69.39,69.05,,,,,,,
2/10/2024,70.1,69.69,69.36,,,,,,,
3/10/2024,73.71,73.17,72.73,,,,,,,
4/10/2024,74.38,73.68,73.1,,,,,,,
7/10/2024,77.14,76.47,75.88,,,,,,,
8/10/2024,73.57,72.98,72.54,,,,,,,
9/10/2024,73.24,72.59,72.07,,,,,,,
10/10/2024,75.85,75.11,74.53,,,,,,,
11/10/2024,75.56,74.85,74.31,,,,,,,
14/10/2024,73.83,73.24,72.81,,,,,,,
15/10/2024,70.58,70.01,69.64,,,,,,,
16/10/2024,70.39,69.82,69.43,,,,,,,
17/10/2024,70.67,70.09,69.64,,,,,,,
18/10/2024,69.22,68.69,68.29,,,,,,,
21/10/2024,70.56,70.04,69.6,,,,,,,
22/10/2024,72.09,71.74,71.31,,,,,,,
23/10/2024,70.77,70.37,70.02,,,,,,,
24/10/2024,70.19,69.84,69.52,,,,,,,
25/10/2024,71.78,71.35,70.98,,,,,,,
28/10/2024,67.38,66.98,66.67,,,,,,,
29/10/2024,67.21,66.81,66.49,,,,,,,
30/10/2024,68.61,68.18,67.82,,,,,,,
31/10/2024,69.26,68.81,68.45,,,,,,,
1/11/2024,69.49,69.08,68.76,,,,,,,
4/11/2024,71.47,71.03,70.66,,,,,,,
5/11/2024,71.99,71.56,71.18,,,,,,,
6/11/2024,71.69,71.24,70.84,,,,,,,
7/11/2024,72.36,71.96,71.57,,,,,,,
8/11/2024,70.38,70.11,69.85,,,,,,,
11/11/2024,68.04,67.92,67.75,,,,,,,
12/11/2024,68.12,67.97,67.77,,,,,,,
13/11/2024,68.43,68.26,68.01,,,,,,,
14/11/2024,68.7,68.53,68.26,,,,,,,
15/11/2024,67.02,66.92,66.72,,,,,,,
18/11/2024,69.16,69.17,68.99,,,,,,,
19/11/2024,69.39,69.24,69.02,,,,,,,
20/11/2024,68.87,68.75,68.52,,,,,,,
21/11/2024,70.1,69.77,69.47,,,,,,,
22/11/2024,71.24,70.77,70.4,,,,,,,
25/11/2024,68.94,68.58,68.31,,,,,,,
26/11/2024,68.77,68.44,68.2,,,,,,,
27/11/2024,68.72,68.35,68.07,,,,,,,
29/11/2024,68,67.72,67.48,,,,,,,
2/12/2024,68.1,67.84,67.6,,,,,,,
3/12/2024,69.94,69.54,69.24,,,,,,,
4/12/2024,68.54,68.19,67.95,,,,,,,
5/12/2024,68.3,67.96,67.72,,,,,,,
6/12/2024,67.2,66.98,66.82,,,,,,,
9/12/2024,68.37,68.09,67.9,,,,,,,
10/12/2024,68.59,68.27,68.05,,,,,,,
11/12/2024,70.29,69.87,69.52,,,,,,,
12/12/2024,70.02,69.66,69.35,,,,,,,
13/12/2024,71.29,70.82,70.39,,,,,,,
16/12/2024,70.71,70.29,69.88,,,,,,,
17/12/2024,70.08,69.65,69.26,,,,,,,
18/12/2024,70.58,70.02,69.57,,,,,,,
19/12/2024,69.91,69.38,68.95,,,,,,,
20/12/2024,69.46,69.02,68.66,,,,,,,
23/12/2024,69.24,68.81,68.47,,,,,,,
24/12/2024,70.1,69.64,69.27,,,,,,,
26/12/2024,69.62,69.23,68.91,,,,,,,
27/12/2024,70.6,70.18,69.81,,,,,,,
30/12/2024,70.99,70.53,70.16,,,,,,,
31/12/2024,71.72,71.25,70.86,,,,,,,
2/01/2025,73.13,72.5,72.01,,,,,,,
3/01/2025,73.96,73.21,72.65,,,,,,,
6/01/2025,73.56,72.92,72.4,,,,,,,
7/01/2025,74.25,73.57,73.01,,,,,,,
8/01/2025,73.32,72.67,72.16,,,,,,,
9/01/2025,73.92,73.24,72.7,,,,,,,
10/01/2025,76.57,75.75,75,,,,,,,
13/01/2025,78.82,77.3,75.9,,,,,,,
14/01/2025,77.5,76.37,75.25,,,,,,,
15/01/2025,80.04,78.71,77.24,,,,,,,
16/01/2025,78.68,77.85,76.46,,,,,,,
17/01/2025,77.88,77.39,76.16,,,,,,,
21/01/2025,75.89,75.83,75,,,,,,,
22/01/2025,75.44,74.69,73.98,,,,,,,
23/01/2025,74.62,74.02,73.44,,,,,,,
24/01/2025,74.66,73.96,73.31,,,,,,,
27/01/2025,73.17,72.5,71.87,,,,,,,
28/01/2025,73.77,72.94,72.14,,,,,,,
29/01/2025,72.62,71.98,71.32,,,,,,,
30/01/2025,72.73,72.18,71.61,,,,,,,
31/01/2025,72.53,71.98,71.38,,,,,,,
3/02/2025,73.16,72.39,71.64,,,,,,,
4/02/2025,72.7,72.34,71.87,,,,,,,
5/02/2025,71.03,70.74,70.34,,,,,,,
6/02/2025,70.61,70.37,70.07,,,,,,,
7/02/2025,71,70.74,70.42,,,,,,,
10/02/2025,72.32,72.01,71.65,,,,,,,
11/02/2025,73.32,73.08,72.76,,,,,,,
12/02/2025,71.37,71.24,71.02,,,,,,,
13/02/2025,71.29,71.14,70.88,,,,,,,
14/02/2025,70.74,70.71,70.56,,,,,,,
18/02/2025,71.85,71.83,71.58,,,,,,,
19/02/2025,72.25,72.1,71.85,,,,,,,
20/02/2025,72.57,72.48,72.29,,,,,,,
21/02/2025,70.4,70.22,69.95,,,,,,,
24/02/2025,70.7,70.45,70.13,,,,,,,
25/02/2025,68.93,68.69,68.39,,,,,,,
26/02/2025,68.62,68.3,67.95,,,,,,,
27/02/2025,70.35,69.95,69.5,,,,,,,
28/02/2025,69.76,69.34,68.87,,,,,,,
3/03/2025,68.37,68.06,67.68,,,,,,,
4/03/2025,68.26,67.7,67.2,,,,,,,
5/03/2025,66.31,65.91,65.52,,,,,,,
6/03/2025,66.36,66,65.59,,,,,,,
7/03/2025,67.04,66.75,66.36,,,,,,,
10/03/2025,66.03,65.68,65.27,,,,,,,
11/03/2025,66.25,65.93,65.53,,,,,,,
12/03/2025,67.68,67.38,66.97,,,,,,,
13/03/2025,66.55,66.27,65.89,,,,,,,
14/03/2025,67.18,66.91,66.52,,,,,,,
17/03/2025,67.58,67.37,67.03,,,,,,,
18/03/2025,66.9,66.75,66.48,,,,,,,
19/03/2025,67.16,66.91,66.62,,,,,,,
20/03/2025,68.26,68.07,67.7,,,,,,,
21/03/2025,68.28,67.89,67.46,,,,,,,
24/03/2025,69.11,68.66,68.21,,,,,,,
25/03/2025,69,68.6,68.17,,,,,,,
26/03/2025,69.65,69.21,68.73,,,,,,,
27/03/2025,69.92,69.49,69,,,,,,,
28/03/2025,69.36,68.9,68.35,,,,,,,
31/03/2025,71.48,70.95,70.32,,,,,,,
1/04/2025,71.2,70.74,70.18,,,,,,,
2/04/2025,71.71,71.23,70.61,,,,,,,
3/04/2025,66.95,66.47,65.92,,,,,,,
4/04/2025,61.99,61.65,61.26,,,,,,,
7/04/2025,60.7,60.44,60.16,,,,,,,
8/04/2025,59.58,59.1,58.66,,,,,,,
9/04/2025,62.35,61.82,61.28,,,,,,,
10/04/2025,60.07,59.63,59.18,,,,,,,
11/04/2025,61.5,60.9,60.34,,,,,,,
14/04/2025,61.53,61.05,60.59,,,,,,,
15/04/2025,61.33,60.75,60.22,,,,,,,
16/04/2025,62.47,61.83,61.24,,,,,,,
17/04/2025,64.68,64.01,63.34,,,,,,,
21/04/2025,63.08,62.41,61.68,,,,,,,
22/04/2025,64.31,63.67,62.94,,,,,,,
23/04/2025,62.27,61.63,61.04,,,,,,,
24/04/2025,62.79,62.14,61.57,,,,,,,
25/04/2025,63.02,62.33,61.74,,,,,,,
28/04/2025,62.05,61.37,60.82,,,,,,,
29/04/2025,60.42,59.84,59.4,,,,,,,
30/04/2025,58.21,57.62,57.19,,,,,,,
1/05/2025,59.24,58.68,58.24,,,,,,,
2/05/2025,58.29,57.83,57.48,,,,,,,
5/05/2025,57.13,56.75,56.46,,,,,,,
6/05/2025,59.09,58.68,58.3,,,,,,,
7/05/2025,58.07,57.7,57.34,,,,,,,
8/05/2025,59.91,59.52,59.09,,,,,,,
9/05/2025,61.02,60.58,60.07,,,,,,,
12/05/2025,61.95,61.56,61.11,,,,,,,
13/05/2025,63.67,63.25,62.74,,,,,,,
14/05/2025,63.15,62.68,62.14,,,,,,,
15/05/2025,61.62,61.15,60.66,,,,,,,
16/05/2025,62.49,61.97,61.4,,,,,,,
19/05/2025,62.69,62.14,61.49,,,,,,,
20/05/2025,62.56,62.03,61.44,,,,,,,
21/05/2025,61.57,61.03,60.52,,,,,,,
22/05/2025,61.2,60.64,60.12,,,,,,,
23/05/2025,61.53,60.93,60.39,,,,,,,
27/05/2025,60.89,60.33,59.83,,,,,,,
28/05/2025,61.84,61.2,60.62,,,,,,,
29/05/2025,60.94,60.2,59.57,,,,,,,
30/05/2025,60.79,59.79,59,,,,,,,
2/06/2025,62.52,61.54,60.72,,,,,,,
3/06/2025,63.41,62.48,61.74,,,,,,,
4/06/2025,62.85,61.89,61.11,,,,,,,
5/06/2025,63.37,62.48,61.69,,,,,,,
6/06/2025,64.58,63.63,62.73,,,,,,,
9/06/2025,65.29,64.22,63.23,,,,,,,
10/06/2025,64.98,63.91,62.94,,,,,,,
11/06/2025,68.15,66.9,65.72,,,,,,,
12/06/2025,68.04,66.64,65.38,,,,,,,
13/06/2025,72.98,71.29,69.56,,,,,,,
16/06/2025,71.77,70.25,68.72,,,,,,,
17/06/2025,74.84,73.27,71.57,,,,,,,
18/06/2025,75.14,73.5,71.76,,,,,,,
20/06/2025,74.93,73.84,72.01,,,,,,,
23/06/2025,68.51,67.27,66.28,,,,,,,
24/06/2025,64.37,63.15,62.22,,,,,,,
25/06/2025,64.92,63.46,62.35,,,,,,,
26/06/2025,65.24,63.82,62.72,,,,,,,
27/06/2025,65.52,64.07,62.9,,,,,,,
30/06/2025,65.11,63.85,62.76,,,,,,,
1/07/2025,65.45,64.15,63.07,,,,,,,
2/07/2025,67.45,66.01,64.73,,,,,,,
3/07/2025,67,65.62,64.4,,,,,,,
7/07/2025,67.93,66.49,65.2,,,,,,,
8/07/2025,68.33,66.98,65.7,,,,,,,
9/07/2025,68.38,66.97,65.64,,,,,,,
10/07/2025,66.57,65.38,64.24,,,,,,,
11/07/2025,68.45,67.04,65.77,,,,,,,
14/07/2025,66.98,65.81,64.78,,,,,,,
15/07/2025,66.52,65.37,64.37,,,,,,,
16/07/2025,66.38,65.19,64.19,,,,,,,
17/07/2025,67.54,66.23,65.15,,,,,,,
18/07/2025,67.34,66.05,65.03,,,,,,,
21/07/2025,67.2,65.95,65.02,,,,,,,
22/07/2025,66.21,65.31,64.46,,,,,,,
23/07/2025,65.25,64.49,63.96,,,,,,,
24/07/2025,66.03,65.13,64.48,,,,,,,
25/07/2025,65.16,64.34,63.75,,,,,,,
28/07/2025,66.71,65.91,65.29,,,,,,,
29/07/2025,69.21,68.28,67.53,,,,,,,
30/07/2025,70,68.93,68.06,,,,,,,
31/07/2025,69.26,68.2,67.32,,,,,,,
1/08/2025,67.33,66.2,65.28,,,,,,,
4/08/2025,66.29,65.3,64.55,,,,,,,
5/08/2025,65.16,64.2,63.52,,,,,,,
6/08/2025,64.35,63.41,62.79,,,,,,,
7/08/2025,63.88,63.04,62.5,,,,,,,
8/08/2025,63.88,63,62.39,,,,,,,
11/08/2025,63.96,63.09,62.51,,,,,,,
12/08/2025,63.17,62.48,62.01,,,,,,,
13/08/2025,62.65,61.93,61.47,,,,,,,
14/08/2025,63.96,63.03,62.42,,,,,,,
15/08/2025,62.8,61.98,61.47,,,,,,,
18/08/2025,63.42,62.7,62.16,,,,,,,
19/08/2025,62.35,61.77,61.34,,,,,,,
20/08/2025,63.21,62.71,62.32,,,,,,,
21/08/2025,63.52,63.11,62.78,,,,,,,
22/08/2025,63.66,63.23,62.9,,,,,,,
25/08/2025,64.8,64.31,63.92,,,,,,,
26/08/2025,63.25,62.8,62.46,,,,,,,
27/08/2025,64.15,63.59,63.13,,,,,,,
28/08/2025,64.6,64.07,63.61,,,,,,,
29/08/2025,64.01,63.46,62.99,,,,,,,
2/09/2025,65.59,65.08,64.64,,,,,,,
3/09/2025,63.97,63.57,63.24,,,,,,,
4/09/2025,63.48,63.03,62.69,,,,,,,
5/09/2025,61.87,61.46,61.18,,,,,,,
8/09/2025,62.26,61.87,61.62,,,,,,,
9/09/2025,62.63,62.29,62.06,,,,,,,
10/09/2025,63.67,63.35,63.09,,,,,,,
11/09/2025,62.37,62.08,61.85,,,,,,,
12/09/2025,62.69,62.42,62.19,,,,,,,
15/09/2025,63.3,63.02,62.76,,,,,,,
16/09/2025,64.52,64.16,63.82,,,,,,,
17/09/2025,64.05,63.7,63.32,,,,,,,
18/09/2025,63.57,63.26,62.87,,,,,,,
19/09/2025,62.68,62.4,61.98,,,,,,,
22/09/2025,62.64,62.28,61.9,,,,,,,
23/09/2025,63.41,62.93,62.62,,,,,,,
24/09/2025,64.99,64.39,63.96,,,,,,,
25/09/2025,64.98,64.4,64.01,,,,,,,
26/09/2025,65.72,65.14,64.73,,,,,,,
29/09/2025,63.45,63.01,62.72,,,,,,,
30/09/2025,62.37,61.96,61.68,,,,,,,
1/10/2025,61.78,61.39,61.14,,,,,,,
2/10/2025,60.48,60.16,59.99,,,,,,,
3/10/2025,60.88,60.53,60.34,,,,,,,
6/10/2025,61.69,61.34,61.13,,,,,,,
7/10/2025,61.73,61.32,61.06,,,,,,,
8/10/2025,62.55,62.02,61.69,,,,,,,
9/10/2025,61.51,61.03,60.76,,,,,,,
10/10/2025,58.9,58.48,58.27,,,,,,,
13/10/2025,59.49,59.07,58.89,,,,,,,
14/10/2025,58.7,58.27,58.08,,,,,,,
15/10/2025,58.27,57.84,57.69,,,,,,,
16/10/2025,57.46,56.99,56.85,,,,,,,
17/10/2025,57.54,57.15,57.12,,,,,,,
20/10/2025,57.52,57.02,56.99,,,,,,,
21/10/2025,57.82,57.24,57.16,,,,,,,
22/10/2025,58.5,58.32,58.26,,,,,,,
23/10/2025,61.79,61.16,60.64,,,,,,,
24/10/2025,61.5,60.96,60.51,,,,,,,
27/10/2025,61.31,60.78,60.38,,,,,,,
28/10/2025,60.15,59.78,59.55,,,,,,,
29/10/2025,60.48,60.16,59.94,,,,,,,
30/10/2025,60.57,60.2,59.91,,,,,,,
31/10/2025,60.98,60.6,60.26,,,,,,,
3/11/2025,61.05,60.75,60.48,,,,,,,
4/11/2025,60.56,60.31,60.09,,,,,,,
5/11/2025,59.6,59.42,59.27,,,,,,,
6/11/2025,59.43,59.3,59.14,,,,,,,
7/11/2025,59.75,59.62,59.47,,,,,,,
10/11/2025,60.13,60.03,59.89,,,,,,,
11/11/2025,61.04,60.99,60.87,,,,,,,
12/11/2025,58.49,58.49,58.42,,,,,,,
13/11/2025,58.69,58.64,58.52,,,,,,,
14/11/2025,60.09,59.95,59.78,,,,,,,
17/11/2025,59.91,59.86,59.69,,,,,,,
18/11/2025,60.74,60.67,60.43,,,,,,,
19/11/2025,59.44,59.25,58.97,,,,,,,
20/11/2025,59.14,59,58.69,,,,,,,
21/11/2025,58.06,57.81,57.64,,,,,,,
24/11/2025,58.84,58.59,58.41,,,,,,,
25/11/2025,57.95,57.74,57.61,,,,,,,
26/11/2025,58.65,58.42,58.26,,,,,,,
28/11/2025,58.55,58.29,58.09,,,,,,,
1/12/2025,59.32,59.07,58.87,,,,,,,
2/12/2025,58.64,58.38,58.18,,,,,,,
3/12/2025,58.95,58.66,58.45,,,,,,,
4/12/2025,59.67,59.31,59.06,,,,,,,
5/12/2025,60.08,59.78,59.56,,,,,,,
8/12/2025,58.88,58.63,58.43,,,,,,,
9/12/2025,58.25,58.08,57.96,,,,,,,
10/12/2025,58.46,58.3,58.16,,,,,,,
11/12/2025,57.6,57.45,57.35,,,,,,,
12/12/2025,57.44,57.24,57.08,,,,,,,
15/12/2025,56.82,56.67,56.56,,,,,,,
16/12/2025,55.27,55.13,55.05,,,,,,,
17/12/2025,55.94,55.81,55.71,,,,,,,
18/12/2025,56.15,56,55.86,,,,,,,
19/12/2025,56.66,56.52,56.36,,,,,,,
22/12/2025,58.01,57.84,57.72,,,,,,,
23/12/2025,58.38,58.13,57.97,,,,,,,
24/12/2025,58.35,58.13,57.98,,,,,,,
26/12/2025,56.74,56.56,56.45,,,,,,,
29/12/2025,58.08,57.85,57.68,,,,,,,
30/12/2025,57.95,57.74,57.58,,,,,,,
31/12/2025,57.42,57.22,57.07,,,,,,,
2/01/2026,57.32,57.12,56.98,,,,,,,
5/01/2026,58.32,58.08,57.91,,,,,,,
6/01/2026,57.13,56.94,56.77,,,,,,,
7/01/2026,55.99,55.9,55.81,,,,,,,
8/01/2026,57.76,57.64,57.53,,,,,,,
9/01/2026,59.12,58.94,58.79,,,,,,,
12/01/2026,59.5,59.32,59.14,,,,,,,
13/01/2026,61.15,60.93,60.65,,,,,,,
14/01/2026,62.02,61.88,61.63,,,,,,,
15/01/2026,59.19,59.08,58.92,,,,,,,
16/01/2026,59.44,59.34,59.2,,,,,,,
20/01/2026,60.34,60.36,60.09,,,,,,,
21/01/2026,60.62,60.39,60.21,,,,,,,
22/01/2026,59.36,59.17,59.04,,,,,,,
23/01/2026,61.07,60.79,60.56,,,,,,,
26/01/2026,60.63,60.42,60.26,,,,,,,
27/01/2026,62.39,62.1,61.84,,,,,,,
28/01/2026,63.21,62.91,62.59,,,,,,,
29/01/2026,65.42,65.01,64.6,,,,,,,
30/01/2026,65.21,64.74,64.32,,,,,,,
2/02/2026,62.14,61.72,61.34,,,,,,,
3/02/2026,63.21,62.83,62.48,,,,,,,
4/02/2026,65.14,64.75,64.36,,,,,,,
5/02/2026,63.29,63.01,62.73,,,,,,,
6/02/2026,63.55,63.36,63.15,,,,,,,
9/02/2026,64.36,64.2,64.02,,,,,,,
10/02/2026,63.96,63.79,63.61,,,,,,,
11/02/2026,64.63,64.46,64.26,,,,,,,
12/02/2026,62.84,62.65,62.47,,,,,,,
13/02/2026,62.89,62.75,62.58,,,,,,,
17/02/2026,62.33,62.26,62.13,,,,,,,
18/02/2026,65.19,65.05,64.84,,,,,,,
19/02/2026,66.43,66.4,66.2,,,,,,,
20/02/2026,66.39,66.48,66.24,,,,,,,
23/02/2026,66.31,66.13,65.83,,,,,,,
24/02/2026,65.63,65.54,65.36,,,,,,,
25/02/2026,65.42,65.33,65.17,,,,,,,
26/02/2026,65.21,65.11,64.89,,,,,,,
27/02/2026,67.02,66.89,66.56,,,,,,,
2/03/2026,71.23,70.72,69.81,,,,,,,
3/03/2026,74.56,73.55,71.88,,,,,,,
4/03/2026,74.66,73.46,71.76,,,,,,,
5/03/2026,81.01,78.64,75.52,,,,,,,
6/03/2026,90.9,87.52,82.19,,,,,,,
9/03/2026,94.77,91.48,86.67,,,,,,,
10/03/2026,83.45,82.1,79.44,,,,,,,
11/03/2026,87.25,86.07,83.48,,,,,,,
12/03/2026,95.73,94.43,90.48,,,,,,,
13/03/2026,98.71,96.84,92.48,,,,,,,
16/03/2026,93.5,92.46,88.54,,,,,,,
17/03/2026,96.21,95.53,91.64,,,,,,,
18/03/2026,96.32,95.46,92.43,,,,,,,
19/03/2026,96.14,95.55,92.96,,,,,,,
20/03/2026,98.32,98.23,94.74,,,,,,,
23/03/2026,88.13,85.37,82.49,,,,,,,
24/03/2026,92.35,89.75,86.78,,,,,,,
25/03/2026,90.32,87.78,85.06,,,,,,,
26/03/2026,94.48,91.15,88,,,,,,,
27/03/2026,99.64,94.19,89.53,,,,,,,
30/03/2026,102.88,96.02,90.51,,,,,,,
31/03/2026,101.38,93.16,86.53,,,,,,,
1/04/2026,100.12,90.88,84.21,,,,,,,
2/04/2026,111.54,98.04,89.39,,,,,,,
3/04/2026,111.54,98.04,89.39,,,,,,,
6/04/2026,112.41,98.47,90.24,,,,,,,
7/04/2026,112.95,99.38,90.85,,,,,,,
8/04/2026,94.41,87.75,83.89,,,,,,,
9/04/2026,97.87,89.93,84.79,,,,,,,
10/04/2026,96.57,89.58,84.93,,,,,,,
13/04/2026,99.08,92.95,88.16,,,,,,,
14/04/2026,91.28,88.19,84.91,,,,,,,
15/04/2026,91.29,88.13,85.21,,,,,,,
16/04/2026,94.69,91.17,86.98,,,,,,,
17/04/2026,83.85,82.59,80.22,,,,,,,
20/04/2026,89.61,87.42,83.94,,,,,,,
21/04/2026,92.13,89.67,85.99,,,,,,,
22/04/2026,92.96,88.38,84.43,,,,,,,
23/04/2026,95.85,90.82,86.54,,,,,,,
24/04/2026,94.4,89.58,85.66,,,,,,,
27/04/2026,96.37,91.45,87.3,,,,,,,
28/04/2026,99.93,94.55,89.79,,,,,,,
29/04/2026,106.88,100.11,93.97,,,,,,,
30/04/2026,105.07,99.14,93.47,,,,,,,
1/05/2026,101.94,96.54,91.56,,,,,,,
4/05/2026,106.42,101.51,96.52,,,,,,,
5/05/2026,102.27,98.07,93.86,,,,,,,
6/05/2026,95.08,91.23,87.53,,,,,,,
7/05/2026,94.81,91.07,87.33,,,,,,,
8/05/2026,95.42,91.79,88.15,,,,,,,
11/05/2026,98.07,94.74,90.98,,,,,,,
12/05/2026,102.18,98.51,94.39,,,,,,,
13/05/2026,101.02,96.81,92.44,,,,,,,
14/05/2026,101.17,96.92,92.48,,,,,,,
15/05/2026,105.42,101.02,96.14,,,,,,,
18/05/2026,108.66,104.38,99.47,,,,,,,
19/05/2026,107.77,104.15,99.13,,,,,,,
20/05/2026,98.26,94.01,90.01,,,,,,,
21/05/2026,96.35,92.9,89.36,,,,,,,
22/05/2026,96.6,93.09,89.59,,,,,,,
26/05/2026,93.89,90.42,87.15,,,,,,,
27/05/2026,88.68,85.99,83.58,,,,,,,
28/05/2026,88.9,86.79,84.72,,,,,,,
29/05/2026,87.36,85.3,83.19,,,,,,,
1/06/2026,92.16,89.17,86.33,,,,,,,
2/06/2026,93.76,90.47,87.31,,,,,,,
3/06/2026,96.02,92.71,89.42,,,,,,,
4/06/2026,93.04,90,86.94,,,,,,,
5/06/2026,90.54,87.99,85.33,,,,,,,
8/06/2026,91.3,89.25,86.99,,,,,,,
9/06/2026,88.2,86.58,84.74,,,,,,,
10/06/2026,90.03,88.34,86.51,,,,,,,
11/06/2026,87.71,86.16,84.54,,,,,,,
12/06/2026,84.88,83.35,81.71,,,,,,,
15/06/2026,80.75,79.44,78.17,,,,,,,
16/06/2026,76.05,75.27,74.59,,,,,,,
17/06/2026,76.79,76.01,75.16,,,,,,,
18/06/2026,76.6,75.85,75.11,,,,,,,
22/06/2026,74.82,73.86,73.03,,,,,,,
23/06/2026,73.21,72.54,71.89,,,,,,,
24/06/2026,70.34,69.93,69.44,,,,,,,
25/06/2026,71.92,71.52,71.03,,,,,,,
26/06/2026,69.23,68.93,68.6,,,,,,,
29/06/2026,70.75,70.41,69.99,,,,,,,
30/06/2026,69.5,69.27,68.98,,,,,,,
1/07/2026,68.58,68.51,68.4,,,,,,,
2/07/2026,68.69,68.65,68.56,,,,,,,
6/07/2026,68.55,68.56,68.53,,,,,,,
7/07/2026,70.44,70.34,70.13,,,,,,,
8/07/2026,73.52,73.27,72.76,,,,,,,
9/07/2026,72.08,71.9,71.56,,,,,,,
10/07/2026,71.41,71.34,71.15,,,,,,,
13/07/2026,78.14,77.94,77.25,,,,,,,
14/07/2026,79.34,78.68,77.52,,,,,,,
15/07/2026,79.6,79.12,78.08,,,,,,,
16/07/2026,78.95,78.28,77.34,,,,,,,
17/07/2026,82.49,81.78,80.34,,,,,,,
20/07/2026,83.23,82.48,80.9,,,,,,,
21/07/2026,84.91,84.34,82.11,,,,,,,
22/07/2026,86.83,83.64,80.81,,,,,,,
23/07/2026,92.19,87.01,82.93,,,,,,,
24/07/2026,89.31,85.15,81.73,,,,,,,
27/07/2026,82.61,80.25,78.17,,,,,,,
28/07/2026,79.26,77.17,75.33,,,,,,,
29/07/2026,84.46,82.04,79.68,,,,,,,
30/07/2026,83.59,80.8,78.19,,,,,,,
31/07/2026,84.67,81.49,78.65,,,,,,,
3/08/2026,80.34,77.9,75.68,,,,,,,
4/08/2026,75.77,74.4,73.15,,,,,,,
5/08/2026,75.22,74.05,72.94,,,,,,,
6/08/2026,77.29,76.16,74.91,,,,,,,
7/08/2026,78.18,77.15,75.96,,,,,,,
10/08/2026,82.13,81.16,79.92,,,,,,,
11/08/2026,83.2,81.95,80.31,,,,,,,
12/08/2026,83.27,82.17,80.5,,,,,,,
13/08/2026,81.25,80.44,79.07,,,,,,,
14/08/2026,82.4,81.47,80.1,,,,,,,
17/08/2026,84.5,83.74,82.41,,,,,,,
18/08/2026,84.94,84.06,82.72,,,,,,,
19/08/2026,85.83,84.39,82.81,,,,,,,
20/08/2026,87.83,86.83,84.86,,,,,,,
21/08/2026,87.06,85.16,83.02,,,,,,,
24/08/2026,85.01,83.3,81.34,,,,,,,
25/08/2026,82.36,80.88,79.15,,,,,,,
26/08/2026,82.23,80.85,79.27,,,,,,,
27/08/2026,83.53,81.97,80.11,,,,,,,
28/08/2026,83.4,81.83,80,,,,,,,
31/08/2026,85.76,84.06,82.07,,,,,,,
1/09/2026,90.22,87.75,84.97,,,,,,,
2/09/2026,91.01,88.28,85.25,,,,,,,
3/09/2026,91.3,88.03,84.79,,,,,,,
4/09/2026,91.48,88.57,85.46,,,,,,,
8/09/2026,93.03,90.19,87.14,,,,,,,
,,,,,,,,,,
