Date,GC1,GC2,GC3,,,
3/01/2005,429.7,431.9,434.2,,,
4/01/2005,429.2,431.3,433.7,,,
5/01/2005,427.3,429.5,431.8,,,
6/01/2005,421.6,423.8,426.1,,,
7/01/2005,419.5,421.7,424,,,
10/01/2005,419.7,421.9,424.2,,,
11/01/2005,422.4,424.6,426.9,,,
12/01/2005,426.6,428.8,431.2,,,
13/01/2005,425.1,427.3,429.7,,,
14/01/2005,423,425.5,427.6,,,
18/01/2005,423.5,425.7,428.1,,,
19/01/2005,423.3,425.4,427.8,,,
20/01/2005,422.6,424.7,427,,,
21/01/2005,426.9,429,431.9,,,
24/01/2005,427.1,429.3,431.6,,,
25/01/2005,422.1,424.3,426.6,,,
26/01/2005,426.9,429.1,431.4,,,
27/01/2005,426.3,428.4,430.7,,,
28/01/2005,425.8,428.1,430.4,,,
31/01/2005,421.8,424.1,426.4,,,
1/02/2005,420.8,422.9,425.3,,,
2/02/2005,421.1,423,425.4,,,
3/02/2005,416.6,418.5,420.9,,,
4/02/2005,414,415.9,418.2,,,
7/02/2005,413.6,415.4,417.7,,,
8/02/2005,412.6,414.3,416.6,,,
9/02/2005,412.9,414.5,416.7,,,
10/02/2005,417.2,418.7,421,,,
11/02/2005,420.5,422,424.3,,,
14/02/2005,425.8,427.3,429.7,,,
15/02/2005,425.9,427.3,429.7,,,
16/02/2005,425.5,426.9,429.3,,,
17/02/2005,427.3,428.6,431,,,
18/02/2005,427.1,428.4,430.8,,,
22/02/2005,434.5,435.8,438.3,,,
23/02/2005,434.9,436.1,438.6,,,
24/02/2005,434.5,435.7,438.2,,,
25/02/2005,436.1,438.6,441.2,,,
28/02/2005,437.6,440.1,442.7,,,
1/03/2005,433.9,436.4,439,,,
2/03/2005,433.8,436.2,438.8,,,
3/03/2005,430.8,433.3,435.9,,,
4/03/2005,435.1,437.6,440.2,,,
7/03/2005,435.8,438.4,440.9,,,
8/03/2005,441.1,443.7,446.2,,,
9/03/2005,442.9,445.5,448.1,,,
10/03/2005,443.4,446,448.6,,,
11/03/2005,446.8,449.4,452,,,
14/03/2005,441.6,444.2,446.8,,,
15/03/2005,441.4,444,446.6,,,
16/03/2005,444.2,446.8,449.4,,,
17/03/2005,439.1,441.7,444.3,,,
18/03/2005,439.7,442.3,444.9,,,
21/03/2005,431.4,434,436.6,,,
22/03/2005,431.6,434.2,436.8,,,
23/03/2005,425.4,427.9,430.5,,,
24/03/2005,424.8,427.4,430,,,
28/03/2005,426,428.6,431.2,,,
29/03/2005,426,428.6,431.2,,,
30/03/2005,426.9,429.5,432.1,,,
31/03/2005,428.7,431.1,433.7,,,
1/04/2005,425.9,428.3,430.9,,,
4/04/2005,423.9,426,428.6,,,
5/04/2005,424.5,426.6,429.2,,,
6/04/2005,427.1,429.2,431.8,,,
7/04/2005,426.5,428.4,431,,,
8/04/2005,426.9,428.8,431.4,,,
11/04/2005,428.6,430.4,433,,,
12/04/2005,427.6,429.3,431.9,,,
13/04/2005,429.3,431,433.6,,,
14/04/2005,424,425.6,428.2,,,
15/04/2005,424.9,426.5,429,,,
18/04/2005,427.5,429,431.5,,,
19/04/2005,432.9,434.4,436.9,,,
20/04/2005,435.3,436.7,439.2,,,
21/04/2005,433,434.4,436.9,,,
22/04/2005,434.3,435.6,438.1,,,
25/04/2005,434.6,435.8,438.3,,,
26/04/2005,437.9,439,441.6,,,
27/04/2005,433,434.1,436.7,,,
28/04/2005,432.4,435,437.7,,,
29/04/2005,436.1,438.7,441.4,,,
2/05/2005,430.5,433.1,435.8,,,
3/05/2005,427.7,430.3,433.1,,,
4/05/2005,430,432.6,435.3,,,
5/05/2005,430.7,433.3,436,,,
6/05/2005,426.9,429.5,432.2,,,
9/05/2005,426.9,429.5,432.2,,,
10/05/2005,427.9,430.6,433.3,,,
11/05/2005,427.9,430.6,433.4,,,
12/05/2005,422.2,424.8,427.6,,,
13/05/2005,420.7,423.3,426,,,
16/05/2005,419.3,421.9,424.6,,,
17/05/2005,419.8,422.4,425.1,,,
18/05/2005,421.9,424.5,427.1,,,
19/05/2005,420.8,423.3,426,,,
20/05/2005,417.7,420.2,423,,,
23/05/2005,416.9,419.4,422.2,,,
24/05/2005,417.7,420.2,423,,,
25/05/2005,418.9,421.5,424.3,,,
26/05/2005,418,420.6,423.4,,,
27/05/2005,419.8,422.4,425.2,,,
31/05/2005,416.3,418.9,421.6,,,
1/06/2005,415.3,417.7,420.4,,,
2/06/2005,422.7,424.8,427.5,,,
3/06/2005,423.7,425.8,428.5,,,
6/06/2005,426.5,428.4,431.1,,,
7/06/2005,424.8,426.7,429.5,,,
8/06/2005,424.7,426.6,429.4,,,
9/06/2005,424.2,426.1,428.9,,,
10/06/2005,427.4,429.3,432.1,,,
13/06/2005,429.3,431.1,433.9,,,
14/06/2005,427.5,429.3,432.1,,,
15/06/2005,429.1,430.9,433.8,,,
16/06/2005,436.2,437.9,440.8,,,
17/06/2005,438.3,440,442.9,,,
20/06/2005,438.4,440,442.9,,,
21/06/2005,438.9,440.5,443.4,,,
22/06/2005,438.1,439.7,442.6,,,
23/06/2005,441.7,443.2,446.1,,,
24/06/2005,440.5,442,444.9,,,
27/06/2005,440.3,441.7,444.6,,,
28/06/2005,436.4,437.7,440.6,,,
29/06/2005,438.6,441.5,444.4,,,
30/06/2005,437.1,440.1,443,,,
1/07/2005,428.8,431.8,434.7,,,
5/07/2005,423.9,426.9,429.8,,,
6/07/2005,424.5,427.4,430.4,,,
7/07/2005,424.2,427.1,430.1,,,
8/07/2005,423.8,426.7,429.7,,,
11/07/2005,426.3,429.2,432.2,,,
12/07/2005,427.1,430.1,433.1,,,
13/07/2005,424.6,427.6,430.5,,,
14/07/2005,420.2,423.2,426.1,,,
15/07/2005,421.3,424.3,427.1,,,
18/07/2005,421,424,426.9,,,
19/07/2005,420.2,423.1,426,,,
20/07/2005,422.1,425,427.9,,,
21/07/2005,425.7,428.7,431.6,,,
22/07/2005,425,428,430.9,,,
25/07/2005,425.9,428.9,431.8,,,
26/07/2005,423.5,426.4,429.3,,,
27/07/2005,424.8,427.7,430.6,,,
28/07/2005,427.4,430.3,433.3,,,
29/07/2005,429.9,432.8,435.8,,,
1/08/2005,431.9,434.7,437.7,,,
2/08/2005,431.9,434.7,437.7,,,
3/08/2005,436.9,439.6,442.7,,,
4/08/2005,437.9,440.6,443.7,,,
5/08/2005,437.2,439.7,442.8,,,
8/08/2005,434.7,437.1,440.3,,,
9/08/2005,434.2,436.6,439.8,,,
10/08/2005,436.5,438.9,442,,,
11/08/2005,445.5,447.8,450.9,,,
12/08/2005,445.9,448.2,451.4,,,
15/08/2005,442.2,444.4,447.6,,,
16/08/2005,446.1,448.3,451.5,,,
17/08/2005,439.9,442,445.2,,,
18/08/2005,439.5,441.5,444.7,,,
19/08/2005,437.2,439.1,442.2,,,
22/08/2005,438.1,439.9,443,,,
23/08/2005,439.4,441.2,444.3,,,
24/08/2005,437.3,439.1,442.2,,,
25/08/2005,438.4,440,443.1,,,
26/08/2005,437.4,439,442.1,,,
29/08/2005,437,438.3,441.4,,,
30/08/2005,432.5,435.5,438.8,,,
31/08/2005,435.1,438.1,441.2,,,
1/09/2005,443.5,446.5,449.6,,,
2/09/2005,445.4,448.5,451.7,,,
6/09/2005,445.5,448.6,451.8,,,
7/09/2005,446,449,452.2,,,
8/09/2005,447.7,450.7,453.9,,,
9/09/2005,450,453,456.3,,,
12/09/2005,450.7,453.7,457,,,
13/09/2005,447,450,453.3,,,
14/09/2005,450.7,453.7,457,,,
15/09/2005,456.3,459.3,462.6,,,
16/09/2005,460.3,463.3,466.6,,,
19/09/2005,467.3,470.4,473.8,,,
20/09/2005,466.8,470,473.4,,,
21/09/2005,469.4,472.6,476,,,
22/09/2005,467,470.3,473.7,,,
23/09/2005,463.9,467.2,470.7,,,
26/09/2005,466.2,469.5,473,,,
27/09/2005,462.9,466.2,469.7,,,
28/09/2005,469.8,473.1,476.6,,,
29/09/2005,472.3,475.8,479.3,,,
30/09/2005,469,472.3,475.9,,,
3/10/2005,466.1,469.3,472.9,,,
4/10/2005,466.1,469.3,472.9,,,
5/10/2005,466.1,469.3,472.9,,,
6/10/2005,471.9,475,478.7,,,
7/10/2005,474.7,477.7,481.4,,,
10/10/2005,475.1,478,481.7,,,
11/10/2005,477.1,479.8,483.5,,,
12/10/2005,473.9,476.6,480.4,,,
13/10/2005,471.1,473.8,477.6,,,
14/10/2005,469.2,471.8,475.6,,,
17/10/2005,474.1,476.6,480.4,,,
18/10/2005,472.1,474.6,478.4,,,
19/10/2005,463.5,465.8,469.5,,,
20/10/2005,461,463.2,466.9,,,
21/10/2005,467,469.1,472.8,,,
24/10/2005,465,467,470.7,,,
25/10/2005,472.8,474.7,478.5,,,
26/10/2005,471.2,473,476.8,,,
27/10/2005,473.8,475.6,479.4,,,
28/10/2005,474.8,478.6,482.5,,,
31/10/2005,466.9,470.7,474.6,,,
1/11/2005,460.6,464.4,468.3,,,
2/11/2005,464.6,468.4,472.3,,,
3/11/2005,461.9,465.7,469.6,,,
4/11/2005,457.9,461.7,465.6,,,
7/11/2005,460.4,464.2,468.1,,,
8/11/2005,462.3,466.1,470,,,
9/11/2005,467.5,471.4,475.3,,,
10/11/2005,467.7,471.6,475.6,,,
11/11/2005,469.4,473.2,477.2,,,
14/11/2005,469.1,473,477,,,
15/11/2005,469,472.8,476.8,,,
16/11/2005,479.1,483,487,,,
17/11/2005,486.9,490.8,494.9,,,
18/11/2005,486.2,490.2,494.3,,,
21/11/2005,489.5,493.5,497.7,,,
22/11/2005,492.9,497,501.2,,,
23/11/2005,492.3,496.4,500.6,,,
28/11/2005,498.3,502.6,506.9,,,
29/11/2005,499.1,503.5,507.9,,,
30/11/2005,494.6,498.7,503,,,
1/12/2005,502.5,506.3,510.6,,,
2/12/2005,503.3,507,511.3,,,
5/12/2005,508.9,512.6,516.9,,,
6/12/2005,510.2,513.8,518.1,,,
7/12/2005,514.3,517.8,522.2,,,
8/12/2005,519.3,522.7,527.1,,,
9/12/2005,527,530.2,534.5,,,
12/12/2005,528.4,531.5,535.8,,,
13/12/2005,521,524.1,528.4,,,
14/12/2005,506.5,509.5,513.7,,,
15/12/2005,503.9,506.6,510.8,,,
16/12/2005,503.4,505.9,510.1,,,
19/12/2005,503.6,506.1,510.3,,,
20/12/2005,494.6,497,501.2,,,
21/12/2005,493,495.3,499.5,,,
22/12/2005,502.7,505,509.3,,,
23/12/2005,503,505.2,509.5,,,
27/12/2005,508,510.1,514.4,,,
28/12/2005,514.2,516.3,520.7,,,
29/12/2005,517.5,521.9,526.2,,,
30/12/2005,518.9,523.4,527.7,,,
3/01/2006,532.5,537,541.5,,,
4/01/2006,535.6,540.2,544.8,,,
5/01/2006,527.8,532.4,536.9,,,
6/01/2006,541.2,545.9,550.4,,,
9/01/2006,550.5,555.3,559.9,,,
10/01/2006,545.7,550.4,555.1,,,
11/01/2006,550.1,554.9,559.6,,,
12/01/2006,549.3,554.1,558.9,,,
13/01/2006,557,561.9,566.7,,,
17/01/2006,554.3,559.2,564.1,,,
18/01/2006,544.5,549.3,554,,,
19/01/2006,559,563.9,568.7,,,
20/01/2006,554,558.9,563.8,,,
23/01/2006,558.7,563.7,568.5,,,
24/01/2006,558.1,563.1,568,,,
25/01/2006,562.5,567.6,572.5,,,
26/01/2006,559.9,565,569.9,,,
27/01/2006,558.8,563.7,568.6,,,
30/01/2006,565.8,570.6,575.5,,,
31/01/2006,570.8,575.5,580.5,,,
1/02/2006,569.4,574,579,,,
2/02/2006,572.5,576.8,581.9,,,
3/02/2006,567.4,571.6,576.7,,,
6/02/2006,570.2,574.3,579.4,,,
7/02/2006,551,554.8,559.8,,,
8/02/2006,550.1,553.8,558.7,,,
9/02/2006,564.5,568.1,573.1,,,
10/02/2006,550.2,553.5,558.4,,,
13/02/2006,539,542.1,546.9,,,
14/02/2006,545.9,548.9,553.7,,,
15/02/2006,539.7,542.7,547.5,,,
16/02/2006,546,548.8,553.7,,,
17/02/2006,551.8,554.6,559.6,,,
21/02/2006,553.9,556.6,561.7,,,
22/02/2006,553.9,556.6,561.7,,,
23/02/2006,548.4,550.9,556,,,
24/02/2006,558.8,561.2,566.3,,,
27/02/2006,557,562.2,567.2,,,
28/02/2006,563.9,569.1,574.2,,,
1/03/2006,565.8,571.1,576.2,,,
2/03/2006,570.4,575.7,580.9,,,
3/03/2006,568,573.3,578.5,,,
6/03/2006,556.8,562,567.2,,,
7/03/2006,554.5,559.7,564.8,,,
8/03/2006,544.3,549.5,554.5,,,
9/03/2006,547,552.2,557.3,,,
10/03/2006,541.3,546.5,551.5,,,
13/03/2006,547.5,552.7,557.7,,,
14/03/2006,553,558.2,563.2,,,
15/03/2006,554.4,559.5,564.5,,,
16/03/2006,555.4,560.5,565.5,,,
17/03/2006,555.1,560.2,565.2,,,
20/03/2006,556.1,561.2,566.2,,,
21/03/2006,553.2,558.2,563.2,,,
22/03/2006,551.7,556.7,561.7,,,
23/03/2006,550.8,555.7,560.7,,,
24/03/2006,560.5,565.5,570.6,,,
27/03/2006,567.4,572.6,577.8,,,
28/03/2006,567,572.2,577.4,,,
29/03/2006,573.3,578.6,583.8,,,
30/03/2006,586.7,591.8,597.1,,,
31/03/2006,581.8,586.7,592.1,,,
3/04/2006,589.4,594.3,599.8,,,
4/04/2006,586,590.6,596.1,,,
5/04/2006,587.9,592.5,598,,,
6/04/2006,595.2,599.7,605.2,,,
7/04/2006,588.4,592.7,598.2,,,
10/04/2006,597.6,601.8,607.5,,,
11/04/2006,595.2,599.4,605.1,,,
12/04/2006,597.5,601.3,607,,,
13/04/2006,596.5,600.1,605.9,,,
17/04/2006,615.4,618.8,624.8,,,
18/04/2006,620,623.3,629.3,,,
19/04/2006,632.6,636,642.1,,,
20/04/2006,619.8,623.1,629,,,
21/04/2006,632.2,635.5,641.6,,,
24/04/2006,620.6,623.9,630,,,
25/04/2006,631,634.2,640.3,,,
26/04/2006,638.8,642,648.2,,,
27/04/2006,636.3,642.5,648.6,,,
28/04/2006,654.5,660.9,667.3,,,
1/05/2006,660.2,666.7,673.3,,,
2/05/2006,667.4,674,680.8,,,
3/05/2006,668.5,675.2,682,,,
4/05/2006,676.5,683.1,689.7,,,
5/05/2006,684.3,691,697.6,,,
8/05/2006,679.9,686.6,693.2,,,
9/05/2006,701.5,708.3,715.1,,,
10/05/2006,705.7,712.6,719.4,,,
11/05/2006,721.5,728.6,735.7,,,
12/05/2006,711.8,719,726,,,
15/05/2006,685,691.9,698.7,,,
16/05/2006,692.9,699.8,706.6,,,
17/05/2006,691.8,698.8,705.7,,,
18/05/2006,680.9,687.8,694.6,,,
19/05/2006,657.5,664.2,670.8,,,
22/05/2006,657.7,664.3,670.9,,,
23/05/2006,673.7,680.4,687.3,,,
24/05/2006,637.5,644.1,650.7,,,
25/05/2006,648.5,654.9,661.4,,,
26/05/2006,651,657.4,663.8,,,
30/05/2006,653.9,660.5,667.2,,,
31/05/2006,642.5,649,655.6,,,
1/06/2006,627.6,633.5,640,,,
2/06/2006,635.5,641,647.4,,,
5/06/2006,643.2,648.7,655.2,,,
6/06/2006,629.4,634.7,641,,,
7/06/2006,627.4,632.6,638.9,,,
8/06/2006,609.1,613.8,620,,,
9/06/2006,608.2,612.8,619,,,
12/06/2006,606.8,611.3,617.5,,,
13/06/2006,562.5,566.8,572.4,,,
14/06/2006,562.3,566.5,572.2,,,
15/06/2006,566.5,570.3,576.2,,,
16/06/2006,578,581.7,587.7,,,
19/06/2006,568.8,572.4,578.3,,,
20/06/2006,576.9,580.5,586.4,,,
21/06/2006,587.5,591,597,,,
22/06/2006,582.2,585.4,591.5,,,
23/06/2006,584.8,588,594.1,,,
26/06/2006,584.8,587.7,593.8,,,
27/06/2006,581.6,584.4,590.6,,,
28/06/2006,578.3,581,587.2,,,
29/06/2006,588.9,595.2,601.3,,,
30/06/2006,616,622.6,628.9,,,
3/07/2006,616,622.6,628.9,,,
5/07/2006,629.7,636.5,643,,,
6/07/2006,636.3,643.1,649.6,,,
7/07/2006,634.8,641.6,648.1,,,
10/07/2006,626.1,632.9,639.4,,,
11/07/2006,643.1,649.9,656.4,,,
12/07/2006,651.2,658.1,664.7,,,
13/07/2006,654.4,661.4,668,,,
14/07/2006,668,675,681.7,,,
17/07/2006,651.9,658.8,665.4,,,
18/07/2006,629.5,636.2,642.7,,,
19/07/2006,642.8,649.5,656,,,
20/07/2006,632.5,639.1,645.6,,,
21/07/2006,620.2,626.7,633.1,,,
24/07/2006,613.2,619.6,625.8,,,
25/07/2006,618,624.4,630.7,,,
26/07/2006,621.9,628.4,634.7,,,
27/07/2006,632.5,639.1,645.5,,,
28/07/2006,634.8,641.4,647.8,,,
31/07/2006,634.2,640.4,646.8,,,
1/08/2006,646.3,652.4,658.8,,,
2/08/2006,651.6,657.6,664.1,,,
3/08/2006,644.9,650.5,657,,,
4/08/2006,644,649.6,656,,,
7/08/2006,647.8,653.1,659.5,,,
8/08/2006,645.7,650.9,657.3,,,
9/08/2006,650.5,655.5,662,,,
10/08/2006,634.9,639.7,646,,,
11/08/2006,633.5,638.1,644.4,,,
14/08/2006,628.5,633.1,639.3,,,
15/08/2006,622.5,626.8,632.9,,,
16/08/2006,628.7,632.9,639,,,
17/08/2006,615.4,619.3,625.3,,,
18/08/2006,612.1,615.8,621.7,,,
21/08/2006,625.7,629.2,635.2,,,
22/08/2006,624.6,628,634,,,
23/08/2006,623.7,627,633,,,
24/08/2006,619.5,622.6,628.5,,,
25/08/2006,622,624.9,630.8,,,
28/08/2006,615.3,618,623.9,,,
29/08/2006,610.7,613.2,619.1,,,
30/08/2006,620.2,626.1,632.3,,,
31/08/2006,628.2,634.2,640.4,,,
1/09/2006,626.6,632.6,638.8,,,
5/09/2006,640.7,646.9,653.2,,,
6/09/2006,635.6,641.8,648.2,,,
7/09/2006,618.9,624.9,631.1,,,
8/09/2006,611.4,617.3,623.4,,,
11/09/2006,591.6,597.3,603.2,,,
12/09/2006,588.5,594.3,600.2,,,
13/09/2006,590.5,596.3,602.2,,,
14/09/2006,580.4,586,591.8,,,
15/09/2006,577.5,583,588.8,,,
18/09/2006,587.2,592.8,598.7,,,
19/09/2006,577.7,583.2,589,,,
20/09/2006,580.8,586.2,592,,,
21/09/2006,582.9,588.3,594.1,,,
22/09/2006,590,595.4,601.2,,,
25/09/2006,590.4,595.9,601.7,,,
26/09/2006,591.6,597.1,602.9,,,
27/09/2006,597.6,603.3,609.2,,,
28/09/2006,605,610.9,616.9,,,
29/09/2006,598.6,604.2,610.1,,,
2/10/2006,597.7,603.3,609.2,,,
3/10/2006,576.3,581.5,587.2,,,
4/10/2006,562,566.7,572.2,,,
5/10/2006,571,575.5,581.1,,,
6/10/2006,572.4,576.8,582.4,,,
9/10/2006,578.4,582.8,588.5,,,
10/10/2006,571.9,576.2,581.9,,,
11/10/2006,572.3,576.5,582.3,,,
12/10/2006,576.3,580.3,586.1,,,
13/10/2006,588.8,592.7,598.6,,,
16/10/2006,594.7,598.5,604.4,,,
17/10/2006,589.7,593.5,599.4,,,
18/10/2006,588.9,592.6,598.5,,,
19/10/2006,599,602.5,608.5,,,
20/10/2006,593,596.4,602.4,,,
23/10/2006,579.7,582.9,588.8,,,
24/10/2006,584.4,587.6,593.5,,,
25/10/2006,587.6,590.8,596.7,,,
26/10/2006,596.8,599.8,605.7,,,
27/10/2006,598.2,601,607,,,
30/10/2006,607.4,613.5,619.4,,,
31/10/2006,606.8,612.9,618.7,,,
1/11/2006,619.3,625.5,631.4,,,
2/11/2006,627.8,634.1,640.2,,,
3/11/2006,629.2,635.5,641.8,,,
6/11/2006,627.9,634.3,640.6,,,
7/11/2006,627.7,634,640.3,,,
8/11/2006,618.3,624.5,630.6,,,
9/11/2006,636.8,643.1,649.3,,,
10/11/2006,630.1,636.4,642.6,,,
13/11/2006,625.8,632.1,638.3,,,
14/11/2006,625.3,631.6,637.7,,,
15/11/2006,623.8,630,636.1,,,
16/11/2006,621.7,627.9,634,,,
17/11/2006,622.5,628.7,634.8,,,
20/11/2006,622.1,628.4,634.5,,,
21/11/2006,628.7,635.1,641.2,,,
22/11/2006,629,635.4,641.5,,,
24/11/2006,629,635.4,641.5,,,
27/11/2006,640.6,647.1,653.4,,,
28/11/2006,637.3,643.7,649.9,,,
29/11/2006,635.5,641.8,648,,,
30/11/2006,646.9,652.9,659.2,,,
1/12/2006,644.7,650.6,656.9,,,
4/12/2006,645.2,650.9,657.2,,,
5/12/2006,642.3,647.9,654.2,,,
6/12/2006,630.5,635.9,642.1,,,
7/12/2006,631.9,637,643.2,,,
8/12/2006,626.1,631,637.3,,,
11/12/2006,630,634.8,641,,,
12/12/2006,627,631.7,637.9,,,
13/12/2006,627.9,632.4,638.6,,,
14/12/2006,626.6,630.9,637.1,,,
15/12/2006,615,619.1,625.2,,,
18/12/2006,614,617.9,624,,,
19/12/2006,621.6,625.4,631.6,,,
20/12/2006,620.6,624.3,630.5,,,
21/12/2006,618.2,621.6,627.8,,,
22/12/2006,619.1,622.3,628.5,,,
26/12/2006,623.7,626.9,633.1,,,
27/12/2006,627.2,630.3,636.6,,,
28/12/2006,636.9,643.2,649.3,,,
29/12/2006,638,644.3,650.4,,,
2/01/2007,638,644.3,650.4,,,
3/01/2007,629.8,636,642,,,
4/01/2007,626.2,632.3,638.3,,,
5/01/2007,606.9,612.9,618.2,,,
8/01/2007,609.4,615.4,621.2,,,
9/01/2007,615,621,626.9,,,
10/01/2007,613.4,619.4,625.3,,,
11/01/2007,613.9,620,625.9,,,
12/01/2007,626.9,633,639.1,,,
16/01/2007,625.9,632,638.1,,,
17/01/2007,633.3,639.4,645.6,,,
18/01/2007,628.1,634.2,640.4,,,
19/01/2007,636.1,642.6,648.8,,,
22/01/2007,634.1,640.3,646.5,,,
23/01/2007,645.9,652.2,658.5,,,
24/01/2007,648.2,654.5,660.8,,,
25/01/2007,648.1,654.4,660.7,,,
26/01/2007,644.7,650.7,657.3,,,
29/01/2007,643.2,649.1,655.3,,,
30/01/2007,644.2,650.2,656.4,,,
31/01/2007,652,657.9,664.2,,,
1/02/2007,657.4,663,669.3,,,
2/02/2007,646.2,651.5,657.7,,,
5/02/2007,650.9,656.1,662.4,,,
6/02/2007,653.6,658.7,665,,,
7/02/2007,652.3,657.3,663.6,,,
8/02/2007,658,662.8,669.1,,,
9/02/2007,667.5,672.3,679.1,,,
12/02/2007,662.6,667.3,673.7,,,
13/02/2007,663.9,668.5,674.9,,,
14/02/2007,667.4,672,678.4,,,
15/02/2007,667.3,671.4,677.8,,,
16/02/2007,668.8,672.8,679.4,,,
20/02/2007,657.1,661,667.3,,,
21/02/2007,680.2,684,690.4,,,
22/02/2007,679.4,683,689.4,,,
23/02/2007,682,686.7,692.7,,,
26/02/2007,686.5,689.8,696.3,,,
27/02/2007,687.2,693.7,700.1,,,
28/02/2007,672.5,678.8,685,,,
1/03/2007,665.1,671.4,677.5,,,
2/03/2007,644.4,651.1,656.9,,,
5/03/2007,639.2,645.3,651.2,,,
6/03/2007,646.2,652.4,658.4,,,
7/03/2007,652.9,659.2,665.3,,,
8/03/2007,655.5,661.8,667.9,,,
9/03/2007,652,658.4,664.6,,,
12/03/2007,650.3,656.6,662.8,,,
13/03/2007,649.4,655.7,661.8,,,
14/03/2007,642.5,648.7,654.7,,,
15/03/2007,647.1,653.3,659.5,,,
16/03/2007,653.9,660.2,666.5,,,
19/03/2007,654.3,660.5,666.8,,,
20/03/2007,659,665.3,671.5,,,
21/03/2007,660,666.3,672.6,,,
22/03/2007,664.2,670.5,676.7,,,
23/03/2007,657.3,663.5,669.7,,,
26/03/2007,663.9,670.2,676.4,,,
27/03/2007,662.5,668.8,675,,,
28/03/2007,666.8,672.9,679.1,,,
29/03/2007,661.5,667.6,673.8,,,
30/03/2007,663,669,675.2,,,
2/04/2007,665.7,671.5,677.7,,,
3/04/2007,664,669.7,676,,,
4/04/2007,672.1,677.4,683.7,,,
5/04/2007,674.2,679.4,685.8,,,
9/04/2007,671.9,676.9,683.3,,,
10/04/2007,676.5,681.5,687.9,,,
11/04/2007,676.8,681.7,688.1,,,
12/04/2007,675.1,679.7,686.1,,,
13/04/2007,685.4,689.9,696.3,,,
16/04/2007,690.1,694.5,701,,,
17/04/2007,688.2,692.5,699,,,
18/04/2007,689.1,693.3,699.8,,,
19/04/2007,684.3,688.3,694.7,,,
20/04/2007,692,695.8,702.3,,,
23/04/2007,690.6,694.2,700.7,,,
24/04/2007,684.2,687.7,694.1,,,
25/04/2007,684.1,687.4,693.8,,,
26/04/2007,674.9,678,684.4,,,
27/04/2007,681.8,688.2,694.5,,,
30/04/2007,683.5,689.9,696.2,,,
1/05/2007,677.3,683.7,689.9,,,
2/05/2007,675.1,681.5,687.7,,,
3/05/2007,684.4,690.8,697.1,,,
4/05/2007,689.7,696.1,702.5,,,
7/05/2007,690.4,696.9,703.3,,,
8/05/2007,687.4,693.9,700.2,,,
9/05/2007,682.5,689,695.2,,,
10/05/2007,667,673.4,679.6,,,
11/05/2007,672.3,678.7,685,,,
14/05/2007,670.1,676.5,682.8,,,
15/05/2007,674.5,680.8,687.1,,,
16/05/2007,661.5,667.7,673.9,,,
17/05/2007,657.2,663.4,669.6,,,
18/05/2007,662,668.2,674.4,,,
21/05/2007,663.8,670,676.2,,,
22/05/2007,659.9,666.1,672.3,,,
23/05/2007,662.6,668.8,675,,,
24/05/2007,653.3,659.4,665.5,,,
25/05/2007,655.3,661.4,667.6,,,
29/05/2007,657.2,663.4,669.6,,,
30/05/2007,652.5,659.3,665.4,,,
31/05/2007,661,666.7,672.9,,,
1/06/2007,671.2,676.9,683.2,,,
4/06/2007,670.7,676.3,682.6,,,
5/06/2007,669.6,675.1,681.4,,,
6/06/2007,669.3,674.6,680.9,,,
7/06/2007,660.1,665.2,671.4,,,
8/06/2007,645.5,650.3,656.4,,,
11/06/2007,654.3,659,665.2,,,
12/06/2007,648.5,653.1,659.2,,,
13/06/2007,648.2,652.7,658.8,,,
14/06/2007,651.6,655.9,662,,,
15/06/2007,654.5,658.7,664.9,,,
18/06/2007,655.8,659.9,666.1,,,
19/06/2007,660.7,664.7,670.9,,,
20/06/2007,656.1,660,666.2,,,
21/06/2007,650.6,654.2,660.3,,,
22/06/2007,653.5,657,663.1,,,
25/06/2007,651.3,654.7,660.8,,,
26/06/2007,642.1,645.3,651.4,,,
27/06/2007,641.7,644.8,650.8,,,
28/06/2007,650.4,656.5,662.7,,,
29/06/2007,650.9,657,663.2,,,
2/07/2007,659.2,665.4,671.6,,,
3/07/2007,655.4,661.6,667.8,,,
5/07/2007,650.6,656.7,662.9,,,
6/07/2007,654.8,661,667.2,,,
9/07/2007,662.5,668.7,675,,,
10/07/2007,664.4,670.7,677,,,
11/07/2007,662.1,668.4,674.7,,,
12/07/2007,668.3,674.5,680.9,,,
13/07/2007,667.3,673.6,680,,,
16/07/2007,666.3,672.6,679,,,
17/07/2007,665.9,672.2,678.6,,,
18/07/2007,673.7,680,686.4,,,
19/07/2007,678.1,684.4,690.9,,,
20/07/2007,684.7,691,697.5,,,
23/07/2007,681.5,687.8,694.3,,,
24/07/2007,684.8,691.1,697.7,,,
25/07/2007,673.8,680.1,686.5,,,
26/07/2007,662.8,668.9,675.1,,,
27/07/2007,660.1,666.2,672.3,,,
30/07/2007,664.1,670.3,676.6,,,
31/07/2007,666.9,673,679.3,,,
1/08/2007,663.6,669.6,675.9,,,
2/08/2007,664.6,670.3,676.6,,,
3/08/2007,672.5,678.1,684.4,,,
6/08/2007,671.5,677,683.3,,,
7/08/2007,670.6,676,682.3,,,
8/08/2007,674.5,679.9,686.3,,,
9/08/2007,661.4,666.5,672.8,,,
10/08/2007,670.3,675.3,681.6,,,
13/08/2007,669.7,674.6,680.9,,,
14/08/2007,668.6,673.4,679.7,,,
15/08/2007,668.9,673.4,679.7,,,
16/08/2007,648.3,652.2,658,,,
17/08/2007,656.9,660.9,666.8,,,
20/08/2007,656.7,660.6,666.5,,,
21/08/2007,656.7,660.5,666.2,,,
22/08/2007,659.1,662.9,668.7,,,
23/08/2007,658.9,662.5,668.4,,,
24/08/2007,668,671.5,677.5,,,
27/08/2007,666.8,670.2,676.2,,,
28/08/2007,664.4,667.6,673.5,,,
29/08/2007,666.3,669.5,675.4,,,
30/08/2007,668,673.9,679.7,,,
31/08/2007,675.8,681.9,687.8,,,
4/09/2007,685.2,691.5,697.5,,,
5/09/2007,684.3,690.7,696.7,,,
6/09/2007,698.1,704.6,710.7,,,
7/09/2007,703.2,709.7,715.7,,,
10/09/2007,705.6,712.2,718.2,,,
11/09/2007,714.4,721.1,727.2,,,
12/09/2007,714,720.7,726.9,,,
13/09/2007,711.2,717.9,724.1,,,
14/09/2007,711.1,717.8,724,,,
17/09/2007,717.1,723.8,730,,,
18/09/2007,717,723.7,729.9,,,
19/09/2007,723,729.5,735.5,,,
20/09/2007,733.2,739.9,746,,,
21/09/2007,732.1,738.9,745.1,,,
24/09/2007,732.5,739.3,745.5,,,
25/09/2007,732,738.8,745,,,
26/09/2007,728.6,735.5,741.6,,,
27/09/2007,732.7,739.9,746,,,
28/09/2007,742.8,750,756.3,,,
1/10/2007,747.2,754.1,760.4,,,
2/10/2007,729.8,736.3,742.5,,,
3/10/2007,729.3,735.7,742,,,
4/10/2007,737.8,743.8,750.1,,,
5/10/2007,741.3,747.2,753.6,,,
8/10/2007,732.8,738.7,745,,,
9/10/2007,737.4,743.1,749.4,,,
10/10/2007,740.4,746,752.4,,,
11/10/2007,751.3,756.7,763.2,,,
12/10/2007,748.7,753.8,760.3,,,
15/10/2007,757.9,762.2,771.2,,,
16/10/2007,760.2,762,768.6,,,
17/10/2007,757.5,762.3,768.8,,,
18/10/2007,764.1,768.7,775.2,,,
19/10/2007,764,768.4,774.8,,,
22/10/2007,755.8,760,766.3,,,
23/10/2007,759,763.1,769.4,,,
24/10/2007,761.6,765.6,771.8,,,
25/10/2007,767.3,771,777.3,,,
26/10/2007,783.9,787.5,793.9,,,
29/10/2007,789.1,792.6,799.1,,,
30/10/2007,787.8,794.3,800.3,,,
31/10/2007,795.3,801.8,807.9,,,
1/11/2007,793.7,800.3,806.4,,,
2/11/2007,808.5,815.2,821.4,,,
5/11/2007,810.8,817.6,823.9,,,
6/11/2007,823.4,830.4,836.8,,,
7/11/2007,833.5,840.6,847.1,,,
8/11/2007,837.5,844.6,850.9,,,
9/11/2007,834.7,841.9,848.2,,,
12/11/2007,807.7,814.7,820.7,,,
13/11/2007,799,805.8,811.9,,,
14/11/2007,814.7,821.8,828.1,,,
15/11/2007,787.3,795.7,801.5,,,
16/11/2007,787,793.8,799.9,,,
19/11/2007,778,784.8,790.9,,,
20/11/2007,791.4,798.4,804.7,,,
21/11/2007,798.6,805.6,811.6,,,
23/11/2007,824.7,831.8,838,,,
26/11/2007,826.5,833.7,840,,,
27/11/2007,814,821.2,827.4,,,
28/11/2007,800.3,807.3,813.5,,,
29/11/2007,795.3,802.3,808.5,,,
30/11/2007,782.2,789.1,795.2,,,
3/12/2007,788.3,794.7,800.8,,,
4/12/2007,801.3,807.6,813.8,,,
5/12/2007,797.5,803.7,809.9,,,
6/12/2007,801.2,807.1,813.3,,,
7/12/2007,794.4,800.2,806.5,,,
10/12/2007,807.7,813.5,819.9,,,
11/12/2007,811.4,817.1,823.4,,,
12/12/2007,813.5,818.8,825.2,,,
13/12/2007,799,804,810.3,,,
14/12/2007,793.3,798,804.3,,,
17/12/2007,794.8,799.3,805.6,,,
18/12/2007,803,807.4,813.7,,,
19/12/2007,801.1,805.4,811.7,,,
20/12/2007,799.2,803.2,809.4,,,
21/12/2007,811.6,815.4,821.7,,,
24/12/2007,812.8,816.5,822.9,,,
26/12/2007,826,829.5,836,,,
27/12/2007,828.6,831.8,838.3,,,
28/12/2007,842.7,849.3,855.3,,,
31/12/2007,838,844.5,850.4,,,
2/01/2008,860,866.8,872.8,,,
3/01/2008,869.1,876,882.1,,,
4/01/2008,865.7,872.5,878.4,,,
7/01/2008,862,868.8,874.7,,,
8/01/2008,880.3,887.2,893.2,,,
9/01/2008,881.7,888.6,894.4,,,
10/01/2008,893.6,900.4,906.4,,,
11/01/2008,897.7,904.4,910.2,,,
14/01/2008,903.4,910,915.6,,,
15/01/2008,902.6,909.2,914.9,,,
16/01/2008,882,888.2,893.6,,,
17/01/2008,880.5,886.6,892,,,
18/01/2008,881.7,887.7,893,,,
22/01/2008,890.3,895.8,900.5,,,
23/01/2008,883.1,888.1,892.2,,,
24/01/2008,905.8,911.2,915.7,,,
25/01/2008,910.7,916.2,920.7,,,
28/01/2008,927.1,932.8,937.4,,,
29/01/2008,925.1,930.8,935.6,,,
30/01/2008,920.6,926.3,931.1,,,
31/01/2008,922.7,928,932.5,,,
1/02/2008,908.7,913.5,917.9,,,
4/02/2008,904.9,909.4,913.9,,,
5/02/2008,885.9,890.3,894.7,,,
6/02/2008,900.7,905,909.4,,,
7/02/2008,906.1,910,914.4,,,
8/02/2008,918.4,922.3,926.8,,,
11/02/2008,922.9,926.7,931.2,,,
12/02/2008,907.4,911.1,915.6,,,
13/02/2008,906.5,910.2,914.7,,,
14/02/2008,907.4,910.8,915.4,,,
15/02/2008,902.8,906.1,910.7,,,
19/02/2008,926.6,929.8,934.7,,,
20/02/2008,934.6,937.8,942.7,,,
21/02/2008,946.1,949.2,954.1,,,
22/02/2008,944.7,947.8,952.6,,,
25/02/2008,937.6,940.5,945.4,,,
26/02/2008,946.1,948.9,953.8,,,
27/02/2008,958.2,961,966,,,
28/02/2008,967.5,972.6,976.7,,,
29/02/2008,975,980,984,,,
3/03/2008,984.2,989.2,993.2,,,
4/03/2008,966.3,971.2,975.1,,,
5/03/2008,988.5,993.6,997.8,,,
6/03/2008,977.1,982.1,986.2,,,
7/03/2008,974.2,979.1,983.1,,,
10/03/2008,971.8,976.6,980.5,,,
11/03/2008,976,980.9,985,,,
12/03/2008,980.5,985.3,989.4,,,
13/03/2008,993.8,998.7,1002.8,,,
14/03/2008,999.5,1004.3,1008.2,,,
17/03/2008,1002.6,1007.1,1010.7,,,
18/03/2008,1004.3,1008.8,1012.5,,,
19/03/2008,945.3,949.7,953.4,,,
20/03/2008,920,924.3,928,,,
24/03/2008,918.7,923.2,927.2,,,
25/03/2008,935,939.7,943.7,,,
26/03/2008,949.2,954.2,958.3,,,
27/03/2008,948.8,954,958.2,,,
28/03/2008,930.6,936.5,940.6,,,
31/03/2008,916.2,921.5,925.5,,,
1/04/2008,882.9,887.8,891.8,,,
2/04/2008,895.2,900.2,904.3,,,
3/04/2008,905,909.6,913.8,,,
4/04/2008,909,913.2,917.3,,,
7/04/2008,922.7,926.8,931,,,
8/04/2008,914,918,922.1,,,
9/04/2008,933.6,937.5,941.6,,,
10/04/2008,928.3,931.8,935.9,,,
11/04/2008,923.6,927,931.1,,,
14/04/2008,925.4,928.7,932.9,,,
15/04/2008,928.7,932,936.3,,,
16/04/2008,945.1,948.3,952.8,,,
17/04/2008,939.8,942.9,947.7,,,
18/04/2008,912.2,915.2,920,,,
21/04/2008,914.7,917.6,922.4,,,
22/04/2008,922.3,925.2,930,,,
23/04/2008,906.2,909,913.7,,,
24/04/2008,886.8,889.4,894,,,
25/04/2008,887.2,889.7,894.3,,,
28/04/2008,892.9,895.5,900.1,,,
29/04/2008,876.8,881.1,885.2,,,
30/04/2008,865.1,869.4,873.4,,,
1/05/2008,850.9,855,858.9,,,
2/05/2008,858,862.1,866,,,
5/05/2008,874.1,878.4,882.4,,,
6/05/2008,877.7,882,886,,,
7/05/2008,871.2,875.4,879.3,,,
8/05/2008,882.1,886.2,890,,,
9/05/2008,885.8,890,893.8,,,
12/05/2008,884.9,889.1,892.9,,,
13/05/2008,869.6,873.9,877.9,,,
14/05/2008,866.5,870.8,874.8,,,
15/05/2008,880,884.1,888.1,,,
16/05/2008,899.9,904.1,908,,,
19/05/2008,905.8,910.2,914.1,,,
20/05/2008,920.2,924.6,928.6,,,
21/05/2008,928.6,933.2,937.2,,,
22/05/2008,918.3,923,927.1,,,
23/05/2008,925.8,930.6,934.7,,,
27/05/2008,907.9,912.8,917,,,
28/05/2008,900.5,905,909.4,,,
29/05/2008,877.2,881.7,886.1,,,
30/05/2008,887.3,891.5,895.8,,,
2/06/2008,892.9,897,901.3,,,
3/06/2008,881.6,885.5,889.7,,,
4/06/2008,879.9,883.8,888,,,
5/06/2008,871.8,875.5,879.8,,,
6/06/2008,895.4,899,903.4,,,
9/06/2008,894.7,898.1,902.7,,,
10/06/2008,867.9,871.2,875.8,,,
11/06/2008,879.7,882.9,887.5,,,
12/06/2008,869.2,872,876.6,,,
13/06/2008,870.3,873.1,877.8,,,
16/06/2008,883.6,886.3,891.1,,,
17/06/2008,884.3,886.9,891.7,,,
18/06/2008,890.9,893.5,898.2,,,
19/06/2008,901.7,904.2,909,,,
20/06/2008,901.3,903.7,908.4,,,
23/06/2008,884.8,887.2,891.9,,,
24/06/2008,889.2,891.6,896.3,,,
25/06/2008,880,882.3,887,,,
26/06/2008,913.1,915.1,919.7,,,
27/06/2008,931.3,936,940.7,,,
30/06/2008,928.3,933,937.7,,,
1/07/2008,944.5,949.3,954.1,,,
2/07/2008,946.5,951.4,956.2,,,
3/07/2008,933.6,938.5,943.3,,,
7/07/2008,928.8,933.7,938.4,,,
8/07/2008,923.3,928.2,932.9,,,
9/07/2008,928.6,933.6,938.5,,,
10/07/2008,942,947,952.1,,,
11/07/2008,960.6,965.8,971,,,
14/07/2008,973.7,978.9,984.1,,,
15/07/2008,978.7,983.9,989,,,
16/07/2008,962.7,967.8,972.9,,,
17/07/2008,970.7,975.9,981,,,
18/07/2008,958,963.1,968.3,,,
21/07/2008,963.7,968.9,974.1,,,
22/07/2008,948.5,953.6,958.7,,,
23/07/2008,922.8,927.8,932.9,,,
24/07/2008,922.3,927.3,932.3,,,
25/07/2008,926.8,931.8,936.9,,,
28/07/2008,927.7,932.7,937.8,,,
29/07/2008,916.5,921.3,926.4,,,
30/07/2008,902.9,907.3,912.3,,,
31/07/2008,913.9,918,922.7,,,
1/08/2008,909,912.9,917.5,,,
4/08/2008,900.1,903.5,907.9,,,
5/08/2008,878.6,881.8,886.1,,,
6/08/2008,875.6,878.8,883,,,
7/08/2008,870.7,873.8,877.9,,,
8/08/2008,857.8,860.7,864.8,,,
11/08/2008,821.5,824.3,828.3,,,
12/08/2008,808.2,810.8,814.6,,,
13/08/2008,825,827.6,831.5,,,
14/08/2008,808.2,810.7,814.5,,,
15/08/2008,786,788.4,792.1,,,
18/08/2008,799.7,801.8,805.7,,,
19/08/2008,811.1,813,816.8,,,
20/08/2008,810.3,812.4,816.3,,,
21/08/2008,833,835,839,,,
22/08/2008,827.4,829.5,833.5,,,
25/08/2008,819.8,821.7,825.7,,,
26/08/2008,822.2,824.2,828.1,,,
27/08/2008,828.1,830.1,834,,,
28/08/2008,833.3,837.2,841.6,,,
29/08/2008,831.2,835.2,839.6,,,
2/09/2008,806.6,810.5,814.7,,,
3/09/2008,804.3,808.2,812.3,,,
4/09/2008,799.3,803.2,807.3,,,
5/09/2008,798.8,802.8,806.8,,,
8/09/2008,798.5,802.5,806.5,,,
9/09/2008,788.1,792,795.9,,,
10/09/2008,758.9,762.5,766.2,,,
11/09/2008,742.1,745.5,749.1,,,
12/09/2008,761,764.5,768.2,,,
15/09/2008,783.8,787,790.5,,,
16/09/2008,777.1,780.5,784,,,
17/09/2008,847.1,850.5,854.3,,,
18/09/2008,893.2,897,901,,,
19/09/2008,861,864.7,868.7,,,
22/09/2008,904.3,909,913.7,,,
23/09/2008,885.9,891.2,896.1,,,
24/09/2008,889.4,895,900.3,,,
25/09/2008,878,882,887.1,,,
26/09/2008,882.9,888.5,893.6,,,
29/09/2008,888.2,894.4,899.3,,,
30/09/2008,874.2,880.8,886,,,
1/10/2008,880.7,887.3,892.6,,,
2/10/2008,839,844.3,848.9,,,
3/10/2008,828.9,833.2,837.4,,,
6/10/2008,862.7,866.2,870.1,,,
7/10/2008,878.4,882,885.8,,,
8/10/2008,903.1,906.5,910.5,,,
9/10/2008,883.1,886.5,890.2,,,
10/10/2008,855.4,859,862.6,,,
13/10/2008,838.9,842.5,846,,,
14/10/2008,836.3,839.5,842.8,,,
15/10/2008,835.5,839,842.5,,,
16/10/2008,801.5,804.5,807.9,,,
17/10/2008,785.1,787.7,790.9,,,
20/10/2008,787.6,790,793,,,
21/10/2008,766.1,768,770.9,,,
22/10/2008,733.3,735.2,737.2,,,
23/10/2008,713.3,714.7,716.9,,,
24/10/2008,729.1,730.3,732.5,,,
27/10/2008,741.7,742.9,745.2,,,
28/10/2008,739.3,740.5,742.6,,,
29/10/2008,752.8,754,756,,,
30/10/2008,738.5,739.9,741.7,,,
31/10/2008,718.2,719.6,721.4,,,
3/11/2008,726.8,728.2,730.2,,,
4/11/2008,757.3,758.8,760.8,,,
5/11/2008,742.4,744,745.9,,,
6/11/2008,732.2,733.9,735.8,,,
7/11/2008,734.2,736.5,738.6,,,
10/11/2008,746.5,748.7,750.7,,,
11/11/2008,732.8,734.7,736.5,,,
12/11/2008,718.3,720,721.6,,,
13/11/2008,705,706.4,707.9,,,
14/11/2008,742.5,744.3,746,,,
17/11/2008,742,743.6,745.2,,,
18/11/2008,732.7,733.6,734.9,,,
19/11/2008,736,736.5,737.6,,,
20/11/2008,748.7,749.4,750.4,,,
21/11/2008,791.8,792.4,793.4,,,
24/11/2008,819.5,820.4,821.6,,,
25/11/2008,818.5,820.5,821.7,,,
26/11/2008,808.5,811.3,812.5,,,
28/11/2008,816.2,819,820.3,,,
1/12/2008,774.6,776.8,778,,,
2/12/2008,781.3,783.3,784.5,,,
3/12/2008,768.8,770.5,771.8,,,
4/12/2008,763.8,765.5,766.9,,,
5/12/2008,750.5,752.2,753.7,,,
8/12/2008,767.4,769.3,771.1,,,
9/12/2008,772.4,774.2,775.9,,,
10/12/2008,807.1,808.8,810.5,,,
11/12/2008,824.9,826.6,828.2,,,
12/12/2008,818.9,820.5,822,,,
15/12/2008,835.4,836.5,837.9,,,
16/12/2008,841.7,842.7,844,,,
17/12/2008,867.5,868.5,869.4,,,
18/12/2008,859.6,860.6,861.4,,,
19/12/2008,836.4,837.4,838.2,,,
22/12/2008,846.2,847.2,848.2,,,
23/12/2008,837.2,838.1,839,,,
24/12/2008,847.1,848,849,,,
26/12/2008,870.4,871.2,872.2,,,
29/12/2008,874.6,875.3,876.3,,,
30/12/2008,870,870.9,871.8,,,
31/12/2008,884.3,885.3,886.2,,,
2/01/2009,879.5,880.5,881.5,,,
5/01/2009,857.8,858.8,859.7,,,
6/01/2009,866,867.2,868.4,,,
7/01/2009,841.7,843,844.2,,,
8/01/2009,854.5,855.9,857.2,,,
9/01/2009,855,856.5,857.7,,,
12/01/2009,821,822.4,823.5,,,
13/01/2009,820.7,822.2,823.3,,,
14/01/2009,808.8,810.2,811.4,,,
15/01/2009,807.3,809,810.3,,,
16/01/2009,839.9,841.6,842.9,,,
20/01/2009,855.2,856.8,858.1,,,
21/01/2009,850.1,851.7,853.1,,,
22/01/2009,858.8,860.5,862,,,
23/01/2009,895.8,897.7,899.5,,,
26/01/2009,908.8,910.7,912.5,,,
27/01/2009,899.5,901.4,903.2,,,
28/01/2009,888.2,890,891.7,,,
29/01/2009,905.1,906.5,908.2,,,
30/01/2009,927.3,928.4,930.2,,,
2/02/2009,906.7,907.2,909.1,,,
3/02/2009,892,892.5,894.3,,,
4/02/2009,901.6,902.2,904.1,,,
5/02/2009,913.6,914.2,916.2,,,
6/02/2009,913.9,914.3,916.2,,,
9/02/2009,892.4,892.8,894.6,,,
10/02/2009,913.7,914.2,916.1,,,
11/02/2009,943.8,944.5,946.5,,,
12/02/2009,948.5,949.2,951.2,,,
13/02/2009,941.5,942.2,944.2,,,
17/02/2009,967,967.5,969.6,,,
18/02/2009,977.7,978.2,980.4,,,
19/02/2009,976.1,976.5,978.7,,,
20/02/2009,1001.8,1002.2,1004.5,,,
23/02/2009,994.6,995,997.2,,,
24/02/2009,969.1,969.5,971.7,,,
25/02/2009,965.7,966.2,968.4,,,
26/02/2009,942.6,944.6,946.5,,,
27/02/2009,942.5,944.5,946.5,,,
2/03/2009,940,942,943.9,,,
3/03/2009,913.6,915.4,917.2,,,
4/03/2009,906.7,908.6,910.4,,,
5/03/2009,927.8,929.9,931.8,,,
6/03/2009,942.7,944.9,946.9,,,
9/03/2009,918,920.2,922.3,,,
10/03/2009,895.9,898,900,,,
11/03/2009,910.7,912.9,915,,,
12/03/2009,924,926.2,928.3,,,
13/03/2009,930.1,932.4,934.5,,,
16/03/2009,922,924.3,926.2,,,
17/03/2009,916.8,919.1,921.1,,,
18/03/2009,889.1,891.3,893.2,,,
19/03/2009,958.8,961,962.8,,,
20/03/2009,956.2,958.5,960.3,,,
23/03/2009,952.5,954.8,956.5,,,
24/03/2009,923.8,926,927.7,,,
25/03/2009,935.8,938,939.8,,,
26/03/2009,940,942.2,944.1,,,
27/03/2009,923.2,925.3,927.1,,,
30/03/2009,915.5,917.7,919.5,,,
31/03/2009,922.6,925,926.7,,,
1/04/2009,926.1,927.7,929.4,,,
2/04/2009,907.4,908.9,910.6,,,
3/04/2009,895.6,897.3,899,,,
6/04/2009,871.5,872.8,874.4,,,
7/04/2009,882.2,883.3,885.1,,,
8/04/2009,884.8,885.9,887.6,,,
9/04/2009,882.2,883.3,885,,,
13/04/2009,894.7,895.8,897.6,,,
14/04/2009,890.9,892,893.8,,,
15/04/2009,892.8,893.5,895.3,,,
16/04/2009,879.3,879.8,881.5,,,
17/04/2009,867.4,867.9,869.5,,,
20/04/2009,887,887.5,889.1,,,
21/04/2009,882.1,882.7,884.4,,,
22/04/2009,891.8,892.5,894.2,,,
23/04/2009,905.9,906.6,908.3,,,
24/04/2009,913.6,914.1,915.8,,,
27/04/2009,907.4,908.2,909.9,,,
28/04/2009,892.8,893.6,895.2,,,
29/04/2009,900.5,902.2,903.6,,,
30/04/2009,891.2,892.8,894.2,,,
1/05/2009,888.2,889.9,891.3,,,
4/05/2009,902.2,903.9,905.4,,,
5/05/2009,904.3,906.1,907.6,,,
6/05/2009,911,912.8,914.3,,,
7/05/2009,915.5,917.4,918.9,,,
8/05/2009,914.9,916.7,918.2,,,
11/05/2009,913.5,915.4,916.9,,,
12/05/2009,923.9,925.9,927.5,,,
13/05/2009,925.9,927.9,929.5,,,
14/05/2009,928.4,930.3,931.9,,,
15/05/2009,931.3,933.1,934.6,,,
18/05/2009,921.7,923.5,924.8,,,
19/05/2009,926.7,928.5,929.7,,,
20/05/2009,937.4,939.2,940.3,,,
21/05/2009,951.2,952.8,954,,,
22/05/2009,958.9,960.5,961.8,,,
26/05/2009,953.3,955.1,956.4,,,
27/05/2009,953.3,955.2,956.6,,,
28/05/2009,961.5,963.2,964.6,,,
29/05/2009,978.8,980.3,981.7,,,
1/06/2009,978.6,980,981.4,,,
2/06/2009,983.2,984.4,985.8,,,
3/06/2009,964.5,965.6,966.9,,,
4/06/2009,981.2,982.3,983.6,,,
5/06/2009,961.7,962.6,964,,,
8/06/2009,951.7,952.5,953.9,,,
9/06/2009,954,954.7,956.1,,,
10/06/2009,954,954.7,956.1,,,
11/06/2009,961.3,962,963.4,,,
12/06/2009,940.1,940.7,942.1,,,
15/06/2009,926.9,927.5,928.8,,,
16/06/2009,931.6,932.2,933.6,,,
17/06/2009,935.4,936,937.4,,,
18/06/2009,934,934.6,936,,,
19/06/2009,935.6,936.2,937.6,,,
22/06/2009,920.6,921,922.4,,,
23/06/2009,923.9,924.3,925.6,,,
24/06/2009,934.1,934.4,935.8,,,
25/06/2009,939.1,939.5,940.9,,,
26/06/2009,940.7,941,942.4,,,
29/06/2009,940.7,942.1,943.4,,,
30/06/2009,927.4,928.8,930.2,,,
1/07/2009,941.3,942.8,944.2,,,
2/07/2009,931,932.3,933.6,,,
6/07/2009,924.3,925.6,926.9,,,
7/07/2009,929.1,930.4,931.7,,,
8/07/2009,909.3,910.7,912,,,
9/07/2009,916.2,917.7,919.1,,,
10/07/2009,912.5,914,915.4,,,
13/07/2009,922.5,924,925.4,,,
14/07/2009,922.8,924.2,925.6,,,
15/07/2009,939.4,940.7,942.2,,,
16/07/2009,935.4,936.7,938.2,,,
17/07/2009,937.5,938.8,940.3,,,
20/07/2009,948.8,950.1,951.6,,,
21/07/2009,946.9,948.2,949.6,,,
22/07/2009,953.3,954.6,956,,,
23/07/2009,954.8,956.1,957.6,,,
24/07/2009,953.1,954.4,955.9,,,
27/07/2009,953.5,954.8,956.3,,,
28/07/2009,939.1,940.3,941.7,,,
29/07/2009,927.2,928.3,929.7,,,
30/07/2009,934.9,936,937.3,,,
31/07/2009,953.7,954.5,955.8,,,
3/08/2009,956.6,957.5,958.8,,,
4/08/2009,967.5,968.4,969.7,,,
5/08/2009,964.2,965,966.3,,,
6/08/2009,960.7,961.5,962.9,,,
7/08/2009,957.3,958.1,959.5,,,
10/08/2009,945,945.8,946.9,,,
11/08/2009,945.8,946.5,947.6,,,
12/08/2009,950.7,951.4,952.5,,,
13/08/2009,954.7,955.4,956.5,,,
14/08/2009,947,947.6,948.7,,,
17/08/2009,934.3,934.8,935.8,,,
18/08/2009,937.7,938.2,939.2,,,
19/08/2009,943.3,943.7,944.8,,,
20/08/2009,940.3,940.6,941.7,,,
21/08/2009,953.2,953.4,954.7,,,
24/08/2009,942.3,942.4,943.7,,,
25/08/2009,944.5,944.7,946,,,
26/08/2009,944.3,944.5,945.8,,,
27/08/2009,945.5,946,947.3,,,
28/08/2009,957.5,958.8,960.1,,,
31/08/2009,952.2,953.5,954.8,,,
1/09/2009,955.2,956.5,957.7,,,
2/09/2009,977.1,978.5,979.8,,,
3/09/2009,996.3,997.7,999,,,
4/09/2009,995.4,996.7,998,,,
8/09/2009,998.5,999.8,1001.1,,,
9/09/2009,995.9,997.1,998.4,,,
10/09/2009,995.7,996.8,998,,,
11/09/2009,1005.2,1006.4,1007.6,,,
14/09/2009,1000.2,1001.1,1002.3,,,
15/09/2009,1005.3,1006.3,1007.5,,,
16/09/2009,1019.2,1020.2,1021.5,,,
17/09/2009,1012.6,1013.5,1014.8,,,
18/09/2009,1009.4,1010.3,1011.6,,,
21/09/2009,1003.9,1004.9,1006.2,,,
22/09/2009,1014.4,1015.5,1016.8,,,
23/09/2009,1013.1,1014.4,1015.7,,,
24/09/2009,997.6,998.9,1000,,,
25/09/2009,990.3,991.6,992.8,,,
28/09/2009,992.5,994.1,995.3,,,
29/09/2009,993.1,994.4,995.5,,,
30/09/2009,1008,1009.3,1010.5,,,
1/10/2009,999.5,1000.7,1001.8,,,
2/10/2009,1003.2,1004.3,1005.4,,,
5/10/2009,1016.7,1017.8,1018.9,,,
6/10/2009,1038.6,1039.7,1040.9,,,
7/10/2009,1043.3,1044.4,1045.6,,,
8/10/2009,1055.4,1056.3,1057.6,,,
9/10/2009,1047.8,1048.6,1049.9,,,
12/10/2009,1056.7,1057.5,1058.8,,,
13/10/2009,1064.2,1065,1066.3,,,
14/10/2009,1063.9,1064.7,1066,,,
15/10/2009,1049.8,1050.6,1051.8,,,
16/10/2009,1050.7,1051.5,1052.7,,,
19/10/2009,1057.3,1058.1,1059.3,,,
20/10/2009,1057.8,1058.6,1059.8,,,
21/10/2009,1063.7,1064.5,1065.6,,,
22/10/2009,1057.8,1058.6,1059.7,,,
23/10/2009,1055.6,1056.4,1057.5,,,
26/10/2009,1042.1,1042.8,1043.9,,,
27/10/2009,1034.7,1035.4,1036.5,,,
28/10/2009,1029.9,1030.5,1031.6,,,
29/10/2009,1047.1,1048.3,1049.2,,,
30/10/2009,1040.4,1041.5,1042.5,,,
2/11/2009,1054,1055.2,1056.3,,,
3/11/2009,1084.9,1086.1,1087.2,,,
4/11/2009,1087.3,1088.5,1089.7,,,
5/11/2009,1089.3,1090.5,1091.6,,,
6/11/2009,1095.7,1097,1098.1,,,
9/11/2009,1101.4,1102.8,1103.9,,,
10/11/2009,1102.5,1103.9,1105,,,
11/11/2009,1114.6,1116,1117.1,,,
12/11/2009,1106.6,1108,1109.1,,,
13/11/2009,1116.7,1118.1,1119.3,,,
16/11/2009,1139.2,1140.7,1141.8,,,
17/11/2009,1139.4,1140.9,1142,,,
18/11/2009,1141.2,1142.7,1143.8,,,
19/11/2009,1141.9,1143.4,1144.4,,,
20/11/2009,1146.8,1148.2,1149.3,,,
23/11/2009,1164.7,1166.2,1167.3,,,
24/11/2009,1165.8,1167.4,1168.5,,,
25/11/2009,1187,1188.6,1189.8,,,
27/11/2009,1174.2,1175.5,1176.8,,,
30/11/2009,1181.1,1182.3,1183.6,,,
1/12/2009,1199.1,1200.2,1201.5,,,
2/12/2009,1212,1213,1214.4,,,
3/12/2009,1217.4,1218.3,1219.7,,,
4/12/2009,1168.8,1169.5,1170.8,,,
7/12/2009,1163.4,1164,1165.2,,,
8/12/2009,1142.8,1143.4,1144.6,,,
9/12/2009,1120.4,1120.9,1122.1,,,
10/12/2009,1125.7,1126.2,1127.4,,,
11/12/2009,1119.4,1119.9,1121.2,,,
14/12/2009,1123.3,1123.8,1125.1,,,
15/12/2009,1122.4,1123,1124.3,,,
16/12/2009,1135.5,1136.2,1137.5,,,
17/12/2009,1106.8,1107.4,1108.6,,,
18/12/2009,1110.8,1111.5,1112.7,,,
21/12/2009,1095.4,1096,1097.2,,,
22/12/2009,1086,1086.7,1087.9,,,
23/12/2009,1093.3,1094,1095.2,,,
24/12/2009,1104.1,1104.8,1106.1,,,
28/12/2009,1107.2,1107.9,1109.3,,,
29/12/2009,1097,1098.1,1099.5,,,
30/12/2009,1092.5,1093.8,1095,,,
31/12/2009,1096.2,1097.6,1098.8,,,
4/01/2010,1118.3,1119.6,1120.8,,,
5/01/2010,1118.7,1120,1121.1,,,
6/01/2010,1136.5,1137.8,1138.9,,,
7/01/2010,1133.7,1135.1,1136.1,,,
8/01/2010,1138.9,1140.3,1141.4,,,
11/01/2010,1151.4,1152.8,1153.9,,,
12/01/2010,1129.4,1130.8,1131.7,,,
13/01/2010,1136.8,1138.2,1139.2,,,
14/01/2010,1143,1144.3,1145.3,,,
15/01/2010,1130.5,1131.8,1132.7,,,
19/01/2010,1140,1141.2,1142.1,,,
20/01/2010,1112.6,1113.6,1114.5,,,
21/01/2010,1103.2,1104.2,1105.1,,,
22/01/2010,1089.7,1090.8,1091.7,,,
25/01/2010,1095.7,1096.8,1097.7,,,
26/01/2010,1098.3,1099.5,1100.4,,,
27/01/2010,1084.5,1085.7,1086.6,,,
28/01/2010,1083.6,1084.8,1085.8,,,
29/01/2010,1083,1083.8,1084.8,,,
1/02/2010,1104.3,1105,1106,,,
2/02/2010,1117.4,1118,1119,,,
3/02/2010,1111.4,1112,1113,,,
4/02/2010,1062.4,1063,1064,,,
5/02/2010,1052.2,1052.8,1053.8,,,
8/02/2010,1065.7,1066.2,1067.3,,,
9/02/2010,1076.7,1077.2,1078.3,,,
10/02/2010,1075.8,1076.3,1077.4,,,
11/02/2010,1094.2,1094.7,1095.8,,,
12/02/2010,1089.5,1090,1091.1,,,
16/02/2010,1119.3,1119.8,1120.9,,,
17/02/2010,1119.5,1120.1,1121.3,,,
18/02/2010,1118,1118.7,1119.9,,,
19/02/2010,1121.3,1122.1,1123.3,,,
22/02/2010,1112.6,1113.1,1114.3,,,
23/02/2010,1102.7,1103.2,1104.4,,,
24/02/2010,1096.5,1097.2,1098.4,,,
25/02/2010,1108.5,1109.7,1110.6,,,
26/02/2010,1118.9,1120.1,1121.1,,,
1/03/2010,1118.3,1119.5,1120.5,,,
2/03/2010,1137.4,1138.6,1139.6,,,
3/03/2010,1143.3,1144.6,1145.7,,,
4/03/2010,1133.1,1134.4,1135.5,,,
5/03/2010,1135.2,1136.5,1137.8,,,
8/03/2010,1124,1125.3,1126.6,,,
9/03/2010,1122.3,1123.6,1124.8,,,
10/03/2010,1108.1,1109.4,1110.5,,,
11/03/2010,1108.2,1109.5,1110.6,,,
12/03/2010,1101.7,1103,1104.1,,,
15/03/2010,1105.4,1106.6,1107.8,,,
16/03/2010,1122.5,1123.6,1124.8,,,
17/03/2010,1124.2,1125.3,1126.5,,,
18/03/2010,1127.5,1128.6,1129.8,,,
19/03/2010,1107.6,1108.8,1110,,,
22/03/2010,1099.5,1100.7,1101.9,,,
23/03/2010,1103.7,1104.9,1106,,,
24/03/2010,1088.8,1089.9,1091.1,,,
25/03/2010,1092.9,1094.1,1095.3,,,
26/03/2010,1104.3,1105.4,1106.6,,,
29/03/2010,1110.3,1111.5,1112.7,,,
30/03/2010,1104.5,1105.7,1106.8,,,
31/03/2010,1113.3,1114.5,1115.7,,,
1/04/2010,1125.1,1126.1,1127.3,,,
5/04/2010,1132.9,1133.8,1135,,,
6/04/2010,1135.1,1136,1137.2,,,
7/04/2010,1152.3,1153,1154.2,,,
8/04/2010,1152.2,1152.9,1154.1,,,
9/04/2010,1161.1,1161.9,1163.1,,,
12/04/2010,1161.6,1162.2,1163.4,,,
13/04/2010,1152.8,1153.4,1154.6,,,
14/04/2010,1159,1159.6,1160.8,,,
15/04/2010,1159.7,1160.3,1161.5,,,
16/04/2010,1136.3,1136.9,1138.1,,,
19/04/2010,1135.2,1135.8,1136.9,,,
20/04/2010,1138.6,1139.2,1140.4,,,
21/04/2010,1148.2,1148.8,1150.1,,,
22/04/2010,1142.3,1142.9,1144.2,,,
23/04/2010,1153.1,1153.7,1155,,,
26/04/2010,1153.5,1154,1155.3,,,
27/04/2010,1161.7,1162.2,1163.5,,,
28/04/2010,1171.3,1171.8,1173.1,,,
29/04/2010,1168.8,1170.2,1171.3,,,
30/04/2010,1180.7,1182.1,1183.3,,,
3/05/2010,1183.3,1184.7,1185.9,,,
4/05/2010,1169.2,1170.6,1171.8,,,
5/05/2010,1175,1176.4,1177.7,,,
6/05/2010,1197.3,1198.8,1200.3,,,
7/05/2010,1210.4,1212.2,1213.9,,,
10/05/2010,1200.8,1202.5,1204,,,
11/05/2010,1220.3,1222.1,1223.7,,,
12/05/2010,1243.1,1244.9,1246.5,,,
13/05/2010,1229.2,1231,1232.5,,,
14/05/2010,1227.8,1229.6,1231.3,,,
17/05/2010,1228.1,1229.9,1231.7,,,
18/05/2010,1214.6,1216.4,1218.1,,,
19/05/2010,1193.1,1194.9,1196.6,,,
20/05/2010,1188.6,1190.4,1192.1,,,
21/05/2010,1176.1,1177.9,1179.7,,,
24/05/2010,1194,1195.8,1197.8,,,
25/05/2010,1198,1199.8,1201.9,,,
26/05/2010,1213.4,1215.3,1217.5,,,
27/05/2010,1211.9,1214.4,1216.5,,,
28/05/2010,1212.2,1215,1217,,,
1/06/2010,1224.8,1226.9,1229,,,
2/06/2010,1220.6,1222.6,1224.7,,,
3/06/2010,1208.3,1210,1212,,,
4/06/2010,1216.2,1217.7,1219.7,,,
7/06/2010,1239.3,1240.8,1242.9,,,
8/06/2010,1244,1245.6,1247.8,,,
9/06/2010,1228.5,1229.9,1231.9,,,
10/06/2010,1220.8,1222.2,1224.2,,,
11/06/2010,1228.9,1230.2,1232.3,,,
14/06/2010,1223.3,1224.5,1226.6,,,
15/06/2010,1233.2,1234.4,1236.5,,,
16/06/2010,1229.3,1230.5,1232.6,,,
17/06/2010,1247.5,1248.7,1250.7,,,
18/06/2010,1257.2,1258.3,1260.3,,,
21/06/2010,1239.7,1240.7,1242.7,,,
22/06/2010,1239.9,1240.8,1242.8,,,
23/06/2010,1234.1,1234.8,1236.8,,,
24/06/2010,1245.5,1245.9,1247.9,,,
25/06/2010,1255.8,1256.2,1258.2,,,
28/06/2010,1238.2,1238.6,1240.6,,,
29/06/2010,1242.4,1244.4,1246.4,,,
30/06/2010,1245.9,1247.9,1249.9,,,
1/07/2010,1206.7,1208.6,1210.5,,,
2/07/2010,1207.7,1209.6,1211.6,,,
6/07/2010,1195.1,1197,1198.9,,,
7/07/2010,1198.9,1200.8,1202.7,,,
8/07/2010,1196.1,1198.1,1200,,,
9/07/2010,1209.8,1211.8,1213.7,,,
12/07/2010,1198.7,1200.7,1202.6,,,
13/07/2010,1213.5,1215.5,1217.4,,,
14/07/2010,1207,1209,1211,,,
15/07/2010,1208.3,1210.3,1212.3,,,
16/07/2010,1188.2,1190.1,1192.1,,,
19/07/2010,1181.9,1183.9,1185.8,,,
20/07/2010,1191.7,1193.6,1195.5,,,
21/07/2010,1191.8,1193.7,1195.5,,,
22/07/2010,1195.6,1197.4,1199.3,,,
23/07/2010,1187.8,1189.7,1191.6,,,
26/07/2010,1183.1,1185,1187,,,
27/07/2010,1158,1159.9,1161.8,,,
28/07/2010,1160.4,1161,1162.4,,,
29/07/2010,1168.4,1169.8,1171.2,,,
30/07/2010,1181.7,1182.4,1183.9,,,
2/08/2010,1183.4,1184.1,1185.4,,,
3/08/2010,1185.2,1186.1,1187.5,,,
4/08/2010,1193.7,1194.5,1195.9,,,
5/08/2010,1197.2,1197.9,1199.3,,,
6/08/2010,1203.4,1204.1,1205.3,,,
9/08/2010,1200.7,1201.4,1202.6,,,
10/08/2010,1196.2,1196.8,1198,,,
11/08/2010,1197.5,1198,1199.2,,,
12/08/2010,1214.8,1215.4,1216.7,,,
13/08/2010,1214.9,1215.4,1216.6,,,
16/08/2010,1224.5,1225,1226.2,,,
17/08/2010,1226.6,1227,1228.3,,,
18/08/2010,1229.7,1230.1,1231.4,,,
19/08/2010,1233.8,1234.2,1235.4,,,
20/08/2010,1227.2,1227.6,1228.8,,,
23/08/2010,1226.9,1227.3,1228.5,,,
24/08/2010,1231.8,1232.2,1233.4,,,
25/08/2010,1239.5,1239.9,1241.3,,,
26/08/2010,1235.4,1236.4,1237.7,,,
27/08/2010,1236,1236.6,1237.9,,,
30/08/2010,1238,1239.2,1240.7,,,
31/08/2010,1249,1250.3,1251.8,,,
1/09/2010,1246.8,1248.1,1249.6,,,
2/09/2010,1252.1,1253.4,1254.9,,,
3/09/2010,1249.8,1251.1,1252.6,,,
7/09/2010,1257.9,1259.3,1260.8,,,
8/09/2010,1256.1,1257.5,1259.1,,,
9/09/2010,1249.4,1250.9,1252.5,,,
10/09/2010,1245,1246.5,1248.1,,,
13/09/2010,1245.6,1247.1,1248.7,,,
14/09/2010,1270.2,1271.7,1273.3,,,
15/09/2010,1267.1,1268.7,1270.3,,,
16/09/2010,1272.2,1273.8,1275.5,,,
17/09/2010,1275.9,1277.5,1279.2,,,
20/09/2010,1279.3,1280.8,1282.5,,,
21/09/2010,1272.7,1274.3,1276,,,
22/09/2010,1290.5,1292.1,1293.8,,,
23/09/2010,1294.6,1296.3,1298,,,
24/09/2010,1296.3,1298.1,1299.8,,,
27/09/2010,1296.9,1298.6,1300.3,,,
28/09/2010,1306.6,1308.3,1310,,,
29/09/2010,1308.5,1310.3,1312.1,,,
30/09/2010,1307.8,1309.6,1311.4,,,
1/10/2010,1316.1,1317.8,1319.6,,,
4/10/2010,1315.4,1316.8,1318.6,,,
5/10/2010,1338.9,1340.3,1342.2,,,
6/10/2010,1346.4,1347.7,1349.6,,,
7/10/2010,1333.9,1335,1336.8,,,
8/10/2010,1344.2,1345.3,1347.1,,,
11/10/2010,1353.3,1354.4,1356.2,,,
12/10/2010,1345.7,1346.7,1348.5,,,
13/10/2010,1369.5,1370.5,1372.3,,,
14/10/2010,1376.7,1377.6,1379.5,,,
15/10/2010,1371.1,1372,1373.9,,,
18/10/2010,1371.2,1372.1,1374,,,
19/10/2010,1335.1,1336,1337.8,,,
20/10/2010,1343.3,1344.2,1346,,,
21/10/2010,1324.7,1325.6,1327.4,,,
22/10/2010,1324.4,1325.1,1326.9,,,
25/10/2010,1338.3,1338.9,1340.8,,,
26/10/2010,1338,1338.6,1340.5,,,
27/10/2010,1322.2,1322.6,1324.5,,,
28/10/2010,1342.5,1344.5,1346.1,,,
29/10/2010,1357.6,1359.6,1361.2,,,
1/11/2010,1350.6,1352.5,1354.1,,,
2/11/2010,1356.9,1358.9,1360.6,,,
3/11/2010,1337.6,1339.6,1341.3,,,
4/11/2010,1383.1,1385.2,1386.9,,,
5/11/2010,1397.7,1399.8,1401.7,,,
8/11/2010,1403.2,1405.4,1407.5,,,
9/11/2010,1410.1,1412.4,1414.6,,,
10/11/2010,1399.3,1401.5,1403.7,,,
11/11/2010,1403.3,1405.6,1407.8,,,
12/11/2010,1365.5,1367.7,1369.7,,,
15/11/2010,1368.5,1370.7,1372.7,,,
16/11/2010,1338.4,1340.5,1342.4,,,
17/11/2010,1336.9,1339,1340.9,,,
18/11/2010,1353,1355.1,1357,,,
19/11/2010,1352.3,1354.4,1356.3,,,
22/11/2010,1357.8,1359.9,1361.8,,,
23/11/2010,1377.6,1379.7,1381.7,,,
24/11/2010,1373,1375,1377.2,,,
26/11/2010,1362.4,1364.3,1366.4,,,
29/11/2010,1366,1367.5,1369.6,,,
30/11/2010,1385,1386.1,1388.3,,,
1/12/2010,1387.3,1388.3,1390.5,,,
2/12/2010,1388.5,1389.3,1391.5,,,
3/12/2010,1405.4,1406.2,1408.4,,,
6/12/2010,1415.3,1416.1,1418.3,,,
7/12/2010,1408.3,1409,1411.2,,,
8/12/2010,1382.5,1383.2,1385.3,,,
9/12/2010,1392.1,1392.8,1394.9,,,
10/12/2010,1384.3,1384.9,1386.9,,,
13/12/2010,1397.3,1398,1400.1,,,
14/12/2010,1403.6,1404.3,1406.5,,,
15/12/2010,1385.5,1386.2,1388.4,,,
16/12/2010,1370.4,1371,1373.2,,,
17/12/2010,1378.6,1379.2,1381.4,,,
20/12/2010,1385.5,1386.1,1388.3,,,
21/12/2010,1388.2,1388.8,1391,,,
22/12/2010,1386.8,1387.4,1389.5,,,
23/12/2010,1380,1380.5,1382.6,,,
27/12/2010,1382.4,1382.9,1385.1,,,
28/12/2010,1405.2,1405.6,1407.9,,,
29/12/2010,1413.1,1413.5,1415.7,,,
30/12/2010,1405.9,1408.1,1410.2,,,
31/12/2010,1421.4,1423.6,1425.7,,,
3/01/2011,1422.9,1425.1,1427.2,,,
4/01/2011,1378.8,1380.9,1382.9,,,
5/01/2011,1373.7,1375.6,1377.6,,,
6/01/2011,1371.7,1373.5,1375.4,,,
7/01/2011,1368.9,1370.8,1372.7,,,
10/01/2011,1374.1,1376,1378.1,,,
11/01/2011,1384.3,1386.3,1388.4,,,
12/01/2011,1385.8,1387.7,1389.8,,,
13/01/2011,1387,1388.9,1391,,,
14/01/2011,1360.5,1362.3,1364.3,,,
18/01/2011,1368.2,1369.9,1371.9,,,
19/01/2011,1370.2,1372,1373.9,,,
20/01/2011,1346.5,1348.1,1349.9,,,
21/01/2011,1341,1342.6,1344.4,,,
24/01/2011,1344.5,1346,1347.7,,,
25/01/2011,1332.3,1333.8,1335.5,,,
26/01/2011,1333,1334.5,1336.2,,,
27/01/2011,1318.4,1319.8,1321.4,,,
28/01/2011,1340.7,1341.7,1343.3,,,
31/01/2011,1333.8,1334.5,1336.1,,,
1/02/2011,1339.6,1340.3,1341.8,,,
2/02/2011,1331.5,1332.1,1333.5,,,
3/02/2011,1352.3,1353,1354.4,,,
4/02/2011,1348.3,1349,1350.5,,,
7/02/2011,1347.6,1348.2,1349.7,,,
8/02/2011,1363.4,1364.1,1365.5,,,
9/02/2011,1364.8,1365.5,1366.9,,,
10/02/2011,1361.9,1362.5,1363.9,,,
11/02/2011,1359.9,1360.4,1361.9,,,
14/02/2011,1364.6,1365.1,1366.6,,,
15/02/2011,1373.6,1374.1,1375.5,,,
16/02/2011,1374.7,1375.1,1376.6,,,
17/02/2011,1384.7,1385.1,1386.6,,,
18/02/2011,1388.2,1388.6,1390.1,,,
22/02/2011,1400.5,1401.1,1402.6,,,
23/02/2011,1413.4,1414,1415.5,,,
24/02/2011,1415.3,1415.8,1417,,,
25/02/2011,1409.3,1410.7,1412,,,
28/02/2011,1409.9,1411.3,1412.6,,,
1/03/2011,1431.2,1432.7,1434.1,,,
2/03/2011,1437.7,1439.3,1440.7,,,
3/03/2011,1416.4,1417.9,1419.3,,,
4/03/2011,1428.6,1430.1,1431.5,,,
7/03/2011,1434.5,1436,1437.4,,,
8/03/2011,1427.2,1428.8,1430.2,,,
9/03/2011,1429.6,1431.2,1432.7,,,
10/03/2011,1412.5,1414.1,1415.5,,,
11/03/2011,1421.8,1423.2,1424.7,,,
14/03/2011,1424.9,1426.3,1427.7,,,
15/03/2011,1392.8,1394.2,1395.5,,,
16/03/2011,1396.1,1397.5,1398.8,,,
17/03/2011,1404.2,1405.6,1406.9,,,
18/03/2011,1416.1,1417.5,1418.9,,,
21/03/2011,1426.4,1427.8,1429.2,,,
22/03/2011,1427.6,1429.1,1430.5,,,
23/03/2011,1438,1439.5,1440.9,,,
24/03/2011,1434.9,1436.4,1437.8,,,
25/03/2011,1426.2,1427.6,1429.1,,,
28/03/2011,1419.9,1421.3,1422.8,,,
29/03/2011,1416.2,1417.5,1419,,,
30/03/2011,1423.8,1424.9,1426.4,,,
31/03/2011,1438.9,1439.9,1441.3,,,
1/04/2011,1428.1,1428.9,1430.3,,,
4/04/2011,1432.2,1433,1434.4,,,
5/04/2011,1451.8,1452.5,1453.9,,,
6/04/2011,1457.7,1458.5,1459.8,,,
7/04/2011,1458.5,1459.3,1460.6,,,
8/04/2011,1473.4,1474.1,1475.4,,,
11/04/2011,1467.4,1468.1,1469.3,,,
12/04/2011,1452.9,1453.6,1454.8,,,
13/04/2011,1454.9,1455.6,1456.8,,,
14/04/2011,1471.7,1472.4,1473.5,,,
15/04/2011,1485.3,1486,1487,,,
18/04/2011,1492.3,1492.9,1493.9,,,
19/04/2011,1494.5,1495.1,1496.2,,,
20/04/2011,1498.3,1498.9,1500,,,
21/04/2011,1503.2,1503.8,1505,,,
25/04/2011,1508.6,1509.1,1510.3,,,
26/04/2011,1503,1503.5,1504.7,,,
27/04/2011,1516.7,1517.1,1518.3,,,
28/04/2011,1531.2,1532.5,1533.6,,,
29/04/2011,1556.4,1557.7,1558.9,,,
2/05/2011,1557.1,1558.4,1559.6,,,
3/05/2011,1540.4,1541.7,1542.9,,,
4/05/2011,1515.3,1516.5,1517.7,,,
5/05/2011,1481.4,1482.6,1483.8,,,
6/05/2011,1491.6,1492.9,1494.1,,,
9/05/2011,1503.2,1504.5,1505.8,,,
10/05/2011,1516.9,1518.2,1519.5,,,
11/05/2011,1501.4,1502.7,1504,,,
12/05/2011,1506.8,1508,1509.3,,,
13/05/2011,1493.6,1494.8,1496,,,
16/05/2011,1490.6,1491.8,1493,,,
17/05/2011,1480,1481.2,1482.4,,,
18/05/2011,1495.8,1497.1,1498.3,,,
19/05/2011,1492.4,1493.6,1494.8,,,
20/05/2011,1508.9,1510,1511.2,,,
23/05/2011,1515.4,1516.5,1517.7,,,
24/05/2011,1523.3,1524.3,1525.7,,,
25/05/2011,1526.7,1527.8,1529.1,,,
26/05/2011,1522.8,1523.7,1525,,,
27/05/2011,1536.3,1537.3,1538.6,,,
31/05/2011,1535.9,1536.8,1538.1,,,
1/06/2011,1542.4,1543.2,1544.5,,,
2/06/2011,1532,1532.7,1534,,,
3/06/2011,1541.7,1542.4,1543.6,,,
6/06/2011,1546.5,1547.2,1548.5,,,
7/06/2011,1543.3,1544,1545.2,,,
8/06/2011,1538.1,1538.7,1539.9,,,
9/06/2011,1542.1,1542.7,1543.9,,,
10/06/2011,1528.6,1529.2,1530.4,,,
13/06/2011,1515,1515.6,1516.8,,,
14/06/2011,1523.8,1524.4,1525.5,,,
15/06/2011,1525.6,1526.2,1527.3,,,
16/06/2011,1529.3,1529.9,1531,,,
17/06/2011,1538.6,1539.1,1540.2,,,
20/06/2011,1541.5,1542,1543.1,,,
21/06/2011,1546,1546.4,1547.5,,,
22/06/2011,1552.9,1553.4,1554.5,,,
23/06/2011,1520.1,1520.5,1521.5,,,
24/06/2011,1500.5,1500.9,1501.9,,,
27/06/2011,1496,1496.4,1497.4,,,
28/06/2011,1499.7,1500.2,1501.2,,,
29/06/2011,1510.4,1511.5,1512.7,,,
30/06/2011,1502.8,1503.8,1505,,,
1/07/2011,1482.6,1483.7,1484.9,,,
5/07/2011,1512.7,1513.8,1515,,,
6/07/2011,1529.2,1530.3,1531.5,,,
7/07/2011,1530.6,1531.7,1532.8,,,
8/07/2011,1541.6,1542.7,1543.7,,,
11/07/2011,1549.2,1550.2,1551.3,,,
12/07/2011,1562.3,1563.3,1564.4,,,
13/07/2011,1585.5,1586.5,1587.5,,,
14/07/2011,1589.3,1590.2,1591.2,,,
15/07/2011,1590.1,1591,1592,,,
18/07/2011,1602.4,1603.4,1604.4,,,
19/07/2011,1601.1,1602.1,1603.1,,,
20/07/2011,1596.9,1598,1599,,,
21/07/2011,1587,1588.1,1589.1,,,
22/07/2011,1601.5,1602.6,1603.7,,,
25/07/2011,1612.2,1613.3,1614.4,,,
26/07/2011,1616.8,1618,1619.3,,,
27/07/2011,1615.1,1616.1,1617.3,,,
28/07/2011,1613.4,1614.9,1616.2,,,
29/07/2011,1628.3,1629.9,1631.2,,,
1/08/2011,1619,1620.4,1621.7,,,
2/08/2011,1641.9,1643.1,1644.5,,,
3/08/2011,1663.4,1664.9,1666.3,,,
4/08/2011,1656.2,1657.5,1659,,,
5/08/2011,1648.8,1650.2,1651.8,,,
8/08/2011,1710.2,1711.6,1713.2,,,
9/08/2011,1740,1741.4,1743,,,
10/08/2011,1781.3,1782.7,1784.3,,,
11/08/2011,1748.8,1749.9,1751.5,,,
12/08/2011,1740.2,1741,1742.6,,,
15/08/2011,1755.5,1756.4,1758,,,
16/08/2011,1782.4,1783.4,1785,,,
17/08/2011,1791.2,1792.2,1793.8,,,
18/08/2011,1818.9,1819.9,1822,,,
19/08/2011,1848.9,1850.1,1852.2,,,
22/08/2011,1888.7,1889.7,1891.9,,,
23/08/2011,1858.3,1859.2,1861.3,,,
24/08/2011,1754.1,1755,1757.3,,,
25/08/2011,1759.8,1760.6,1763.2,,,
26/08/2011,1794.1,1795.1,1797.3,,,
29/08/2011,1788.4,1789.3,1791.6,,,
30/08/2011,1827.5,1829.8,1831.3,,,
31/08/2011,1829.3,1831.7,1833.3,,,
1/09/2011,1826.7,1829.1,1830.7,,,
2/09/2011,1874.4,1876.9,1878.6,,,
6/09/2011,1870.6,1873.3,1875.1,,,
7/09/2011,1814.9,1817.6,1819.3,,,
8/09/2011,1855.2,1857.5,1859.2,,,
9/09/2011,1857.1,1859.5,1861.6,,,
12/09/2011,1810.6,1813.3,1815.5,,,
13/09/2011,1827.5,1830.1,1832.4,,,
14/09/2011,1824.2,1826.5,1828.7,,,
15/09/2011,1779.2,1781.4,1783.4,,,
16/09/2011,1812.5,1814.7,1816.6,,,
19/09/2011,1776.7,1778.9,1780.9,,,
20/09/2011,1806.9,1809.1,1811.1,,,
21/09/2011,1805.8,1808.1,1809.9,,,
22/09/2011,1739.4,1741.7,1743.5,,,
23/09/2011,1637.7,1639.8,1641.5,,,
26/09/2011,1592.7,1594.8,1596.5,,,
27/09/2011,1650.6,1652.5,1654.3,,,
28/09/2011,1616.1,1618.1,1620,,,
29/09/2011,1615.5,1617.3,1619.2,,,
30/09/2011,1620.4,1622.3,1624.2,,,
3/10/2011,1656,1657.7,1659.6,,,
4/10/2011,1614.7,1616,1617.9,,,
5/10/2011,1640.3,1641.6,1643.4,,,
6/10/2011,1651.9,1653.2,1655.1,,,
7/10/2011,1634.5,1635.8,1637.7,,,
10/10/2011,1669.6,1670.8,1672.8,,,
11/10/2011,1659.7,1661,1663,,,
12/10/2011,1681.3,1682.6,1684.6,,,
13/10/2011,1667.3,1668.5,1670.4,,,
14/10/2011,1681.8,1683,1684.9,,,
17/10/2011,1675.5,1676.6,1678.6,,,
18/10/2011,1651.7,1652.8,1654.7,,,
19/10/2011,1646,1647,1648.9,,,
20/10/2011,1611.9,1612.9,1614.8,,,
21/10/2011,1635.1,1636.1,1638,,,
24/10/2011,1651.5,1652.3,1654.3,,,
25/10/2011,1699.6,1700.4,1702.4,,,
26/10/2011,1722.7,1723.5,1725.5,,,
27/10/2011,1746.7,1747.7,1749.8,,,
28/10/2011,1747.2,1749.3,1750.9,,,
31/10/2011,1725.2,1727.3,1728.9,,,
1/11/2011,1711.8,1713.9,1715.6,,,
2/11/2011,1729.6,1731.7,1733.5,,,
3/11/2011,1765.1,1767.2,1769.1,,,
4/11/2011,1756.1,1758.3,1760.2,,,
7/11/2011,1791.1,1793.5,1795.3,,,
8/11/2011,1799.2,1801.7,1803.6,,,
9/11/2011,1791.6,1794.1,1796.1,,,
10/11/2011,1759.6,1762,1764.1,,,
11/11/2011,1788.1,1790.6,1792.7,,,
14/11/2011,1778.4,1780.9,1783,,,
15/11/2011,1782.2,1784.7,1786.9,,,
16/11/2011,1774.3,1776.9,1779.2,,,
17/11/2011,1720.2,1722.9,1725.4,,,
18/11/2011,1725.1,1727.9,1730.5,,,
21/11/2011,1678.6,1681.6,1684.5,,,
22/11/2011,1702.4,1705.5,1708.6,,,
23/11/2011,1695.9,1698.8,1702,,,
25/11/2011,1685.7,1688.5,1691.7,,,
28/11/2011,1710.8,1714.5,1717.7,,,
29/11/2011,1713.4,1718.9,1721.8,,,
30/11/2011,1745.5,1750.3,1753.1,,,
1/12/2011,1735.3,1739.8,1742.6,,,
2/12/2011,1747,1751.3,1754.2,,,
5/12/2011,1730.7,1734.5,1737.3,,,
6/12/2011,1727.9,1731.8,1734.6,,,
7/12/2011,1740.9,1744.8,1747.5,,,
8/12/2011,1709.8,1713.4,1715.9,,,
9/12/2011,1712.8,1716.8,1719.2,,,
12/12/2011,1664.2,1668.2,1670.4,,,
13/12/2011,1659.9,1663.1,1665.2,,,
14/12/2011,1584.3,1586.9,1588.8,,,
15/12/2011,1574.6,1577.2,1579.1,,,
16/12/2011,1595.6,1597.9,1599.9,,,
19/12/2011,1594.4,1596.7,1598.8,,,
20/12/2011,1615.6,1617.6,1619.8,,,
21/12/2011,1611.9,1613.6,1615.9,,,
22/12/2011,1608.9,1610.6,1613,,,
23/12/2011,1604.7,1606,1608.5,,,
27/12/2011,1594.2,1595.5,1598,,,
28/12/2011,1562.9,1564.1,1566.5,,,
29/12/2011,1540.9,1543.3,1545.5,,,
30/12/2011,1566.8,1569.4,1571.6,,,
3/01/2012,1600.5,1603.2,1605.6,,,
4/01/2012,1612.7,1615.6,1618.2,,,
5/01/2012,1620.1,1622.9,1625.6,,,
6/01/2012,1616.8,1619.6,1622.3,,,
9/01/2012,1608.1,1610.8,1613.5,,,
10/01/2012,1631.5,1634.4,1637.3,,,
11/01/2012,1639.6,1642.6,1645.6,,,
12/01/2012,1647.7,1650.7,1653.8,,,
13/01/2012,1630.8,1633.6,1636.6,,,
17/01/2012,1655.6,1658.4,1661.4,,,
18/01/2012,1659.9,1662.6,1665.7,,,
19/01/2012,1654.5,1657.2,1660.1,,,
20/01/2012,1664,1666.8,1669.7,,,
23/01/2012,1678.3,1681.1,1684.1,,,
24/01/2012,1664.5,1667.4,1670.2,,,
25/01/2012,1700.1,1703,1705.9,,,
26/01/2012,1726.7,1729.9,1732.9,,,
27/01/2012,1732.2,1735.4,1738.4,,,
30/01/2012,1731,1734.4,1737.4,,,
31/01/2012,1737.8,1740.4,1743.3,,,
1/02/2012,1747.1,1749.5,1752.3,,,
2/02/2012,1756.8,1759.3,1762.1,,,
3/02/2012,1737.9,1740.3,1743,,,
6/02/2012,1722.8,1724.9,1727.6,,,
7/02/2012,1746.4,1748.4,1751.1,,,
8/02/2012,1729.3,1731.3,1734,,,
9/02/2012,1739,1741.2,1744,,,
10/02/2012,1723.3,1725.3,1728.1,,,
13/02/2012,1723,1724.9,1727.7,,,
14/02/2012,1715.9,1717.7,1720.4,,,
15/02/2012,1726.3,1728.1,1730.9,,,
16/02/2012,1726.8,1728.4,1731.2,,,
17/02/2012,1724.5,1725.9,1728.7,,,
21/02/2012,1757.1,1758.5,1761.4,,,
22/02/2012,1770,1771.3,1774.2,,,
23/02/2012,1784.9,1786.3,1789.2,,,
24/02/2012,1775.1,1776.4,1779.2,,,
27/02/2012,1773.6,1774.9,1777.6,,,
28/02/2012,1788.4,1791.2,1793.9,,,
29/02/2012,1711.3,1714,1716.6,,,
1/03/2012,1722.2,1725,1727.6,,,
2/03/2012,1709.8,1712.6,1715.2,,,
5/03/2012,1703.9,1706.7,1709.3,,,
6/03/2012,1672.1,1674.9,1677.5,,,
7/03/2012,1683.9,1686.7,1689.4,,,
8/03/2012,1698.7,1701.5,1704.1,,,
9/03/2012,1711.5,1714.3,1716.9,,,
12/03/2012,1699.8,1702.4,1705,,,
13/03/2012,1694.2,1696.8,1699.3,,,
14/03/2012,1642.9,1645.3,1647.7,,,
15/03/2012,1659.5,1661.8,1664.2,,,
16/03/2012,1655.8,1658.1,1660.5,,,
19/03/2012,1667.3,1669.7,1672.1,,,
20/03/2012,1647,1649.4,1651.7,,,
21/03/2012,1650.3,1652.7,1655,,,
22/03/2012,1642.5,1644.9,1647.2,,,
23/03/2012,1662.4,1664.9,1667.3,,,
26/03/2012,1685.6,1688.2,1690.6,,,
27/03/2012,1684.9,1687.7,1690.1,,,
28/03/2012,1657.9,1660.5,1662.9,,,
29/03/2012,1652.2,1654.9,1657.2,,,
30/03/2012,1669.3,1671.9,1674.3,,,
2/04/2012,1677.5,1679.7,1682.2,,,
3/04/2012,1670,1672,1674.4,,,
4/04/2012,1612.3,1614.1,1616.4,,,
5/04/2012,1628.5,1630.1,1632.4,,,
9/04/2012,1642.5,1643.9,1646.3,,,
10/04/2012,1659.5,1660.7,1663,,,
11/04/2012,1659,1660.3,1662.6,,,
12/04/2012,1679.5,1680.6,1682.8,,,
13/04/2012,1659.1,1660.2,1662.4,,,
16/04/2012,1648.7,1649.7,1651.9,,,
17/04/2012,1650.3,1651.1,1653.3,,,
18/04/2012,1638.8,1639.6,1641.8,,,
19/04/2012,1640.6,1641.4,1643.6,,,
20/04/2012,1642.1,1642.8,1645,,,
23/04/2012,1631.9,1632.6,1634.8,,,
24/04/2012,1643,1643.8,1646,,,
25/04/2012,1641.4,1642.3,1644.6,,,
26/04/2012,1659.6,1660.5,1662.9,,,
27/04/2012,1664.8,1667.2,1669.3,,,
30/04/2012,1664.2,1666.5,1668.6,,,
1/05/2012,1662.4,1664.7,1666.8,,,
2/05/2012,1654,1656.3,1658.4,,,
3/05/2012,1634.8,1637,1639,,,
4/05/2012,1645.2,1647.4,1649.4,,,
7/05/2012,1639.1,1641.4,1643.4,,,
8/05/2012,1604.5,1606.8,1608.7,,,
9/05/2012,1594.2,1596.5,1598.4,,,
10/05/2012,1595.5,1597.8,1599.8,,,
11/05/2012,1584,1586.3,1588.3,,,
14/05/2012,1561,1563.2,1565.2,,,
15/05/2012,1557.1,1559.3,1561.3,,,
16/05/2012,1536.6,1538.7,1540.6,,,
17/05/2012,1574.9,1577.1,1579.1,,,
18/05/2012,1591.9,1594.2,1596.2,,,
21/05/2012,1588.7,1591,1593,,,
22/05/2012,1576.6,1578.8,1580.8,,,
23/05/2012,1548.4,1550.6,1552.6,,,
24/05/2012,1557.5,1559.8,1561.8,,,
25/05/2012,1568.9,1571.2,1573.3,,,
29/05/2012,1548.7,1551,1553.2,,,
30/05/2012,1563.4,1565.7,1568,,,
31/05/2012,1562.6,1564.2,1566.4,,,
1/06/2012,1620.5,1622.1,1624.3,,,
4/06/2012,1612.2,1613.9,1616.1,,,
5/06/2012,1615.2,1616.9,1619.1,,,
6/06/2012,1632.8,1634.2,1636.4,,,
7/06/2012,1586.6,1588,1590.1,,,
8/06/2012,1590.1,1591.4,1593.5,,,
11/06/2012,1595.5,1596.8,1598.9,,,
12/06/2012,1612.7,1613.8,1615.9,,,
13/06/2012,1618.1,1619.4,1621.5,,,
14/06/2012,1618.4,1619.6,1621.7,,,
15/06/2012,1627,1628.1,1630.3,,,
18/06/2012,1625.7,1627,1629.2,,,
19/06/2012,1622.2,1623.2,1625.4,,,
20/06/2012,1614.8,1615.8,1618,,,
21/06/2012,1564.5,1565.5,1567.6,,,
22/06/2012,1566,1566.9,1569,,,
25/06/2012,1587.5,1588.4,1590.5,,,
26/06/2012,1574,1574.9,1577.1,,,
27/06/2012,1577.5,1578.4,1580.6,,,
28/06/2012,1550.4,1552.5,1554.7,,,
29/06/2012,1604.2,1606.4,1608.7,,,
2/07/2012,1597.7,1599.9,1602.2,,,
3/07/2012,1621.8,1624,1626.3,,,
5/07/2012,1609.4,1611.6,1613.8,,,
6/07/2012,1578.9,1581.1,1583.3,,,
9/07/2012,1589.1,1591.4,1593.7,,,
10/07/2012,1579.8,1582.1,1584.5,,,
11/07/2012,1575.7,1578.1,1580.5,,,
12/07/2012,1565.3,1567.6,1570,,,
13/07/2012,1592,1594.4,1596.8,,,
16/07/2012,1591.6,1593.9,1596.3,,,
17/07/2012,1589.5,1591.8,1594.2,,,
18/07/2012,1570.8,1573.1,1575.5,,,
19/07/2012,1580.4,1582.7,1585.1,,,
20/07/2012,1582.8,1585,1587.4,,,
23/07/2012,1577.4,1579.7,1582,,,
24/07/2012,1576.2,1578.5,1580.8,,,
25/07/2012,1608.1,1610.3,1612.7,,,
26/07/2012,1615.1,1617.4,1619.8,,,
27/07/2012,1618,1620.3,1622.7,,,
30/07/2012,1619.7,1621.7,1624,,,
31/07/2012,1610.5,1612.4,1614.6,,,
1/08/2012,1603.7,1605.1,1607.3,,,
2/08/2012,1587.4,1588.6,1590.7,,,
3/08/2012,1606,1607.1,1609.3,,,
6/08/2012,1612.9,1614.1,1616.2,,,
7/08/2012,1609.7,1610.7,1612.8,,,
8/08/2012,1612.9,1613.9,1616,,,
9/08/2012,1617.1,1618.1,1620.2,,,
10/08/2012,1619.7,1620.7,1622.8,,,
13/08/2012,1609.6,1610.6,1612.6,,,
14/08/2012,1599.4,1600.4,1602.4,,,
15/08/2012,1603.7,1604.6,1606.6,,,
16/08/2012,1616.1,1617.1,1619.2,,,
17/08/2012,1616.3,1617.3,1619.4,,,
20/08/2012,1620.1,1620.9,1623,,,
21/08/2012,1639.9,1640.7,1642.9,,,
22/08/2012,1637.4,1638.3,1640.5,,,
23/08/2012,1669.6,1670.6,1672.8,,,
24/08/2012,1669.8,1670.7,1672.9,,,
27/08/2012,1672.4,1673.3,1675.6,,,
28/08/2012,1666.5,1667.4,1669.7,,,
29/08/2012,1659.8,1660.7,1663,,,
30/08/2012,1654.8,1657.1,1659.2,,,
31/08/2012,1685.3,1687.6,1689.7,,,
4/09/2012,1693.6,1696,1698.2,,,
5/09/2012,1691.6,1694,1696.3,,,
6/09/2012,1703.2,1705.6,1707.9,,,
7/09/2012,1738,1740.5,1742.8,,,
10/09/2012,1729.2,1731.8,1734.1,,,
11/09/2012,1732.3,1734.9,1737.2,,,
12/09/2012,1731.1,1733.7,1736,,,
13/09/2012,1769.5,1772.1,1774.4,,,
14/09/2012,1770.1,1772.7,1775.1,,,
17/09/2012,1768,1770.6,1773,,,
18/09/2012,1768.7,1771.2,1773.5,,,
19/09/2012,1769.3,1771.7,1774,,,
20/09/2012,1767.8,1770.2,1772.5,,,
21/09/2012,1775.6,1778,1780.2,,,
24/09/2012,1762.2,1764.6,1766.7,,,
25/09/2012,1763.9,1766.4,1768.5,,,
26/09/2012,1750.7,1753.6,1755.7,,,
27/09/2012,1777.6,1780.5,1782.6,,,
28/09/2012,1771.1,1773.9,1776.1,,,
1/10/2012,1780.5,1783.3,1785.5,,,
2/10/2012,1772.7,1775.6,1777.7,,,
3/10/2012,1777.3,1779.8,1781.9,,,
4/10/2012,1794.1,1796.5,1798.6,,,
5/10/2012,1778.6,1780.8,1782.9,,,
8/10/2012,1773.5,1775.7,1777.8,,,
9/10/2012,1763,1765,1767.1,,,
10/10/2012,1763.2,1765.1,1767.2,,,
11/10/2012,1768.8,1770.6,1772.7,,,
12/10/2012,1758,1759.7,1761.8,,,
15/10/2012,1736,1737.6,1739.7,,,
16/10/2012,1744.7,1746.3,1748.4,,,
17/10/2012,1751.5,1753,1755.2,,,
18/10/2012,1743.3,1744.7,1746.9,,,
19/10/2012,1722.8,1724,1726.1,,,
22/10/2012,1725.1,1726.3,1728.4,,,
23/10/2012,1708.3,1709.4,1711.5,,,
24/10/2012,1700.5,1701.6,1703.7,,,
25/10/2012,1712,1713,1715,,,
26/10/2012,1710.9,1711.9,1714,,,
29/10/2012,1707.7,1708.7,1710.8,,,
30/10/2012,1712.1,1714.3,1716.2,,,
31/10/2012,1719.1,1721.3,1723.2,,,
1/11/2012,1715.5,1717.7,1719.7,,,
2/11/2012,1675.2,1677.3,1679.3,,,
5/11/2012,1683.2,1685.4,1687.4,,,
6/11/2012,1715,1717.2,1719.2,,,
7/11/2012,1714,1716.2,1718.3,,,
8/11/2012,1726,1728.3,1730.5,,,
9/11/2012,1730.9,1733.2,1735.4,,,
12/11/2012,1730.9,1733.2,1735.4,,,
13/11/2012,1724.8,1727.1,1729.2,,,
14/11/2012,1730.1,1732.5,1734.5,,,
15/11/2012,1713.8,1716.1,1718.1,,,
16/11/2012,1714.7,1716.9,1718.9,,,
19/11/2012,1734.4,1736.7,1738.7,,,
20/11/2012,1723.6,1725.9,1727.9,,,
21/11/2012,1728.2,1730.6,1732.6,,,
23/11/2012,1751.4,1753.8,1755.8,,,
26/11/2012,1749.6,1752,1753.9,,,
27/11/2012,1742.3,1744.8,1746.8,,,
28/11/2012,1716.5,1718.8,1720.8,,,
29/11/2012,1727.2,1729.5,1731.6,,,
30/11/2012,1710.9,1712.7,1714.8,,,
3/12/2012,1719.6,1721.1,1723.3,,,
4/12/2012,1694.4,1695.8,1697.9,,,
5/12/2012,1692.4,1693.8,1695.9,,,
6/12/2012,1700.3,1701.8,1703.9,,,
7/12/2012,1704,1705.5,1707.6,,,
10/12/2012,1713,1714.4,1716.5,,,
11/12/2012,1708.2,1709.6,1711.7,,,
12/12/2012,1716.6,1717.9,1720,,,
13/12/2012,1695.6,1696.8,1698.9,,,
14/12/2012,1695.8,1697,1699.1,,,
17/12/2012,1697,1698.2,1700.3,,,
18/12/2012,1669.5,1670.7,1672.8,,,
19/12/2012,1666.5,1667.7,1669.8,,,
20/12/2012,1644.9,1645.9,1648,,,
21/12/2012,1659.1,1660.1,1662.2,,,
24/12/2012,1658.6,1659.5,1661.7,,,
26/12/2012,1659.8,1660.7,1662.9,,,
27/12/2012,1662.6,1663.7,1665.9,,,
28/12/2012,1655.9,1658.1,1660.1,,,
31/12/2012,1675.8,1678,1680,,,
2/01/2013,1688.8,1691,1693,,,
3/01/2013,1674.6,1676.7,1678.7,,,
4/01/2013,1648.9,1650.9,1652.8,,,
7/01/2013,1646.3,1648.2,1650.1,,,
8/01/2013,1662.2,1664.3,1666.3,,,
9/01/2013,1655.5,1657.7,1659.7,,,
10/01/2013,1678,1680.2,1682.3,,,
11/01/2013,1660.6,1662.8,1664.8,,,
14/01/2013,1669.4,1671.6,1673.7,,,
15/01/2013,1683.9,1686.2,1688.2,,,
16/01/2013,1683.2,1685.4,1687.5,,,
17/01/2013,1690.8,1693,1695.1,,,
18/01/2013,1687,1689.2,1691.3,,,
22/01/2013,1693.2,1695.4,1697.5,,,
23/01/2013,1686.7,1688.9,1691,,,
24/01/2013,1669.9,1672.1,1674.2,,,
25/01/2013,1656.6,1658.8,1660.9,,,
28/01/2013,1652.9,1655,1657,,,
29/01/2013,1660.8,1662.7,1664.9,,,
30/01/2013,1679.9,1681.6,1683.7,,,
31/01/2013,1660.6,1662,1664.1,,,
1/02/2013,1669.4,1670.6,1672.7,,,
4/02/2013,1675.3,1676.4,1678.5,,,
5/02/2013,1672.4,1673.5,1675.6,,,
6/02/2013,1677.7,1678.8,1680.9,,,
7/02/2013,1670.4,1671.3,1673.4,,,
8/02/2013,1666,1666.9,1668.9,,,
11/02/2013,1648.2,1649.1,1651.1,,,
12/02/2013,1648.7,1649.6,1651.6,,,
13/02/2013,1644.2,1645.1,1647,,,
14/02/2013,1634.7,1635.5,1637.4,,,
15/02/2013,1608.8,1609.5,1611.3,,,
19/02/2013,1603.6,1604.2,1606,,,
20/02/2013,1577.6,1578,1579.8,,,
21/02/2013,1578.2,1578.6,1580.3,,,
22/02/2013,1572.4,1572.8,1574.5,,,
25/02/2013,1586.2,1586.6,1588.4,,,
26/02/2013,1615.2,1615.5,1617.3,,,
27/02/2013,1595.7,1597.4,1599,,,
28/02/2013,1578.1,1579.8,1581.3,,,
1/03/2013,1572.3,1574,1575.5,,,
4/03/2013,1572.4,1574.2,1575.7,,,
5/03/2013,1574.9,1576.8,1578.3,,,
6/03/2013,1574.9,1576.8,1578.3,,,
7/03/2013,1575.1,1577.1,1578.6,,,
8/03/2013,1576.9,1578.9,1580.5,,,
11/03/2013,1578,1580.1,1581.6,,,
12/03/2013,1591.7,1593.8,1595.3,,,
13/03/2013,1588.4,1590.5,1592,,,
14/03/2013,1590.7,1592.8,1594.3,,,
15/03/2013,1592.6,1594.7,1596.2,,,
18/03/2013,1604.6,1606.6,1608.1,,,
19/03/2013,1611.3,1613.3,1614.9,,,
20/03/2013,1607.5,1609.4,1611,,,
21/03/2013,1613.8,1615.7,1617.4,,,
22/03/2013,1606.1,1608,1609.7,,,
25/03/2013,1604.5,1606.5,1608.3,,,
26/03/2013,1595.7,1597.3,1599,,,
27/03/2013,1606.2,1607.2,1608.9,,,
28/03/2013,1594.8,1595.7,1597.4,,,
1/04/2013,1600,1600.9,1602.6,,,
2/04/2013,1575.1,1575.9,1577.5,,,
3/04/2013,1552.8,1553.5,1555.1,,,
4/04/2013,1551.8,1552.4,1553.9,,,
5/04/2013,1575.4,1575.9,1577.5,,,
8/04/2013,1572,1572.5,1574.1,,,
9/04/2013,1586.2,1586.7,1588.3,,,
10/04/2013,1558.3,1558.8,1560.4,,,
11/04/2013,1564.3,1564.9,1566.5,,,
12/04/2013,1501,1501.4,1502.9,,,
15/04/2013,1360.6,1361.1,1362.1,,,
16/04/2013,1386.8,1387.4,1388.5,,,
17/04/2013,1382.2,1382.7,1383.9,,,
18/04/2013,1392,1392.5,1393.8,,,
19/04/2013,1395.3,1395.6,1397,,,
22/04/2013,1421,1421.2,1422.7,,,
23/04/2013,1408.6,1408.8,1410.3,,,
24/04/2013,1423.4,1423.7,1425.3,,,
25/04/2013,1461.8,1462,1463.7,,,
26/04/2013,1453.6,1453.6,1455.1,,,
29/04/2013,1467.4,1468.9,1470.2,,,
30/04/2013,1472.1,1473.5,1474.8,,,
1/05/2013,1446.2,1447.6,1448.9,,,
2/05/2013,1467.6,1469.1,1470.4,,,
3/05/2013,1464.2,1465.6,1466.8,,,
6/05/2013,1468,1469.5,1470.7,,,
7/05/2013,1448.8,1450.4,1451.6,,,
8/05/2013,1473.7,1475.3,1476.4,,,
9/05/2013,1468.6,1470,1471.1,,,
10/05/2013,1436.6,1437.9,1439,,,
13/05/2013,1434.3,1435.6,1436.6,,,
14/05/2013,1424.5,1425.8,1426.9,,,
15/05/2013,1396.2,1397.5,1398.6,,,
16/05/2013,1386.9,1388.2,1389.3,,,
17/05/2013,1364.7,1366,1367.1,,,
20/05/2013,1384.1,1385.4,1386.5,,,
21/05/2013,1377.6,1378.8,1379.9,,,
22/05/2013,1367.4,1368.4,1369.5,,,
23/05/2013,1391.8,1392.8,1393.9,,,
24/05/2013,1386.6,1387.5,1388.6,,,
28/05/2013,1378.9,1379.7,1380.8,,,
29/05/2013,1391.3,1391.8,1392.9,,,
30/05/2013,1411.5,1412,1413.2,,,
31/05/2013,1392.6,1393,1394.2,,,
3/06/2013,1411.7,1411.9,1413.2,,,
4/06/2013,1397.1,1397.2,1398.5,,,
5/06/2013,1398.4,1398.5,1399.8,,,
6/06/2013,1415.7,1415.8,1417.1,,,
7/06/2013,1383,1383,1384.2,,,
10/06/2013,1386.2,1386,1387.2,,,
11/06/2013,1377,1377,1378.2,,,
12/06/2013,1391.8,1392,1393.2,,,
13/06/2013,1377.6,1377.8,1379,,,
14/06/2013,1387.3,1387.6,1388.8,,,
17/06/2013,1382.8,1383.1,1384.3,,,
18/06/2013,1366.6,1366.9,1368.1,,,
19/06/2013,1373.6,1374,1375.2,,,
20/06/2013,1285.9,1286.2,1287.3,,,
21/06/2013,1291.6,1292,1293.1,,,
24/06/2013,1276.8,1277.1,1278.2,,,
25/06/2013,1274.8,1275.1,1276.1,,,
26/06/2013,1229.6,1229.8,1230.8,,,
27/06/2013,1211.6,1212.7,1213.5,,,
28/06/2013,1223.7,1224.8,1225.9,,,
1/07/2013,1255.7,1256.9,1258,,,
2/07/2013,1243.4,1244.6,1245.8,,,
3/07/2013,1251.9,1253.1,1254.3,,,
5/07/2013,1212.7,1213.9,1215,,,
8/07/2013,1234.9,1236.1,1237.2,,,
9/07/2013,1245.9,1247.1,1248.2,,,
10/07/2013,1247.4,1248.6,1249.6,,,
11/07/2013,1279.9,1281,1282,,,
12/07/2013,1277.6,1278.7,1279.6,,,
15/07/2013,1283.5,1284.5,1285.4,,,
16/07/2013,1290.4,1291.2,1292,,,
17/07/2013,1277.5,1278.1,1278.8,,,
18/07/2013,1284.2,1284.8,1285.5,,,
19/07/2013,1292.9,1293.4,1294,,,
22/07/2013,1336,1336.6,1337.3,,,
23/07/2013,1334.7,1334.9,1335.2,,,
24/07/2013,1319.5,1319.8,1320.1,,,
25/07/2013,1328.8,1329.1,1329.5,,,
26/07/2013,1321.5,1321.6,1321.9,,,
29/07/2013,1328.4,1329,1329.6,,,
30/07/2013,1324,1324.4,1324.8,,,
31/07/2013,1312.4,1312.6,1313,,,
1/08/2013,1311,1310.8,1311.2,,,
2/08/2013,1310.6,1310.3,1310.5,,,
5/08/2013,1302.6,1302.2,1302.4,,,
6/08/2013,1283.2,1282.6,1282.5,,,
7/08/2013,1286.1,1285.5,1285.3,,,
8/08/2013,1310.7,1310.1,1309.9,,,
9/08/2013,1312.9,1312.3,1312.2,,,
12/08/2013,1334.7,1334.3,1334.2,,,
13/08/2013,1321.2,1320.6,1320.5,,,
14/08/2013,1334,1333.6,1333.4,,,
15/08/2013,1361.6,1361.1,1360.9,,,
16/08/2013,1371.7,1371,1371,,,
19/08/2013,1366.2,1365.7,1365.7,,,
20/08/2013,1373.1,1372.6,1372.6,,,
21/08/2013,1370.6,1370.1,1370.1,,,
22/08/2013,1371.2,1370.7,1370.8,,,
23/08/2013,1395.7,1395.6,1395.8,,,
26/08/2013,1393,1393,1393.1,,,
27/08/2013,1420.6,1420,1420.2,,,
28/08/2013,1419,1418.5,1418.8,,,
29/08/2013,1412.6,1412.9,1413.7,,,
30/08/2013,1395.8,1396.1,1396.8,,,
3/09/2013,1411.7,1412,1412.8,,,
4/09/2013,1389.6,1390,1390.7,,,
5/09/2013,1372.6,1373,1373.7,,,
6/09/2013,1386.2,1386.5,1387.3,,,
9/09/2013,1386.4,1386.7,1387.5,,,
10/09/2013,1363.7,1364,1364.9,,,
11/09/2013,1363.5,1363.8,1364.7,,,
12/09/2013,1330.3,1330.6,1331.5,,,
13/09/2013,1308.4,1308.6,1309.5,,,
16/09/2013,1317.8,1317.8,1318.7,,,
17/09/2013,1309.4,1309.4,1310.4,,,
18/09/2013,1307.7,1307.6,1308.6,,,
19/09/2013,1369.5,1369.3,1370.3,,,
20/09/2013,1332.6,1332.5,1333.4,,,
23/09/2013,1327,1327,1327.8,,,
24/09/2013,1316,1316.3,1317.1,,,
25/09/2013,1335.9,1336.2,1337,,,
26/09/2013,1323.6,1324.1,1324.8,,,
27/09/2013,1338.4,1339.2,1339.9,,,
30/09/2013,1326.5,1327,1327.7,,,
1/10/2013,1286,1286.1,1286.8,,,
2/10/2013,1320.6,1320.7,1321.4,,,
3/10/2013,1317.4,1317.6,1318.4,,,
4/10/2013,1309.7,1309.9,1310.6,,,
7/10/2013,1324.8,1325.1,1325.8,,,
8/10/2013,1324.2,1324.6,1325.4,,,
9/10/2013,1306.9,1307.2,1307.9,,,
10/10/2013,1296.6,1296.9,1297.6,,,
11/10/2013,1268,1268.2,1268.8,,,
14/10/2013,1276.4,1276.6,1277.2,,,
15/10/2013,1273,1273.2,1273.8,,,
16/10/2013,1282,1282.3,1282.9,,,
17/10/2013,1322.7,1323,1323.6,,,
18/10/2013,1314.4,1314.6,1315.2,,,
21/10/2013,1315.7,1315.8,1316.3,,,
22/10/2013,1342.5,1342.6,1343,,,
23/10/2013,1333.9,1334,1334.5,,,
24/10/2013,1350.2,1350.3,1350.8,,,
25/10/2013,1352.4,1352.5,1353.1,,,
28/10/2013,1352,1352.2,1352.9,,,
29/10/2013,1345.2,1345.5,1346.2,,,
30/10/2013,1349.3,1350.1,1350.6,,,
31/10/2013,1323.7,1324.5,1325,,,
1/11/2013,1313.2,1314,1314.5,,,
4/11/2013,1314.7,1315.6,1316.2,,,
5/11/2013,1308.1,1309,1309.7,,,
6/11/2013,1317.8,1318.7,1319.4,,,
7/11/2013,1308.5,1309.5,1310.3,,,
8/11/2013,1284.6,1285.7,1286.6,,,
11/11/2013,1281.1,1282.2,1283.1,,,
12/11/2013,1271.2,1272.3,1273.2,,,
13/11/2013,1268.4,1269.5,1270.4,,,
14/11/2013,1286.3,1287.3,1288.2,,,
15/11/2013,1287.4,1288.3,1289.2,,,
18/11/2013,1272.3,1273.2,1274,,,
19/11/2013,1273.5,1274.4,1275.3,,,
20/11/2013,1258,1258.9,1259.8,,,
21/11/2013,1243.6,1244.3,1245.1,,,
22/11/2013,1244.1,1244.6,1245.4,,,
25/11/2013,1241.2,1241.6,1242.4,,,
26/11/2013,1241.4,1241.5,1242.4,,,
27/11/2013,1237.8,1237.9,1238.8,,,
29/11/2013,1250.6,1250.4,1251.3,,,
2/12/2013,1222.3,1221.9,1222.7,,,
3/12/2013,1221.7,1220.8,1221.5,,,
4/12/2013,1248.2,1247.2,1247.9,,,
5/12/2013,1233.2,1231.9,1232.6,,,
6/12/2013,1230.3,1229,1229.6,,,
9/12/2013,1235.3,1234.2,1234.8,,,
10/12/2013,1262.4,1261.1,1261.7,,,
11/12/2013,1258.5,1257.2,1257.9,,,
12/12/2013,1226,1224.9,1225.6,,,
13/12/2013,1235.7,1234.6,1235.3,,,
16/12/2013,1245.5,1244.4,1245.2,,,
17/12/2013,1231.2,1230.1,1230.9,,,
18/12/2013,1236.1,1235,1235.8,,,
19/12/2013,1195,1193.6,1194.4,,,
20/12/2013,1205.1,1203.7,1204.4,,,
23/12/2013,1198.4,1197,1197.7,,,
24/12/2013,1205.1,1203.3,1204,,,
26/12/2013,1214.1,1212.3,1213.1,,,
27/12/2013,1216.1,1214,1214.7,,,
30/12/2013,1203.8,1204.5,1205.2,,,
31/12/2013,1202.3,1203,1203.6,,,
2/01/2014,1225.2,1225.9,1226.5,,,
3/01/2014,1238.6,1239.4,1240,,,
6/01/2014,1238,1238.7,1239.3,,,
7/01/2014,1229.6,1230.2,1230.8,,,
8/01/2014,1225.5,1226.1,1226.7,,,
9/01/2014,1229.4,1229.9,1230.5,,,
10/01/2014,1246.9,1247.5,1248.2,,,
13/01/2014,1251.1,1251.8,1252.5,,,
14/01/2014,1245.4,1246,1246.8,,,
15/01/2014,1238.3,1238.8,1239.6,,,
16/01/2014,1240.2,1240.6,1241.2,,,
17/01/2014,1251.9,1252.3,1252.9,,,
21/01/2014,1241.8,1242,1242.6,,,
22/01/2014,1238.6,1238.7,1239.3,,,
23/01/2014,1262.3,1262.5,1263.1,,,
24/01/2014,1264.3,1264.5,1265.1,,,
27/01/2014,1263.4,1263.5,1264.1,,,
28/01/2014,1250.8,1250.5,1251,,,
29/01/2014,1262.2,1262.2,1262.7,,,
30/01/2014,1242.2,1242.5,1243,,,
31/01/2014,1240.1,1239.8,1240.3,,,
3/02/2014,1260.4,1259.9,1260.3,,,
4/02/2014,1251.7,1251.2,1251.5,,,
5/02/2014,1257.3,1256.9,1257.2,,,
6/02/2014,1257.6,1257.2,1257.5,,,
7/02/2014,1263.3,1262.9,1263.3,,,
10/02/2014,1274.8,1274.7,1275.1,,,
11/02/2014,1290.1,1289.8,1290.2,,,
12/02/2014,1295.3,1295,1295.1,,,
13/02/2014,1300.4,1300.1,1300.3,,,
14/02/2014,1319,1318.6,1318.8,,,
18/02/2014,1324.7,1324.4,1324.6,,,
19/02/2014,1320.6,1320.4,1320.6,,,
20/02/2014,1317.1,1316.9,1317.1,,,
21/02/2014,1323.9,1323.6,1323.9,,,
24/02/2014,1338.3,1338,1338.2,,,
25/02/2014,1343,1342.7,1342.9,,,
26/02/2014,1328.2,1328,1328.3,,,
27/02/2014,1331.8,1332.1,1332.3,,,
28/02/2014,1321.6,1321.9,1322.2,,,
3/03/2014,1350.3,1350.6,1350.9,,,
4/03/2014,1337.9,1338.2,1338.5,,,
5/03/2014,1340.3,1340.6,1340.9,,,
6/03/2014,1351.8,1352.1,1352.4,,,
7/03/2014,1338.2,1338.5,1338.8,,,
10/03/2014,1341.5,1341.8,1342.2,,,
11/03/2014,1346.7,1347,1347.4,,,
12/03/2014,1370.5,1370.7,1371,,,
13/03/2014,1372.4,1372.6,1372.9,,,
14/03/2014,1379,1379.2,1379.5,,,
17/03/2014,1372.9,1373.1,1373.4,,,
18/03/2014,1359,1359.1,1359.4,,,
19/03/2014,1341.3,1341.5,1341.8,,,
20/03/2014,1330.5,1330.7,1331,,,
21/03/2014,1336,1336,1336.2,,,
24/03/2014,1311.2,1311.1,1311.4,,,
25/03/2014,1311.4,1311.4,1311.7,,,
26/03/2014,1303.4,1303.4,1303.7,,,
27/03/2014,1294.7,1294.8,1295.1,,,
28/03/2014,1293.8,1294.3,1294.6,,,
31/03/2014,1283.4,1283.8,1284.1,,,
1/04/2014,1279.6,1280,1280.2,,,
2/04/2014,1290.5,1290.8,1291.1,,,
3/04/2014,1284.4,1284.6,1284.9,,,
4/04/2014,1303.2,1303.5,1303.8,,,
7/04/2014,1298,1298.3,1298.6,,,
8/04/2014,1308.7,1309.1,1309.4,,,
9/04/2014,1305.5,1305.9,1306.1,,,
10/04/2014,1320.1,1320.5,1320.7,,,
11/04/2014,1318.7,1319,1319.2,,,
14/04/2014,1327.2,1327.5,1327.7,,,
15/04/2014,1300,1300.3,1300.5,,,
16/04/2014,1303.1,1303.5,1303.7,,,
17/04/2014,1293.4,1293.9,1294,,,
21/04/2014,1288,1288.5,1288.6,,,
22/04/2014,1280.6,1281.1,1281.1,,,
23/04/2014,1284.2,1284.6,1284.6,,,
24/04/2014,1290.5,1290.6,1290.7,,,
25/04/2014,1300.7,1300.8,1300.9,,,
28/04/2014,1298.9,1299,1299.1,,,
29/04/2014,1296.3,1296.5,1296.6,,,
30/04/2014,1295.9,1296,1296.1,,,
1/05/2014,1283.4,1283.6,1283.7,,,
2/05/2014,1302.9,1303.1,1303.2,,,
5/05/2014,1309.3,1309.6,1309.8,,,
6/05/2014,1308.6,1308.9,1309,,,
7/05/2014,1288.9,1289.3,1289.4,,,
8/05/2014,1287.7,1288.1,1288.2,,,
9/05/2014,1287.6,1287.9,1288.1,,,
12/05/2014,1295.8,1296,1296.3,,,
13/05/2014,1294.8,1295.1,1295.4,,,
14/05/2014,1305.9,1306.2,1306.4,,,
15/05/2014,1293.6,1293.9,1294.2,,,
16/05/2014,1293.4,1293.6,1293.9,,,
19/05/2014,1293.8,1294,1294.4,,,
20/05/2014,1294.6,1294.8,1295.1,,,
21/05/2014,1288.1,1288.3,1288.6,,,
22/05/2014,1295,1295.2,1295.5,,,
23/05/2014,1291.7,1291.9,1292.2,,,
27/05/2014,1265.5,1265.7,1266,,,
28/05/2014,1259.3,1259.7,1260,,,
29/05/2014,1256.3,1257.1,1257.5,,,
30/05/2014,1245.6,1246,1246.3,,,
2/06/2014,1243.7,1244,1244.3,,,
3/06/2014,1244.3,1244.5,1244.8,,,
4/06/2014,1244,1244.3,1244.6,,,
5/06/2014,1253,1253.3,1253.6,,,
6/06/2014,1252.1,1252.5,1252.8,,,
9/06/2014,1253.5,1253.9,1254.2,,,
10/06/2014,1259.8,1260.1,1260.5,,,
11/06/2014,1260.8,1261.2,1261.6,,,
12/06/2014,1273.6,1274,1274.4,,,
13/06/2014,1273.7,1274.1,1274.5,,,
16/06/2014,1274.9,1275.3,1275.7,,,
17/06/2014,1271.7,1272,1272.3,,,
18/06/2014,1272.4,1272.7,1273,,,
19/06/2014,1313.7,1314.1,1314.4,,,
20/06/2014,1316.2,1316.6,1317,,,
23/06/2014,1318,1318.4,1318.7,,,
24/06/2014,1320.9,1321.3,1321.6,,,
25/06/2014,1322.2,1322.6,1322.9,,,
26/06/2014,1316.1,1317,1317.3,,,
27/06/2014,1320,1320.4,1320.9,,,
30/06/2014,1322,1322.4,1322.8,,,
1/07/2014,1326.6,1327,1327.4,,,
2/07/2014,1330.9,1331.3,1331.8,,,
3/07/2014,1320.6,1321.1,1321.6,,,
7/07/2014,1317,1317.5,1318,,,
8/07/2014,1316.5,1317.1,1317.7,,,
9/07/2014,1324.3,1325,1325.8,,,
10/07/2014,1339.2,1339.9,1340.6,,,
11/07/2014,1337.4,1338.1,1338.9,,,
14/07/2014,1306.7,1307.4,1308.1,,,
15/07/2014,1297.1,1297.8,1298.5,,,
16/07/2014,1299.8,1300.6,1301.3,,,
17/07/2014,1316.9,1317.7,1318.5,,,
18/07/2014,1309.4,1310.2,1311,,,
21/07/2014,1313.9,1314.7,1315.5,,,
22/07/2014,1306.3,1307.1,1308,,,
23/07/2014,1304.7,1305.6,1306.5,,,
24/07/2014,1290.8,1291.7,1292.7,,,
25/07/2014,1303.3,1304.3,1305.3,,,
28/07/2014,1303.3,1304.6,1305.8,,,
29/07/2014,1298.3,1299.4,1300.5,,,
30/07/2014,1294.9,1295.9,1296.9,,,
31/07/2014,1281.3,1281.9,1282.8,,,
1/08/2014,1293.6,1294.1,1294.8,,,
4/08/2014,1287.7,1288.3,1288.9,,,
5/08/2014,1284,1284.6,1285.3,,,
6/08/2014,1306.7,1307.4,1308.2,,,
7/08/2014,1310.8,1311.6,1312.5,,,
8/08/2014,1308.9,1310.1,1311,,,
11/08/2014,1308.5,1309.7,1310.5,,,
12/08/2014,1308.8,1309.8,1310.6,,,
13/08/2014,1312.8,1313.7,1314.5,,,
14/08/2014,1313.9,1314.9,1315.7,,,
15/08/2014,1304.5,1305.4,1306.2,,,
18/08/2014,1297.7,1298.5,1299.3,,,
19/08/2014,1295.1,1295.9,1296.7,,,
20/08/2014,1293.4,1294.3,1295.2,,,
21/08/2014,1273.7,1274.5,1275.4,,,
22/08/2014,1278.6,1279.3,1280.2,,,
25/08/2014,1277.3,1278,1278.9,,,
26/08/2014,1283.8,1284.3,1285.2,,,
27/08/2014,1281.9,1282.5,1283.4,,,
28/08/2014,1289.5,1290.4,1291.3,,,
29/08/2014,1286.5,1287.4,1288.2,,,
2/09/2014,1264.3,1265,1265.7,,,
3/09/2014,1269.4,1270.3,1271.1,,,
4/09/2014,1265.6,1266.5,1267.3,,,
5/09/2014,1266.3,1267.3,1268.2,,,
8/09/2014,1253.2,1254.3,1255.3,,,
9/09/2014,1247.3,1248.5,1249.5,,,
10/09/2014,1244.1,1245.3,1246.4,,,
11/09/2014,1237.9,1239,1240,,,
12/09/2014,1230.4,1231.5,1232.4,,,
15/09/2014,1234.1,1235.1,1236,,,
16/09/2014,1235.7,1236.7,1237.6,,,
17/09/2014,1234.9,1235.9,1236.8,,,
18/09/2014,1225.9,1226.9,1227.8,,,
19/09/2014,1215.5,1216.6,1217.5,,,
22/09/2014,1216.8,1217.9,1218.8,,,
23/09/2014,1221,1222,1222.7,,,
24/09/2014,1218.6,1219.5,1220.2,,,
25/09/2014,1221.2,1221.9,1222.6,,,
26/09/2014,1214.1,1215.4,1216.1,,,
29/09/2014,1217.5,1218.8,1219.5,,,
30/09/2014,1210.5,1211.6,1212.3,,,
1/10/2014,1214.6,1215.5,1216.1,,,
2/10/2014,1214.2,1215.1,1215.7,,,
3/10/2014,1192.2,1192.9,1193.5,,,
6/10/2014,1206.7,1207.3,1207.9,,,
7/10/2014,1211.7,1212.4,1213,,,
8/10/2014,1205.3,1206,1206.6,,,
9/10/2014,1224.6,1225.3,1225.9,,,
10/10/2014,1221,1221.7,1222.3,,,
13/10/2014,1229.3,1230,1230.6,,,
14/10/2014,1233.6,1234.3,1234.9,,,
15/10/2014,1244.1,1244.8,1245.5,,,
16/10/2014,1240.5,1241.2,1241.9,,,
17/10/2014,1238.3,1239,1239.8,,,
20/10/2014,1244,1244.7,1245.5,,,
21/10/2014,1251,1251.7,1252.7,,,
22/10/2014,1244.8,1245.5,1246.6,,,
23/10/2014,1228.5,1229.1,1230.1,,,
24/10/2014,1231.2,1231.8,1232.8,,,
27/10/2014,1229.1,1229.3,1230.2,,,
28/10/2014,1229.2,1229.4,1230.3,,,
29/10/2014,1224.3,1224.9,1225.9,,,
30/10/2014,1198.6,1199.5,1200.1,,,
31/10/2014,1171.6,1172.4,1172.9,,,
3/11/2014,1169.8,1170.6,1171.1,,,
4/11/2014,1167.7,1168.5,1169,,,
5/11/2014,1145.7,1146.5,1147,,,
6/11/2014,1142.6,1143.3,1143.8,,,
7/11/2014,1169.8,1170.6,1171,,,
10/11/2014,1159.8,1160.7,1161.2,,,
11/11/2014,1163,1164,1164.5,,,
12/11/2014,1159.1,1159.9,1160.4,,,
13/11/2014,1161.5,1162.3,1162.8,,,
14/11/2014,1185.6,1186.3,1186.8,,,
17/11/2014,1183.5,1184.3,1184.9,,,
18/11/2014,1197.1,1197.8,1198.4,,,
19/11/2014,1193.9,1194.6,1195.2,,,
20/11/2014,1190.9,1191.5,1192,,,
21/11/2014,1197.7,1198.4,1198.9,,,
24/11/2014,1195.7,1196.6,1197.1,,,
25/11/2014,1197.1,1197.8,1198.4,,,
26/11/2014,1196.6,1197.5,1198.1,,,
28/11/2014,1175.2,1175.5,1176,,,
1/12/2014,1218,1218.1,1218.7,,,
2/12/2014,1199.2,1199.4,1199.9,,,
3/12/2014,1208.5,1208.7,1209.2,,,
4/12/2014,1207.5,1207.7,1208.2,,,
5/12/2014,1190.1,1190.4,1191,,,
8/12/2014,1194.7,1194.9,1195.5,,,
9/12/2014,1231.5,1232,1232.6,,,
10/12/2014,1228.9,1229.4,1230,,,
11/12/2014,1225.1,1225.6,1226.2,,,
12/12/2014,1222,1222.5,1223.1,,,
15/12/2014,1207.2,1207.7,1208.3,,,
16/12/2014,1193.9,1194.3,1195,,,
17/12/2014,1194.3,1194.5,1195.2,,,
18/12/2014,1194.7,1194.8,1195.5,,,
19/12/2014,1195.9,1196,1196.7,,,
22/12/2014,1179.7,1179.8,1180.5,,,
23/12/2014,1177.9,1178,1178.7,,,
24/12/2014,1173.5,1173.5,1174.3,,,
26/12/2014,1195.3,1195.3,1196.1,,,
29/12/2014,1181.7,1181.9,1182.7,,,
30/12/2014,1200.4,1201.2,1201.7,,,
31/12/2014,1184.1,1184.9,1185.4,,,
2/01/2015,1186.2,1187.1,1187.6,,,
5/01/2015,1204,1204.9,1205.5,,,
6/01/2015,1219.4,1220.2,1220.7,,,
7/01/2015,1210.7,1211.5,1212,,,
8/01/2015,1208.5,1209.3,1209.9,,,
9/01/2015,1216.1,1217,1217.6,,,
12/01/2015,1232.8,1233.7,1234.3,,,
13/01/2015,1234.4,1235.3,1235.9,,,
14/01/2015,1234.5,1235.4,1236,,,
15/01/2015,1264.8,1265.7,1266.3,,,
16/01/2015,1276.9,1277.9,1278.5,,,
20/01/2015,1294.2,1295.2,1295.8,,,
21/01/2015,1293.7,1294.7,1295.2,,,
22/01/2015,1300.7,1301.7,1302.3,,,
23/01/2015,1292.6,1293.6,1294.3,,,
26/01/2015,1279.4,1280.4,1281.2,,,
27/01/2015,1291.7,1292.9,1293.7,,,
28/01/2015,1285.9,1287.2,1287.9,,,
29/01/2015,1254.6,1255.9,1256.6,,,
30/01/2015,1278.5,1279.2,1280,,,
2/02/2015,1276.2,1276.9,1277.7,,,
3/02/2015,1259.7,1260.3,1261.1,,,
4/02/2015,1263.8,1264.5,1265.3,,,
5/02/2015,1262,1262.7,1263.5,,,
6/02/2015,1233.9,1234.6,1235.4,,,
9/02/2015,1240.8,1241.5,1242.3,,,
10/02/2015,1231.6,1232.2,1233,,,
11/02/2015,1219,1219.6,1220.4,,,
12/02/2015,1220.1,1220.7,1221.4,,,
13/02/2015,1226.5,1227.1,1227.9,,,
17/02/2015,1208.1,1208.6,1209.4,,,
18/02/2015,1199.7,1200.2,1201,,,
19/02/2015,1207.1,1207.6,1208.4,,,
20/02/2015,1204.4,1204.9,1205.7,,,
23/02/2015,1200.3,1200.8,1201.6,,,
24/02/2015,1196.9,1197.3,1198.1,,,
25/02/2015,1201,1201.5,1202.3,,,
26/02/2015,1210.1,1211,1211.7,,,
27/02/2015,1213.1,1214,1214.7,,,
2/03/2015,1208.2,1209.2,1210,,,
3/03/2015,1204.4,1205.4,1206.3,,,
4/03/2015,1200.9,1201.9,1202.8,,,
5/03/2015,1196.2,1197.2,1198.1,,,
6/03/2015,1164.3,1165.4,1166.2,,,
9/03/2015,1166.5,1167.6,1168.5,,,
10/03/2015,1160.1,1161.1,1162,,,
11/03/2015,1150.6,1151.6,1152.4,,,
12/03/2015,1151.9,1152.9,1153.7,,,
13/03/2015,1152.4,1153.3,1154.1,,,
16/03/2015,1153.2,1154,1154.8,,,
17/03/2015,1148.2,1149,1149.8,,,
18/03/2015,1151.3,1152,1152.8,,,
19/03/2015,1169,1169.8,1170.6,,,
20/03/2015,1184.6,1185.4,1186.2,,,
23/03/2015,1187.7,1188.4,1189.2,,,
24/03/2015,1191.4,1192.1,1192.9,,,
25/03/2015,1197,1198,1198.9,,,
26/03/2015,1204.8,1205.7,1206.5,,,
27/03/2015,1199.8,1200.7,1201.6,,,
30/03/2015,1184.8,1185.3,1186.2,,,
31/03/2015,1183.1,1183.2,1184.1,,,
1/04/2015,1208.1,1208.2,1209.1,,,
2/04/2015,1200.9,1200.9,1201.8,,,
6/04/2015,1218.6,1218.6,1219.5,,,
7/04/2015,1210.6,1210.6,1211.5,,,
8/04/2015,1203.1,1203.1,1203.9,,,
9/04/2015,1193.6,1193.6,1194.4,,,
10/04/2015,1204.6,1204.6,1205.5,,,
13/04/2015,1199.3,1199.3,1200.2,,,
14/04/2015,1192.8,1192.6,1193.5,,,
15/04/2015,1201.5,1201.3,1202.2,,,
16/04/2015,1198,1198,1198.9,,,
17/04/2015,1202.9,1203.1,1204.1,,,
20/04/2015,1193.5,1193.7,1194.7,,,
21/04/2015,1202.9,1203.1,1204.1,,,
22/04/2015,1186.9,1186.9,1187.9,,,
23/04/2015,1194.4,1194.3,1195.3,,,
24/04/2015,1175.2,1175,1176,,,
27/04/2015,1203.3,1203.2,1204.2,,,
28/04/2015,1214,1213.9,1214.9,,,
29/04/2015,1210,1211,1211.8,,,
30/04/2015,1182.4,1183.4,1184.2,,,
1/05/2015,1174.5,1175.5,1176.3,,,
4/05/2015,1186.8,1187.9,1188.7,,,
5/05/2015,1193.2,1194.3,1195.2,,,
6/05/2015,1190.3,1191.4,1192.3,,,
7/05/2015,1182.2,1183.3,1184.2,,,
8/05/2015,1188.9,1190,1190.9,,,
11/05/2015,1183,1184,1184.9,,,
12/05/2015,1192.4,1193.4,1194.3,,,
13/05/2015,1218.2,1219.2,1220.1,,,
14/05/2015,1225.2,1226.2,1227.1,,,
15/05/2015,1225.3,1226.3,1227.2,,,
18/05/2015,1227.6,1228.6,1229.5,,,
19/05/2015,1206.7,1207.7,1208.6,,,
20/05/2015,1208.7,1209.8,1210.7,,,
21/05/2015,1204.1,1205.1,1206,,,
22/05/2015,1204,1204.9,1205.8,,,
26/05/2015,1186.9,1187.8,1188.7,,,
27/05/2015,1185.6,1186.5,1187.4,,,
28/05/2015,1188.1,1188.8,1189.7,,,
29/05/2015,1189.4,1189.8,1190.7,,,
1/06/2015,1188.3,1188.7,1189.6,,,
2/06/2015,1194.1,1194.4,1195.3,,,
3/06/2015,1184.7,1184.9,1185.8,,,
4/06/2015,1174.9,1175.2,1176.1,,,
5/06/2015,1167.8,1168.1,1169,,,
8/06/2015,1173.2,1173.6,1174.5,,,
9/06/2015,1177.3,1177.6,1178.5,,,
10/06/2015,1186.1,1186.6,1187.5,,,
11/06/2015,1179.9,1180.4,1181.4,,,
12/06/2015,1178.8,1179.2,1180.2,,,
15/06/2015,1185.3,1185.8,1186.8,,,
16/06/2015,1180.5,1180.9,1181.9,,,
17/06/2015,1176.4,1176.8,1177.8,,,
18/06/2015,1201.5,1202,1203,,,
19/06/2015,1201.5,1201.9,1202.9,,,
22/06/2015,1183.7,1184.1,1185.1,,,
23/06/2015,1176.2,1176.6,1177.6,,,
24/06/2015,1172.6,1172.9,1173.9,,,
25/06/2015,1171.5,1171.8,1172.8,,,
26/06/2015,1172.9,1173.2,1174.3,,,
29/06/2015,1179,1180.1,1181.3,,,
30/06/2015,1171.8,1172.8,1174,,,
1/07/2015,1169.3,1170.4,1171.6,,,
2/07/2015,1163.5,1164.6,1165.8,,,
6/07/2015,1173.2,1174.3,1175.5,,,
7/07/2015,1152.6,1153.7,1154.9,,,
8/07/2015,1163.5,1164.6,1165.8,,,
9/07/2015,1159.2,1160.3,1161.5,,,
10/07/2015,1157.9,1159,1160.2,,,
13/07/2015,1155.4,1156.5,1157.7,,,
14/07/2015,1153.5,1154.5,1155.7,,,
15/07/2015,1147.4,1148.4,1149.6,,,
16/07/2015,1143.9,1144.8,1146,,,
17/07/2015,1131.9,1132.5,1133.5,,,
20/07/2015,1106.8,1107.4,1108.2,,,
21/07/2015,1103.5,1104,1104.6,,,
22/07/2015,1091.5,1092,1092.6,,,
23/07/2015,1094.1,1094.4,1095.1,,,
24/07/2015,1085.5,1085.6,1086,,,
27/07/2015,1096.4,1096.6,1096.9,,,
28/07/2015,1096.2,1096.3,1096.7,,,
29/07/2015,1092.6,1092.9,1093.3,,,
30/07/2015,1088.4,1088.4,1088.7,,,
31/07/2015,1094.9,1094.7,1095.1,,,
3/08/2015,1089.4,1089,1089.4,,,
4/08/2015,1090.7,1090.3,1090.7,,,
5/08/2015,1085.7,1085.3,1085.6,,,
6/08/2015,1090.2,1089.8,1090.1,,,
7/08/2015,1094.1,1093.8,1094.1,,,
10/08/2015,1104.2,1103.8,1104.1,,,
11/08/2015,1107.6,1107.5,1107.7,,,
12/08/2015,1123.2,1123.3,1123.6,,,
13/08/2015,1115.7,1115.3,1115.6,,,
14/08/2015,1112.9,1112.4,1112.7,,,
17/08/2015,1118.6,1118.1,1118.4,,,
18/08/2015,1117.1,1116.6,1116.9,,,
19/08/2015,1128.1,1127.6,1127.9,,,
20/08/2015,1153,1152.8,1153.2,,,
21/08/2015,1159.6,1159.2,1159.6,,,
24/08/2015,1153.4,1153.1,1153.6,,,
25/08/2015,1138.2,1137.9,1138.3,,,
26/08/2015,1124.6,1124.2,1124.6,,,
27/08/2015,1122.4,1122.2,1122.6,,,
28/08/2015,1133.5,1134,1134.9,,,
31/08/2015,1132,1132.5,1133.4,,,
1/09/2015,1139.3,1139.8,1140.8,,,
2/09/2015,1133.1,1133.6,1134.6,,,
3/09/2015,1124,1124.5,1125.5,,,
4/09/2015,1120.9,1121.4,1122.4,,,
8/09/2015,1120.7,1121,1121.9,,,
9/09/2015,1102,1102,1102.8,,,
10/09/2015,1109.3,1109.3,1110.1,,,
11/09/2015,1103.3,1103.3,1104.1,,,
14/09/2015,1107.5,1107.7,1108.5,,,
15/09/2015,1102.6,1102.6,1103.4,,,
16/09/2015,1119,1119,1119.8,,,
17/09/2015,1117.1,1117,1117.8,,,
18/09/2015,1138.1,1137.8,1138.6,,,
21/09/2015,1133.1,1132.8,1133.6,,,
22/09/2015,1125,1124.8,1125.6,,,
23/09/2015,1131.6,1131.5,1132.3,,,
24/09/2015,1153.8,1153.8,1154.6,,,
25/09/2015,1145.7,1145.6,1146.4,,,
28/09/2015,1131.7,1131.7,1132.6,,,
29/09/2015,1127.1,1126.8,1127.7,,,
30/09/2015,1115.5,1115.2,1116,,,
1/10/2015,1114.2,1113.7,1114.5,,,
2/10/2015,1137.1,1136.6,1137.4,,,
5/10/2015,1138.1,1137.6,1138.5,,,
6/10/2015,1146.8,1146.4,1147.2,,,
7/10/2015,1149,1148.7,1149.6,,,
8/10/2015,1144.7,1144.3,1145.2,,,
9/10/2015,1156.3,1155.9,1156.8,,,
12/10/2015,1164.9,1164.5,1165.4,,,
13/10/2015,1165.8,1165.4,1166.2,,,
14/10/2015,1180.1,1179.8,1180.6,,,
15/10/2015,1187.9,1187.5,1188.3,,,
16/10/2015,1183.6,1183.1,1183.9,,,
19/10/2015,1173.3,1172.8,1173.6,,,
20/10/2015,1178,1177.5,1178.3,,,
21/10/2015,1167.6,1167.1,1167.9,,,
22/10/2015,1166.6,1166.1,1166.9,,,
23/10/2015,1163.3,1162.8,1163.6,,,
26/10/2015,1167,1166.2,1167.1,,,
27/10/2015,1166.8,1165.8,1166.7,,,
28/10/2015,1177.1,1176.1,1177,,,
29/10/2015,1147.3,1148.2,1148.9,,,
30/10/2015,1141.4,1142.3,1143,,,
2/11/2015,1135.9,1136.8,1137.5,,,
3/11/2015,1114.1,1115,1115.7,,,
4/11/2015,1106.2,1107.1,1107.8,,,
5/11/2015,1104.2,1105.2,1105.9,,,
6/11/2015,1087.7,1088.7,1089.5,,,
9/11/2015,1088.1,1089.1,1089.9,,,
10/11/2015,1088.5,1089.4,1090.2,,,
11/11/2015,1084.9,1085.5,1086.3,,,
12/11/2015,1081,1081.5,1082.3,,,
13/11/2015,1080.9,1081.5,1082.2,,,
16/11/2015,1083.6,1084.1,1084.8,,,
17/11/2015,1068.6,1069,1069.7,,,
18/11/2015,1068.7,1068.9,1069.7,,,
19/11/2015,1077.9,1078.1,1078.9,,,
20/11/2015,1076.3,1076.3,1077.1,,,
23/11/2015,1066.8,1066.6,1067.4,,,
24/11/2015,1073.8,1073.3,1074.1,,,
25/11/2015,1070,1069.7,1070.5,,,
27/11/2015,1056.2,1056.2,1056.9,,,
30/11/2015,1065.8,1065.3,1066,,,
1/12/2015,1063.8,1063.5,1064.2,,,
2/12/2015,1054.2,1053.8,1054.5,,,
3/12/2015,1061.7,1061.2,1061.9,,,
4/12/2015,1084.5,1084.1,1084.8,,,
7/12/2015,1076.4,1075.2,1075.9,,,
8/12/2015,1076.3,1075.3,1076,,,
9/12/2015,1077.6,1076.5,1077.2,,,
10/12/2015,1073.1,1072,1072.7,,,
11/12/2015,1076.9,1075.7,1076.4,,,
14/12/2015,1064.7,1063.4,1064.1,,,
15/12/2015,1062.9,1061.6,1062.3,,,
16/12/2015,1078,1076.8,1077.6,,,
17/12/2015,1050.8,1049.6,1050.3,,,
18/12/2015,1066.2,1065,1065.7,,,
21/12/2015,1081.9,1080.6,1081.3,,,
22/12/2015,1074.8,1074.1,1074.8,,,
23/12/2015,1069.4,1068.3,1069,,,
24/12/2015,1077.2,1075.9,1076.7,,,
28/12/2015,1070.5,1068.3,1069,,,
29/12/2015,1077.5,1068,1068.7,,,
30/12/2015,1059.8,1060.4,1061.2,,,
31/12/2015,1060.2,1060.8,1061.5,,,
4/01/2016,1075.2,1075.8,1076.5,,,
5/01/2016,1078.4,1079,1079.7,,,
6/01/2016,1091.9,1092.5,1093.2,,,
7/01/2016,1107.8,1108.4,1109.1,,,
8/01/2016,1097.9,1098.6,1099.2,,,
11/01/2016,1096.2,1096.6,1097.1,,,
12/01/2016,1085.2,1085.4,1085.9,,,
13/01/2016,1087.1,1087.4,1087.9,,,
14/01/2016,1073.6,1073.7,1074.1,,,
15/01/2016,1090.7,1090.8,1091.1,,,
19/01/2016,1089.1,1089.1,1089.4,,,
20/01/2016,1106.2,1106.1,1106.4,,,
21/01/2016,1098.2,1097.9,1098.2,,,
22/01/2016,1096.3,1096.3,1096.5,,,
25/01/2016,1105.3,1105.6,1106.1,,,
26/01/2016,1120.2,1120.6,1121.1,,,
27/01/2016,1115.8,1116.3,1116.8,,,
28/01/2016,1115.6,1116.1,1116.5,,,
29/01/2016,1116.4,1116.4,1116.8,,,
1/02/2016,1127.9,1128,1128.4,,,
2/02/2016,1127.3,1127.2,1127.6,,,
3/02/2016,1141.3,1141.3,1141.7,,,
4/02/2016,1157.6,1157.5,1158,,,
5/02/2016,1157.8,1157.7,1158.2,,,
8/02/2016,1197.9,1197.9,1198.4,,,
9/02/2016,1198.7,1198.6,1199.1,,,
10/02/2016,1194.7,1194.6,1195.1,,,
11/02/2016,1247.9,1247.8,1248.3,,,
12/02/2016,1239.1,1239.4,1239.9,,,
16/02/2016,1207.9,1208.2,1208.6,,,
17/02/2016,1211.1,1211.4,1211.8,,,
18/02/2016,1226.1,1226.3,1226.8,,,
19/02/2016,1230.4,1230.8,1231.3,,,
22/02/2016,1209.5,1210.1,1210.6,,,
23/02/2016,1222.3,1222.6,1223.1,,,
24/02/2016,1238.7,1239.1,1239.7,,,
25/02/2016,1238.2,1238.8,1239.4,,,
26/02/2016,1220.4,1221,1221.6,,,
29/02/2016,1234.4,1235.1,1235.8,,,
1/03/2016,1230.8,1231.5,1232.2,,,
2/03/2016,1241.8,1242.6,1243.4,,,
3/03/2016,1258.2,1259.1,1260,,,
4/03/2016,1270.7,1271.7,1272.6,,,
7/03/2016,1264,1265.1,1266.1,,,
8/03/2016,1262.9,1264.1,1265.1,,,
9/03/2016,1257.4,1258.5,1259.5,,,
10/03/2016,1272.8,1274,1275,,,
11/03/2016,1259.4,1260.7,1261.7,,,
14/03/2016,1245.1,1246.4,1247.5,,,
15/03/2016,1231,1232.2,1233.3,,,
16/03/2016,1229.8,1231,1232.1,,,
17/03/2016,1265,1266.3,1267.4,,,
18/03/2016,1254.3,1255.5,1256.6,,,
21/03/2016,1244.2,1245.7,1246.9,,,
22/03/2016,1248.6,1250.3,1251.7,,,
23/03/2016,1224,1225.6,1226.9,,,
24/03/2016,1221.6,1223.5,1224.9,,,
28/03/2016,1220.1,1222,1223.4,,,
29/03/2016,1235.8,1237.5,1239,,,
30/03/2016,1226.9,1228.6,1230.1,,,
31/03/2016,1234.2,1235.6,1237,,,
1/04/2016,1222.2,1223.5,1224.9,,,
4/04/2016,1218,1219.3,1220.7,,,
5/04/2016,1228.4,1229.6,1231,,,
6/04/2016,1222.5,1223.8,1225.2,,,
7/04/2016,1236.2,1237.5,1238.9,,,
8/04/2016,1242.5,1243.8,1245.3,,,
11/04/2016,1256.7,1258,1259.6,,,
12/04/2016,1259.4,1260.9,1262.6,,,
13/04/2016,1246.8,1248.3,1250,,,
14/04/2016,1225,1226.5,1228.1,,,
15/04/2016,1233.1,1234.6,1236.2,,,
18/04/2016,1233.6,1235,1236.6,,,
19/04/2016,1253,1254.3,1256,,,
20/04/2016,1253.2,1254.4,1256.2,,,
21/04/2016,1249,1250.3,1252.1,,,
22/04/2016,1228.7,1230,1231.7,,,
25/04/2016,1238.9,1240.2,1241.9,,,
26/04/2016,1242.2,1243.4,1245.2,,,
27/04/2016,1249.2,1250.4,1252.3,,,
28/04/2016,1266.4,1268.3,1270,,,
29/04/2016,1290.5,1292.6,1294.4,,,
2/05/2016,1295.8,1298.1,1300,,,
3/05/2016,1291.8,1294.1,1295.9,,,
4/05/2016,1274.4,1276.7,1278.6,,,
5/05/2016,1272.3,1274.6,1276.5,,,
6/05/2016,1294,1296.4,1298.4,,,
9/05/2016,1266.6,1269.1,1271.1,,,
10/05/2016,1264.8,1267.3,1269.4,,,
11/05/2016,1275.5,1278.1,1280.3,,,
12/05/2016,1271.2,1273.5,1275.6,,,
13/05/2016,1272.7,1275,1277.2,,,
16/05/2016,1274.2,1276.6,1278.8,,,
17/05/2016,1276.9,1279.5,1281.7,,,
18/05/2016,1274.4,1277.1,1279.4,,,
19/05/2016,1254.8,1257.6,1260,,,
20/05/2016,1252.9,1256,1258.6,,,
23/05/2016,1251.5,1254.9,1257.5,,,
24/05/2016,1229.2,1232.2,1234.7,,,
25/05/2016,1223.8,1226.6,1229.2,,,
26/05/2016,1220.4,1222.7,1225.3,,,
27/05/2016,1213.8,1216.7,1219.4,,,
31/05/2016,1214.8,1217.5,1220.3,,,
1/06/2016,1211.9,1214.7,1217.6,,,
2/06/2016,1209.8,1212.6,1215.5,,,
3/06/2016,1240.1,1242.9,1245.7,,,
6/06/2016,1244.6,1247.4,1250.3,,,
7/06/2016,1244.4,1247,1249.9,,,
8/06/2016,1259.8,1262.3,1265.2,,,
9/06/2016,1270.2,1272.7,1275.7,,,
10/06/2016,1273.4,1275.9,1279,,,
13/06/2016,1284.4,1286.9,1290,,,
14/06/2016,1285.6,1288.1,1291.2,,,
15/06/2016,1285.8,1288.3,1291.4,,,
16/06/2016,1296.1,1298.4,1301.5,,,
17/06/2016,1292.5,1294.8,1298,,,
20/06/2016,1290,1292.1,1295.3,,,
21/06/2016,1270.5,1272.5,1275.7,,,
22/06/2016,1268,1270,1273.2,,,
23/06/2016,1261.2,1263.1,1266.2,,,
24/06/2016,1320,1322.4,1325.6,,,
27/06/2016,1322.5,1324.7,1328,,,
28/06/2016,1315.3,1317.9,1321.3,,,
29/06/2016,1326.9,1330.3,1333.8,,,
30/06/2016,1320.6,1324,1327.4,,,
1/07/2016,1339,1342.5,1346,,,
5/07/2016,1358.7,1362.2,1365.8,,,
6/07/2016,1367.1,1370.7,1374.3,,,
7/07/2016,1362.1,1365.7,1369.4,,,
8/07/2016,1358.4,1362,1365.7,,,
11/07/2016,1356.6,1360.2,1364,,,
12/07/2016,1335.3,1339,1342.8,,,
13/07/2016,1343.6,1347.4,1351.2,,,
14/07/2016,1332.2,1335.9,1339.7,,,
15/07/2016,1327.4,1331.1,1334.9,,,
18/07/2016,1329.3,1333,1336.8,,,
19/07/2016,1332.3,1336.1,1339.9,,,
20/07/2016,1319.3,1323.1,1326.9,,,
21/07/2016,1331,1334.9,1338.9,,,
22/07/2016,1323.4,1327.4,1331.5,,,
25/07/2016,1319.5,1323.3,1327.2,,,
26/07/2016,1320.8,1324.4,1328.3,,,
27/07/2016,1326.7,1330.4,1334.5,,,
28/07/2016,1332.3,1337,1341.2,,,
29/07/2016,1349,1353.1,1357.5,,,
1/08/2016,1351.4,1355.2,1359.6,,,
2/08/2016,1364.4,1368.2,1372.6,,,
3/08/2016,1356.1,1360.2,1364.7,,,
4/08/2016,1358.8,1362.7,1367.4,,,
5/08/2016,1336.4,1339.5,1344.4,,,
8/08/2016,1333.4,1336.4,1341.3,,,
9/08/2016,1339,1342.1,1346.7,,,
10/08/2016,1344.3,1347.4,1351.9,,,
11/08/2016,1342.5,1345.5,1350,,,
12/08/2016,1335.8,1338.9,1343.2,,,
15/08/2016,1340.3,1343.2,1347.5,,,
16/08/2016,1350.5,1352.7,1356.9,,,
17/08/2016,1342.7,1344.8,1348.8,,,
18/08/2016,1351.2,1353.2,1357.2,,,
19/08/2016,1340.4,1342.2,1346.2,,,
22/08/2016,1337.7,1339.4,1343.4,,,
23/08/2016,1340.6,1342.1,1346.1,,,
24/08/2016,1324.4,1326.1,1329.7,,,
25/08/2016,1320.1,1321.2,1324.6,,,
26/08/2016,1321.5,1322.6,1325.9,,,
29/08/2016,1322.9,1323.7,1327.1,,,
30/08/2016,1313,1316.5,1319.8,,,
31/08/2016,1307.9,1311.4,1314.6,,,
1/09/2016,1313.6,1317.1,1320.4,,,
2/09/2016,1323.2,1326.7,1329.9,,,
6/09/2016,1350.4,1354,1357.3,,,
7/09/2016,1345.3,1349.2,1352.6,,,
8/09/2016,1337.8,1341.6,1345,,,
9/09/2016,1330.7,1334.5,1337.9,,,
12/09/2016,1321.6,1325.6,1329.1,,,
13/09/2016,1319.6,1323.7,1327.3,,,
14/09/2016,1322,1326.1,1329.7,,,
15/09/2016,1314,1318,1321.6,,,
16/09/2016,1306.2,1310.2,1313.7,,,
19/09/2016,1313.8,1317.8,1321.4,,,
20/09/2016,1314,1318.2,1321.7,,,
21/09/2016,1327.2,1331.4,1335,,,
22/09/2016,1340.7,1344.7,1348.4,,,
23/09/2016,1337.5,1341.7,1345.3,,,
26/09/2016,1339.8,1344.1,1347.9,,,
27/09/2016,1326,1330.4,1334.1,,,
28/09/2016,1319.4,1323.7,1327.4,,,
29/09/2016,1321.7,1326,1329.8,,,
30/09/2016,1313.3,1317.1,1320.9,,,
3/10/2016,1309,1312.7,1316.4,,,
4/10/2016,1266.3,1269.7,1273.1,,,
5/10/2016,1265.2,1268.6,1272.1,,,
6/10/2016,1249.8,1253,1256.4,,,
7/10/2016,1248.9,1251.9,1255.3,,,
10/10/2016,1257.5,1260.4,1264,,,
11/10/2016,1253,1255.9,1259.5,,,
12/10/2016,1251.1,1253.8,1257.4,,,
13/10/2016,1255,1257.6,1261.4,,,
14/10/2016,1253.1,1255.5,1259.3,,,
17/10/2016,1254.4,1256.6,1260.5,,,
18/10/2016,1260.8,1262.9,1266.8,,,
19/10/2016,1267.9,1269.9,1273.8,,,
20/10/2016,1265.6,1267.5,1271.4,,,
21/10/2016,1265.9,1267.7,1271.5,,,
24/10/2016,1262,1263.7,1267.3,,,
25/10/2016,1271.9,1273.6,1277.3,,,
26/10/2016,1264.8,1266.6,1270.3,,,
27/10/2016,1267.9,1269.5,1273.1,,,
28/10/2016,1276.8,1280.4,1283.8,,,
31/10/2016,1273.1,1276.9,1280.3,,,
1/11/2016,1288,1291.9,1295.3,,,
2/11/2016,1308.2,1312.2,1315.5,,,
3/11/2016,1303.3,1307.3,1310.8,,,
4/11/2016,1304.5,1308.6,1312.2,,,
7/11/2016,1279.4,1283.4,1286.9,,,
8/11/2016,1274.5,1278.3,1281.9,,,
9/11/2016,1273.5,1277.3,1280.8,,,
10/11/2016,1266.4,1269.7,1272.8,,,
11/11/2016,1224.3,1226.9,1229.6,,,
14/11/2016,1221.7,1224.5,1227,,,
15/11/2016,1224.5,1227.4,1230.2,,,
16/11/2016,1223.9,1226.9,1229.8,,,
17/11/2016,1216.9,1219.6,1222.4,,,
18/11/2016,1208.7,1211.6,1214.4,,,
21/11/2016,1209.8,1212.7,1215.5,,,
22/11/2016,1211.2,1214.1,1217,,,
23/11/2016,1189.3,1192.4,1195.4,,,
25/11/2016,1178.4,1181,1184.1,,,
28/11/2016,1190.8,1193.8,1197,,,
29/11/2016,1187.9,1190.8,1194,,,
30/11/2016,1170.8,1173.9,1177,,,
1/12/2016,1166.9,1169.4,1172.4,,,
2/12/2016,1175.1,1177.8,1180.9,,,
5/12/2016,1174,1176.5,1179.5,,,
6/12/2016,1167.6,1170.1,1172.9,,,
7/12/2016,1175,1177.5,1180.4,,,
8/12/2016,1169.8,1172.4,1175.4,,,
9/12/2016,1159.4,1161.9,1164.8,,,
12/12/2016,1163.5,1165.8,1168.7,,,
13/12/2016,1156.7,1159,1161.9,,,
14/12/2016,1161.3,1163.7,1166.6,,,
15/12/2016,1127.8,1129.8,1132.4,,,
16/12/2016,1135.3,1137.4,1140.1,,,
19/12/2016,1140.5,1142.7,1145.4,,,
20/12/2016,1131.5,1133.6,1136.3,,,
21/12/2016,1131.1,1133.2,1135.8,,,
22/12/2016,1128.8,1130.7,1133.3,,,
23/12/2016,1131.9,1133.6,1136.3,,,
27/12/2016,1137.3,1138.8,1141.5,,,
28/12/2016,1139.4,1140.9,1143.6,,,
29/12/2016,1158.1,1160.7,1163.5,,,
30/12/2016,1151.7,1154.3,1157.1,,,
3/01/2017,1162,1164.8,1167.5,,,
4/01/2017,1165.3,1168.1,1170.7,,,
5/01/2017,1181.3,1184.1,1186.7,,,
6/01/2017,1173.4,1176.3,1179,,,
9/01/2017,1184.9,1187.9,1190.7,,,
10/01/2017,1185.5,1188.5,1191.4,,,
11/01/2017,1196.6,1199.7,1202.8,,,
12/01/2017,1199.8,1202.9,1206,,,
13/01/2017,1196.2,1199.1,1202.2,,,
17/01/2017,1212.9,1215.9,1219,,,
18/01/2017,1212.1,1215,1218,,,
19/01/2017,1201.5,1204.3,1207.2,,,
20/01/2017,1204.9,1207.7,1210.7,,,
23/01/2017,1215.6,1218.5,1221.6,,,
24/01/2017,1210.8,1213.6,1216.8,,,
25/01/2017,1197.8,1200.5,1203.7,,,
26/01/2017,1189.8,1192.5,1195.6,,,
27/01/2017,1188.4,1191.1,1194.3,,,
30/01/2017,1193.2,1196,1199.1,,,
31/01/2017,1208.6,1211.4,1214.5,,,
1/02/2017,1205.6,1208.3,1211.3,,,
2/02/2017,1216.7,1219.4,1222.4,,,
3/02/2017,1218.5,1220.8,1223.9,,,
6/02/2017,1230,1232.1,1235.3,,,
7/02/2017,1234.2,1236.1,1239.3,,,
8/02/2017,1237.6,1239.5,1242.7,,,
9/02/2017,1235.1,1236.8,1240,,,
10/02/2017,1234.4,1235.9,1239,,,
13/02/2017,1224.4,1225.8,1228.9,,,
14/02/2017,1223.9,1225.4,1228.6,,,
15/02/2017,1231.7,1233.1,1236.4,,,
16/02/2017,1240,1241.6,1244.9,,,
17/02/2017,1237.6,1239.1,1242.4,,,
21/02/2017,1237.5,1238.9,1242.2,,,
22/02/2017,1232,1233.3,1236.6,,,
23/02/2017,1250.2,1251.4,1254.6,,,
24/02/2017,1256.9,1258.3,1261.5,,,
27/02/2017,1258.8,1262,1265.1,,,
28/02/2017,1253.9,1257.2,1260.2,,,
1/03/2017,1250,1253.3,1256.4,,,
2/03/2017,1232.9,1236.1,1239.2,,,
3/03/2017,1226.5,1229.8,1233,,,
6/03/2017,1225.5,1228.8,1232,,,
7/03/2017,1216.1,1219.5,1222.7,,,
8/03/2017,1209.4,1212.8,1216,,,
9/03/2017,1203.2,1206.6,1209.7,,,
10/03/2017,1201.4,1204.7,1207.9,,,
13/03/2017,1203.1,1206.5,1209.8,,,
14/03/2017,1202.6,1205.8,1209.2,,,
15/03/2017,1200.7,1203.8,1207.2,,,
16/03/2017,1227.1,1230.2,1233.6,,,
17/03/2017,1230.2,1233.2,1236.6,,,
20/03/2017,1234,1237.2,1240.6,,,
21/03/2017,1246.5,1249.6,1253,,,
22/03/2017,1249.7,1252.8,1256.2,,,
23/03/2017,1247.2,1250.1,1253.4,,,
24/03/2017,1248.5,1251.7,1255,,,
27/03/2017,1255.7,1258.8,1262.1,,,
28/03/2017,1255.6,1258.8,1262.1,,,
29/03/2017,1253.7,1256.8,1260.2,,,
30/03/2017,1245,1248,1251.4,,,
31/03/2017,1247.3,1251.2,1254.5,,,
3/04/2017,1250.8,1254,1257.4,,,
4/04/2017,1255,1258.4,1261.8,,,
5/04/2017,1245.4,1248.5,1251.8,,,
6/04/2017,1250.3,1253.3,1256.6,,,
7/04/2017,1254.3,1257.3,1260.6,,,
10/04/2017,1251.1,1253.9,1257.1,,,
11/04/2017,1271.2,1274.2,1277.4,,,
12/04/2017,1275.3,1278.1,1281.4,,,
13/04/2017,1285.9,1288.5,1291.7,,,
17/04/2017,1289.4,1291.9,1295.1,,,
18/04/2017,1291.7,1294.1,1297.3,,,
19/04/2017,1281.4,1283.4,1286.7,,,
20/04/2017,1281.9,1283.8,1287.1,,,
21/04/2017,1287.4,1289.1,1292.4,,,
24/04/2017,1275.8,1277.5,1280.8,,,
25/04/2017,1265.6,1267.2,1270.6,,,
26/04/2017,1262.1,1264.2,1267.6,,,
27/04/2017,1265.9,1269.3,1272.6,,,
28/04/2017,1268.3,1271.7,1275,,,
1/05/2017,1255.5,1258.9,1262.2,,,
2/05/2017,1257,1260.5,1263.8,,,
3/05/2017,1248.5,1252,1255.3,,,
4/05/2017,1228.6,1232,1235.2,,,
5/05/2017,1226.9,1230.4,1233.7,,,
8/05/2017,1227.1,1230.6,1233.9,,,
9/05/2017,1216.1,1219.6,1222.9,,,
10/05/2017,1218.9,1222.4,1225.7,,,
11/05/2017,1224.2,1227.7,1231.1,,,
12/05/2017,1227.7,1231.1,1234.5,,,
15/05/2017,1230,1233.4,1236.8,,,
16/05/2017,1236.4,1239.7,1243.1,,,
17/05/2017,1258.7,1262,1265.4,,,
18/05/2017,1252.8,1256.1,1259.4,,,
19/05/2017,1253.6,1256.8,1260.1,,,
22/05/2017,1261.4,1264.8,1268.2,,,
23/05/2017,1255.5,1258.9,1262.3,,,
24/05/2017,1253.1,1256.5,1259.9,,,
25/05/2017,1256.4,1259.8,1263.3,,,
26/05/2017,1268.1,1271.4,1274.9,,,
30/05/2017,1262.1,1265.7,1269.3,,,
31/05/2017,1272,1275.4,1279,,,
1/06/2017,1267,1270.1,1273.6,,,
2/06/2017,1276.8,1280.2,1283.8,,,
5/06/2017,1279.3,1282.7,1286.3,,,
6/06/2017,1294.4,1297.5,1301.1,,,
7/06/2017,1290.1,1293.2,1296.7,,,
8/06/2017,1276.3,1279.5,1283.1,,,
9/06/2017,1268.5,1271.4,1275,,,
12/06/2017,1266.1,1268.9,1272.5,,,
13/06/2017,1265.8,1268.6,1272.2,,,
14/06/2017,1272.8,1275.9,1279.5,,,
15/06/2017,1252.2,1254.6,1258.1,,,
16/06/2017,1254,1256.5,1260,,,
19/06/2017,1244.2,1246.7,1250.3,,,
20/06/2017,1241,1243.5,1247.1,,,
21/06/2017,1243.4,1245.8,1249.4,,,
22/06/2017,1247.6,1249.4,1253.1,,,
23/06/2017,1256.2,1256.4,1260.1,,,
26/06/2017,1246.3,1246.4,1250.1,,,
27/06/2017,1246.4,1246.9,1250.6,,,
28/06/2017,1248,1249.1,1252.8,,,
29/06/2017,1245.8,1249.5,1253.2,,,
30/06/2017,1242.3,1246,1249.6,,,
3/07/2017,1219.2,1222.9,1226.4,,,
5/07/2017,1221.7,1225.3,1228.9,,,
6/07/2017,1223.3,1226.9,1230.6,,,
7/07/2017,1209.7,1213.3,1216.9,,,
10/07/2017,1213.2,1216.8,1220.4,,,
11/07/2017,1214.7,1218.3,1221.9,,,
12/07/2017,1219.1,1222.7,1226.3,,,
13/07/2017,1217.3,1220.8,1224.3,,,
14/07/2017,1227.5,1231,1234.5,,,
17/07/2017,1233.7,1237.2,1240.7,,,
18/07/2017,1241.9,1245.3,1248.8,,,
19/07/2017,1242,1245.3,1248.8,,,
20/07/2017,1245.5,1248.7,1252.1,,,
21/07/2017,1254.9,1257.9,1261,,,
24/07/2017,1254.3,1257.6,1260.7,,,
25/07/2017,1252.1,1255.4,1258.5,,,
26/07/2017,1249.4,1252.5,1255.6,,,
27/07/2017,1260,1263.2,1266.5,,,
28/07/2017,1268.4,1271.9,1275.3,,,
31/07/2017,1266.6,1270.1,1273.4,,,
1/08/2017,1272.6,1276.1,1279.4,,,
2/08/2017,1271.8,1275.1,1278.4,,,
3/08/2017,1267.8,1271.1,1274.4,,,
4/08/2017,1258.3,1261.3,1264.6,,,
7/08/2017,1258.2,1261.4,1264.7,,,
8/08/2017,1256.4,1259.3,1262.6,,,
9/08/2017,1273,1276,1279.3,,,
10/08/2017,1283.7,1286.7,1290.1,,,
11/08/2017,1287.7,1290.7,1294,,,
14/08/2017,1284.2,1287,1290.4,,,
15/08/2017,1273.7,1276.3,1279.7,,,
16/08/2017,1276.9,1279.5,1282.9,,,
17/08/2017,1286.4,1289.1,1292.4,,,
18/08/2017,1285.7,1288.3,1291.6,,,
21/08/2017,1290.8,1293.3,1296.7,,,
22/08/2017,1285.1,1287.6,1291,,,
23/08/2017,1288.9,1291.3,1294.7,,,
24/08/2017,1286.5,1288.6,1292,,,
25/08/2017,1292.5,1294.5,1297.9,,,
28/08/2017,1309.7,1311.8,1315.3,,,
29/08/2017,1313.1,1315.3,1318.9,,,
30/08/2017,1310.4,1314.1,1317.8,,,
31/08/2017,1318.5,1322.2,1325.9,,,
1/09/2017,1326.6,1330.4,1334.2,,,
5/09/2017,1340.6,1344.5,1348.4,,,
6/09/2017,1335.2,1339,1343,,,
7/09/2017,1346.5,1350.3,1354.3,,,
8/09/2017,1347.3,1351.2,1355.3,,,
11/09/2017,1331.8,1335.7,1339.8,,,
12/09/2017,1328.8,1332.7,1336.8,,,
13/09/2017,1324.2,1328,1332.1,,,
14/09/2017,1325.4,1329.3,1333.5,,,
15/09/2017,1321.3,1325.2,1329.4,,,
18/09/2017,1306.9,1310.8,1315,,,
19/09/2017,1306.7,1310.6,1314.8,,,
20/09/2017,1312.5,1316.4,1320.5,,,
21/09/2017,1290.6,1294.8,1298.9,,,
22/09/2017,1293.3,1297.5,1301.6,,,
25/09/2017,1307.1,1311.5,1315.7,,,
26/09/2017,1297.7,1301.7,1305.8,,,
27/09/2017,1284.1,1287.8,1291.9,,,
28/09/2017,1285.5,1288.7,1292.8,,,
29/09/2017,1281.5,1284.8,1288.9,,,
2/10/2017,1272.7,1275.8,1279.9,,,
3/10/2017,1271.5,1274.6,1278.7,,,
4/10/2017,1273.7,1276.8,1280.9,,,
5/10/2017,1269.9,1273.2,1277.3,,,
6/10/2017,1271.6,1274.9,1279,,,
9/10/2017,1281.8,1285,1289.1,,,
10/10/2017,1290.6,1293.8,1298,,,
11/10/2017,1285.8,1288.9,1293.1,,,
12/10/2017,1293.3,1296.5,1300.8,,,
13/10/2017,1301.5,1304.6,1308.9,,,
16/10/2017,1299.9,1303,1307.3,,,
17/10/2017,1283,1286.2,1290.4,,,
18/10/2017,1279.9,1283,1287.2,,,
19/10/2017,1286.9,1290,1294.2,,,
20/10/2017,1277.4,1280.5,1284.6,,,
23/10/2017,1277.7,1280.9,1285.1,,,
24/10/2017,1275,1278.3,1282.5,,,
25/10/2017,1275.4,1279,1283.2,,,
26/10/2017,1266.3,1269.6,1273.8,,,
27/10/2017,1268.5,1271.8,1276,,,
30/10/2017,1277.7,1281.9,1285.7,,,
31/10/2017,1270.5,1274.7,1278.6,,,
1/11/2017,1277.3,1281.6,1285.5,,,
2/11/2017,1278.1,1282.4,1286.4,,,
3/11/2017,1269.2,1273.4,1277.4,,,
6/11/2017,1281.6,1285.9,1290,,,
7/11/2017,1275.8,1280.1,1284.2,,,
8/11/2017,1283.7,1288,1292.2,,,
9/11/2017,1287.5,1291.8,1296,,,
10/11/2017,1274.2,1278.5,1282.8,,,
13/11/2017,1278.9,1283.3,1287.6,,,
14/11/2017,1282.9,1287.3,1291.6,,,
15/11/2017,1277.7,1282.1,1286.3,,,
16/11/2017,1278.2,1282.6,1286.8,,,
17/11/2017,1296.5,1300.9,1305.2,,,
20/11/2017,1275.3,1279.7,1284,,,
21/11/2017,1281.7,1286.2,1290.5,,,
22/11/2017,1292.2,1296.8,1301.1,,,
24/11/2017,1287.3,1291.8,1296.1,,,
27/11/2017,1294.4,1298.9,1303.2,,,
28/11/2017,1294.9,1299.2,1303.5,,,
29/11/2017,1282.1,1286.2,1290.6,,,
30/11/2017,1273.2,1276.7,1281.1,,,
1/12/2017,1278.8,1282.3,1286.7,,,
4/12/2017,1274.3,1277.7,1282.1,,,
5/12/2017,1261.6,1264.9,1269.3,,,
6/12/2017,1262.8,1266.1,1270.5,,,
7/12/2017,1249.8,1253.1,1257.5,,,
8/12/2017,1245.2,1248.4,1252.8,,,
11/12/2017,1243.7,1246.9,1251.3,,,
12/12/2017,1238.5,1241.7,1246.1,,,
13/12/2017,1245.4,1248.6,1253.1,,,
14/12/2017,1253.8,1257.1,1261.6,,,
15/12/2017,1254.3,1257.5,1262,,,
18/12/2017,1262.2,1265.5,1270,,,
19/12/2017,1260.7,1264.2,1268.8,,,
20/12/2017,1266.1,1269.6,1274.2,,,
21/12/2017,1267.3,1270.6,1275.3,,,
22/12/2017,1275.4,1278.8,1283.4,,,
26/12/2017,1284.1,1287.5,1292.2,,,
27/12/2017,1287,1291.4,1296,,,
28/12/2017,1297.2,1301.9,1306.5,,,
29/12/2017,1309.3,1314,1318.7,,,
2/01/2018,1316.1,1320.9,1325.7,,,
3/01/2018,1318.5,1323.4,1328.2,,,
4/01/2018,1321.6,1326.4,1331.1,,,
5/01/2018,1322.3,1327.1,1331.9,,,
8/01/2018,1320.4,1325.2,1330.1,,,
9/01/2018,1313.7,1318.5,1323.4,,,
10/01/2018,1319.3,1324.1,1329.1,,,
11/01/2018,1322.5,1327.3,1332.3,,,
12/01/2018,1334.9,1339.8,1345,,,
16/01/2018,1337.1,1342,1347.2,,,
17/01/2018,1339.2,1344,1349.1,,,
18/01/2018,1327.2,1332,1337,,,
19/01/2018,1333.1,1338,1343.2,,,
22/01/2018,1331.9,1336.9,1342.1,,,
23/01/2018,1336.7,1341.7,1346.9,,,
24/01/2018,1356.3,1361.4,1366.6,,,
25/01/2018,1362.9,1368,1373.4,,,
26/01/2018,1352.1,1357.2,1362.5,,,
29/01/2018,1340.3,1345.1,1350.4,,,
30/01/2018,1335.4,1340,1345.2,,,
31/01/2018,1339,1343.1,1348.4,,,
1/02/2018,1344.3,1347.9,1353.1,,,
2/02/2018,1333.7,1337.3,1342.5,,,
5/02/2018,1333,1336.5,1341.7,,,
6/02/2018,1326.1,1329.5,1334.7,,,
7/02/2018,1311.6,1314.6,1319.8,,,
8/02/2018,1316.9,1319,1324.2,,,
9/02/2018,1313.1,1315.7,1320.9,,,
12/02/2018,1324.2,1326.4,1331.5,,,
13/02/2018,1328.1,1330.4,1335.4,,,
14/02/2018,1355.5,1358,1363.1,,,
15/02/2018,1352.1,1355.3,1360.7,,,
16/02/2018,1353.2,1356.2,1361.6,,,
20/02/2018,1328.8,1331.2,1336.6,,,
21/02/2018,1330,1332.1,1337.5,,,
22/02/2018,1330.6,1332.7,1338.1,,,
23/02/2018,1328.2,1330.3,1335.8,,,
26/02/2018,1330.7,1332.8,1338.4,,,
27/02/2018,1318.6,1324.2,1330.1,,,
28/02/2018,1317.9,1323.7,1329.5,,,
1/03/2018,1305.2,1311,1316.8,,,
2/03/2018,1323.4,1329.2,1335.2,,,
5/03/2018,1319.9,1325.7,1331.6,,,
6/03/2018,1335.2,1341,1346.9,,,
7/03/2018,1327.6,1333.4,1339.2,,,
8/03/2018,1321.7,1327.6,1333.5,,,
9/03/2018,1324,1329.9,1335.8,,,
12/03/2018,1320.8,1326.7,1332.5,,,
13/03/2018,1327.1,1333,1338.9,,,
14/03/2018,1325.6,1331.4,1337.3,,,
15/03/2018,1317.8,1323.5,1329.4,,,
16/03/2018,1312.3,1318,1323.9,,,
19/03/2018,1317.8,1323.4,1329.3,,,
20/03/2018,1311.9,1317.6,1323.5,,,
21/03/2018,1321.5,1327.3,1333.4,,,
22/03/2018,1327.4,1333.2,1339.3,,,
23/03/2018,1349.9,1355.7,1361.8,,,
26/03/2018,1355,1360.9,1367.1,,,
27/03/2018,1342,1347.9,1354.1,,,
28/03/2018,1324.2,1330,1336.1,,,
29/03/2018,1322.8,1327.3,1333.3,,,
2/04/2018,1342.1,1346.9,1352.9,,,
3/04/2018,1332.8,1337.3,1343.4,,,
4/04/2018,1335.8,1340.2,1346.3,,,
5/04/2018,1324.3,1328.5,1334.7,,,
6/04/2018,1331.9,1336.1,1342.3,,,
9/04/2018,1336.3,1340.1,1346.2,,,
10/04/2018,1342,1345.9,1352,,,
11/04/2018,1356.5,1360,1366.2,,,
12/04/2018,1338.4,1341.9,1348,,,
13/04/2018,1344.8,1347.9,1354.1,,,
16/04/2018,1347.5,1350.7,1356.9,,,
17/04/2018,1347.2,1349.5,1355.7,,,
18/04/2018,1351.2,1353.5,1359.7,,,
19/04/2018,1346.8,1348.8,1355,,,
20/04/2018,1336.7,1338.3,1344.5,,,
23/04/2018,1322.5,1324,1330.2,,,
24/04/2018,1331.4,1333,1339.2,,,
25/04/2018,1321.2,1322.8,1329,,,
26/04/2018,1316.3,1317.9,1324.2,,,
27/04/2018,1323.4,1329.7,1336,,,
30/04/2018,1319.2,1325.3,1331.6,,,
1/05/2018,1306.8,1313,1319.1,,,
2/05/2018,1305.6,1311.8,1318,,,
3/05/2018,1312.7,1319,1325.1,,,
4/05/2018,1314.7,1321,1327.3,,,
7/05/2018,1314.1,1320.4,1326.7,,,
8/05/2018,1313.7,1320,1326.3,,,
9/05/2018,1313,1319.3,1325.6,,,
10/05/2018,1322.3,1328.6,1334.8,,,
11/05/2018,1320.7,1327,1333.2,,,
14/05/2018,1318.2,1324.3,1330.6,,,
15/05/2018,1290.3,1296.2,1302.5,,,
16/05/2018,1291.5,1297.4,1303.7,,,
17/05/2018,1289.4,1295.2,1301.5,,,
18/05/2018,1291.3,1296.9,1303.1,,,
21/05/2018,1290.9,1296.4,1302.7,,,
22/05/2018,1292,1297.4,1303.6,,,
23/05/2018,1289.6,1294.8,1301.1,,,
24/05/2018,1304.4,1309.8,1316.1,,,
25/05/2018,1303.7,1309,1315.2,,,
29/05/2018,1299,1304.1,1310.2,,,
30/05/2018,1301.5,1306.5,1312.7,,,
31/05/2018,1300.1,1304.7,1310.8,,,
1/06/2018,1294.8,1299.3,1305.4,,,
4/06/2018,1293.1,1297.3,1303.4,,,
5/06/2018,1297.5,1302.2,1308.3,,,
6/06/2018,1297.1,1301.4,1307.4,,,
7/06/2018,1298.7,1303,1308.9,,,
8/06/2018,1298.1,1302.7,1308.8,,,
11/06/2018,1298.9,1303.2,1309.3,,,
12/06/2018,1295.1,1299.4,1305.5,,,
13/06/2018,1296.9,1301.3,1307.4,,,
14/06/2018,1304,1308.3,1314.4,,,
15/06/2018,1274.6,1278.5,1284.3,,,
18/06/2018,1276.2,1280.1,1286,,,
19/06/2018,1275.6,1278.6,1284.4,,,
20/06/2018,1271.2,1274.5,1280.3,,,
21/06/2018,1267.2,1270.5,1276.3,,,
22/06/2018,1267.4,1270.7,1276.4,,,
25/06/2018,1265.6,1268.9,1274.7,,,
26/06/2018,1256.6,1259.9,1265.6,,,
27/06/2018,1252.8,1256.1,1261.9,,,
28/06/2018,1251,1256.7,1262.8,,,
29/06/2018,1254.5,1260.2,1266.3,,,
2/07/2018,1241.7,1247.1,1253,,,
3/07/2018,1253.5,1259,1264.8,,,
5/07/2018,1258.8,1264.2,1270,,,
6/07/2018,1255.8,1261.4,1267.2,,,
9/07/2018,1259.6,1265.3,1271.1,,,
10/07/2018,1255.4,1261.1,1266.9,,,
11/07/2018,1244.4,1250,1255.6,,,
12/07/2018,1246.6,1252,1257.5,,,
13/07/2018,1241.2,1246.4,1251.9,,,
16/07/2018,1239.7,1244.8,1250.3,,,
17/07/2018,1227.3,1232.3,1237.8,,,
18/07/2018,1227.9,1232.9,1238.4,,,
19/07/2018,1224,1228.7,1234,,,
20/07/2018,1231.1,1235.5,1240.4,,,
23/07/2018,1225.6,1229.7,1234.4,,,
24/07/2018,1225.5,1230,1234.6,,,
25/07/2018,1231.8,1236.4,1241,,,
26/07/2018,1225.7,1230.5,1235.3,,,
27/07/2018,1223,1227.8,1232.7,,,
30/07/2018,1221.3,1226.4,1231.5,,,
31/07/2018,1223.7,1228.5,1233.6,,,
1/08/2018,1217.9,1222.4,1227.6,,,
2/08/2018,1210.6,1214.9,1220.1,,,
3/08/2018,1214.2,1218.1,1223.2,,,
6/08/2018,1208.6,1212.6,1217.7,,,
7/08/2018,1209.6,1213.3,1218.3,,,
8/08/2018,1212.6,1216.2,1221,,,
9/08/2018,1211.9,1215.1,1219.9,,,
10/08/2018,1211.1,1214.2,1219,,,
13/08/2018,1191.3,1194.2,1198.9,,,
14/08/2018,1193,1196.1,1200.7,,,
15/08/2018,1177.5,1180.5,1185,,,
16/08/2018,1176.2,1179.6,1184,,,
17/08/2018,1176.5,1179.8,1184.2,,,
20/08/2018,1186.8,1190.2,1194.6,,,
21/08/2018,1192.6,1195.5,1200,,,
22/08/2018,1196.3,1198.7,1203.3,,,
23/08/2018,1187,1189.3,1194,,,
24/08/2018,1206.3,1208.6,1213.3,,,
27/08/2018,1209,1211.2,1216,,,
28/08/2018,1207.4,1209.5,1214.4,,,
29/08/2018,1204.5,1206.5,1211.5,,,
30/08/2018,1200,1205,1210.5,,,
31/08/2018,1201.6,1206.7,1212.3,,,
4/09/2018,1194,1199.1,1204.7,,,
5/09/2018,1196.1,1201.3,1206.9,,,
6/09/2018,1199,1204.3,1210,,,
7/09/2018,1195.1,1200.4,1206.1,,,
10/09/2018,1194.5,1199.8,1205.5,,,
11/09/2018,1196.8,1202.2,1207.9,,,
12/09/2018,1205.5,1210.9,1216.7,,,
13/09/2018,1202.8,1208.2,1214,,,
14/09/2018,1196.2,1201.1,1206.8,,,
17/09/2018,1201.2,1205.8,1211.5,,,
18/09/2018,1198.5,1202.9,1208.6,,,
19/09/2018,1203.9,1208.3,1214,,,
20/09/2018,1206.6,1211.3,1217,,,
21/09/2018,1196.6,1201.3,1206.9,,,
24/09/2018,1199.6,1204.4,1210.1,,,
25/09/2018,1199.7,1205.1,1210.8,,,
26/09/2018,1194.4,1199.1,1204.7,,,
27/09/2018,1182.3,1187.4,1192.9,,,
28/09/2018,1191.5,1196.2,1201.9,,,
1/10/2018,1187.1,1191.7,1197.4,,,
2/10/2018,1202.4,1207,1212.7,,,
3/10/2018,1198.3,1202.9,1208.6,,,
4/10/2018,1197.2,1201.6,1207.4,,,
5/10/2018,1201.2,1205.6,1211.5,,,
8/10/2018,1184.4,1188.6,1194.5,,,
9/10/2018,1187.2,1191.5,1197.4,,,
10/10/2018,1189.3,1193.4,1199.3,,,
11/10/2018,1223.5,1227.6,1233.6,,,
12/10/2018,1218.1,1222,1227.9,,,
15/10/2018,1226.4,1230.3,1236.3,,,
16/10/2018,1227.3,1231,1236.9,,,
17/10/2018,1223.7,1227.4,1233.3,,,
18/10/2018,1226.5,1230.1,1236.1,,,
19/10/2018,1225.3,1228.7,1234.6,,,
22/10/2018,1221.2,1224.6,1230.6,,,
23/10/2018,1233.4,1236.8,1242.9,,,
24/10/2018,1227.8,1231.1,1237.2,,,
25/10/2018,1229.1,1232.4,1238.6,,,
26/10/2018,1232.5,1235.8,1241.9,,,
29/10/2018,1224.5,1227.6,1233.7,,,
30/10/2018,1225.3,1231.3,1237.4,,,
31/10/2018,1215,1220.8,1226.8,,,
1/11/2018,1238.6,1244.5,1250.7,,,
2/11/2018,1233.3,1239.3,1245.4,,,
5/11/2018,1232.3,1238.4,1244.6,,,
6/11/2018,1226.3,1232.4,1238.5,,,
7/11/2018,1228.7,1234.8,1240.9,,,
8/11/2018,1225.1,1231.2,1237.4,,,
9/11/2018,1208.6,1214.6,1220.8,,,
12/11/2018,1203.5,1209.4,1215.4,,,
13/11/2018,1201.4,1207.3,1213.4,,,
14/11/2018,1210.1,1216,1222,,,
15/11/2018,1215,1221.1,1227.2,,,
16/11/2018,1223,1229,1234.9,,,
19/11/2018,1225.3,1231.1,1237.1,,,
20/11/2018,1221.2,1227,1232.9,,,
21/11/2018,1228,1233.8,1239.7,,,
23/11/2018,1223.2,1229.1,1235,,,
26/11/2018,1222.4,1228.7,1234.6,,,
27/11/2018,1213.4,1219.9,1225.7,,,
28/11/2018,1223.6,1229.8,1235.7,,,
29/11/2018,1224.1,1230.4,1236.3,,,
30/11/2018,1220.2,1226,1231.8,,,
3/12/2018,1233.9,1239.6,1245.5,,,
4/12/2018,1241.1,1246.6,1252.5,,,
5/12/2018,1237.1,1242.6,1248.6,,,
6/12/2018,1238.1,1243.6,1249.6,,,
7/12/2018,1246.8,1252.6,1258.7,,,
10/12/2018,1243.7,1249.4,1255.6,,,
11/12/2018,1241.9,1247.2,1253.4,,,
12/12/2018,1244.4,1250,1256.2,,,
13/12/2018,1242.7,1247.4,1253.6,,,
14/12/2018,1237,1241.4,1247.5,,,
17/12/2018,1247.4,1251.8,1258,,,
18/12/2018,1249.2,1253.6,1259.8,,,
19/12/2018,1252.1,1256.4,1262.6,,,
20/12/2018,1263.6,1267.9,1274.2,,,
21/12/2018,1253.8,1258.1,1264.2,,,
24/12/2018,1267.5,1271.8,1278,,,
26/12/2018,1269.2,1273,1279.2,,,
27/12/2018,1277.3,1281.1,1287.4,,,
28/12/2018,1283,1289.3,1295.7,,,
31/12/2018,1281.3,1287.7,1294.2,,,
2/01/2019,1284.1,1290.5,1296.9,,,
3/01/2019,1294.8,1301.2,1307.7,,,
4/01/2019,1285.8,1292.2,1298.7,,,
7/01/2019,1289.9,1296.4,1302.9,,,
8/01/2019,1285.9,1292.4,1298.8,,,
9/01/2019,1292,1298.5,1304.9,,,
10/01/2019,1287.4,1294,1300.5,,,
11/01/2019,1289.5,1296.1,1302.7,,,
14/01/2019,1291.3,1298,1304.6,,,
15/01/2019,1288.4,1294.9,1301.3,,,
16/01/2019,1293.8,1300.3,1306.6,,,
17/01/2019,1292.3,1298.7,1305,,,
18/01/2019,1282.6,1288.9,1295.2,,,
22/01/2019,1283.4,1289.5,1295.9,,,
23/01/2019,1284,1290.2,1296.7,,,
24/01/2019,1279.8,1285.9,1292.3,,,
25/01/2019,1298.1,1304.2,1310.6,,,
28/01/2019,1303.1,1309.3,1315.9,,,
29/01/2019,1308.9,1315.2,1321.7,,,
30/01/2019,1309.9,1315.5,1321.9,,,
31/01/2019,1319.7,1325.2,1331.6,,,
1/02/2019,1316.9,1322.1,1328.6,,,
4/02/2019,1314.3,1319.3,1325.8,,,
5/02/2019,1314.2,1319.2,1325.8,,,
6/02/2019,1309.5,1314.4,1320.9,,,
7/02/2019,1309.4,1314.2,1320.7,,,
8/02/2019,1313.7,1318.5,1325,,,
11/02/2019,1307,1311.9,1318.4,,,
12/02/2019,1309.2,1314,1320.4,,,
13/02/2019,1310.8,1315.1,1321.6,,,
14/02/2019,1309.8,1313.9,1320.4,,,
15/02/2019,1318.1,1322.1,1328.5,,,
19/02/2019,1340.1,1344.8,1351.3,,,
20/02/2019,1343.3,1347.9,1354.4,,,
21/02/2019,1323.5,1327.8,1334.3,,,
22/02/2019,1329.2,1332.8,1339.4,,,
25/02/2019,1325.9,1329.5,1336.1,,,
26/02/2019,1325.1,1328.5,1335.2,,,
27/02/2019,1321.2,1327.9,1334,,,
28/02/2019,1316.1,1322.7,1328.9,,,
1/03/2019,1299.2,1305.8,1312,,,
4/03/2019,1287.5,1294,1300.2,,,
5/03/2019,1284.7,1291.2,1297.4,,,
6/03/2019,1287.6,1294.2,1300.3,,,
7/03/2019,1286.1,1292.8,1299,,,
8/03/2019,1299.3,1306,1312.3,,,
11/03/2019,1291.1,1297.6,1303.9,,,
12/03/2019,1298.1,1304.5,1310.7,,,
13/03/2019,1309.3,1315.8,1322,,,
14/03/2019,1295.1,1301.4,1307.6,,,
15/03/2019,1302.9,1308.9,1315.2,,,
18/03/2019,1301.5,1307.7,1313.9,,,
19/03/2019,1306.5,1312.7,1318.9,,,
20/03/2019,1301.7,1307.8,1314,,,
21/03/2019,1307.3,1313.6,1319.7,,,
22/03/2019,1312.3,1318.7,1324.8,,,
25/03/2019,1322.6,1329,1335.1,,,
26/03/2019,1315,1321.4,1327.4,,,
27/03/2019,1310.4,1316.9,1323,,,
28/03/2019,1289.8,1295.3,1301.4,,,
29/03/2019,1293,1298.5,1304.5,,,
1/04/2019,1288.4,1294.2,1300.3,,,
2/04/2019,1290,1295.4,1301.4,,,
3/04/2019,1289.9,1295.3,1301.3,,,
4/04/2019,1289,1294.3,1300.3,,,
5/04/2019,1290.4,1295.6,1301.7,,,
8/04/2019,1297.1,1301.9,1307.9,,,
9/04/2019,1303.5,1308.3,1314.3,,,
10/04/2019,1309.1,1313.9,1319.9,,,
11/04/2019,1288.6,1293.3,1299.3,,,
12/04/2019,1290.6,1295.2,1301.2,,,
15/04/2019,1286.8,1291.3,1297.4,,,
16/04/2019,1272.6,1277.2,1283.2,,,
17/04/2019,1272.2,1276.8,1282.8,,,
18/04/2019,1271.9,1276,1282,,,
22/04/2019,1273.5,1277.6,1283.7,,,
23/04/2019,1269.3,1273.2,1279.2,,,
24/04/2019,1275.5,1279.4,1285.4,,,
25/04/2019,1275.8,1279.7,1285.7,,,
26/04/2019,1284.9,1288.8,1294.8,,,
29/04/2019,1281.5,1287.5,1293.4,,,
30/04/2019,1285.7,1291.7,1297.7,,,
1/05/2019,1284.2,1290.2,1296.2,,,
2/05/2019,1272,1277.8,1283.9,,,
3/05/2019,1281.3,1287.2,1293.3,,,
6/05/2019,1283.8,1289.8,1295.8,,,
7/05/2019,1285.6,1291.6,1297.6,,,
8/05/2019,1281.4,1287.4,1293.4,,,
9/05/2019,1285.2,1291.2,1297.2,,,
10/05/2019,1287.4,1293.3,1299.3,,,
13/05/2019,1301.8,1307.7,1313.6,,,
14/05/2019,1296.3,1302.1,1307.9,,,
15/05/2019,1297.8,1303.7,1309.4,,,
16/05/2019,1286.2,1292,1297.7,,,
17/05/2019,1275.7,1281.4,1287.2,,,
20/05/2019,1277.3,1282.9,1288.7,,,
21/05/2019,1273.2,1278.8,1284.6,,,
22/05/2019,1274.2,1279.5,1285.4,,,
23/05/2019,1285.4,1291,1296.9,,,
24/05/2019,1283.6,1289.2,1295.1,,,
28/05/2019,1277.1,1282.5,1288.4,,,
29/05/2019,1281,1286.3,1292.2,,,
30/05/2019,1287.1,1292.4,1298.3,,,
31/05/2019,1305.8,1311.1,1316.9,,,
3/06/2019,1322.7,1327.9,1333.7,,,
4/06/2019,1323.4,1328.7,1334.5,,,
5/06/2019,1328.3,1333.6,1339.3,,,
6/06/2019,1337.6,1342.7,1348.4,,,
7/06/2019,1341.2,1346.1,1351.8,,,
10/06/2019,1324.7,1329.3,1335,,,
11/06/2019,1326.4,1331.2,1337,,,
12/06/2019,1331.9,1336.8,1342.5,,,
13/06/2019,1339.2,1343.7,1349.5,,,
14/06/2019,1340.1,1344.5,1350.4,,,
17/06/2019,1338.7,1342.9,1348.8,,,
18/06/2019,1346.6,1350.7,1356.6,,,
19/06/2019,1344.6,1348.8,1354.7,,,
20/06/2019,1392.9,1396.9,1402.9,,,
21/06/2019,1396.2,1400.1,1405.9,,,
24/06/2019,1414.3,1418.2,1424.1,,,
25/06/2019,1414.9,1418.7,1424.6,,,
26/06/2019,1411.6,1415.4,1421.2,,,
27/06/2019,1412,1417.9,1423.4,,,
28/06/2019,1413.7,1419.6,1425.1,,,
1/07/2019,1389.3,1395.3,1400.8,,,
2/07/2019,1408,1414.2,1419.8,,,
3/07/2019,1420.9,1427.1,1432.9,,,
5/07/2019,1400.1,1406.3,1412.1,,,
8/07/2019,1400,1406.2,1412.2,,,
9/07/2019,1400.5,1406.8,1412.8,,,
10/07/2019,1412.5,1418.8,1424.9,,,
11/07/2019,1406.7,1413,1419.3,,,
12/07/2019,1412.2,1418.5,1424.8,,,
15/07/2019,1413.5,1419.9,1426.1,,,
16/07/2019,1411.2,1417.6,1423.6,,,
17/07/2019,1423.3,1429.7,1435.9,,,
18/07/2019,1428.1,1434.5,1440.8,,,
19/07/2019,1426.7,1433.2,1439.4,,,
22/07/2019,1426.9,1433.4,1439.7,,,
23/07/2019,1421.7,1428.2,1434.5,,,
24/07/2019,1423.6,1430.2,1436.5,,,
25/07/2019,1414.7,1421.2,1427.5,,,
26/07/2019,1419.3,1425.9,1432.2,,,
29/07/2019,1420.4,1427.2,1433.3,,,
30/07/2019,1429.7,1435.8,1441.8,,,
31/07/2019,1426.1,1431.8,1437.8,,,
1/08/2019,1420.9,1426.5,1432.4,,,
2/08/2019,1445.6,1451.6,1457.5,,,
5/08/2019,1464.6,1470.6,1476.5,,,
6/08/2019,1472.4,1478.3,1484.2,,,
7/08/2019,1507.3,1513.2,1519.6,,,
8/08/2019,1497.7,1503.1,1509.5,,,
9/08/2019,1496.6,1502,1508.5,,,
12/08/2019,1505.3,1510.9,1517.2,,,
13/08/2019,1502.2,1507.9,1514.1,,,
14/08/2019,1515.9,1521.6,1527.8,,,
15/08/2019,1519.6,1525.1,1531.2,,,
16/08/2019,1512.5,1517.5,1523.6,,,
19/08/2019,1500.4,1505.5,1511.6,,,
20/08/2019,1504.6,1509.7,1515.7,,,
21/08/2019,1504.6,1509.6,1515.7,,,
22/08/2019,1497.3,1502.3,1508.5,,,
23/08/2019,1526.6,1531.4,1537.6,,,
26/08/2019,1526.3,1530.9,1537.2,,,
27/08/2019,1541,1545.6,1551.8,,,
28/08/2019,1537.8,1542.8,1549.1,,,
29/08/2019,1530.5,1536.9,1543,,,
30/08/2019,1523,1529.4,1535.7,,,
3/09/2019,1549.6,1555.9,1562.2,,,
4/09/2019,1554,1560.4,1566.5,,,
5/09/2019,1519,1525.5,1531.5,,,
6/09/2019,1509,1515.5,1521.7,,,
9/09/2019,1504.5,1511.1,1517.4,,,
10/09/2019,1492.7,1499.2,1505.6,,,
11/09/2019,1496.6,1503.2,1509.5,,,
12/09/2019,1500.8,1507.4,1513.8,,,
13/09/2019,1492.9,1499.5,1505.9,,,
16/09/2019,1504.8,1511.5,1517.8,,,
17/09/2019,1506.9,1513.4,1519.7,,,
18/09/2019,1509.1,1515.8,1522.2,,,
19/09/2019,1499.5,1506.2,1512.5,,,
20/09/2019,1508,1515.1,1521.5,,,
23/09/2019,1524,1531.5,1538,,,
24/09/2019,1532.6,1540.2,1546.7,,,
25/09/2019,1505.1,1512.3,1518.7,,,
26/09/2019,1507.9,1515.2,1521.8,,,
27/09/2019,1499.1,1506.4,1513.1,,,
30/09/2019,1465.7,1472.9,1479.6,,,
1/10/2019,1482,1489,1495.7,,,
2/10/2019,1501,1507.9,1514.5,,,
3/10/2019,1507.1,1513.8,1520.5,,,
4/10/2019,1506.2,1512.9,1519.7,,,
7/10/2019,1497.7,1504.4,1511.2,,,
8/10/2019,1497.2,1503.9,1510.7,,,
9/10/2019,1506.1,1512.8,1519.6,,,
10/10/2019,1494.8,1500.9,1507.7,,,
11/10/2019,1482.7,1488.7,1495.5,,,
14/10/2019,1491.7,1497.6,1504.4,,,
15/10/2019,1477.6,1483.5,1490.3,,,
16/10/2019,1488,1494,1500.8,,,
17/10/2019,1492.3,1498.3,1505.2,,,
18/10/2019,1488.2,1494.1,1501,,,
21/10/2019,1482.4,1488.1,1495,,,
22/10/2019,1481.7,1487.5,1494.5,,,
23/10/2019,1489.9,1495.7,1502.7,,,
24/10/2019,1498.9,1504.7,1511.7,,,
25/10/2019,1499.5,1505.3,1512.3,,,
28/10/2019,1490,1495.8,1502.9,,,
29/10/2019,1487,1490.7,1497.7,,,
30/10/2019,1496.7,1503.8,1508.9,,,
31/10/2019,1514.8,1521.8,1526.9,,,
1/11/2019,1511.4,1518.5,1523.7,,,
4/11/2019,1511.1,1518.3,1523.6,,,
5/11/2019,1483.7,1490.8,1496,,,
6/11/2019,1493.1,1500.3,1505.6,,,
7/11/2019,1466.4,1473.3,1478.6,,,
8/11/2019,1462.9,1469.8,1475.1,,,
11/11/2019,1457.1,1464.1,1469.4,,,
12/11/2019,1453.7,1460.6,1465.9,,,
13/11/2019,1463.3,1470.2,1475.5,,,
14/11/2019,1473.4,1480.2,1485.6,,,
15/11/2019,1468.5,1475.4,1480.8,,,
18/11/2019,1471.9,1478.8,1484.3,,,
19/11/2019,1474.3,1481.2,1486.7,,,
20/11/2019,1474.2,1481,1486.5,,,
21/11/2019,1463.6,1470.5,1476.1,,,
22/11/2019,1463.6,1470.5,1476.2,,,
25/11/2019,1456.9,1463.8,1469.5,,,
26/11/2019,1460.3,1467.4,1472.7,,,
27/11/2019,1453.4,1460.8,1466,,,
29/11/2019,1465.6,1472.7,1478.1,,,
2/12/2019,1462.3,1469.2,1474.6,,,
3/12/2019,1478.2,1484.4,1489.9,,,
4/12/2019,1474,1480.2,1485.6,,,
5/12/2019,1476.9,1483.1,1488.6,,,
6/12/2019,1459.1,1465.1,1470.7,,,
9/12/2019,1459.3,1464.9,1470.5,,,
10/12/2019,1462.6,1468.1,1473.7,,,
11/12/2019,1469.4,1475,1480.6,,,
12/12/2019,1466.7,1472.3,1477.9,,,
13/12/2019,1475.6,1481.2,1486.9,,,
16/12/2019,1475,1480.5,1486.1,,,
17/12/2019,1474.6,1480.6,1486.4,,,
18/12/2019,1472.6,1478.7,1484.4,,,
19/12/2019,1478.2,1484.4,1490,,,
20/12/2019,1474.7,1480.9,1486.6,,,
23/12/2019,1482.5,1488.7,1494.4,,,
24/12/2019,1499.1,1504.8,1510.6,,,
26/12/2019,1509.3,1514.4,1520.3,,,
27/12/2019,1513.8,1518.1,1524.1,,,
30/12/2019,1518.6,1524.6,1530.3,,,
31/12/2019,1523.1,1529.3,1535.1,,,
2/01/2020,1528.1,1534.3,1540.1,,,
3/01/2020,1552.4,1558.7,1564.5,,,
6/01/2020,1568.8,1575.1,1580.9,,,
7/01/2020,1574.3,1580.5,1586.3,,,
8/01/2020,1560.2,1566.5,1572.3,,,
9/01/2020,1554.3,1560.6,1566.4,,,
10/01/2020,1560.1,1566.4,1572.1,,,
13/01/2020,1550.6,1557,1562.7,,,
14/01/2020,1544.6,1550.9,1556.5,,,
15/01/2020,1554,1560.1,1565.6,,,
16/01/2020,1550.5,1556.5,1562.2,,,
17/01/2020,1560.3,1566.5,1572.3,,,
21/01/2020,1557.9,1564.1,1569.9,,,
22/01/2020,1556.7,1562.9,1568.7,,,
23/01/2020,1565.4,1571.6,1577.3,,,
24/01/2020,1571.9,1578.2,1583.9,,,
27/01/2020,1577.4,1583.7,1589.5,,,
28/01/2020,1569.8,1575.8,1581.7,,,
29/01/2020,1570.4,1576,1582,,,
30/01/2020,1583.5,1589.2,1595.1,,,
31/01/2020,1582.9,1587.9,1593.8,,,
3/02/2020,1577.2,1582.4,1588.3,,,
4/02/2020,1550.4,1555.5,1561.4,,,
5/02/2020,1557.8,1562.8,1568.7,,,
6/02/2020,1565.1,1570,1575.8,,,
7/02/2020,1568.6,1573.4,1579.2,,,
10/02/2020,1574.7,1579.5,1585.4,,,
11/02/2020,1565.6,1570.1,1575.9,,,
12/02/2020,1567.4,1571.6,1577.3,,,
13/02/2020,1575.1,1578.8,1584.5,,,
14/02/2020,1582.7,1586.4,1591.9,,,
18/02/2020,1600,1603.6,1609.3,,,
19/02/2020,1607.5,1611.8,1617.5,,,
20/02/2020,1616.6,1620.5,1626.2,,,
21/02/2020,1644.6,1648.8,1654.6,,,
24/02/2020,1672.4,1676.6,1682.4,,,
25/02/2020,1646.9,1650,1655.8,,,
26/02/2020,1640,1643.1,1648.9,,,
27/02/2020,1642.5,1648.2,1653.3,,,
28/02/2020,1566.7,1571.8,1576.3,,,
2/03/2020,1594.8,1599.5,1603.7,,,
3/03/2020,1644.4,1648.9,1652.7,,,
4/03/2020,1643,1647.2,1650.8,,,
5/03/2020,1668,1672,1675.5,,,
6/03/2020,1672.4,1676.1,1679.3,,,
9/03/2020,1675.7,1678.6,1681,,,
10/03/2020,1660.3,1663.3,1665.8,,,
11/03/2020,1642.3,1645.4,1647.8,,,
12/03/2020,1590.3,1593.2,1595.5,,,
13/03/2020,1516.7,1519.5,1521.8,,,
16/03/2020,1486.5,1488.6,1490.8,,,
17/03/2020,1525.8,1528.1,1530.4,,,
18/03/2020,1477.9,1480.6,1483.1,,,
19/03/2020,1479.3,1482.3,1485.1,,,
20/03/2020,1484.6,1488.1,1491.2,,,
23/03/2020,1567.6,1572.7,1577.1,,,
24/03/2020,1660.8,1663.3,1663.1,,,
25/03/2020,1633.4,1634.3,1632.7,,,
26/03/2020,1651.2,1660.3,1660.5,,,
27/03/2020,1625,1654.1,1654.6,,,
30/03/2020,1622,1643.2,1643.5,,,
31/03/2020,1583.4,1596.6,1596.6,,,
1/04/2020,1578.2,1591.4,1591.7,,,
2/04/2020,1625.7,1637.7,1637.7,,,
3/04/2020,1633.7,1645.7,1645.5,,,
6/04/2020,1677,1693.9,1692.2,,,
7/04/2020,1664.8,1683.7,1682.8,,,
8/04/2020,1665.4,1684.3,1683.8,,,
9/04/2020,1736.2,1752.8,1752.1,,,
13/04/2020,1744.8,1761.4,1760.9,,,
14/04/2020,1756.7,1768.9,1769.4,,,
15/04/2020,1727.2,1740.2,1741.2,,,
16/04/2020,1720.4,1731.7,1733.2,,,
17/04/2020,1689.2,1698.8,1700.1,,,
20/04/2020,1701.6,1711.2,1712.6,,,
21/04/2020,1678.2,1687.8,1689.8,,,
22/04/2020,1728.7,1738.3,1741.4,,,
23/04/2020,1733.3,1745.4,1748.8,,,
24/04/2020,1723.5,1735.6,1739.7,,,
27/04/2020,1711.9,1723.8,1728.7,,,
28/04/2020,1710.5,1722.2,1727.8,,,
29/04/2020,1713.4,1719.2,1721.4,,,
30/04/2020,1694.2,1701,1703.3,,,
1/05/2020,1700.9,1707.2,1710.1,,,
4/05/2020,1713.3,1720.3,1723.5,,,
5/05/2020,1710.6,1718.9,1723.8,,,
6/05/2020,1688.5,1696.5,1700.4,,,
7/05/2020,1725.8,1735.7,1739.4,,,
8/05/2020,1713.9,1726.6,1730.7,,,
11/05/2020,1698,1711.3,1715.2,,,
12/05/2020,1706.8,1717.3,1723,,,
13/05/2020,1716.4,1726.9,1731.7,,,
14/05/2020,1740.9,1752.1,1757,,,
15/05/2020,1756.3,1768,1773.2,,,
18/05/2020,1734.4,1746.7,1753.6,,,
19/05/2020,1745.6,1757.9,1765.4,,,
20/05/2020,1752.1,1765.6,1774,,,
21/05/2020,1721.9,1736.9,1744.8,,,
22/05/2020,1735.5,1753.5,1760.5,,,
26/05/2020,1705.6,1728.2,1735.5,,,
27/05/2020,1710.7,1726.8,1734.7,,,
28/05/2020,1713.3,1728.3,1737.3,,,
29/05/2020,1736.9,1751.7,1760.7,,,
1/06/2020,1737.8,1750.3,1759.1,,,
2/06/2020,1725.2,1734,1743.3,,,
3/06/2020,1697.8,1704.8,1716.1,,,
4/06/2020,1718.9,1727.4,1738.1,,,
5/06/2020,1676.2,1683,1694.1,,,
8/06/2020,1698.3,1705.1,1715.7,,,
9/06/2020,1714.7,1721.9,1732.2,,,
10/06/2020,1713.3,1720.7,1730.4,,,
11/06/2020,1732,1739.8,1748.8,,,
12/06/2020,1729.3,1737.3,1746.2,,,
15/06/2020,1720.3,1727.2,1735.7,,,
16/06/2020,1729.6,1736.5,1745.3,,,
17/06/2020,1729.2,1735.6,1744.3,,,
18/06/2020,1724.8,1731.1,1739.9,,,
19/06/2020,1745.9,1753,1761,,,
22/06/2020,1756.7,1766.4,1774.2,,,
23/06/2020,1772.1,1782,1789.8,,,
24/06/2020,1765.8,1775.1,1784,,,
25/06/2020,1762.1,1770.6,1779.7,,,
26/06/2020,1772.5,1780.3,1789.8,,,
29/06/2020,1781.2,1790.6,1800.1,,,
30/06/2020,1800.5,1810,1820.4,,,
1/07/2020,1779.9,1790.8,1801.9,,,
2/07/2020,1790,1801,1812,,,
6/07/2020,1793.5,1804.9,1816.1,,,
7/07/2020,1809.9,1821.7,1834.3,,,
8/07/2020,1820.6,1834,1850.6,,,
9/07/2020,1803.8,1817.6,1833.5,,,
10/07/2020,1801.9,1815.6,1831.3,,,
13/07/2020,1814.1,1827.8,1843.7,,,
14/07/2020,1813.4,1825.5,1841.5,,,
15/07/2020,1813.8,1826.1,1841.6,,,
16/07/2020,1800.3,1811.7,1826.5,,,
17/07/2020,1810,1820.9,1833.7,,,
20/07/2020,1817.4,1827.4,1840.1,,,
21/07/2020,1843.9,1853.8,1869.6,,,
22/07/2020,1865.1,1876.7,1892.6,,,
23/07/2020,1890,1902.2,1917.4,,,
24/07/2020,1897.5,1910.1,1925.2,,,
27/07/2020,1931,1941.4,1955.4,,,
28/07/2020,1944.6,1952.8,1963.9,,,
29/07/2020,1953.4,1965.3,1976.7,,,
30/07/2020,1942.3,1955.2,1966.8,,,
31/07/2020,1962.8,1973.9,1985.9,,,
3/08/2020,1966,1974.7,1986.3,,,
4/08/2020,2001.2,2008.5,2021,,,
5/08/2020,2031.1,2037.1,2049.3,,,
6/08/2020,2051.5,2058.4,2069.4,,,
7/08/2020,2010.1,2018,2028,,,
10/08/2020,2024.4,2030.3,2039.7,,,
11/08/2020,1932.6,1938.9,1946.3,,,
12/08/2020,1934.9,1940.5,1949,,,
13/08/2020,1956.7,1961.9,1970.4,,,
14/08/2020,1937,1942.3,1949.8,,,
17/08/2020,1985,1989.9,1998.7,,,
18/08/2020,1999.4,2004.8,2013.1,,,
19/08/2020,1958.7,1963.5,1970.3,,,
20/08/2020,1933.8,1938.3,1946.5,,,
21/08/2020,1934.6,1938.3,1947,,,
24/08/2020,1927.7,1931.5,1939.2,,,
25/08/2020,1911.8,1915.6,1923.1,,,
26/08/2020,1940.7,1944.1,1952.5,,,
27/08/2020,1921.6,1925,1932.6,,,
28/08/2020,1966.8,1974.9,1981.8,,,
31/08/2020,1970.5,1978.6,1986.5,,,
1/09/2020,1970.8,1978.9,1986.8,,,
2/09/2020,1936.9,1944.7,1952.6,,,
3/09/2020,1930.2,1937.8,1945.2,,,
4/09/2020,1926.2,1934.3,1941.7,,,
8/09/2020,1935.1,1943.2,1950.9,,,
9/09/2020,1946.8,1954.9,1962.4,,,
10/09/2020,1956,1964.3,1971.9,,,
11/09/2020,1939.5,1947.9,1955.7,,,
14/09/2020,1954.7,1963.7,1971.7,,,
15/09/2020,1958,1966.2,1974.1,,,
16/09/2020,1962,1970.5,1978,,,
17/09/2020,1941.3,1949.9,1957.3,,,
18/09/2020,1953.2,1962.1,1969.7,,,
21/09/2020,1902.1,1910.6,1918,,,
22/09/2020,1899.3,1907.6,1915,,,
23/09/2020,1860.5,1868.4,1875.7,,,
24/09/2020,1868.9,1876.9,1883.9,,,
25/09/2020,1857.8,1866.3,1873.5,,,
28/09/2020,1872.8,1882.3,1889.6,,,
29/09/2020,1894.3,1903.2,1910.4,,,
30/09/2020,1887.5,1895.5,1902.6,,,
1/10/2020,1908.4,1916.3,1923.4,,,
2/10/2020,1900.2,1907.6,1914.7,,,
5/10/2020,1912.5,1920.1,1927,,,
6/10/2020,1901.1,1908.8,1915.8,,,
7/10/2020,1883.6,1890.8,1897.7,,,
8/10/2020,1888.6,1895.1,1902.7,,,
9/10/2020,1919.5,1926.2,1933.6,,,
12/10/2020,1922.5,1928.9,1936.3,,,
13/10/2020,1888.5,1894.6,1902.2,,,
14/10/2020,1901.3,1907.3,1915.1,,,
15/10/2020,1903.2,1908.9,1916.6,,,
16/10/2020,1900.8,1906.4,1914,,,
19/10/2020,1906.4,1911.7,1919.3,,,
20/10/2020,1910.4,1915.4,1922.9,,,
21/10/2020,1924.6,1929.5,1936.9,,,
22/10/2020,1901.1,1904.6,1912,,,
23/10/2020,1902,1905.2,1912.7,,,
26/10/2020,1902.7,1905.7,1913.2,,,
27/10/2020,1908.8,1911.9,1919.3,,,
28/10/2020,1876.2,1879.2,1886.6,,,
29/10/2020,1868,1875.2,1880.5,,,
30/10/2020,1879.9,1887.2,1892.4,,,
2/11/2020,1892.5,1899.7,1904.8,,,
3/11/2020,1910.4,1917.4,1922.4,,,
4/11/2020,1896.2,1903.1,1908.5,,,
5/11/2020,1946.8,1953.8,1959.5,,,
6/11/2020,1951.7,1959.1,1965,,,
9/11/2020,1854.4,1860.6,1866.4,,,
10/11/2020,1876.4,1883,1888.5,,,
11/11/2020,1861.6,1868.1,1873.2,,,
12/11/2020,1873.3,1880.2,1885.4,,,
13/11/2020,1886.2,1893,1898.3,,,
16/11/2020,1887.8,1894.1,1899,,,
17/11/2020,1885.1,1891.3,1895.8,,,
18/11/2020,1873.9,1879.2,1883.2,,,
19/11/2020,1861.5,1866.9,1871.1,,,
20/11/2020,1872.4,1878.2,1882.4,,,
23/11/2020,1837.8,1844.1,1848.2,,,
24/11/2020,1804.6,1810.9,1815,,,
25/11/2020,1805.5,1811.2,1815.1,,,
27/11/2020,1781.9,1788.1,1792.1,,,
30/11/2020,1775.7,1780.9,1784.8,,,
1/12/2020,1814.1,1818.9,1822.8,,,
2/12/2020,1825.7,1830.2,1833.9,,,
3/12/2020,1836.8,1841.1,1844.7,,,
4/12/2020,1835.9,1840,1844,,,
7/12/2020,1861.8,1866,1870.1,,,
8/12/2020,1870.8,1874.9,1879.1,,,
9/12/2020,1834.6,1838.5,1842.6,,,
10/12/2020,1833.6,1837.4,1841.5,,,
11/12/2020,1839.8,1843.6,1847.6,,,
14/12/2020,1828.7,1832.1,1836.1,,,
15/12/2020,1852.3,1855.3,1859.4,,,
16/12/2020,1856.1,1859.1,1863,,,
17/12/2020,1887.2,1890.4,1894.5,,,
18/12/2020,1885.7,1888.9,1893,,,
21/12/2020,1879.2,1882.8,1887,,,
22/12/2020,1866.6,1870.3,1874.5,,,
23/12/2020,1874.7,1878.1,1882.3,,,
24/12/2020,1879.9,1883.2,1887.4,,,
28/12/2020,1877.2,1880.4,1884.8,,,
29/12/2020,1879.7,1882.9,1887.3,,,
30/12/2020,1893.4,1897.8,1901,,,
31/12/2020,1895.1,1899.6,1902.8,,,
4/01/2021,1946.6,1951.1,1954.3,,,
5/01/2021,1954.4,1958.8,1962.1,,,
6/01/2021,1908.6,1913,1916.4,,,
7/01/2021,1913.6,1918,1921.1,,,
8/01/2021,1835.4,1839.7,1842.7,,,
11/01/2021,1850.8,1854.9,1858.2,,,
12/01/2021,1844.2,1848.2,1851.4,,,
13/01/2021,1854.9,1858.8,1861.9,,,
14/01/2021,1851.4,1855.4,1858.5,,,
15/01/2021,1829.9,1833.7,1836.5,,,
19/01/2021,1840.2,1844,1846.5,,,
20/01/2021,1866.5,1870.2,1872.7,,,
21/01/2021,1865.9,1869.3,1871.8,,,
22/01/2021,1856.2,1859.9,1862.5,,,
25/01/2021,1855.2,1859,1861.6,,,
26/01/2021,1850.9,1854.8,1857.5,,,
27/01/2021,1844.9,1848.9,1851.6,,,
28/01/2021,1837.9,1841.2,1843.7,,,
29/01/2021,1847.3,1850.3,1852.7,,,
1/02/2021,1860.8,1863.9,1866,,,
2/02/2021,1830.5,1833.4,1835.8,,,
3/02/2021,1832.2,1835.1,1837.6,,,
4/02/2021,1788.9,1791.2,1793.8,,,
5/02/2021,1810.9,1813,1815.6,,,
8/02/2021,1831.9,1834.2,1836.8,,,
9/02/2021,1835.3,1837.5,1840.2,,,
10/02/2021,1840.6,1842.7,1845.6,,,
11/02/2021,1824.9,1826.8,1829.8,,,
12/02/2021,1821.6,1823.2,1826,,,
16/02/2021,1797.2,1799,1801.9,,,
17/02/2021,1771.1,1772.8,1775.8,,,
18/02/2021,1773.4,1775,1778,,,
19/02/2021,1775.8,1777.4,1780.3,,,
22/02/2021,1806.7,1808.4,1811.2,,,
23/02/2021,1804.4,1805.9,1808.6,,,
24/02/2021,1796.4,1797.9,1800.8,,,
25/02/2021,1775.4,1778.4,1780.8,,,
26/02/2021,1728.8,1731.6,1734,,,
1/03/2021,1723,1725.8,1728.2,,,
2/03/2021,1733.6,1736.5,1738.8,,,
3/03/2021,1715.8,1718.7,1721,,,
4/03/2021,1700.7,1703.7,1705.9,,,
5/03/2021,1698.5,1701.6,1703.8,,,
8/03/2021,1678,1680.8,1682.9,,,
9/03/2021,1716.9,1719.7,1721.9,,,
10/03/2021,1721.8,1724.5,1726.5,,,
11/03/2021,1722.6,1725.2,1727.2,,,
12/03/2021,1719.8,1722.4,1724.3,,,
15/03/2021,1729.2,1731.8,1733.8,,,
16/03/2021,1730.9,1733.2,1735.2,,,
17/03/2021,1727.1,1729.2,1731.1,,,
18/03/2021,1732.5,1734.6,1736.5,,,
19/03/2021,1741.7,1743.9,1745.8,,,
22/03/2021,1738.1,1740.4,1742.4,,,
23/03/2021,1725.1,1727.5,1729.5,,,
24/03/2021,1733.2,1735.5,1737.2,,,
25/03/2021,1725.1,1727.3,1729.1,,,
26/03/2021,1732.3,1734.7,1736.5,,,
29/03/2021,1712.2,1714.6,1716.5,,,
30/03/2021,1683.9,1686,1687.9,,,
31/03/2021,1713.8,1715.6,1717.5,,,
1/04/2021,1726.5,1728.4,1730.3,,,
2/04/2021,1726.5,1728.4,1730.3,,,
5/04/2021,1727,1728.8,1730.7,,,
6/04/2021,1741.5,1743,1745,,,
7/04/2021,1740.1,1741.6,1743.6,,,
8/04/2021,1756.8,1758.2,1760.3,,,
9/04/2021,1743.3,1744.8,1746.8,,,
12/04/2021,1731.2,1732.7,1734.6,,,
13/04/2021,1746.2,1747.6,1749.5,,,
14/04/2021,1734.9,1736.3,1738.2,,,
15/04/2021,1765.4,1766.8,1768.8,,,
16/04/2021,1779,1780.2,1782.2,,,
19/04/2021,1769.4,1770.6,1772.7,,,
20/04/2021,1777.3,1778.4,1780.4,,,
21/04/2021,1792.3,1793.1,1795.2,,,
22/04/2021,1781.2,1782,1784,,,
23/04/2021,1777,1777.8,1779.9,,,
26/04/2021,1779.2,1780.1,1782.3,,,
27/04/2021,1778,1778.8,1781,,,
28/04/2021,1773.2,1773.9,1776.1,,,
29/04/2021,1768.3,1770.5,1772.4,,,
30/04/2021,1767.7,1769.8,1771.5,,,
3/05/2021,1791.8,1794,1795.8,,,
4/05/2021,1776,1778.2,1780,,,
5/05/2021,1784.3,1786.5,1788.3,,,
6/05/2021,1815.7,1817.9,1819.6,,,
7/05/2021,1831.3,1833.5,1835.4,,,
10/05/2021,1837.6,1839.8,1841.5,,,
11/05/2021,1836.1,1838.1,1839.7,,,
12/05/2021,1822.8,1824.8,1826.4,,,
13/05/2021,1824,1826.1,1827.7,,,
14/05/2021,1838.1,1840,1841.8,,,
17/05/2021,1867.6,1869.6,1871.3,,,
18/05/2021,1868,1870.1,1871.8,,,
19/05/2021,1881.5,1883.4,1885.2,,,
20/05/2021,1881.9,1883.9,1885.7,,,
21/05/2021,1876.7,1878.9,1880.5,,,
24/05/2021,1884.5,1886.7,1888.4,,,
25/05/2021,1898,1900.5,1902.1,,,
26/05/2021,1901.2,1903.8,1905.4,,,
27/05/2021,1895.7,1898.5,1900.1,,,
28/05/2021,1902.5,1905.3,1906.9,,,
1/06/2021,1902.9,1905,1906.9,,,
2/06/2021,1907.5,1909.9,1911.7,,,
3/06/2021,1871.2,1873.3,1875.2,,,
4/06/2021,1889.8,1892,1893.8,,,
7/06/2021,1896.8,1898.8,1900.6,,,
8/06/2021,1892.2,1894.4,1896.4,,,
9/06/2021,1893.2,1895.5,1897.5,,,
10/06/2021,1894.2,1896.4,1898.3,,,
11/06/2021,1877.4,1879.6,1881.7,,,
14/06/2021,1864,1865.9,1867.9,,,
15/06/2021,1854.5,1856.4,1858.4,,,
16/06/2021,1859.5,1861.4,1863.4,,,
17/06/2021,1773.8,1774.8,1776.7,,,
18/06/2021,1767.9,1769,1770.9,,,
21/06/2021,1781.8,1782.9,1784.8,,,
22/06/2021,1776.3,1777.4,1779.3,,,
23/06/2021,1782.3,1783.4,1785.3,,,
24/06/2021,1775.6,1776.7,1778.7,,,
25/06/2021,1776.6,1777.8,1779.8,,,
28/06/2021,1779.6,1780.7,1782.7,,,
29/06/2021,1763.6,1765.4,1767.7,,,
30/06/2021,1771.6,1773.5,1775.8,,,
1/07/2021,1776.8,1778.5,1780.8,,,
2/07/2021,1783.3,1785.2,1787.4,,,
6/07/2021,1794.2,1795.9,1798.2,,,
7/07/2021,1802.1,1803.9,1806.1,,,
8/07/2021,1800.2,1801.9,1804.2,,,
9/07/2021,1810.6,1812.1,1814.6,,,
12/07/2021,1805.9,1807.6,1809.9,,,
13/07/2021,1809.9,1811.7,1814,,,
14/07/2021,1825,1826.7,1829.1,,,
15/07/2021,1829,1830.8,1833.1,,,
16/07/2021,1815,1816.7,1819.1,,,
19/07/2021,1809.2,1810.9,1813.2,,,
20/07/2021,1811.4,1813.1,1815.2,,,
21/07/2021,1803.4,1805.1,1807.4,,,
22/07/2021,1805.4,1807.1,1809.2,,,
23/07/2021,1801.8,1803.6,1805.9,,,
26/07/2021,1799.2,1801.1,1803.4,,,
27/07/2021,1799.8,1801.7,1804,,,
28/07/2021,1799.7,1801.8,1804.6,,,
29/07/2021,1831.2,1833.2,1835.8,,,
30/07/2021,1812.6,1814.5,1817.2,,,
2/08/2021,1818.1,1819.8,1822.2,,,
3/08/2021,1810.1,1811.7,1814.1,,,
4/08/2021,1810.5,1812.2,1814.5,,,
5/08/2021,1805.1,1806.6,1808.9,,,
6/08/2021,1760,1761.1,1763.1,,,
9/08/2021,1723.4,1724.4,1726.5,,,
10/08/2021,1728.8,1729.7,1731.7,,,
11/08/2021,1750.4,1751.2,1753.3,,,
12/08/2021,1749,1749.8,1751.8,,,
13/08/2021,1775.2,1776,1778.2,,,
16/08/2021,1786.9,1787.6,1789.8,,,
17/08/2021,1785,1785.7,1787.8,,,
18/08/2021,1781.6,1782.3,1784.4,,,
19/08/2021,1780.2,1780.9,1783.1,,,
20/08/2021,1781,1781.8,1784,,,
23/08/2021,1803.2,1804,1806.3,,,
24/08/2021,1805.6,1806.3,1808.5,,,
25/08/2021,1788.2,1788.8,1791,,,
26/08/2021,1792.2,1793,1795.2,,,
27/08/2021,1816.6,1817.2,1819.5,,,
30/08/2021,1809.8,1812.2,1814.2,,,
31/08/2021,1815.8,1818.1,1820.1,,,
1/09/2021,1813.8,1816,1818,,,
2/09/2021,1809.4,1811.5,1813.4,,,
3/09/2021,1831.5,1833.7,1835.7,,,
7/09/2021,1796.3,1798.5,1800.6,,,
8/09/2021,1791.2,1793.5,1795.7,,,
9/09/2021,1797.8,1800,1802.1,,,
10/09/2021,1789.9,1792.1,1794.2,,,
13/09/2021,1792.3,1794.4,1796.5,,,
14/09/2021,1805,1807.1,1809.2,,,
15/09/2021,1792.6,1794.8,1796.9,,,
16/09/2021,1754.6,1756.7,1758.7,,,
17/09/2021,1749.4,1751.4,1753.4,,,
20/09/2021,1761.8,1763.8,1765.9,,,
21/09/2021,1776.1,1778.2,1780.3,,,
22/09/2021,1776.7,1778.8,1781,,,
23/09/2021,1747.7,1749.8,1751.8,,,
24/09/2021,1749.7,1751.7,1753.8,,,
27/09/2021,1750,1752,1754,,,
28/09/2021,1735.9,1737.5,1739.5,,,
29/09/2021,1721.5,1722.9,1724.9,,,
30/09/2021,1755.3,1757,1758.5,,,
1/10/2021,1757,1758.4,1760.1,,,
4/10/2021,1766.2,1767.6,1769.4,,,
5/10/2021,1759.6,1760.9,1762.8,,,
6/10/2021,1760.5,1761.8,1763.7,,,
7/10/2021,1757.9,1759.2,1761.1,,,
8/10/2021,1756.3,1757.4,1759.4,,,
11/10/2021,1754.6,1755.7,1757.7,,,
12/10/2021,1758.3,1759.3,1761.2,,,
13/10/2021,1793.7,1794.7,1796.7,,,
14/10/2021,1796.7,1797.9,1799.8,,,
15/10/2021,1767.2,1768.3,1770.2,,,
18/10/2021,1764.8,1765.7,1767.6,,,
19/10/2021,1769.7,1770.5,1772.4,,,
20/10/2021,1784.1,1784.9,1786.8,,,
21/10/2021,1781.2,1781.9,1783.8,,,
22/10/2021,1795.5,1796.3,1798.3,,,
25/10/2021,1806,1806.8,1808.8,,,
26/10/2021,1792.7,1793.4,1795.4,,,
27/10/2021,1797.9,1798.8,1800.8,,,
28/10/2021,1802.6,1804.7,1806.4,,,
29/10/2021,1783.9,1785.9,1787.6,,,
1/11/2021,1795.8,1797.9,1799.5,,,
2/11/2021,1789.4,1791.5,1793,,,
3/11/2021,1763.9,1766,1767.5,,,
4/11/2021,1793.5,1795.6,1797.1,,,
5/11/2021,1816.8,1819,1820.6,,,
8/11/2021,1828,1830.2,1831.8,,,
9/11/2021,1830.8,1832.9,1834.5,,,
10/11/2021,1848.3,1850.6,1852,,,
11/11/2021,1863.9,1866.3,1867.7,,,
12/11/2021,1868.5,1870.8,1872.2,,,
15/11/2021,1866.6,1869.2,1870.8,,,
16/11/2021,1854.1,1856.7,1858.3,,,
17/11/2021,1870.2,1872.8,1874.4,,,
18/11/2021,1861.4,1864,1865.7,,,
19/11/2021,1851.6,1854.3,1856.1,,,
22/11/2021,1806.3,1809.1,1811,,,
23/11/2021,1783.8,1786.3,1788.1,,,
24/11/2021,1784.3,1786.9,1788.8,,,
26/11/2021,1785.5,1788.1,1789.9,,,
29/11/2021,1782.3,1785.2,1787.1,,,
30/11/2021,1773.6,1776.5,1778.3,,,
1/12/2021,1781.6,1784.3,1786.3,,,
2/12/2021,1760.7,1762.7,1764.7,,,
3/12/2021,1782,1783.9,1785.8,,,
6/12/2021,1777.5,1779.5,1781.5,,,
7/12/2021,1782.6,1784.7,1786.8,,,
8/12/2021,1783.4,1785.5,1787.6,,,
9/12/2021,1774.6,1776.7,1778.9,,,
10/12/2021,1782.9,1784.8,1787,,,
13/12/2021,1786.3,1788.3,1790.6,,,
14/12/2021,1770.4,1772.3,1774.7,,,
15/12/2021,1762.6,1764.5,1766.9,,,
16/12/2021,1796.6,1798.2,1800.7,,,
17/12/2021,1803.8,1804.9,1807.3,,,
20/12/2021,1793.7,1794.6,1796.9,,,
21/12/2021,1787.9,1788.7,1791.1,,,
22/12/2021,1801.6,1802.2,1804.6,,,
23/12/2021,1811.2,1811.7,1814,,,
27/12/2021,1808.1,1808.8,1811.1,,,
28/12/2021,1810.2,1810.9,1813.3,,,
29/12/2021,1805.1,1805.8,1808.2,,,
30/12/2021,1814.1,1816.6,1818.9,,,
31/12/2021,1828.6,1831,1833.4,,,
3/01/2022,1800.1,1802.4,1804.6,,,
4/01/2022,1814.6,1817,1819.2,,,
5/01/2022,1825.1,1827.5,1829.5,,,
6/01/2022,1789.2,1791.5,1793.4,,,
7/01/2022,1797.4,1799.9,1801.9,,,
10/01/2022,1798.8,1801.3,1803.3,,,
11/01/2022,1818.5,1821,1822.9,,,
12/01/2022,1827.3,1829.8,1831.9,,,
13/01/2022,1821.4,1823.9,1826,,,
14/01/2022,1816.5,1819,1821.1,,,
18/01/2022,1812.4,1814.9,1817.2,,,
19/01/2022,1843.2,1845.5,1847.8,,,
20/01/2022,1842.6,1844.9,1847.3,,,
21/01/2022,1831.8,1834.1,1836.5,,,
24/01/2022,1841.7,1844.2,1846.6,,,
25/01/2022,1852.5,1855,1857.4,,,
26/01/2022,1829.7,1832,1834.5,,,
27/01/2022,1793.1,1795,1797.7,,,
28/01/2022,1784.9,1786.6,1789.3,,,
31/01/2022,1795,1796.4,1799.2,,,
1/02/2022,1800.3,1801.5,1804.3,,,
2/02/2022,1809.2,1810.3,1813.2,,,
3/02/2022,1803,1804.1,1807,,,
4/02/2022,1806.6,1807.8,1810.8,,,
7/02/2022,1820.6,1821.8,1824.7,,,
8/02/2022,1826.6,1827.9,1831,,,
9/02/2022,1835.2,1836.6,1839.7,,,
10/02/2022,1836.2,1837.4,1840.7,,,
11/02/2022,1840.8,1842.1,1845.5,,,
14/02/2022,1868,1869.4,1872.8,,,
15/02/2022,1854.8,1856.2,1859.6,,,
16/02/2022,1870.2,1871.5,1874.9,,,
17/02/2022,1900.7,1902,1905.3,,,
18/02/2022,1898.6,1899.8,1903.1,,,
22/02/2022,1906.1,1907.4,1910.7,,,
23/02/2022,1909.2,1910.4,1913.7,,,
24/02/2022,1925.1,1926.3,1929.4,,,
25/02/2022,1887.6,1890.8,1894.2,,,
28/02/2022,1900.7,1904,1907.4,,,
1/03/2022,1943.8,1947.1,1950.4,,,
2/03/2022,1922.3,1925.6,1929,,,
3/03/2022,1935.9,1939.3,1942.9,,,
4/03/2022,1966.6,1969.9,1973.6,,,
7/03/2022,1995.9,1999.2,2002.6,,,
8/03/2022,2043.3,2046.7,2049.9,,,
9/03/2022,1988.2,1991.7,1994.9,,,
10/03/2022,2000.4,2004.5,2008.2,,,
11/03/2022,1985,1989.4,1993.1,,,
14/03/2022,1960.8,1965.5,1969.3,,,
15/03/2022,1929.7,1934.7,1938.5,,,
16/03/2022,1909.2,1914.3,1918.3,,,
17/03/2022,1943.2,1948.2,1952.1,,,
18/03/2022,1929.3,1933.9,1937.9,,,
21/03/2022,1929.5,1934.8,1939,,,
22/03/2022,1921.5,1926.7,1931.2,,,
23/03/2022,1937.3,1942.6,1947.1,,,
24/03/2022,1962.2,1967.7,1972.6,,,
25/03/2022,1954.2,1959.8,1964.9,,,
28/03/2022,1939.8,1944.7,1949.9,,,
29/03/2022,1912.2,1918,1923,,,
30/03/2022,1933.5,1939,1944.1,,,
31/03/2022,1949.2,1954,1959.5,,,
1/04/2022,1919.1,1923.7,1929.2,,,
4/04/2022,1929.2,1934,1939.7,,,
5/04/2022,1922.9,1927.5,1933.5,,,
6/04/2022,1918.4,1923.1,1929.3,,,
7/04/2022,1933.8,1937.8,1944.2,,,
8/04/2022,1941.6,1945.6,1952.2,,,
11/04/2022,1944.3,1948.2,1955,,,
12/04/2022,1972.1,1976.1,1983,,,
13/04/2022,1981,1984.7,1991.5,,,
14/04/2022,1970.9,1974.9,1981.6,,,
18/04/2022,1982.9,1986.4,1993.3,,,
19/04/2022,1955.7,1959,1965.8,,,
20/04/2022,1952.3,1955.6,1962.3,,,
21/04/2022,1944.9,1948.2,1955,,,
22/04/2022,1931,1934.3,1941.4,,,
25/04/2022,1893.2,1896,1903,,,
26/04/2022,1901.4,1904.1,1911.1,,,
27/04/2022,1885.9,1888.7,1895.6,,,
28/04/2022,1891.3,1898.3,1905.6,,,
29/04/2022,1911.7,1918.6,1926.1,,,
2/05/2022,1863.6,1870.6,1878.1,,,
3/05/2022,1870.6,1877.8,1885.6,,,
4/05/2022,1868.8,1876.2,1884.1,,,
5/05/2022,1875.7,1883,1890.7,,,
6/05/2022,1882.8,1890.2,1897.7,,,
9/05/2022,1858.6,1865.9,1873.1,,,
10/05/2022,1841,1848.4,1855.5,,,
11/05/2022,1853.7,1861,1868.4,,,
12/05/2022,1824.6,1831.6,1839.3,,,
13/05/2022,1808.2,1814.8,1822.3,,,
16/05/2022,1814,1820.4,1827.9,,,
17/05/2022,1818.9,1825.4,1832.9,,,
18/05/2022,1815.9,1822.4,1830,,,
19/05/2022,1841.2,1847.8,1855.3,,,
20/05/2022,1842.1,1848.4,1856,,,
23/05/2022,1847.8,1853.9,1861.4,,,
24/05/2022,1865.4,1871.4,1878.9,,,
25/05/2022,1846.3,1852.5,1860,,,
26/05/2022,1847.6,1853.9,1861.3,,,
27/05/2022,1851.3,1857.3,1865,,,
31/05/2022,1842.7,1848.4,1856.3,,,
1/06/2022,1843.3,1848.7,1856.7,,,
2/06/2022,1866.5,1871.4,1879.4,,,
3/06/2022,1845.4,1850.2,1858.3,,,
6/06/2022,1839.2,1843.7,1851.9,,,
7/06/2022,1847.5,1852.1,1860.5,,,
8/06/2022,1851.9,1856.5,1865,,,
9/06/2022,1848.8,1852.8,1861.2,,,
10/06/2022,1871.5,1875.5,1883.9,,,
13/06/2022,1828,1831.8,1840.2,,,
14/06/2022,1809.5,1813.5,1822.4,,,
15/06/2022,1815.3,1819.6,1828.6,,,
16/06/2022,1845.7,1849.9,1858.9,,,
17/06/2022,1835.6,1840.6,1849.6,,,
21/06/2022,1834.6,1838.8,1847.8,,,
22/06/2022,1834.3,1838.4,1847.4,,,
23/06/2022,1825.7,1829.8,1838.6,,,
24/06/2022,1826.5,1830.3,1839.3,,,
27/06/2022,1820.9,1824.8,1833.9,,,
28/06/2022,1817.5,1821.2,1830.3,,,
29/06/2022,1817.5,1826.5,1837.8,,,
30/06/2022,1807.3,1816.3,1827.5,,,
1/07/2022,1801.5,1810.4,1821.4,,,
5/07/2022,1763.9,1772.8,1783.4,,,
6/07/2022,1736.5,1745.1,1755.5,,,
7/07/2022,1739.7,1748.3,1758.7,,,
8/07/2022,1742.3,1750.9,1761.6,,,
11/07/2022,1731.7,1740.3,1751.1,,,
12/07/2022,1724.8,1733.4,1744.3,,,
13/07/2022,1735.5,1744,1755,,,
14/07/2022,1705.8,1714.5,1725.4,,,
15/07/2022,1703.6,1711.6,1722.2,,,
18/07/2022,1710.2,1717.7,1728.2,,,
19/07/2022,1710.7,1718,1728.1,,,
20/07/2022,1700.2,1707.7,1717.7,,,
21/07/2022,1713.4,1721.1,1731.3,,,
22/07/2022,1727.4,1735,1745.3,,,
25/07/2022,1719.1,1727.1,1737.1,,,
26/07/2022,1717.7,1726,1735.7,,,
27/07/2022,1719.1,1728,1737.5,,,
28/07/2022,1750.3,1759,1769.2,,,
29/07/2022,1762.9,1771.5,1781.8,,,
1/08/2022,1769,1777.6,1787.7,,,
2/08/2022,1771.1,1779.7,1789.7,,,
3/08/2022,1758,1766.1,1776.4,,,
4/08/2022,1788.5,1796.2,1806.9,,,
5/08/2022,1772.9,1780.5,1791.2,,,
8/08/2022,1786.8,1794.3,1805.2,,,
9/08/2022,1794,1801.5,1812.3,,,
10/08/2022,1795.6,1803.3,1813.7,,,
11/08/2022,1789.7,1796.8,1807.2,,,
12/08/2022,1798.6,1805.2,1815.5,,,
15/08/2022,1781.4,1787.9,1798.1,,,
16/08/2022,1773.2,1779.4,1789.7,,,
17/08/2022,1760.3,1766.5,1776.7,,,
18/08/2022,1755.3,1761.1,1771.2,,,
19/08/2022,1747.6,1753,1762.9,,,
22/08/2022,1734,1738.6,1748.4,,,
23/08/2022,1746.8,1751.5,1761.2,,,
24/08/2022,1747.8,1752,1761.5,,,
25/08/2022,1757.7,1761.8,1771.4,,,
26/08/2022,1736.1,1740.6,1749.8,,,
29/08/2022,1736.6,1740.5,1749.7,,,
30/08/2022,1726.9,1736.3,1749,,,
31/08/2022,1716.9,1726.2,1738.9,,,
1/09/2022,1699.6,1709.3,1721.9,,,
2/09/2022,1713,1722.6,1735,,,
6/09/2022,1703.4,1712.9,1725.2,,,
7/09/2022,1718.2,1727.8,1740,,,
8/09/2022,1710.6,1720.2,1732.5,,,
9/09/2022,1718.8,1728.6,1741.1,,,
12/09/2022,1730.8,1740.6,1753.3,,,
13/09/2022,1707.1,1717.4,1730.3,,,
14/09/2022,1698.2,1709.1,1722.6,,,
15/09/2022,1666.8,1677.3,1690.6,,,
16/09/2022,1672.8,1683.5,1696.7,,,
19/09/2022,1667.6,1678.2,1691.4,,,
20/09/2022,1661,1671.1,1684.2,,,
21/09/2022,1665.8,1675.7,1688.8,,,
22/09/2022,1671.4,1681.1,1694.2,,,
23/09/2022,1645.3,1655.6,1668.8,,,
26/09/2022,1623.6,1633.4,1646.5,,,
27/09/2022,1626.5,1636.2,1649.3,,,
28/09/2022,1660.3,1670,1683,,,
29/09/2022,1658.5,1668.6,1681.6,,,
30/09/2022,1662.4,1672,1684.9,,,
3/10/2022,1692.9,1702,1714.9,,,
4/10/2022,1721.1,1730.5,1743.7,,,
5/10/2022,1711.4,1720.8,1734.2,,,
6/10/2022,1711.7,1720.8,1734.3,,,
7/10/2022,1700.5,1709.3,1722.8,,,
10/10/2022,1667.3,1675.2,1688.8,,,
11/10/2022,1678.7,1686,1699.5,,,
12/10/2022,1670.3,1677.5,1691.1,,,
13/10/2022,1670,1677,1690.8,,,
14/10/2022,1641.7,1648.9,1662.8,,,
17/10/2022,1657,1664,1677.8,,,
18/10/2022,1649,1655.8,1669.6,,,
19/10/2022,1627.5,1634.2,1648,,,
20/10/2022,1630.8,1636.8,1650.7,,,
21/10/2022,1651,1656.3,1670.2,,,
24/10/2022,1648.7,1654.1,1668.1,,,
25/10/2022,1652.8,1658,1672.2,,,
26/10/2022,1664,1669.2,1683.4,,,
27/10/2022,1660.7,1665.6,1680,,,
28/10/2022,1644.8,1659.1,1673.7,,,
31/10/2022,1640.7,1654.9,1669.5,,,
1/11/2022,1649.7,1663.8,1678.5,,,
2/11/2022,1650,1664.1,1679,,,
3/11/2022,1630.9,1644.9,1659.9,,,
4/11/2022,1676.6,1690.6,1705.7,,,
7/11/2022,1680.5,1694.5,1709.6,,,
8/11/2022,1716,1730,1744.9,,,
9/11/2022,1713.7,1727.8,1742.8,,,
10/11/2022,1753.7,1767.8,1782.7,,,
11/11/2022,1769.4,1783.5,1798.4,,,
14/11/2022,1776.9,1790.8,1805.7,,,
15/11/2022,1776.8,1791.6,1806.7,,,
16/11/2022,1775.8,1791,1806,,,
17/11/2022,1763,1777.8,1792.9,,,
18/11/2022,1754.4,1769,1784,,,
21/11/2022,1739.6,1754.6,1769.8,,,
22/11/2022,1739.9,1754.8,1769.9,,,
23/11/2022,1745.6,1760.4,1775.6,,,
25/11/2022,1754,1768.8,1783.9,,,
28/11/2022,1740.3,1755.3,1770.3,,,
29/11/2022,1748.4,1763.7,1778.7,,,
30/11/2022,1746,1759.9,1775.1,,,
1/12/2022,1801.1,1815.2,1830.3,,,
2/12/2022,1795.9,1809.6,1824.7,,,
5/12/2022,1767.4,1781.3,1796.5,,,
6/12/2022,1769.3,1782.4,1797.6,,,
7/12/2022,1785.5,1798,1813.2,,,
8/12/2022,1788.7,1801.5,1816.7,,,
9/12/2022,1798.1,1810.7,1825.9,,,
12/12/2022,1780.5,1792.3,1807.4,,,
13/12/2022,1813.9,1825.5,1840.5,,,
14/12/2022,1807.5,1818.7,1833.8,,,
15/12/2022,1777.2,1787.8,1803.1,,,
16/12/2022,1790,1800.2,1815.6,,,
19/12/2022,1787.7,1797.7,1813,,,
20/12/2022,1815.9,1825.4,1840.8,,,
21/12/2022,1815.9,1825.4,1840.9,,,
22/12/2022,1787,1795.3,1810.8,,,
23/12/2022,1795.9,1804.2,1819.8,,,
27/12/2022,1814.8,1823.1,1838.8,,,
28/12/2022,1807.9,1815.8,1831.5,,,
29/12/2022,1826,1841.9,1857.5,,,
30/12/2022,1826.2,1842.2,1857.7,,,
3/01/2023,1846.1,1862.1,1877.7,,,
4/01/2023,1859,1875,1891.1,,,
5/01/2023,1840.6,1856.7,1873,,,
6/01/2023,1869.7,1885.9,1902.1,,,
9/01/2023,1877.8,1894.2,1910.7,,,
10/01/2023,1876.5,1893,1909.6,,,
11/01/2023,1878.9,1895.5,1912.2,,,
12/01/2023,1898.8,1915.5,1932.3,,,
13/01/2023,1921.7,1938.5,1955.4,,,
17/01/2023,1909.9,1926.7,1943.6,,,
18/01/2023,1907,1923.8,1940.6,,,
19/01/2023,1923.9,1940.6,1957.2,,,
20/01/2023,1928.2,1944.9,1961.7,,,
23/01/2023,1928.6,1945.4,1962.4,,,
24/01/2023,1935.4,1952.2,1969.3,,,
25/01/2023,1942.6,1959.4,1976.3,,,
26/01/2023,1930,1946.7,1963.5,,,
27/01/2023,1929.4,1945.6,1962.3,,,
30/01/2023,1922.9,1939.2,1956,,,
31/01/2023,1929.5,1945.3,1962.2,,,
1/02/2023,1927.8,1942.8,1959.7,,,
2/02/2023,1916.3,1930.8,1947.6,,,
3/02/2023,1862.9,1876.6,1893.3,,,
6/02/2023,1866.2,1879.5,1896.1,,,
7/02/2023,1871.7,1884.8,1901.5,,,
8/02/2023,1877.4,1890.7,1907.7,,,
9/02/2023,1866.2,1878.5,1895.3,,,
10/02/2023,1862.8,1874.5,1891.2,,,
13/02/2023,1851.9,1863.5,1880.1,,,
14/02/2023,1854,1865.4,1882.1,,,
15/02/2023,1834.2,1845.3,1862,,,
16/02/2023,1842,1851.8,1868.6,,,
17/02/2023,1840.4,1850.2,1866.9,,,
21/02/2023,1833,1842.5,1859.2,,,
22/02/2023,1832,1841.5,1858.3,,,
23/02/2023,1818,1826.8,1843.6,,,
24/02/2023,1808.8,1817.1,1833.9,,,
27/02/2023,1824.9,1841.6,1859.4,,,
28/02/2023,1836.7,1853.2,1871.4,,,
1/03/2023,1845.4,1862.1,1880.3,,,
2/03/2023,1840.5,1857.3,1875.5,,,
3/03/2023,1854.6,1871.4,1889.6,,,
6/03/2023,1854.6,1871.4,1889.4,,,
7/03/2023,1820,1836.8,1854.9,,,
8/03/2023,1818.6,1835.6,1853.9,,,
9/03/2023,1834.6,1851.5,1869.8,,,
10/03/2023,1867.2,1884,1902.1,,,
13/03/2023,1916.5,1933,1949.8,,,
14/03/2023,1910.9,1927.4,1944.3,,,
15/03/2023,1931.3,1948.1,1964.2,,,
16/03/2023,1923,1939.7,1956.9,,,
17/03/2023,1973.5,1990.2,2007.1,,,
20/03/2023,1982.8,1999.7,2016.5,,,
21/03/2023,1941.1,1958.3,1975.4,,,
22/03/2023,1949.6,1966.6,1983.8,,,
23/03/2023,1995.9,2013.3,2030.4,,,
24/03/2023,1983.8,2001.7,2018.8,,,
27/03/2023,1953.8,1971.5,1988.7,,,
28/03/2023,1973.5,1990.4,2007.9,,,
29/03/2023,1966.9,1984.5,2002.1,,,
30/03/2023,1980.3,1997.7,2015.6,,,
31/03/2023,1969,1986.2,2004.1,,,
3/04/2023,1983.9,2000.4,2018.5,,,
4/04/2023,2022.2,2038.2,2056.2,,,
5/04/2023,2020.9,2035.6,2053.6,,,
6/04/2023,2011.9,2026.4,2044.4,,,
7/04/2023,2011.9,2026.4,2044.4,,,
10/04/2023,1989.1,2003.8,2021.8,,,
11/04/2023,2004.8,2019,2037.3,,,
12/04/2023,2010.9,2024.9,2043.3,,,
13/04/2023,2041.3,2055.3,2073.8,,,
14/04/2023,2002.2,2015.8,2034.4,,,
17/04/2023,1994.2,2007,2025.7,,,
18/04/2023,2007.4,2019.7,2038.5,,,
19/04/2023,1995.2,2007.3,2025.9,,,
20/04/2023,2007.6,2019.1,2037.9,,,
21/04/2023,1979.5,1990.5,2009.2,,,
24/04/2023,1989.1,1999.8,2018.6,,,
25/04/2023,1994,2004.5,2023.5,,,
26/04/2023,1985.7,1996,2014.9,,,
27/04/2023,1999,2017.9,2036.5,,,
28/04/2023,1999.1,2018.3,2036.7,,,
1/05/2023,1992.2,2011.4,2030.2,,,
2/05/2023,2023.3,2042.5,2061.4,,,
3/05/2023,2037,2056.2,2075.1,,,
4/05/2023,2055.7,2075,2093.9,,,
5/05/2023,2024.8,2044.2,2063.2,,,
8/05/2023,2033.2,2052.8,2072,,,
9/05/2023,2042.9,2062.4,2081.7,,,
10/05/2023,2037.1,2056.5,2075.9,,,
11/05/2023,2020.5,2039.9,2059,,,
12/05/2023,2019.8,2039.1,2058.3,,,
15/05/2023,2022.7,2042.1,2061.4,,,
16/05/2023,1993,2012.2,2031.4,,,
17/05/2023,1984.9,2003.7,2022.9,,,
18/05/2023,1959.8,1978.3,1997.2,,,
19/05/2023,1981.6,2000.3,2019.2,,,
22/05/2023,1977.2,1995.7,2014.9,,,
23/05/2023,1974.5,1992.8,2011.9,,,
24/05/2023,1964.6,1983.1,2002.3,,,
25/05/2023,1943.7,1962.3,1981.7,,,
26/05/2023,1944.3,1963.1,1982.6,,,
30/05/2023,1958,1977.1,1996.7,,,
31/05/2023,1963.9,1982.1,2001.7,,,
1/06/2023,1978,1995.5,2015.1,,,
2/06/2023,1952.4,1969.6,1989.1,,,
5/06/2023,1958,1974.3,1993.9,,,
6/06/2023,1965.5,1981.5,2001,,,
7/06/2023,1942.7,1958.4,1977.9,,,
8/06/2023,1963.6,1978.6,1998.1,,,
9/06/2023,1962.2,1977.2,1996.8,,,
12/06/2023,1955.3,1969.7,1989.3,,,
13/06/2023,1944.6,1958.6,1978.1,,,
14/06/2023,1955.3,1968.9,1988.3,,,
15/06/2023,1957.8,1970.7,1990.2,,,
16/06/2023,1958.4,1971.2,1990.7,,,
20/06/2023,1935.5,1947.7,1967.2,,,
21/06/2023,1933.3,1944.9,1964.4,,,
22/06/2023,1912.7,1923.7,1943,,,
23/06/2023,1919.1,1929.6,1948.9,,,
26/06/2023,1923.7,1933.8,1953.1,,,
27/06/2023,1914,1923.8,1943,,,
28/06/2023,1912.3,1922.2,1941.3,,,
29/06/2023,1917.9,1936.8,1956.4,,,
30/06/2023,1929.4,1948.5,1968,,,
3/07/2023,1929.5,1948.6,1968.2,,,
5/07/2023,1927.1,1946.2,1965.9,,,
6/07/2023,1915.4,1934.6,1954.1,,,
7/07/2023,1932.5,1951.6,1971.2,,,
10/07/2023,1931,1950.1,1969.7,,,
11/07/2023,1937.1,1956.2,1975.8,,,
12/07/2023,1961.7,1980.8,2000.4,,,
13/07/2023,1963.8,1982.9,2002.5,,,
14/07/2023,1964.4,1983.4,2003,,,
17/07/2023,1956.4,1975.5,1995.1,,,
18/07/2023,1980.8,1999.8,2019.6,,,
19/07/2023,1980.8,1999.9,2019.6,,,
20/07/2023,1970.9,1990.2,2009.8,,,
21/07/2023,1966.6,1985.8,2005.3,,,
24/07/2023,1962.2,1981.6,2001,,,
25/07/2023,1963.7,1983.1,2002.8,,,
26/07/2023,1970.1,1989.7,2009.5,,,
27/07/2023,1945.7,1965.3,1985.2,,,
28/07/2023,1960.4,1980,1999.9,,,
31/07/2023,1970.5,1989.3,2009.2,,,
1/08/2023,1940.7,1959.2,1978.8,,,
2/08/2023,1937.4,1955.5,1975,,,
3/08/2023,1932,1949.4,1968.8,,,
4/08/2023,1939.6,1956.6,1976.1,,,
7/08/2023,1933.5,1950.5,1970,,,
8/08/2023,1924.1,1940.5,1959.9,,,
9/08/2023,1915.4,1931.5,1950.6,,,
10/08/2023,1914.4,1930,1948.9,,,
11/08/2023,1912.9,1927.7,1946.6,,,
14/08/2023,1910.6,1925.2,1944,,,
15/08/2023,1902.5,1916.5,1935.2,,,
16/08/2023,1896.1,1909.8,1928.3,,,
17/08/2023,1884.1,1896.7,1915.2,,,
18/08/2023,1886.1,1898.1,1916.5,,,
21/08/2023,1893.3,1905.1,1923,,,
22/08/2023,1896.4,1908.1,1926,,,
23/08/2023,1918.5,1929.9,1948.1,,,
24/08/2023,1918.2,1928.5,1947.1,,,
25/08/2023,1911.1,1921.3,1939.9,,,
28/08/2023,1917.9,1927.9,1946.8,,,
29/08/2023,1936.5,1946.1,1965.1,,,
30/08/2023,1954,1973,1993.4,,,
31/08/2023,1947,1965.9,1986.3,,,
1/09/2023,1948.4,1967.1,1987.4,,,
5/09/2023,1934.3,1952.6,1972.7,,,
6/09/2023,1925.8,1944.2,1964.3,,,
7/09/2023,1924.1,1942.5,1962.5,,,
8/09/2023,1924.6,1942.7,1962.6,,,
11/09/2023,1929.2,1947.2,1967.1,,,
12/09/2023,1917.2,1935.1,1955.1,,,
13/09/2023,1914.4,1932.5,1952.6,,,
14/09/2023,1914.4,1932.8,1952.9,,,
15/09/2023,1927.9,1946.2,1966.3,,,
18/09/2023,1935.2,1953.4,1973.5,,,
19/09/2023,1935.3,1953.7,1973.7,,,
20/09/2023,1948.6,1967.1,1986.9,,,
21/09/2023,1921.2,1939.6,1959.2,,,
22/09/2023,1927.2,1945.6,1965.4,,,
25/09/2023,1918.2,1936.6,1956.4,,,
26/09/2023,1901.6,1919.8,1939.4,,,
27/09/2023,1872.3,1890.9,1910.4,,,
28/09/2023,1860.4,1878.6,1898,,,
29/09/2023,1848.1,1866.1,1885.4,,,
2/10/2023,1830,1847.2,1866.4,,,
3/10/2023,1824.6,1841.5,1860.7,,,
4/10/2023,1818.5,1834.8,1853.8,,,
5/10/2023,1816.6,1831.8,1850.8,,,
6/10/2023,1830.2,1845.2,1864.4,,,
9/10/2023,1849.5,1864.3,1883.5,,,
10/10/2023,1861,1875.3,1894.6,,,
11/10/2023,1872.8,1887.3,1906.8,,,
12/10/2023,1869.3,1883,1902.5,,,
13/10/2023,1927.4,1941.5,1961.1,,,
16/10/2023,1921.1,1934.3,1953.9,,,
17/10/2023,1922.7,1935.7,1955.4,,,
18/10/2023,1955.3,1968.3,1988.1,,,
19/10/2023,1968.4,1980.5,2000.2,,,
20/10/2023,1982.5,1994.4,2014.5,,,
23/10/2023,1976.3,1987.8,2007.8,,,
24/10/2023,1975,1986.1,2006.1,,,
25/10/2023,1984.1,1994.9,2015,,,
26/10/2023,1987.2,1997.4,2017.6,,,
27/10/2023,1988.6,1998.5,2018.7,,,
30/10/2023,2005.6,2026,2045.5,,,
31/10/2023,1994.3,2014.6,2034.1,,,
1/11/2023,1987.5,2007.8,2027.1,,,
2/11/2023,1993.5,2013.9,2033.3,,,
3/11/2023,1999.2,2019.6,2039.1,,,
6/11/2023,1988.6,2009,2028.4,,,
7/11/2023,1973.5,1993.8,2013.2,,,
8/11/2023,1957.8,1978.1,1997.4,,,
9/11/2023,1969.8,1989.9,2009.2,,,
10/11/2023,1937.7,1957.7,1976.8,,,
13/11/2023,1950.2,1970.2,1989.4,,,
14/11/2023,1966.5,1986.4,2005.6,,,
15/11/2023,1964.3,1984.3,2003.6,,,
16/11/2023,1987.3,2007.5,2026.9,,,
17/11/2023,1984.7,2004.8,2024.2,,,
20/11/2023,1980.3,2000.4,2019.6,,,
21/11/2023,2001.6,2021.8,2041,,,
22/11/2023,1992.8,2013.2,2032.4,,,
24/11/2023,2003,2023.5,2042.8,,,
27/11/2023,2012.4,2033,2052.3,,,
28/11/2023,2040,2060.2,2079.6,,,
29/11/2023,2047.1,2067.1,2086.6,,,
30/11/2023,2038.1,2057.2,2076.7,,,
1/12/2023,2071,2089.7,2109.2,,,
4/12/2023,2024.1,2042.2,2061.6,,,
5/12/2023,2018.5,2036.3,2055.7,,,
6/12/2023,2030.5,2047.9,2067.3,,,
7/12/2023,2029.9,2046.4,2065.8,,,
8/12/2023,1998.3,2014.5,2033.9,,,
11/12/2023,1978,1993.7,2013,,,
12/12/2023,1977.8,1993.2,2012.5,,,
13/12/2023,1982.3,1997.3,2016.7,,,
14/12/2023,2030.2,2044.9,2064.2,,,
15/12/2023,2021.1,2035.7,2055.2,,,
18/12/2023,2026.3,2040.5,2060.1,,,
19/12/2023,2038.4,2052.1,2071.8,,,
20/12/2023,2034.5,2047.7,2067.3,,,
21/12/2023,2039.1,2051.3,2071,,,
22/12/2023,2057.1,2069.1,2088.8,,,
26/12/2023,2058.2,2069.8,2089.6,,,
27/12/2023,2081.9,2093.1,2112.9,,,
28/12/2023,2083.5,2103.5,2123.1,,,
29/12/2023,2071.8,2091.8,2111.3,,,
2/01/2024,2073.4,2093.5,2113.1,,,
3/01/2024,2042.8,2062.7,2082.1,,,
4/01/2024,2050,2069.9,2089.5,,,
5/01/2024,2049.8,2069.7,2089.3,,,
8/01/2024,2033.5,2053.4,2072.8,,,
9/01/2024,2033,2053,2072.4,,,
10/01/2024,2027.8,2047.8,2067.2,,,
11/01/2024,2019.2,2039,2058.3,,,
12/01/2024,2051.6,2071.4,2090.6,,,
16/01/2024,2030.2,2049.9,2069.2,,,
17/01/2024,2006.5,2026,2045.4,,,
18/01/2024,2021.6,2041.1,2060.6,,,
19/01/2024,2029.3,2048.6,2068.1,,,
22/01/2024,2022.2,2041.6,2061,,,
23/01/2024,2025.8,2045.2,2064.7,,,
24/01/2024,2016,2035.2,2054.7,,,
25/01/2024,2017.8,2036.8,2056.3,,,
26/01/2024,2017.3,2036.1,2055.6,,,
29/01/2024,2025.4,2044.6,2064.2,,,
30/01/2024,2031.5,2050.9,2070.5,,,
31/01/2024,2048.4,2067.4,2087,,,
1/02/2024,2053,2071.1,2090.6,,,
2/02/2024,2036.1,2053.7,2073.4,,,
5/02/2024,2025.7,2042.9,2062.7,,,
6/02/2024,2034.5,2051.4,2071.2,,,
7/02/2024,2035.2,2051.7,2071.5,,,
8/02/2024,2032.2,2047.9,2067.8,,,
9/02/2024,2023.3,2038.7,2058.6,,,
12/02/2024,2018.2,2033,2053,,,
13/02/2024,1992.9,2007.2,2027.1,,,
14/02/2024,1990.3,2004.3,2024,,,
15/02/2024,2002.1,2014.9,2034.7,,,
16/02/2024,2011.5,2024.1,2043.9,,,
20/02/2024,2027.5,2039.8,2059.6,,,
21/02/2024,2022.3,2034.3,2054,,,
22/02/2024,2019.7,2030.7,2050.5,,,
23/02/2024,2038.6,2049.4,2069.3,,,
26/02/2024,2028.5,2038.9,2058.8,,,
27/02/2024,2034,2044.1,2064.1,,,
28/02/2024,2042.7,2062.7,2081.3,,,
29/02/2024,2054.7,2074.6,2093.1,,,
1/03/2024,2095.7,2116,2134.6,,,
4/03/2024,2126.3,2146.8,2165.5,,,
5/03/2024,2141.9,2162.5,2181.4,,,
6/03/2024,2158.2,2178.8,2197.6,,,
7/03/2024,2165.2,2185.9,2204.7,,,
8/03/2024,2185.5,2206.3,2225.3,,,
11/03/2024,2188.6,2210,2229.3,,,
12/03/2024,2166.1,2187.7,2207,,,
13/03/2024,2180.8,2202.4,2222,,,
14/03/2024,2167.5,2189.1,2208.6,,,
15/03/2024,2161.5,2183.1,2202.6,,,
18/03/2024,2164.3,2185.9,2205.6,,,
19/03/2024,2159.7,2181.2,2200.8,,,
20/03/2024,2161,2182.4,2201.9,,,
21/03/2024,2184.7,2206.5,2226.1,,,
22/03/2024,2160,2181.6,2201.2,,,
25/03/2024,2176.4,2198.2,2217.7,,,
26/03/2024,2177.2,2199.2,2218.9,,,
27/03/2024,2190.6,2212.7,2232.4,,,
28/03/2024,2217.4,2238.4,2258.4,,,
1/04/2024,2236.5,2257.1,2277.5,,,
2/04/2024,2261,2281.8,2302.4,,,
3/04/2024,2294.4,2315,2335.9,,,
4/04/2024,2288.8,2308.5,2329.4,,,
5/04/2024,2325.7,2345.4,2366.6,,,
8/04/2024,2331.7,2351,2372.3,,,
9/04/2024,2343.5,2362.4,2383.9,,,
10/04/2024,2329.6,2348.4,2370.1,,,
11/04/2024,2354.8,2372.7,2394.6,,,
12/04/2024,2356.2,2374.1,2396.3,,,
15/04/2024,2365.8,2383,2405.1,,,
16/04/2024,2390.8,2407.8,2430,,,
17/04/2024,2371.7,2388.4,2410.5,,,
18/04/2024,2382.3,2398,2420.1,,,
19/04/2024,2398.4,2413.8,2436.1,,,
22/04/2024,2332.2,2346.4,2368.1,,,
23/04/2024,2327.7,2342.1,2363.7,,,
24/04/2024,2324.5,2338.4,2360.3,,,
25/04/2024,2329.8,2342.5,2364.5,,,
26/04/2024,2334.8,2347.2,2369.3,,,
29/04/2024,2357.7,2379.8,2402.2,,,
30/04/2024,2302.9,2324.7,2346.5,,,
1/05/2024,2311,2332.9,2354.9,,,
2/05/2024,2309.6,2331.6,2353.6,,,
3/05/2024,2308.6,2330.6,2352.7,,,
6/05/2024,2331.2,2353.4,2375.9,,,
7/05/2024,2324.2,2346.6,2369.1,,,
8/05/2024,2322.3,2344.8,2367.3,,,
9/05/2024,2340.3,2362.7,2385.1,,,
10/05/2024,2375,2397.7,2420.4,,,
13/05/2024,2343,2365.7,2388.3,,,
14/05/2024,2359.9,2382.5,2404.8,,,
15/05/2024,2394.9,2417.6,2440,,,
16/05/2024,2385.5,2408.3,2431,,,
17/05/2024,2417.4,2440.4,2463.4,,,
20/05/2024,2438.5,2461.7,2485.1,,,
21/05/2024,2425.9,2449.1,2472.3,,,
22/05/2024,2392.9,2415.7,2438.8,,,
23/05/2024,2337.2,2359.7,2382.7,,,
24/05/2024,2334.5,2356.9,2379.9,,,
28/05/2024,2356.5,2379.3,2402.5,,,
29/05/2024,2341.2,2364.1,2387.2,,,
30/05/2024,2342.9,2366.5,2389.3,,,
31/05/2024,2322.9,2345.8,2368.5,,,
3/06/2024,2346.6,2369.3,2392,,,
4/06/2024,2325.5,2347.4,2369.7,,,
5/06/2024,2354.1,2375.5,2398.1,,,
6/06/2024,2370.3,2390.9,2413.7,,,
7/06/2024,2305.2,2325,2347.6,,,
10/06/2024,2307.7,2327,2349.6,,,
11/06/2024,2307.5,2326.6,2349.1,,,
12/06/2024,2336,2354.8,2377.5,,,
13/06/2024,2300.2,2318,2340.6,,,
14/06/2024,2331.4,2349.1,2371.9,,,
17/06/2024,2312.4,2329,2351.8,,,
18/06/2024,2330.4,2346.9,2369.5,,,
20/06/2024,2353.8,2369,2391.8,,,
21/06/2024,2316.4,2331.2,2353.9,,,
24/06/2024,2330,2344.4,2367.2,,,
25/06/2024,2316.6,2330.8,2353.5,,,
26/06/2024,2299.2,2313.2,2335.9,,,
27/06/2024,2336.6,2359.3,2382.4,,,
28/06/2024,2339.6,2362.5,2385.6,,,
1/07/2024,2338.9,2361.9,2385.3,,,
2/07/2024,2333.4,2356.4,2379.9,,,
3/07/2024,2369.4,2392.6,2416.3,,,
5/07/2024,2397.7,2421.1,2445,,,
8/07/2024,2363.5,2387,2411,,,
9/07/2024,2367.9,2391.2,2415.2,,,
10/07/2024,2379.7,2403.2,2427.2,,,
11/07/2024,2421.9,2445.6,2469.9,,,
12/07/2024,2420.7,2444.5,2469,,,
15/07/2024,2428.9,2452.9,2477.3,,,
16/07/2024,2467.8,2492,2516.7,,,
17/07/2024,2459.9,2484.3,2509,,,
18/07/2024,2456.4,2480.8,2505.4,,,
19/07/2024,2399.1,2423,2446.8,,,
22/07/2024,2394.7,2418.4,2442.1,,,
23/07/2024,2407.3,2431,2455.2,,,
24/07/2024,2415.7,2439.6,2464,,,
25/07/2024,2353.5,2376.6,2399.9,,,
26/07/2024,2381,2404.5,2427.9,,,
29/07/2024,2377.8,2401.8,2425.5,,,
30/07/2024,2405,2428.4,2451.9,,,
31/07/2024,2426.5,2449.3,2473,,,
1/08/2024,2435,2457.1,2480.8,,,
2/08/2024,2425.7,2447.3,2469.8,,,
5/08/2024,2401.7,2422.6,2444.4,,,
6/08/2024,2389.1,2409.3,2431.6,,,
7/08/2024,2390.5,2410.3,2432.4,,,
8/08/2024,2422.2,2440.8,2463.3,,,
9/08/2024,2432.1,2450.4,2473.4,,,
12/08/2024,2462.4,2480.8,2504,,,
13/08/2024,2466.7,2484.9,2507.8,,,
14/08/2024,2439.4,2457.1,2479.7,,,
15/08/2024,2453.1,2469.4,2492.4,,,
16/08/2024,2498.6,2514.5,2537.8,,,
19/08/2024,2501.8,2518.1,2541.3,,,
20/08/2024,2511.3,2527.4,2550.6,,,
21/08/2024,2508.4,2524.1,2547.5,,,
22/08/2024,2478.9,2493.5,2516.7,,,
23/08/2024,2508.4,2522.6,2546.3,,,
26/08/2024,2517.7,2531.4,2555.2,,,
27/08/2024,2516,2529.3,2552.9,,,
28/08/2024,2501,2514.3,2537.8,,,
29/08/2024,2536.7,2560.3,2582.7,,,
30/08/2024,2504.5,2527.6,2549.8,,,
3/09/2024,2499.7,2523,2545,,,
4/09/2024,2502.7,2526,2547.7,,,
5/09/2024,2519.7,2543.1,2564.8,,,
6/09/2024,2501.5,2524.6,2546,,,
9/09/2024,2509.3,2532.7,2554.2,,,
10/09/2024,2519.5,2543.1,2564.8,,,
11/09/2024,2519,2542.4,2564.3,,,
12/09/2024,2557.1,2580.6,2602.9,,,
13/09/2024,2586.8,2610.7,2632.9,,,
16/09/2024,2585.2,2608.9,2630.8,,,
17/09/2024,2568.9,2592.4,2614.2,,,
18/09/2024,2574.9,2598.6,2620.6,,,
19/09/2024,2590.9,2614.6,2636.4,,,
20/09/2024,2622.4,2646.2,2668.2,,,
23/09/2024,2628.6,2652.5,2674.4,,,
24/09/2024,2653,2677,2698.9,,,
25/09/2024,2660.7,2684.7,2706.6,,,
26/09/2024,2670.4,2694.9,2717,,,
27/09/2024,2644.3,2668.1,2689.9,,,
30/09/2024,2636.1,2659.4,2681.3,,,
1/10/2024,2667.3,2690.3,2712.5,,,
2/10/2024,2647.1,2669.7,2692,,,
3/10/2024,2657.1,2679.2,2701.6,,,
4/10/2024,2645.8,2667.8,2690.7,,,
7/10/2024,2644.8,2666,2689.1,,,
8/10/2024,2615,2635.4,2658.2,,,
9/10/2024,2606,2626,2648.8,,,
10/10/2024,2620.6,2639.3,2662.6,,,
11/10/2024,2657.6,2676.3,2699.7,,,
14/10/2024,2647.8,2665.6,2689,,,
15/10/2024,2661.4,2678.9,2702.4,,,
16/10/2024,2674,2691.3,2714.9,,,
17/10/2024,2691,2707.5,2731.4,,,
18/10/2024,2713.7,2730,2754.3,,,
21/10/2024,2723.1,2738.9,2763.4,,,
22/10/2024,2744.2,2759.8,2784.4,,,
23/10/2024,2714.4,2729.4,2753.8,,,
24/10/2024,2734.9,2748.9,2773.3,,,
25/10/2024,2740.9,2754.6,2779.1,,,
28/10/2024,2742.9,2755.9,2780.5,,,
29/10/2024,2768.4,2781.1,2805.8,,,
30/10/2024,2800.8,2825.7,2846,,,
31/10/2024,2749.3,2774,2794.5,,,
1/11/2024,2749.2,2773.9,2794.5,,,
4/11/2024,2746.2,2770.9,2791.5,,,
5/11/2024,2749.7,2774.6,2795.3,,,
6/11/2024,2676.3,2700.4,2721,,,
7/11/2024,2705.8,2730.6,2751.1,,,
8/11/2024,2694.8,2719.5,2740.1,,,
11/11/2024,2617.7,2641.7,2661.9,,,
12/11/2024,2606.3,2630.3,2650.6,,,
13/11/2024,2586.5,2610.3,2630.3,,,
14/11/2024,2572.9,2596.4,2616.3,,,
15/11/2024,2570.1,2593.6,2613.4,,,
18/11/2024,2614.6,2638.2,2658.7,,,
19/11/2024,2631,2654.6,2674.9,,,
20/11/2024,2651.7,2675.6,2696.3,,,
21/11/2024,2674.9,2699.3,2720.2,,,
22/11/2024,2712.2,2737.2,2758.5,,,
25/11/2024,2618.5,2642.6,2663.4,,,
26/11/2024,2621.3,2646.3,2667.2,,,
27/11/2024,2639.9,2664.8,2685.6,,,
29/11/2024,2657,2681,2701.9,,,
2/12/2024,2634.9,2658.5,2679.3,,,
3/12/2024,2644.7,2667.9,2688.7,,,
4/12/2024,2653.8,2676.2,2696.4,,,
5/12/2024,2626.6,2648.4,2668.8,,,
6/12/2024,2638.6,2659.6,2680.3,,,
9/12/2024,2664.9,2685.8,2706.6,,,
10/12/2024,2697.6,2718.4,2739.4,,,
11/12/2024,2733.8,2756.7,2776.6,,,
12/12/2024,2687.5,2709.4,2730.4,,,
13/12/2024,2656,2675.8,2697.3,,,
16/12/2024,2651.4,2670,2691.5,,,
17/12/2024,2644.4,2662,2683.7,,,
18/12/2024,2636.5,2653.3,2675.5,,,
19/12/2024,2592.2,2608.1,2630,,,
20/12/2024,2628.7,2645.1,2667,,,
23/12/2024,2612.3,2628.2,2650.5,,,
24/12/2024,2620,2635.5,2658.1,,,
26/12/2024,2638.8,2653.9,2677.1,,,
27/12/2024,2617.2,2631.9,2655.2,,,
30/12/2024,2618.1,2642,2667.2,,,
31/12/2024,2641,2666,2692.1,,,
2/01/2025,2669,2693.5,2718.5,,,
3/01/2025,2654.7,2679.5,2703.9,,,
6/01/2025,2647.4,2672,2695.7,,,
7/01/2025,2665.4,2690.3,2713.8,,,
8/01/2025,2672.4,2698.3,2721.8,,,
9/01/2025,2690.8,2717.1,2740.6,,,
10/01/2025,2715,2742.6,2766.4,,,
13/01/2025,2678.6,2706.1,2730.4,,,
14/01/2025,2682.3,2710.1,2734.6,,,
15/01/2025,2717.8,2743.9,2768.2,,,
16/01/2025,2750.9,2776.5,2801.4,,,
17/01/2025,2748.7,2775,2799.5,,,
21/01/2025,2759.2,2785.6,2810.4,,,
22/01/2025,2770.9,2797.4,2822.4,,,
23/01/2025,2765,2791.9,2816.9,,,
24/01/2025,2778.9,2806.6,2832.3,,,
27/01/2025,2738.4,2766.2,2792,,,
28/01/2025,2767.5,2794.6,2821,,,
29/01/2025,2769.8,2793.5,2818.7,,,
30/01/2025,2823,2845.2,2869.9,,,
31/01/2025,2812.5,2835,2859.6,,,
3/02/2025,2833.9,2857.1,2881.2,,,
4/02/2025,2853.3,2875.8,2900.7,,,
5/02/2025,2871.6,2893,2918.4,,,
6/02/2025,2856,2876.7,2902.4,,,
7/02/2025,2867.3,2887.6,2913.9,,,
10/02/2025,2914.3,2934.4,2961.3,,,
11/02/2025,2912.5,2932.6,2960.5,,,
12/02/2025,2909,2928.7,2956.4,,,
13/02/2025,2925.9,2945.4,2973.2,,,
14/02/2025,2883.6,2900.7,2928.3,,,
18/02/2025,2931.6,2949,2976.8,,,
19/02/2025,2919.4,2936.1,2963.6,,,
20/02/2025,2940,2956.1,2983.3,,,
21/02/2025,2937.6,2953.2,2980.7,,,
24/02/2025,2947.9,2963.2,2991.1,,,
25/02/2025,2904.5,2918.8,2946.8,,,
26/02/2025,2916.8,2930.6,2958.9,,,
27/02/2025,2895.9,2923.9,2949.6,,,
28/02/2025,2848.5,2876.1,2901.6,,,
3/03/2025,2901.1,2929.2,2955.2,,,
4/03/2025,2920.6,2948.8,2974.7,,,
5/03/2025,2926,2954.4,2980,,,
6/03/2025,2926.6,2955.2,2980.8,,,
7/03/2025,2914.1,2942.9,2968.3,,,
10/03/2025,2899.4,2927.5,2951.8,,,
11/03/2025,2920.9,2949,2973.8,,,
12/03/2025,2946.8,2974.8,2999.6,,,
13/03/2025,2991.3,3019.5,3044.7,,,
14/03/2025,3001.1,3028.9,3054,,,
17/03/2025,3006.1,3034.1,3059,,,
18/03/2025,3040.8,3068.9,3094.2,,,
19/03/2025,3041.2,3069.1,3094.4,,,
20/03/2025,3043.8,3071.3,3096.3,,,
21/03/2025,3021.4,3048.4,3072.9,,,
24/03/2025,3015.6,3044,3068.6,,,
25/03/2025,3025.9,3054.3,3079.3,,,
26/03/2025,3022.5,3052.3,3077,,,
27/03/2025,3061,3090.9,3115.8,,,
28/03/2025,3086.5,3114.3,3139.4,,,
31/03/2025,3122.8,3150.3,3175.2,,,
1/04/2025,3118.9,3146,3171.3,,,
2/04/2025,3139.9,3166.2,3192.3,,,
3/04/2025,3097,3121.7,3147.8,,,
4/04/2025,3012,3035.4,3060.3,,,
7/04/2025,2951.3,2973.6,2998,,,
8/04/2025,2968.4,2990.2,3015.2,,,
9/04/2025,3056.5,3079.4,3105.2,,,
10/04/2025,3155.2,3177.5,3203.8,,,
11/04/2025,3222.2,3244.6,3272.1,,,
14/04/2025,3204.8,3226.3,3253.1,,,
15/04/2025,3218.7,3240.4,3267.5,,,
16/04/2025,3326.6,3346.4,3375.1,,,
17/04/2025,3308.7,3328.4,3357.1,,,
21/04/2025,3406.2,3425.3,3454.6,,,
22/04/2025,3400.8,3419.4,3448.7,,,
23/04/2025,3276.3,3294.1,3322.6,,,
24/04/2025,3332,3348.6,3377.9,,,
25/04/2025,3282.4,3298.4,3327.2,,,
28/04/2025,3332.5,3347.7,3376.8,,,
29/04/2025,3333.6,3362.5,3389.5,,,
30/04/2025,3319.1,3347.9,3374.7,,,
1/05/2025,3222.2,3250.3,3276.5,,,
2/05/2025,3243.3,3271.7,3298.1,,,
5/05/2025,3322.3,3351.1,3378.1,,,
6/05/2025,3422.8,3452.1,3480,,,
7/05/2025,3391.9,3421.2,3449.1,,,
8/05/2025,3306,3334.7,3362.3,,,
9/05/2025,3344,3372.6,3400.2,,,
12/05/2025,3228,3256.1,3283.3,,,
13/05/2025,3247.8,3275.9,3303.5,,,
14/05/2025,3188.3,3216,3243.2,,,
15/05/2025,3226.6,3254.1,3281.2,,,
16/05/2025,3187.2,3214.4,3241.4,,,
19/05/2025,3233.5,3261.4,3288.9,,,
20/05/2025,3284.6,3312.6,3340,,,
21/05/2025,3313.5,3341.9,3370,,,
22/05/2025,3295,3323.6,3351.7,,,
23/05/2025,3365.8,3394.5,3422.9,,,
27/05/2025,3300.4,3328.3,3356.9,,,
28/05/2025,3294.9,3322.4,3350.3,,,
29/05/2025,3317.1,3343.9,3371.3,,,
30/05/2025,3288.9,3315.4,3342.6,,,
2/06/2025,3370.6,3397.2,3424.8,,,
3/06/2025,3350.2,3377.1,3404.8,,,
4/06/2025,3373.5,3399.2,3427.2,,,
5/06/2025,3350.7,3375.1,3402.9,,,
6/06/2025,3322.7,3346.6,3374.5,,,
9/06/2025,3332.1,3354.9,3382.6,,,
10/06/2025,3320.9,3343.4,3371.2,,,
11/06/2025,3321.3,3343.7,3371.4,,,
12/06/2025,3380.9,3402.4,3429.9,,,
13/06/2025,3431.2,3452.8,3480.5,,,
16/06/2025,3396.4,3417.3,3445,,,
17/06/2025,3386.6,3406.9,3434.6,,,
18/06/2025,3389.8,3408.1,3435.7,,,
20/06/2025,3368.1,3385.7,3413.2,,,
23/06/2025,3377.7,3395,3422.5,,,
24/06/2025,3317.4,3333.9,3361.4,,,
25/06/2025,3327.1,3343.1,3370.8,,,
26/06/2025,3333.5,3348,3375.7,,,
27/06/2025,3287.6,3315.3,3342.7,,,
30/06/2025,3307.7,3335.4,3362.9,,,
1/07/2025,3349.8,3377.5,3405.1,,,
2/07/2025,3359.7,3387.5,3415.2,,,
3/07/2025,3342.9,3370.9,3398.8,,,
7/07/2025,3342.8,3370.7,3398.7,,,
8/07/2025,3316.9,3344.7,3372.6,,,
9/07/2025,3321,3348.5,3376.3,,,
10/07/2025,3325.7,3353.3,3381,,,
11/07/2025,3364,3391.6,3419.5,,,
14/07/2025,3359.1,3387,3415.3,,,
15/07/2025,3336.7,3364.6,3392.9,,,
16/07/2025,3359.1,3386.9,3415.2,,,
17/07/2025,3345.3,3373.1,3401.3,,,
18/07/2025,3358.3,3385.7,3414.1,,,
21/07/2025,3406.4,3433.7,3462.9,,,
22/07/2025,3443.7,3472.1,3501.8,,,
23/07/2025,3397.6,3426.2,3455.1,,,
24/07/2025,3373.5,3402.4,3431.1,,,
25/07/2025,3335.6,3364.4,3392.5,,,
28/07/2025,3310,3338.7,3366.8,,,
29/07/2025,3324,3353.2,3381.2,,,
30/07/2025,3295.8,3325.3,3352.8,,,
31/07/2025,3293.2,3321.1,3348.6,,,
1/08/2025,3347.7,3373.2,3399.8,,,
4/08/2025,3374.4,3399.5,3426.4,,,
5/08/2025,3381.9,3407.5,3434.7,,,
6/08/2025,3380,3405.2,3433.4,,,
7/08/2025,3400.3,3425.2,3453.7,,,
8/08/2025,3439.1,3463,3491.3,,,
11/08/2025,3353.1,3376.2,3404.7,,,
12/08/2025,3348.9,3371.1,3399,,,
13/08/2025,3358.7,3380.5,3408.3,,,
14/08/2025,3335.2,3355.8,3383.2,,,
15/08/2025,3336,3355.4,3382.6,,,
18/08/2025,3331.7,3350.7,3378,,,
19/08/2025,3313.4,3331.8,3358.7,,,
20/08/2025,3343.4,3361.6,3388.5,,,
21/08/2025,3336.9,3354.3,3381.6,,,
22/08/2025,3374.4,3391.3,3418.5,,,
25/08/2025,3373.8,3390.2,3417.5,,,
26/08/2025,3388.6,3404.8,3433,,,
27/08/2025,3404.6,3420.3,3448.6,,,
28/08/2025,3445.8,3474.3,3502.3,,,
29/08/2025,3487.2,3516.1,3544.6,,,
2/09/2025,3562.9,3592.2,3620.9,,,
3/09/2025,3606.1,3635.5,3664.5,,,
4/09/2025,3577.3,3606.7,3635.8,,,
5/09/2025,3624,3653.3,3682.1,,,
8/09/2025,3648.5,3677.4,3706,,,
9/09/2025,3653.3,3682.2,3710.8,,,
10/09/2025,3653.1,3682,3710.6,,,
11/09/2025,3645,3673.6,3701.8,,,
12/09/2025,3657.3,3686.4,3715,,,
15/09/2025,3689.5,3719,3747.7,,,
16/09/2025,3695.5,3725.1,3753.9,,,
17/09/2025,3688,3717.8,3746.8,,,
18/09/2025,3648.7,3678.3,3707.1,,,
19/09/2025,3676,3705.8,3734.8,,,
22/09/2025,3744.8,3775.1,3804.5,,,
23/09/2025,3784.2,3815.7,3845.7,,,
24/09/2025,3735,3768.1,3798.1,,,
25/09/2025,3738.7,3771.1,3801.5,,,
26/09/2025,3776.2,3809,3839.6,,,
29/09/2025,3820.9,3855.2,3886.6,,,
30/09/2025,3840.8,3873.2,3904.6,,,
1/10/2025,3867.5,3897.5,3929.1,,,
2/10/2025,3839.7,3868.1,3899.1,,,
3/10/2025,3880.8,3908.9,3940.1,,,
6/10/2025,3948.5,3976.3,4008.4,,,
7/10/2025,3976.6,4004.4,4036.8,,,
8/10/2025,4043.3,4070.5,4103.5,,,
9/10/2025,3946.3,3972.6,4004.7,,,
10/10/2025,3975.9,4000.4,4032.7,,,
13/10/2025,4108.6,4133,4166.4,,,
14/10/2025,4138.7,4163.4,4196.9,,,
15/10/2025,4176.9,4201.6,4235.4,,,
16/10/2025,4280.2,4304.6,4339.2,,,
17/10/2025,4189.9,4213.3,4247.1,,,
20/10/2025,4336.4,4359.4,4394.6,,,
21/10/2025,4087.7,4109.1,4142.2,,,
22/10/2025,4044.4,4065.4,4098.6,,,
23/10/2025,4125.5,4145.6,4179.3,,,
24/10/2025,4118.4,4137.8,4171.5,,,
27/10/2025,4001.9,4019.7,4052.6,,,
28/10/2025,3966.2,3983.1,4015.5,,,
29/10/2025,3983.7,4000.7,4033.7,,,
30/10/2025,4015.9,4049.3,4079,,,
31/10/2025,3996.5,4029.5,4059,,,
3/11/2025,4014,4047.4,4077.2,,,
4/11/2025,3960.5,3993.4,4022.5,,,
5/11/2025,3992.9,4026.2,4055.7,,,
6/11/2025,3991,4024.2,4053.6,,,
7/11/2025,4009.8,4043.3,4072.8,,,
10/11/2025,4122,4156.3,4186.5,,,
11/11/2025,4116.3,4150.8,4180.9,,,
12/11/2025,4213.6,4248.8,4279.2,,,
13/11/2025,4194.5,4230.8,4261.7,,,
14/11/2025,4094.2,4129.5,4159,,,
17/11/2025,4074.5,4109.8,4139.5,,,
18/11/2025,4066.5,4101.7,4131.2,,,
19/11/2025,4082.8,4118.2,4148.3,,,
20/11/2025,4060,4095.7,4125.3,,,
21/11/2025,4079.5,4116,4144.9,,,
24/11/2025,4094.2,4130.8,4159.6,,,
25/11/2025,4140,4177.3,4206.5,,,
26/11/2025,4165.2,4202.3,4231.8,,,
28/11/2025,4218.3,4254.9,4284.8,,,
1/12/2025,4239.3,4274.8,4305.7,,,
2/12/2025,4186.6,4220.8,4251.5,,,
3/12/2025,4199.3,4232.5,4263.2,,,
4/12/2025,4211.8,4243,4273.4,,,
5/12/2025,4212.9,4243,4273.8,,,
8/12/2025,4187.2,4217.7,4248.6,,,
9/12/2025,4206.7,4236.2,4267.4,,,
10/12/2025,4196.4,4224.7,4255.6,,,
11/12/2025,4285.5,4313,4344.4,,,
12/12/2025,4300.1,4328.3,4360,,,
15/12/2025,4306.7,4335.2,4367,,,
16/12/2025,4304.5,4332.3,4363.9,,,
17/12/2025,4347.5,4373.9,4405.5,,,
18/12/2025,4339.5,4364.5,4395.9,,,
19/12/2025,4361.4,4387.3,4418.8,,,
22/12/2025,4444.6,4469.4,4501.6,,,
23/12/2025,4482.8,4505.7,4538.1,,,
24/12/2025,4480.6,4502.8,4535.1,,,
26/12/2025,4529.1,4552.7,4585.7,,,
29/12/2025,4325.1,4343.6,4375.7,,,
30/12/2025,4386.3,4418.9,4451.9,,,
31/12/2025,4341.1,4373.9,4406.9,,,
2/01/2026,4329.6,4361.9,4394.5,,,
5/01/2026,4451.5,4484.1,4516.8,,,
6/01/2026,4496.1,4529.1,4562.2,,,
7/01/2026,4462.5,4495.3,4528.1,,,
8/01/2026,4460.7,4493.9,4526.9,,,
9/01/2026,4500.9,4534.7,4567.9,,,
12/01/2026,4614.7,4649.2,4683,,,
13/01/2026,4599.1,4633.5,4667.2,,,
14/01/2026,4635.7,4670.1,4704,,,
15/01/2026,4623.7,4657.7,4691.7,,,
16/01/2026,4595.4,4629.4,4663.5,,,
20/01/2026,4765.8,4800.8,4835.7,,,
21/01/2026,4837.5,4873.1,4908.7,,,
22/01/2026,4913.4,4949.4,4985.7,,,
23/01/2026,4979.7,5017,5055,,,
26/01/2026,5082.5,5122.3,5161.9,,,
27/01/2026,5082.6,5120.6,5158.9,,,
28/01/2026,5303.6,5340.2,5380.7,,,
29/01/2026,5318.4,5354.8,5395.8,,,
30/01/2026,4713.9,4745.1,4780.7,,,
2/02/2026,4622.5,4652.6,4686.4,,,
3/02/2026,4903.7,4935,4971.4,,,
4/02/2026,4920.4,4950.8,4987.6,,,
5/02/2026,4861.4,4889.5,4925,,,
6/02/2026,4951.2,4979.8,5017,,,
9/02/2026,5050.9,5079.4,5117.8,,,
10/02/2026,5003.8,5031,5069,,,
11/02/2026,5071.6,5098.5,5137.2,,,
12/02/2026,4923.7,4948.4,4986.1,,,
13/02/2026,5022,5046.3,5083.9,,,
17/02/2026,4882.9,4905.9,4942.5,,,
18/02/2026,4986.5,5009.5,5046.9,,,
19/02/2026,4975.9,4997.4,5035.1,,,
20/02/2026,5059.3,5080.9,5119.6,,,
23/02/2026,5204.7,5225.6,5265.5,,,
24/02/2026,5155.8,5176.3,5215.8,,,
25/02/2026,5206.4,5226.2,5266.1,,,
26/02/2026,5194.2,5233.7,5272.8,,,
27/02/2026,5247.9,5287.6,5327.1,,,
2/03/2026,5311.6,5351.7,5391.8,,,
3/03/2026,5123.7,5162.2,5201,,,
4/03/2026,5134.7,5173.3,5212.2,,,
5/03/2026,5078.7,5117,5155.7,,,
6/03/2026,5158.7,5197.9,5237.1,,,
9/03/2026,5103.7,5142.7,5181.6,,,
10/03/2026,5242.1,5281.5,5321.2,,,
11/03/2026,5179.1,5218.1,5257.8,,,
12/03/2026,5125.8,5163.8,5202.8,,,
13/03/2026,5061.7,5098.9,5137.3,,,
16/03/2026,5002.2,5039.4,5077.6,,,
17/03/2026,5008.2,5045.6,5083.8,,,
18/03/2026,4896.2,4932.9,4970.7,,,
19/03/2026,4605.7,4640.5,4676.2,,,
20/03/2026,4574.9,4609.6,4645.9,,,
23/03/2026,4407.3,4439.5,4473.7,,,
24/03/2026,4402,4434.1,4467.9,,,
25/03/2026,4552.3,4585.5,4619.9,,,
26/03/2026,4376.3,4409,4442.6,,,
27/03/2026,4492.5,4524.3,4558.6,,,
30/03/2026,4526,4557.5,4591.7,,,
31/03/2026,4647.6,4678.6,4713.6,,,
1/04/2026,4783.2,4813.1,4849.8,,,
2/04/2026,4651.5,4679.7,4715.6,,,
3/04/2026,4651.5,4679.7,4715.6,,,
6/04/2026,4656.8,4684.7,4720.5,,,
7/04/2026,4657.1,4684.7,4720.5,,,
8/04/2026,4749.5,4777.2,4814.1,,,
9/04/2026,4792.2,4818,4855.5,,,
10/04/2026,4761.9,4787.4,4824.6,,,
13/04/2026,4742.4,4767.4,4804.4,,,
14/04/2026,4825,4850.1,4887.8,,,
15/04/2026,4800,4823.6,4860.8,,,
16/04/2026,4785.4,4808.3,4845.3,,,
17/04/2026,4857.6,4879.6,4916.5,,,
20/04/2026,4806.6,4828.8,4865.4,,,
21/04/2026,4698.4,4719.6,4755.4,,,
22/04/2026,4732.5,4753,4789,,,
23/04/2026,4705.1,4724,4759.8,,,
24/04/2026,4722.3,4740.9,4776.3,,,
27/04/2026,4675.4,4693.7,4728.8,,,
28/04/2026,4591.5,4608.4,4642.9,,,
29/04/2026,4561.5,4595.6,4627.8,,,
30/04/2026,4629.6,4664.5,4697.3,,,
1/05/2026,4644.5,4679.9,4713,,,
4/05/2026,4533.3,4568.1,4600.7,,,
5/05/2026,4568.5,4603.1,4635.7,,,
6/05/2026,4694.3,4729.9,4763.1,,,
7/05/2026,4710.9,4746.9,4780.3,,,
8/05/2026,4730.7,4766.6,4799.9,,,
11/05/2026,4728.7,4764.4,4798,,,
12/05/2026,4686.7,4721.9,4755.4,,,
13/05/2026,4706.7,4741.7,4775,,,
14/05/2026,4685.3,4719.9,4752.9,,,
15/05/2026,4561.9,4595.5,4627.8,,,
18/05/2026,4558,4591.8,4623.9,,,
19/05/2026,4511.2,4544.5,4576.3,,,
20/05/2026,4535.3,4569.1,4600.7,,,
21/05/2026,4542.5,4576.6,4609,,,
22/05/2026,4523.2,4556.4,4588.7,,,
26/05/2026,4502.3,4535,4567,,,
27/05/2026,4448.4,4481.5,4512.4,,,
28/05/2026,4499.3,4532.4,4563.8,,,
29/05/2026,4560.5,4593,4625.3,,,
1/06/2026,4475.2,4506.3,4538.2,,,
2/06/2026,4489.1,4519.9,4551.8,,,
3/06/2026,4436.7,4466.9,4498.5,,,
4/06/2026,4475.8,4505,4536.8,,,
5/06/2026,4337.1,4365.3,4396.1,,,
8/06/2026,4335.9,4363.4,4394.3,,,
9/06/2026,4260,4286.4,4316.9,,,
10/06/2026,4108.2,4133.3,4162.7,,,
11/06/2026,4090.3,4114,4142.7,,,
12/06/2026,4215,4238.8,4268.3,,,
15/06/2026,4328,4351.6,4381.7,,,
16/06/2026,4330.9,4354.4,4384.7,,,
17/06/2026,4358.9,4381.4,4411.9,,,
18/06/2026,4224.1,4245.9,4275.9,,,
22/06/2026,4181.9,4202.7,4232.8,,,
23/06/2026,4129.9,4149.4,4178.8,,,
24/06/2026,3990.3,4008.8,4037.2,,,
25/06/2026,4030.5,4047.6,4076.3,,,
26/06/2026,4078.7,4096.3,4125.3,,,
29/06/2026,4038.9,4067.6,4098.8,,,
30/06/2026,4038.5,4067.3,4098.5,,,
1/07/2026,4082.4,4111.4,4142.9,,,
2/07/2026,4125.7,4154.9,4186.6,,,
6/07/2026,4167.5,4196.8,4228.6,,,
7/07/2026,4157.4,4186.6,4218.3,,,
8/07/2026,4082.4,4111,4142.1,,,
9/07/2026,4140.8,4169.7,4201.4,,,
10/07/2026,4113.7,4142.3,4173.6,,,
13/07/2026,4005.7,4033,4063.6,,,
14/07/2026,4069.7,4097.1,4127.9,,,
15/07/2026,4051.8,4079.1,4109.3,,,
16/07/2026,3992.1,4019.1,4048.7,,,
17/07/2026,4018.8,4046,4075.8,,,
20/07/2026,4015.9,4043.2,4073,,,
21/07/2026,4076.4,4104,4134.2,,,
22/07/2026,4151.9,4179.4,4210.3,,,
23/07/2026,4050.2,4078.1,4108.8,,,
24/07/2026,4070.8,4098.9,4129.7,,,
27/07/2026,4077,4105.3,4136.4,,,
28/07/2026,4038.7,4067.4,4098.6,,,
29/07/2026,4036.3,4065.3,4097,,,
30/07/2026,4100.1,4129.4,4160.6,,,
31/07/2026,4049.1,4076.6,4107,,,
3/08/2026,4033.7,4060.3,4090.5,,,
4/08/2026,4095.4,4121.9,4152.6,,,
5/08/2026,4245.8,4273.3,4305.2,,,
6/08/2026,4242,4268,4299.6,,,
7/08/2026,4340.7,4367.1,4399.7,,,
10/08/2026,4361.8,4387.1,4419.7,,,
11/08/2026,4383,4408.2,4441.1,,,
12/08/2026,4408.9,4434.3,4467.5,,,
13/08/2026,4363.6,4387.3,4420.4,,,
14/08/2026,4380.4,4403.7,4437.3,,,
17/08/2026,4417.8,4440.1,4473.7,,,
18/08/2026,4366,4387.8,4420.6,,,
19/08/2026,4489.4,4511.3,4545.3,,,
20/08/2026,4516.3,4537.1,4571.4,,,
21/08/2026,4624.1,4645.1,4680.6,,,
24/08/2026,4640.8,4661.4,4697.8,,,
25/08/2026,4638.1,4658.2,4694.5,,,
26/08/2026,4598.2,4617.5,4653.3,,,
27/08/2026,4609.7,4627.8,4664,,,
28/08/2026,4494.7,4529.9,4566.4,,,
31/08/2026,4446.8,4481.5,4517.5,,,
1/09/2026,4362.8,4396.4,4431.7,,,
2/09/2026,4380.7,4414.6,4450.1,,,
3/09/2026,4504.9,4539.9,4576.2,,,
4/09/2026,4441.9,4476.6,4512.6,,,
8/09/2026,4405.2,4439,4474.5,,,
9/09/2026,4408,4443.3,4477.9,,,
