Date,HO1,HO2,HO3
3/01/2005,119.22,118.2,114.1
4/01/2005,124.66,123.66,118.91
5/01/2005,121.84,121.23,117.23
6/01/2005,128.13,127.33,122.58
7/01/2005,127.33,126.72,121.97
10/01/2005,127.63,127.09,121.79
11/01/2005,129.36,128.91,123.81
12/01/2005,130.04,129.62,125.12
13/01/2005,134.11,133.44,128.69
14/01/2005,135.09,134.37,129.57
18/01/2005,134.38,133.83,129.23
19/01/2005,134.26,133.53,129.03
20/01/2005,133.98,132.86,128.36
21/01/2005,138.37,136.95,132.1
24/01/2005,140.32,138.6,133.9
25/01/2005,142.48,140.88,136.08
26/01/2005,140.33,139.19,134.44
27/01/2005,139.69,138.63,134.48
28/01/2005,133.8,132.72,129.22
31/01/2005,133.08,134.81,132.01
1/02/2005,131.39,128.94,125.94
2/02/2005,129.7,127.52,124.92
3/02/2005,127.65,125.49,123.34
4/02/2005,127.42,125.05,122.65
7/02/2005,123.06,122,120.2
8/02/2005,124.6,123.52,121.57
9/02/2005,126.42,124.84,122.44
10/02/2005,132.13,129.74,126.24
11/02/2005,130.58,128.59,125.39
14/02/2005,129.44,127.7,124.8
15/02/2005,129.13,127.7,125.1
16/02/2005,134.2,132.35,129.25
17/02/2005,131.28,129.59,126.69
18/02/2005,134.93,132.44,129.14
22/02/2005,144.02,140.9,136.6
23/02/2005,148.31,143.61,138.01
24/02/2005,146.5,142.96,138.11
25/02/2005,145.41,142.86,138.06
28/02/2005,149.14,145.42,140.22
1/03/2005,146.52,141.98,138.63
2/03/2005,150.85,145.82,142.02
3/03/2005,149.08,144.87,141.72
4/03/2005,148.34,144.89,142.04
7/03/2005,148.5,145.99,143.24
8/03/2005,152.38,149.51,146.36
9/03/2005,153.25,149.9,146.75
10/03/2005,150.91,147.34,144.69
11/03/2005,154.27,150.07,146.97
14/03/2005,153.6,149.82,147.22
15/03/2005,155.2,151.48,148.78
16/03/2005,159.14,155.37,152.67
17/03/2005,159.14,155.88,153.73
18/03/2005,157.18,154.74,153.14
21/03/2005,157.35,155.45,154
22/03/2005,154.66,152.92,151.82
23/03/2005,153.36,151.42,150.47
24/03/2005,154.84,152.76,151.76
28/03/2005,154.76,150.4,148.95
29/03/2005,155.63,151.78,149.98
30/03/2005,160.66,156.42,154.57
31/03/2005,165.76,161.61,160.21
1/04/2005,166.38,165.6,165.95
4/04/2005,164.22,163.74,164.39
5/04/2005,162.11,161.54,162.19
6/04/2005,158.67,158.2,158.85
7/04/2005,152.83,152.82,153.57
8/04/2005,149.72,149.97,150.92
11/04/2005,148.71,149.24,150.24
12/04/2005,146.53,147.04,147.99
13/04/2005,144.2,145.03,145.98
14/04/2005,148.23,148.81,149.66
15/04/2005,145.99,146.38,147.18
18/04/2005,144.23,144.75,145.45
19/04/2005,149.3,149.7,150.4
20/04/2005,150.87,151.29,152.14
21/04/2005,153.4,153.8,154.65
22/04/2005,154.51,155.06,155.96
25/04/2005,151.81,152.66,153.76
26/04/2005,150.79,151.59,152.79
27/04/2005,147.4,147.51,148.56
28/04/2005,148.87,148.83,149.83
29/04/2005,143.58,142.59,143.84
2/05/2005,146.32,147.62,148.82
3/05/2005,143.6,144.58,145.53
4/05/2005,145.45,146.46,147.36
5/05/2005,144.37,145.55,146.5
6/05/2005,143.11,144.81,145.86
9/05/2005,144.02,145.4,146.5
10/05/2005,144.96,146.19,147.24
11/05/2005,140.31,141.76,142.86
12/05/2005,137.96,139.38,140.58
13/05/2005,137.03,138.18,139.33
16/05/2005,135.03,136.14,137.29
17/05/2005,137.39,138.33,139.38
18/05/2005,135.82,136.89,137.84
19/05/2005,138.05,138.85,139.65
20/05/2005,136.73,137.56,138.56
23/05/2005,136.65,137.66,138.71
24/05/2005,138.71,139.64,140.69
25/05/2005,142.84,143.63,144.63
26/05/2005,144.83,144.84,145.74
27/05/2005,144.58,144.64,145.54
31/05/2005,145.19,144.95,145.9
1/06/2005,154,154.79,155.99
2/06/2005,154.22,155.21,156.36
3/06/2005,159.95,160.92,162.22
6/06/2005,161.65,162.68,164.08
7/06/2005,160.08,161.37,162.97
8/06/2005,155.28,156.34,157.94
9/06/2005,162.56,163.74,165.19
10/06/2005,160.74,161.73,163.08
13/06/2005,166.31,167.59,168.94
14/06/2005,163.86,165.02,166.47
15/06/2005,162.11,163.51,165.11
16/06/2005,162.55,163.85,165.5
17/06/2005,165.18,166.36,168.11
20/06/2005,166.18,167.46,169.21
21/06/2005,162.97,164.32,166.07
22/06/2005,162.26,163.57,165.32
23/06/2005,167.56,168.77,170.27
24/06/2005,165.04,166.56,168.26
27/06/2005,167.61,169.4,171.05
28/06/2005,162.04,163.64,165.44
29/06/2005,160.16,162.24,164.19
30/06/2005,161.91,163.61,165.51
1/07/2005,171.11,173.07,174.97
5/07/2005,173.24,175.38,177.48
6/07/2005,179.48,181.26,183.16
7/07/2005,177.49,179.29,181.34
8/07/2005,171.81,174.26,176.31
11/07/2005,168.18,170.75,173.1
12/07/2005,175.15,177.53,179.78
13/07/2005,171.79,174.53,176.83
14/07/2005,165.69,168.37,170.67
15/07/2005,166.21,169,171.25
18/07/2005,163.16,166.37,168.77
19/07/2005,163.01,166.14,168.54
20/07/2005,159.77,163.42,166.22
21/07/2005,156.89,161.28,164.18
22/07/2005,158.19,162.83,165.78
25/07/2005,160.66,164.73,167.83
26/07/2005,160.37,164.57,167.77
27/07/2005,161.72,165.42,168.62
28/07/2005,164.55,167.71,170.96
29/07/2005,163.62,167.62,171.07
1/08/2005,171.69,175.45,178.8
2/08/2005,172.51,176.43,180.03
3/08/2005,168.89,172.84,176.44
4/08/2005,170.78,174.66,178.01
5/08/2005,173.12,177.15,180.45
8/08/2005,178.94,182.91,185.91
9/08/2005,177.66,181.4,184.25
10/08/2005,183.88,187.38,190.08
11/08/2005,189.85,193.12,195.42
12/08/2005,190.55,193.61,195.76
15/08/2005,186.92,190.56,193.46
16/08/2005,186.4,190.09,193.04
17/08/2005,178.39,181.69,184.69
18/08/2005,179.05,182.32,185.27
19/08/2005,182.28,185.61,188.21
22/08/2005,181.16,184.89,187.59
23/08/2005,181.94,185.06,187.81
24/08/2005,186.54,190.34,193.14
25/08/2005,186.95,190.78,193.68
26/08/2005,183.66,187.12,190.07
29/08/2005,190.88,193.41,195.46
30/08/2005,207.59,208.5,209.9
31/08/2005,205.3,207.65,208.95
1/09/2005,219.85,221.34,221.94
2/09/2005,209.11,211.04,212.04
6/09/2005,205.43,207.76,209.26
7/09/2005,196.23,198.9,200.9
8/09/2005,192.96,196.34,199.04
9/09/2005,189.65,193.98,196.88
12/09/2005,181.43,185.53,188.83
13/09/2005,184.02,188.1,191.15
14/09/2005,192.49,196.4,199.25
15/09/2005,191.2,195.25,198.35
16/09/2005,183.7,187.8,191.3
19/09/2005,203.84,206.83,209.33
20/09/2005,201.13,204.18,206.78
21/09/2005,203.87,206.15,208.3
22/09/2005,204.58,206.34,208.49
23/09/2005,194.9,198.27,200.87
26/09/2005,205.86,208.88,210.68
27/09/2005,206.86,209.4,211.3
28/09/2005,214.11,216.86,218.46
29/09/2005,212.47,215.45,217.15
30/09/2005,206.73,212.96,215.51
3/10/2005,208.09,210.98,212.73
4/10/2005,204.97,208.34,210.54
5/10/2005,201.48,204.9,207.6
6/10/2005,195.07,198.64,201.34
7/10/2005,196.01,200.23,203.08
10/10/2005,197.18,201.2,204.35
11/10/2005,201.79,205.35,208.25
12/10/2005,201.57,205.67,208.77
13/10/2005,199.69,203.42,206.77
14/10/2005,195,199.04,202.44
17/10/2005,198.33,202.36,205.41
18/10/2005,193.42,196.69,199.84
19/10/2005,191.34,194.51,197.46
20/10/2005,186.99,189.66,192.51
21/10/2005,186.65,189.97,193.02
24/10/2005,179.73,184.71,188.11
25/10/2005,188.99,193.26,196.56
26/10/2005,185.61,189.86,193.16
27/10/2005,185.39,190.13,193.48
28/10/2005,184.35,189.69,193.44
31/10/2005,176.98,182.39,186.99
1/11/2005,180.5,185.6,187.75
2/11/2005,178.29,182.79,184.99
3/11/2005,183.36,188.36,190.36
4/11/2005,179.62,184.69,186.89
7/11/2005,178.61,183.95,186.1
8/11/2005,177.85,183.26,185.46
9/11/2005,178.96,184.38,186.43
10/11/2005,174.35,180.15,182.55
11/11/2005,172.35,179.05,181.9
14/11/2005,173.04,180.02,183.17
15/11/2005,168.09,175.24,178.84
16/11/2005,172.92,179.49,182.54
17/11/2005,169.7,176.59,179.89
18/11/2005,169.62,176.37,179.72
21/11/2005,170.95,177.34,180.54
22/11/2005,173.61,179.58,182.48
23/11/2005,168.92,174.88,178.18
28/11/2005,163.56,169.26,172.81
29/11/2005,160.97,167.2,170.65
30/11/2005,161.64,168.97,172.77
1/12/2005,173.87,177.58,177.78
2/12/2005,177.2,180.6,180.4
5/12/2005,178.96,182.33,182.23
6/12/2005,177.2,181.27,181.72
7/12/2005,173.66,178.59,179.84
8/12/2005,178.32,183.31,184.61
9/12/2005,173.18,178.36,180.36
12/12/2005,177.25,182.32,184.27
13/12/2005,183.65,187.85,189.3
14/12/2005,184.5,187.97,188.37
15/12/2005,178.73,182.2,183
16/12/2005,173.2,176.2,177
19/12/2005,170.33,173.47,174.67
20/12/2005,172.03,174.87,175.87
21/12/2005,175.64,177.85,178.7
22/12/2005,174,175.64,176.44
23/12/2005,170.53,172.48,173.63
27/12/2005,163.7,166.56,168.51
28/12/2005,168.25,171,173.3
29/12/2005,170.29,173.31,175.61
30/12/2005,172.8,176.98,179.13
3/01/2006,179.64,181.54,180.64
4/01/2006,181.77,183.79,183.19
5/01/2006,178.81,181.18,181.48
6/01/2006,180.06,182.67,183.07
9/01/2006,176.77,179.89,180.74
10/01/2006,173.79,177.08,178.08
11/01/2006,172.71,175.82,177.02
12/01/2006,171.13,174.23,175.63
13/01/2006,171.5,174.66,176.06
17/01/2006,179.15,182.2,183.6
18/01/2006,175.55,178.98,180.58
19/01/2006,179.69,183.41,185.01
20/01/2006,186.72,189.77,190.82
23/01/2006,184.09,187.22,188.47
24/01/2006,181.71,184.39,185.69
25/01/2006,179.06,181.32,182.52
26/01/2006,177.8,180.51,182.21
27/01/2006,180.69,183.75,185.75
30/01/2006,183.38,186.67,188.87
31/01/2006,180.19,184.79,187.44
1/02/2006,182.4,185.07,186.77
2/02/2006,177.08,180.29,182.29
3/02/2006,178.16,181.45,183.45
6/02/2006,176.28,179.65,181.95
7/02/2006,169.18,173.6,176.6
8/02/2006,166.56,170.87,173.92
9/02/2006,166.47,170.51,173.36
10/02/2006,164.26,168.03,170.48
13/02/2006,163.86,167.69,170.09
14/02/2006,161,164.66,167.21
15/02/2006,160.75,163.68,165.83
16/02/2006,162.53,165.35,167.35
17/02/2006,165.74,168.32,170.17
21/02/2006,166.64,169.44,171.54
22/02/2006,165.21,167.11,169.21
23/02/2006,166.26,167.77,169.67
24/02/2006,172.67,174.26,176.01
27/02/2006,168.26,169.64,171.49
28/02/2006,171.2,172.24,174.31
1/03/2006,174.66,176.46,178.11
2/03/2006,180.49,182.24,183.49
3/03/2006,181.28,183.27,184.32
6/03/2006,175.77,178.2,179.55
7/03/2006,172.22,174.59,176.04
8/03/2006,169.41,170.69,171.94
9/03/2006,172,173.09,173.89
10/03/2006,168.46,170.54,172.04
13/03/2006,173.78,175.73,176.88
14/03/2006,182.12,182.92,183.62
15/03/2006,178.17,178.91,179.41
16/03/2006,181.25,182,182.6
17/03/2006,178.13,179.06,179.81
20/03/2006,174.17,174.46,175.26
21/03/2006,177.22,177.3,177.85
22/03/2006,174.51,174.54,175.24
23/03/2006,178.64,178.73,179.48
24/03/2006,179.24,179.39,180.04
27/03/2006,178.11,178.48,179.28
28/03/2006,182.77,182.86,183.66
29/03/2006,185.2,184.94,185.69
30/03/2006,188.43,187.93,188.78
31/03/2006,186.18,186.33,187.63
3/04/2006,186.22,187.64,189.89
4/04/2006,185.58,186.72,188.82
5/04/2006,186.88,188.05,190.05
6/04/2006,189.07,190.35,192.05
7/04/2006,188.26,189.81,191.81
10/04/2006,194.54,195.83,197.68
11/04/2006,195.55,196.75,198.5
12/04/2006,197.46,198.47,200.12
13/04/2006,198.31,199.46,201.16
17/04/2006,202.29,203.55,205.4
18/04/2006,205.08,206.9,208.75
19/04/2006,206.23,208.15,210.05
20/04/2006,205.36,206.67,208.62
21/04/2006,207.62,209.11,211.26
24/04/2006,203.17,204.56,206.96
25/04/2006,205.81,206.9,209.3
26/04/2006,202.29,203.18,205.38
27/04/2006,198.57,199.36,201.51
28/04/2006,201.29,201.29,203.79
1/05/2006,205.88,208.43,210.58
2/05/2006,207.88,210.4,212.75
3/05/2006,200.32,203.01,205.61
4/05/2006,193.77,196.31,199.06
5/05/2006,195.61,198.41,201.26
8/05/2006,195.45,197.85,200.65
9/05/2006,199.51,201.67,204.12
10/05/2006,206.47,208.49,210.79
11/05/2006,209.64,211.74,213.99
12/05/2006,204.67,206.55,208.95
15/05/2006,194.5,196.75,199.5
16/05/2006,195.15,197.73,200.48
17/05/2006,192.12,194.63,197.38
18/05/2006,195.13,197.35,200
19/05/2006,192.01,194.77,197.47
22/05/2006,193.26,195.87,198.72
23/05/2006,199.89,202.37,205.12
24/05/2006,194.02,196.19,199.04
25/05/2006,199.42,201.37,204.07
26/05/2006,198.05,199.22,202.02
30/05/2006,200.39,202.49,205.29
31/05/2006,196.05,199.53,202.63
1/06/2006,197.07,200.24,203.29
2/06/2006,201.45,204.58,207.63
5/06/2006,204.27,207.31,210.46
6/06/2006,204.26,207.4,210.55
7/06/2006,199.54,203.09,206.49
8/06/2006,198.56,202.05,205.75
9/06/2006,204.59,208.16,211.81
12/06/2006,199.13,202.74,206.54
13/06/2006,193.16,197.3,201.5
14/06/2006,193.59,197.65,201.8
15/06/2006,193.69,197.58,201.73
16/06/2006,193.24,197.04,201.23
19/06/2006,189.48,193.69,198.19
20/06/2006,190.74,195.08,199.48
21/06/2006,193.71,198.3,202.75
22/06/2006,197.18,201.78,206.33
23/06/2006,196.26,200.69,205.09
26/06/2006,197.89,202.57,207.32
27/06/2006,195.87,201.01,206.11
28/06/2006,193.74,199.84,205.24
29/06/2006,198.76,205.04,210.34
30/06/2006,196.42,202.86,208.66
3/07/2006,202.86,208.66,213.26
5/07/2006,206.26,212.26,217.01
6/07/2006,206.16,212.72,217.82
7/07/2006,201.04,207.96,213.21
10/07/2006,196.45,204.4,209.9
11/07/2006,201.06,208.37,213.72
12/07/2006,201.84,208.91,214.11
13/07/2006,207.99,215.65,220.5
14/07/2006,207.6,215.44,220.59
17/07/2006,201.94,210.32,215.92
18/07/2006,198.34,207.37,213.37
19/07/2006,196.51,204.84,211.24
20/07/2006,193.4,201.58,208.08
21/07/2006,195.8,202.35,208.65
24/07/2006,196.99,204.05,210.4
25/07/2006,194.39,200.62,207.02
26/07/2006,195.98,202.75,209.1
27/07/2006,197.96,205.23,211.48
28/07/2006,194.12,201.73,208.33
31/07/2006,196.79,203.76,210.71
1/08/2006,208.04,214.77,220.37
2/08/2006,212.94,218.33,223.33
3/08/2006,211.35,217.1,222.1
4/08/2006,208.96,214.63,219.73
7/08/2006,214.35,219.83,224.58
8/08/2006,211.64,217.8,222.9
9/08/2006,210.63,217.27,222.57
10/08/2006,202.5,209.92,216.07
11/08/2006,204.06,210.92,217.32
14/08/2006,201.47,208.52,214.87
15/08/2006,202.35,208.62,214.42
16/08/2006,201.69,207.72,213.22
17/08/2006,196.5,202.29,207.79
18/08/2006,198.95,203.84,208.74
21/08/2006,203.27,208.01,212.91
22/08/2006,203.66,208.28,212.93
23/08/2006,200.26,204.2,209.1
24/08/2006,202.94,206.4,211.05
25/08/2006,202.98,206.48,210.88
28/08/2006,196.59,199.72,204.62
29/08/2006,194.32,198.35,203.5
30/08/2006,194.96,199.5,205
31/08/2006,195.42,201.5,206.76
1/09/2006,196.74,202.39,206.94
5/09/2006,193.63,199.62,204.27
6/09/2006,191.1,196.98,201.54
7/09/2006,188.76,194.84,199.64
8/09/2006,184.32,190.78,196.18
11/09/2006,180.54,187.14,192.49
12/09/2006,175.97,181.33,186.73
13/09/2006,174.28,180.91,186.41
14/09/2006,171.1,178.71,184.56
15/09/2006,170.23,177.17,182.67
18/09/2006,172.57,178.67,183.82
19/09/2006,169.16,174.91,180.01
20/09/2006,164.78,170.11,175.21
21/09/2006,167.88,172.43,177.28
22/09/2006,164.72,169.29,174.44
25/09/2006,165.64,170.64,175.68
26/09/2006,165.78,170,174.98
27/09/2006,171.41,175.7,180.7
28/09/2006,171.38,175.89,181.29
29/09/2006,168.46,175.35,181.22
2/10/2006,170.18,176.22,181.82
3/10/2006,165.39,171.29,177.04
4/10/2006,167.7,173.54,179.04
5/10/2006,169.2,174.76,179.91
6/10/2006,169.4,175.29,180.39
9/10/2006,172.97,178,182.7
10/10/2006,168.09,173.23,178.38
11/10/2006,167.2,171.93,176.93
12/10/2006,168.77,173.25,177.88
13/10/2006,171.78,176.11,180.46
16/10/2006,175.65,179.76,184.06
17/10/2006,173.38,177.16,181.41
18/10/2006,169.59,173.18,177.68
19/10/2006,172.01,175.89,180.64
20/10/2006,168,172.24,177.24
23/10/2006,166.9,170.94,175.84
24/10/2006,169.52,173.12,177.72
25/10/2006,173.9,177.74,182.39
26/10/2006,170,174,179.05
27/10/2006,169.44,173.85,179.05
30/10/2006,160.15,166,171.65
31/10/2006,158.69,166.7,172.55
1/11/2006,165.15,171.22,174.77
2/11/2006,163.97,169.87,173.37
3/11/2006,167.75,173.79,176.99
6/11/2006,171.84,177.51,180.51
7/11/2006,168.03,173.58,176.63
8/11/2006,171.06,176.26,179.06
9/11/2006,174.56,179.96,182.71
10/11/2006,169.66,175.33,178.18
13/11/2006,166,171.77,174.92
14/11/2006,166.32,171.72,174.87
15/11/2006,169.24,174.39,177.39
16/11/2006,166.05,170.51,173.41
17/11/2006,166.89,171.69,174.89
20/11/2006,167.08,171.85,175.25
21/11/2006,173.31,177.86,180.61
22/11/2006,166.65,171.87,175.07
24/11/2006,166.65,171.87,175.07
27/11/2006,170.52,175.78,178.93
28/11/2006,172.83,177.98,181.13
29/11/2006,179.53,183.53,186.13
30/11/2006,181.33,185,187.7
1/12/2006,184.77,188.04,189.54
4/12/2006,180.89,184.29,186.14
5/12/2006,179.83,183.28,185.18
6/12/2006,179.4,183.24,185.09
7/12/2006,177.88,181.94,183.89
8/12/2006,175.73,179.67,181.62
11/12/2006,172.43,177,179.55
12/12/2006,172.24,176.55,179.5
13/12/2006,173.2,177,179.8
14/12/2006,177.65,181.16,183.61
15/12/2006,178.17,181.67,183.97
18/12/2006,172.07,175.52,178.32
19/12/2006,171.87,175.92,179.12
20/12/2006,173.04,176.93,180.18
21/12/2006,170.17,174,177.35
22/12/2006,168.2,172.13,175.48
26/12/2006,162.33,166.58,170.33
27/12/2006,160.88,165.28,168.98
28/12/2006,162.31,165.61,169.26
29/12/2006,159.79,164.82,168.57
3/01/2007,158.81,162.71,165.46
4/01/2007,154.31,158.11,160.86
5/01/2007,156.58,160.33,162.83
8/01/2007,155.71,159.5,162.05
9/01/2007,155.65,159.1,161.55
10/01/2007,152.55,155.75,157.95
11/01/2007,148.04,151.04,152.99
12/01/2007,150.36,153.17,155.12
16/01/2007,148.03,150.33,151.93
17/01/2007,149.98,152.28,153.88
18/01/2007,147.07,149.42,151.12
19/01/2007,151.35,153.25,154.85
22/01/2007,150.84,152.45,153.9
23/01/2007,157.63,159.25,160.35
24/01/2007,158.39,159.63,160.33
25/01/2007,154.91,155.94,156.89
26/01/2007,159.14,160.14,160.99
29/01/2007,154.89,155.72,156.57
30/01/2007,163.8,164.58,164.93
31/01/2007,165.46,168.38,168.13
1/02/2007,165.89,165.95,165.85
2/02/2007,168.4,168.7,169.05
5/02/2007,167.56,167.66,167.81
6/02/2007,169.09,168.79,168.49
7/02/2007,166.61,166.21,165.81
8/02/2007,172.5,171.95,171.5
9/02/2007,172.51,171.98,171.48
12/02/2007,164.54,164.77,164.87
13/02/2007,169.32,168.92,169.02
14/02/2007,163.83,163.58,164.28
15/02/2007,162.71,162.31,162.96
16/02/2007,167.34,166.65,166.95
20/02/2007,164.5,164.11,164.56
21/02/2007,168.16,168.06,168.36
22/02/2007,172.5,172.28,172.18
23/02/2007,175.05,174.61,174.31
26/02/2007,175.62,175.02,174.62
27/02/2007,177.93,177.05,176.55
28/02/2007,178.04,177.81,177.56
1/03/2007,177.63,177.38,177.98
2/03/2007,176.82,176.52,176.92
5/03/2007,172.48,172.28,172.88
6/03/2007,174.73,174.53,175.08
7/03/2007,176.74,176.65,177.4
8/03/2007,176.13,175.99,176.99
9/03/2007,171.22,171.07,172.17
12/03/2007,168.23,168.18,169.43
13/03/2007,169.02,168.92,170.12
14/03/2007,170.9,170.71,171.86
15/03/2007,168.85,168.78,169.88
16/03/2007,168.88,168.58,169.53
19/03/2007,168.84,168.54,169.64
20/03/2007,166.87,166.52,167.52
21/03/2007,166.46,166.6,168.05
22/03/2007,171.8,172.05,173.25
23/03/2007,171.11,171.71,173.01
26/03/2007,177.61,177.5,178.4
27/03/2007,178.64,178.51,179.51
28/03/2007,182.74,182.68,183.53
29/03/2007,187.72,187.83,188.43
30/03/2007,187.94,187.69,188.49
2/04/2007,186.25,187.1,188.9
3/04/2007,183.87,184.87,186.82
4/04/2007,186.44,187.44,189.34
5/04/2007,186.09,187.29,189.49
9/04/2007,181.57,183.02,185.52
10/04/2007,185.61,186.81,189.26
11/04/2007,187.47,188.62,191.07
12/04/2007,190.61,191.53,193.73
13/04/2007,190.07,190.62,192.57
16/04/2007,185.93,186.63,188.53
17/04/2007,179.78,180.66,183.16
18/04/2007,180.66,181.26,183.61
19/04/2007,180.58,180.72,182.77
20/04/2007,183.25,183.4,185.2
23/04/2007,189.43,189.45,190.9
24/04/2007,184.6,184.8,186.6
25/04/2007,190.15,190.11,191.51
26/04/2007,188.91,188.93,190.23
27/04/2007,191.35,191.27,192.57
30/04/2007,191.35,189.48,190.83
1/05/2007,188.29,189.84,191.99
2/05/2007,185.26,186.96,189.31
3/05/2007,184.53,186.23,188.58
4/05/2007,183.09,184.64,186.84
7/05/2007,180.29,181.6,183.95
8/05/2007,182.99,183.99,185.84
9/05/2007,181.58,182.68,184.53
10/05/2007,186.25,186.6,187.95
11/05/2007,188.23,188.73,189.98
14/05/2007,186.68,187.02,188.57
15/05/2007,189.02,189.37,190.92
16/05/2007,186.7,187.35,189.25
17/05/2007,193.67,194.12,195.77
18/05/2007,191.52,192.12,193.77
21/05/2007,195.09,195.22,196.57
22/05/2007,190.72,190.97,192.42
23/05/2007,193.23,193.51,194.86
24/05/2007,192.91,193,194.35
25/05/2007,193.91,194.21,195.71
29/05/2007,186.9,187.31,189.11
30/05/2007,187.55,187.38,189.13
31/05/2007,188.27,188.31,189.86
1/06/2007,192.28,193.38,195.88
4/06/2007,196.46,197.06,198.96
5/06/2007,196.44,197.14,198.84
6/06/2007,197.37,197.92,199.52
7/06/2007,197.64,198.6,200.5
8/06/2007,189.88,191.08,193.48
11/06/2007,192.91,194.26,196.81
12/06/2007,191.39,192.69,195.39
13/06/2007,196.2,196.95,199.1
14/06/2007,201.61,202.56,204.31
15/06/2007,201.06,202.06,203.91
18/06/2007,203.42,204.52,206.27
19/06/2007,202.68,203.82,205.72
20/06/2007,203.39,204.23,205.93
21/06/2007,202.47,203.3,204.95
22/06/2007,203.8,204.5,206.15
25/06/2007,204.24,204.64,206.24
26/06/2007,199.33,199.93,201.53
27/06/2007,202.46,203.21,204.46
28/06/2007,201.83,202.66,204.11
29/06/2007,203.19,204.24,205.79
2/07/2007,206.18,207.57,209.32
3/07/2007,206.62,208.12,209.82
5/07/2007,208.73,210.33,211.98
6/07/2007,209.51,211.23,212.93
9/07/2007,209.28,211.13,213.03
10/07/2007,212.38,214.08,215.78
11/07/2007,210.08,212.03,213.93
12/07/2007,209.57,211.72,213.77
13/07/2007,211.06,212.91,214.96
16/07/2007,205.56,207.71,210.06
17/07/2007,203.32,205.57,208.07
18/07/2007,210.5,212.61,214.66
19/07/2007,211.43,213.5,215.4
20/07/2007,209.22,211.37,213.52
23/07/2007,205.61,207.84,210.24
24/07/2007,203.09,204.9,207.05
25/07/2007,206.59,208.47,210.77
26/07/2007,203.28,205.26,207.51
27/07/2007,207.31,209.34,211.39
30/07/2007,206.51,208.31,210.21
31/07/2007,210,212.32,214.12
1/08/2007,206.94,209.14,211.39
2/08/2007,207.46,209.66,211.91
3/08/2007,203.4,205.85,208.35
6/08/2007,193.93,196.43,199.23
7/08/2007,196.41,198.96,201.76
8/08/2007,196.68,198.98,201.73
9/08/2007,198.92,201.02,203.57
10/08/2007,197.12,199.07,201.77
13/08/2007,196.65,198.6,201.1
14/08/2007,198.25,199.93,202.28
15/08/2007,202.69,204.39,206.54
16/08/2007,198.29,199.89,202.04
17/08/2007,201.73,203.5,205.5
20/08/2007,198.09,199.79,202.09
21/08/2007,195.2,197,199.15
22/08/2007,194.83,196.44,198.64
23/08/2007,196.1,197.84,199.89
24/08/2007,199.72,201.58,203.38
27/08/2007,200.97,202.82,204.57
28/08/2007,199.63,201.58,203.33
29/08/2007,204.19,206.05,207.65
30/08/2007,202.84,204.76,206.36
31/08/2007,204.22,205.74,207.49
4/09/2007,207.95,209.7,210.8
5/09/2007,209.99,211.49,212.29
6/09/2007,213.68,214.93,215.43
7/09/2007,214.32,215.72,216.32
10/09/2007,217.16,218.46,218.91
11/09/2007,218.27,219.52,219.97
12/09/2007,221.91,223.16,223.81
13/09/2007,221.9,223.25,223.95
14/09/2007,220.78,221.93,222.68
17/09/2007,222.87,224.22,224.97
18/09/2007,224.23,225.83,226.68
19/09/2007,224.53,226.23,227.18
20/09/2007,226.09,227.79,228.79
21/09/2007,225.62,227.51,228.61
24/09/2007,223.06,225.16,226.66
25/09/2007,218.13,220.68,222.33
26/09/2007,218.26,220.29,221.89
27/09/2007,225.21,226.94,228.39
28/09/2007,223.79,222.56,224.26
1/10/2007,218.07,220.02,221.42
2/10/2007,216.23,218.18,219.73
3/10/2007,217.87,219.62,221.02
4/10/2007,223.13,224.63,225.88
5/10/2007,222.35,224.05,225.55
8/10/2007,215.96,217.81,219.66
9/10/2007,218.53,220.28,221.93
10/10/2007,221.72,223.47,225.17
11/10/2007,224.73,226.58,228.38
12/10/2007,224.64,226.69,228.59
15/10/2007,230.72,232.67,234.52
16/10/2007,233.87,235.77,237.47
17/10/2007,231.89,233.69,235.34
18/10/2007,234.93,236.68,238.28
19/10/2007,233.06,234.89,236.54
22/10/2007,231.09,232.91,234.61
23/10/2007,229.98,231.95,233.7
24/10/2007,234.2,236.33,238.03
25/10/2007,240.84,242.67,244.22
26/10/2007,243.25,245.1,246.8
29/10/2007,246.46,248.37,250.17
30/10/2007,242.46,244.18,245.83
31/10/2007,250.78,252.93,254.33
1/11/2007,251.23,252.73,252.08
2/11/2007,257.37,258.71,257.71
5/11/2007,254.39,255.79,254.84
6/11/2007,260.78,262.08,260.68
7/11/2007,261.75,263.15,262
8/11/2007,260.58,261.88,260.83
9/11/2007,261.88,263.18,262.08
12/11/2007,258.21,259.37,258.32
13/11/2007,250.21,251.43,250.48
14/11/2007,257.34,258.41,257.06
15/11/2007,255.87,256.97,255.67
16/11/2007,258.71,259.82,258.32
19/11/2007,260.42,261.7,260.4
20/11/2007,269.01,270.26,268.61
21/11/2007,268.74,269.77,268.12
23/11/2007,270.42,271.52,269.87
26/11/2007,270.66,271.39,269.59
27/11/2007,265.34,265.79,263.89
28/11/2007,257.38,257.78,256.13
29/11/2007,257.71,257.91,256.21
30/11/2007,252.96,251.5,249.95
3/12/2007,251.11,249.96,247.41
4/12/2007,251.18,250.13,247.58
5/12/2007,248.93,248.38,246.13
6/12/2007,254.5,253.85,251.3
7/12/2007,250.47,250.22,248.02
10/12/2007,247.74,247.79,246.24
11/12/2007,252.3,252.28,251.03
12/12/2007,264.32,263.87,262.17
13/12/2007,261.47,261.12,259.47
14/12/2007,260.79,260.09,258.14
17/12/2007,259.79,259.44,257.59
18/12/2007,255.54,255.39,253.79
19/12/2007,259.79,259.54,257.54
20/12/2007,258.95,258.59,256.49
21/12/2007,260.91,260.62,258.62
24/12/2007,259.47,259.02,257.42
26/12/2007,264.12,263.87,262.32
27/12/2007,268.03,267.58,265.88
28/12/2007,263.7,262.88,261.43
31/12/2007,264.44,264.94,263.69
2/01/2008,274.04,272.54,268.44
3/01/2008,271.91,270.66,266.66
4/01/2008,268.35,267.45,263.75
7/01/2008,259.35,258.95,255.75
8/01/2008,263.63,262.99,259.69
9/01/2008,261.34,260.59,257.14
10/01/2008,255.73,254.98,251.63
11/01/2008,253.59,252.45,248.95
14/01/2008,258.92,257.65,253.95
15/01/2008,254.72,253.35,249.65
16/01/2008,251.84,250.44,246.84
17/01/2008,250.35,248.82,245.27
18/01/2008,250.74,249.74,246.44
22/01/2008,247.26,246.28,243.63
23/01/2008,242.31,241.03,238.23
24/01/2008,247.63,246.41,243.51
25/01/2008,251.91,250.61,247.81
28/01/2008,252.65,251.48,248.93
29/01/2008,254.18,253.28,250.58
30/01/2008,254.93,254.24,251.59
31/01/2008,253.45,252.91,250.76
1/02/2008,244.89,243.19,241.29
4/02/2008,248.33,246.53,244.58
5/02/2008,244.65,242.9,240.95
6/02/2008,241.88,240.33,238.43
7/02/2008,245.85,244.05,242
8/02/2008,255.41,253.41,251.06
11/02/2008,260.44,257.79,255.14
12/02/2008,259.11,256.46,253.91
13/02/2008,261.56,258.76,255.91
14/02/2008,266.66,263.71,260.61
15/02/2008,264.69,262.49,259.69
19/02/2008,276.14,274.38,271.08
20/02/2008,275.46,273.66,270.56
21/02/2008,273.81,271.73,268.23
22/02/2008,276.3,274.25,269.9
25/02/2008,278.53,275.98,271.38
26/02/2008,281.5,278.99,274.69
27/02/2008,277.11,274.78,271.08
28/02/2008,284.56,282.28,278.88
29/02/2008,283.97,280.69,277.54
3/03/2008,284.08,280.63,278.03
4/03/2008,279.18,275.08,271.98
5/03/2008,294.31,288.86,285.06
6/03/2008,297.33,291.58,287.58
7/03/2008,294.7,288.5,284.6
10/03/2008,297.34,290.69,286.69
11/03/2008,299.57,293.22,289.22
12/03/2008,302.44,296.19,292.19
13/03/2008,312.48,303.58,297.88
14/03/2008,314.65,304,297.15
17/03/2008,306.84,297.74,291.49
18/03/2008,313.79,306.45,301.55
19/03/2008,301.67,294.65,290.1
20/03/2008,297.72,290.64,286.39
24/03/2008,296.31,287.41,282.66
25/03/2008,292.48,284.01,280.61
26/03/2008,304.38,294.58,290.78
27/03/2008,314.83,303.75,297.95
28/03/2008,310.5,298.76,293.11
31/03/2008,304.92,290.61,285.46
1/04/2008,287.97,283.67,283.52
2/04/2008,295.1,291.35,291.4
3/04/2008,292.28,288.53,288.68
4/04/2008,299.21,295.36,295.01
7/04/2008,308.43,304.38,303.38
8/04/2008,311.02,306.17,305.07
9/04/2008,323.45,316.85,315.05
10/04/2008,319.4,314.5,313.15
11/04/2008,319.75,315.65,314.85
14/04/2008,320.29,316.19,315.39
15/04/2008,327.39,323.34,322.39
16/04/2008,328.3,324.2,323.45
17/04/2008,326.74,322.64,322.14
18/04/2008,329.23,325.83,325.53
21/04/2008,331.14,328.29,328.24
22/04/2008,331.69,329.72,329.82
23/04/2008,332.5,330.72,331.12
24/04/2008,325.83,324.81,325.46
25/04/2008,330.28,329.13,329.78
28/04/2008,329.88,328.76,329.36
29/04/2008,324.65,323.31,323.96
30/04/2008,317.7,315.8,317.05
1/05/2008,311.77,313.12,314.52
2/05/2008,321.87,323.02,324.32
5/05/2008,330.65,331.9,333.2
6/05/2008,335.35,336.6,337.85
7/05/2008,344.73,345.85,347.05
8/05/2008,350.98,352.08,353.28
9/05/2008,363.6,364.75,366.1
12/05/2008,355.98,357.28,358.73
13/05/2008,369.89,370.94,372.44
14/05/2008,361.78,362.24,363.49
15/05/2008,362.24,362.94,364.19
16/05/2008,370.28,370.93,371.98
19/05/2008,367.51,368.61,369.96
20/05/2008,377.5,379.16,380.81
21/05/2008,390.84,392.58,394.48
22/05/2008,395.43,397.44,399.74
23/05/2008,386.56,388.89,390.94
27/05/2008,379.92,382.39,384.99
28/05/2008,382.43,384.7,387.2
29/05/2008,368.85,370.6,373.35
30/05/2008,365.98,366.67,369.27
2/06/2008,372.2,374.5,377.25
3/06/2008,363.96,366.41,369.26
4/06/2008,354.58,357.03,359.88
5/06/2008,368.08,370.43,373.03
6/06/2008,397.4,399.55,402.1
9/06/2008,387.7,390.25,393.1
10/06/2008,381.24,383.84,386.84
11/06/2008,397.48,399.98,403.08
12/06/2008,394.27,396.67,399.72
13/06/2008,383.68,386.33,389.63
16/06/2008,382.74,385.69,389.19
17/06/2008,382.22,385.02,388.47
18/06/2008,386,388.75,392.3
19/06/2008,371.35,374.4,378.2
20/06/2008,377.17,380.27,383.97
23/06/2008,379.64,382.66,386.36
24/06/2008,381.36,384.16,387.86
25/06/2008,374.92,377.46,381.06
26/06/2008,388.34,390.95,394.55
27/06/2008,390.66,393.31,396.91
30/06/2008,390.29,391,394.8
1/07/2008,394.35,398.2,402.25
2/07/2008,407.15,410.75,414.5
3/07/2008,410.6,414.3,418
7/07/2008,396.96,400.76,404.61
8/07/2008,382.02,386.03,389.98
9/07/2008,385.16,389.01,392.86
10/07/2008,403.74,407.24,410.64
11/07/2008,407.66,411.16,414.61
14/07/2008,406.49,409.89,413.44
15/07/2008,391.9,395.07,398.42
16/07/2008,384.1,387.35,390.9
17/07/2008,374.38,377.63,381.08
18/07/2008,369.15,372.25,375.7
21/07/2008,374.79,377.84,381.19
22/07/2008,367.82,370.33,373.58
23/07/2008,355.01,357.8,361.05
24/07/2008,356.71,359.46,362.66
25/07/2008,352.29,354.94,358.09
28/07/2008,356.2,358.75,361.85
29/07/2008,347.22,349.85,353.1
30/07/2008,352.03,354.58,357.88
31/07/2008,343.87,345.93,349.33
1/08/2008,343.68,347.13,351.03
4/08/2008,335.01,338.26,342.06
5/08/2008,328.2,331.05,334.6
6/08/2008,323.79,326.89,330.54
7/08/2008,323.36,326.56,330.31
8/08/2008,312.8,316,319.85
11/08/2008,311.95,315.15,319.05
12/08/2008,307.81,310.81,314.66
13/08/2008,313.17,316.07,319.67
14/08/2008,309.91,312.91,316.56
15/08/2008,311.91,314.66,318.16
18/08/2008,308.48,311.28,314.68
19/08/2008,312.37,315.02,318.17
20/08/2008,316.35,319.13,322.18
21/08/2008,330.06,332.74,335.79
22/08/2008,313.11,315.93,319.33
25/08/2008,315.14,317.9,321.25
26/08/2008,320.99,323.44,326.09
27/08/2008,326.17,328.15,330.45
28/08/2008,318.26,320.21,322.91
29/08/2008,318.19,319.19,321.94
2/09/2008,307.36,310.26,313.16
3/09/2008,307.88,310.38,312.88
4/09/2008,302.37,304.87,307.52
5/09/2008,298.28,300.63,303.33
8/09/2008,301.31,303.26,305.41
9/09/2008,292.47,294.42,296.67
10/09/2008,290.24,292.04,294.04
11/09/2008,291.55,292.9,294.5
12/09/2008,293.91,295.11,296.61
15/09/2008,279.12,280.67,282.37
16/09/2008,271.97,273.42,274.82
17/09/2008,282.47,283.82,285.47
18/09/2008,278.24,280.24,282.24
19/09/2008,289.78,291.73,293.63
22/09/2008,304.3,306.34,308.04
23/09/2008,299.63,301.32,302.77
24/09/2008,301.33,302.7,304.15
25/09/2008,302.58,304.83,306.78
26/09/2008,299.49,301.74,303.94
29/09/2008,276.04,278.85,281.5
30/09/2008,286.36,289.47,292.12
1/10/2008,284.69,287.04,289.64
2/10/2008,270.95,273.6,276.4
3/10/2008,266.2,268.9,271.7
6/10/2008,247.4,250.25,253.45
7/10/2008,250.57,253.47,256.87
8/10/2008,249.45,252.45,255.9
9/10/2008,241.86,245.06,248.76
10/10/2008,221,224.35,228.35
13/10/2008,234.1,236.95,240.6
14/10/2008,225.97,228.82,232.52
15/10/2008,219.05,221.7,225.15
16/10/2008,208.73,211.08,214.38
17/10/2008,213.29,215.69,219.04
20/10/2008,220.99,222.99,225.84
21/10/2008,217.71,219.75,222.4
22/10/2008,203.65,205.62,208.52
23/10/2008,202.97,205.57,209.02
24/10/2008,194.65,197.01,200.51
27/10/2008,191.44,193.83,197.43
28/10/2008,191.2,193.35,196.95
29/10/2008,200.1,202.51,206.11
30/10/2008,198.41,199.96,203.36
31/10/2008,200.63,208.42,211.27
3/11/2008,198.28,201.43,203.78
4/11/2008,216.16,219.16,221.41
5/11/2008,205.47,208.46,210.76
6/11/2008,194.24,197.06,199.31
7/11/2008,197.84,200.64,202.59
10/11/2008,200.56,203.26,205.21
11/11/2008,192.9,195.5,197.45
12/11/2008,183.54,186.09,188.19
13/11/2008,187.5,189.85,192.05
14/11/2008,183.18,185.9,188.05
17/11/2008,179.1,180.9,182.75
18/11/2008,175.79,177.49,179.44
19/11/2008,175.97,177.37,179.12
20/11/2008,167.59,168.65,170.25
21/11/2008,169.96,170.86,172.41
24/11/2008,178.44,179.61,181.36
25/11/2008,169.88,170.69,172.64
26/11/2008,173.67,176.16,178.61
28/11/2008,167.37,172.71,175.26
1/12/2008,161.51,164.21,166.36
2/12/2008,158.32,160.92,163.27
3/12/2008,158.4,160.8,162.65
4/12/2008,150.91,153.46,155.76
5/12/2008,142.65,145.78,148.63
8/12/2008,149.04,152.16,155.41
9/12/2008,143.69,146.79,150.19
10/12/2008,140.27,143.57,147.12
11/12/2008,150.66,153.96,157.71
12/12/2008,149.34,151.94,155.49
15/12/2008,146.01,148.71,151.91
16/12/2008,146.03,148.33,150.98
17/12/2008,144.25,146.5,148.8
18/12/2008,137.29,139.55,141.8
19/12/2008,139.2,141.64,144.19
22/12/2008,134.15,136.19,138.44
23/12/2008,132.7,134.52,136.67
24/12/2008,119.83,122.11,124.61
26/12/2008,124.5,126.8,129.5
29/12/2008,128.53,130.88,133.83
30/12/2008,128.8,130.61,133.61
31/12/2008,140.57,144.21,146.76
2/01/2009,148.03,150.18,152.03
5/01/2009,157.63,159.43,160.93
6/01/2009,162.63,163.78,164.73
7/01/2009,154.31,155.21,155.96
8/01/2009,151.96,152.61,153.56
9/01/2009,148.77,149.42,150.27
12/01/2009,147.24,147.14,147.39
13/01/2009,151.41,151.26,151.51
14/01/2009,146.31,146.2,147.1
15/01/2009,148.71,148.1,148.7
16/01/2009,147.34,146.43,147.08
20/01/2009,137.58,137.02,138.02
21/01/2009,138.6,138.02,138.97
22/01/2009,134.86,134.56,135.56
23/01/2009,145.05,144.49,145.24
26/01/2009,142.7,142.25,143.05
27/01/2009,137.45,136.51,137.16
28/01/2009,142.15,141.16,141.41
29/01/2009,142.83,141.78,141.83
30/01/2009,145.38,143.4,143.05
2/02/2009,134.24,134.34,135.99
3/02/2009,132.54,132.67,134.37
4/02/2009,132.7,132.75,134.4
5/02/2009,136.72,136.97,138.52
6/02/2009,135.98,136.48,138.48
9/02/2009,135.23,135.93,138.08
10/02/2009,130.14,130.59,132.84
11/02/2009,131.64,131.72,133.57
12/02/2009,132.18,132.18,133.88
13/02/2009,130,129.8,131.25
17/02/2009,118.64,118.29,119.79
18/02/2009,114.69,114.14,115.29
19/02/2009,120.45,120.05,121.25
20/02/2009,119.67,119.4,120.4
23/02/2009,117.54,116.94,117.59
24/02/2009,120.82,120.21,120.66
25/02/2009,123.77,123.42,123.82
26/02/2009,129.41,129.4,130.1
27/02/2009,126.59,126.75,127.73
2/03/2009,115.12,116.02,117.87
3/03/2009,117.96,119.01,121.11
4/03/2009,121.45,122.75,125.05
5/03/2009,115.98,117.63,120.08
6/03/2009,122.94,124.39,126.69
9/03/2009,121.54,122.79,125.09
10/03/2009,119.87,121.22,123.52
11/03/2009,113.31,114.71,117.21
12/03/2009,122.64,123.76,125.91
13/03/2009,119.72,120.76,123.01
16/03/2009,121.3,122.55,124.95
17/03/2009,127.47,128.82,131.02
18/03/2009,126.4,127.92,130.22
19/03/2009,135.63,137.13,139.48
20/03/2009,138.34,139.98,142.33
23/03/2009,147.07,148.49,150.74
24/03/2009,149.96,151.38,153.48
25/03/2009,146.47,147.53,149.28
26/03/2009,148.13,148.94,150.64
27/03/2009,143.28,144.05,145.8
30/03/2009,134.26,134.96,136.96
31/03/2009,134.38,136.79,139.14
1/04/2009,134.58,136.84,139.94
2/04/2009,143.91,146.36,149.46
3/04/2009,144.6,147,150.15
6/04/2009,141.91,144.16,147.41
7/04/2009,139.03,141.55,145
8/04/2009,139.82,142.28,145.78
9/04/2009,142.88,145.38,148.93
13/04/2009,139.8,142.25,145.75
14/04/2009,140.23,142.56,146.16
15/04/2009,140.1,142.35,145.9
16/04/2009,142.18,144.38,147.58
17/04/2009,142.25,144.39,147.34
20/04/2009,133.16,135.28,138.42
21/04/2009,134.78,136.58,139.34
22/04/2009,132.99,134.64,137.44
23/04/2009,131.79,133.53,136.53
24/04/2009,136.83,138.58,141.38
27/04/2009,132.29,134.12,137.07
28/04/2009,131.67,133.3,136.12
29/04/2009,132.91,134.75,137.88
30/04/2009,131.47,133.68,136.95
1/05/2009,138.84,142.24,145.74
4/05/2009,143.45,146.81,150.35
5/05/2009,142.62,145.86,149.36
6/05/2009,147.13,150.37,153.91
7/05/2009,148.52,151.46,154.78
8/05/2009,151.84,154.63,157.93
11/05/2009,150.09,152.68,155.92
12/05/2009,150.7,153.46,156.84
13/05/2009,149,151.67,155.12
14/05/2009,149.47,152.11,155.45
15/05/2009,141.88,144.56,148.07
18/05/2009,147.57,150.42,154.07
19/05/2009,148.66,151.17,154.72
20/05/2009,154.11,156.45,159.57
21/05/2009,152.94,155.57,159.09
22/05/2009,153.8,156.42,160.08
26/05/2009,154.53,157.1,160.84
27/05/2009,156.17,158.83,162.65
28/05/2009,160.14,163.05,166.78
29/05/2009,164.19,167.76,171.3
1/06/2009,177.65,180.76,184.31
2/06/2009,179.79,182.79,186.2
3/06/2009,173.84,177.28,180.93
4/06/2009,178.4,181.72,185.36
5/06/2009,177.01,180.32,184.1
8/06/2009,176.79,180.18,184.19
9/06/2009,180.76,183.96,187.73
10/06/2009,183.26,186.43,190.27
11/06/2009,185.34,188.9,192.89
12/06/2009,183.75,187.5,191.63
15/06/2009,181.56,185.22,189.16
16/06/2009,182.5,185.97,189.72
17/06/2009,186.3,189.65,193.33
18/06/2009,183.7,187.45,191.4
19/06/2009,178.67,182.63,186.65
22/06/2009,172.75,176.83,180.99
23/06/2009,176.9,181.39,185.68
24/06/2009,173.81,178.27,182.63
25/06/2009,177.63,182.36,186.86
26/06/2009,173.03,178.1,183.01
29/06/2009,178.35,183.37,188.22
30/06/2009,171.8,178.77,183.74
1/07/2009,176.57,181.32,185.82
2/07/2009,170.16,174.89,179.46
6/07/2009,162.66,167.51,172.03
7/07/2009,160.07,164.68,169.08
8/07/2009,153.79,158,162.32
9/07/2009,153.44,157.75,162.05
10/07/2009,153.35,157.01,160.75
13/07/2009,150.38,154.45,158.43
14/07/2009,151.19,154.95,158.67
15/07/2009,158.21,161.72,165.2
16/07/2009,159.94,163.48,166.95
17/07/2009,164.1,167.58,171.12
20/07/2009,168.94,172.04,175.24
21/07/2009,169.84,172.67,175.83
22/07/2009,171.12,174.04,177.44
23/07/2009,176.44,179.4,182.72
24/07/2009,178.13,180.83,184.07
27/07/2009,179.66,182.12,185.21
28/07/2009,176.47,178.84,182.04
29/07/2009,167.13,169.58,172.88
30/07/2009,176.87,178.99,182.11
31/07/2009,179.38,183.25,186.29
3/08/2009,187.13,190.18,193.68
4/08/2009,190.14,192.96,196.3
5/08/2009,195.69,198.27,201.16
6/08/2009,193.67,196.52,199.58
7/08/2009,191.22,194.21,197.39
10/08/2009,192.76,195.66,198.76
11/08/2009,191.17,193.79,196.56
12/08/2009,189.21,192.27,195.37
13/08/2009,190.28,193.36,196.49
14/08/2009,184.1,186.79,189.71
17/08/2009,182.65,185.21,188.06
18/08/2009,186.5,189.21,191.99
19/08/2009,191.87,194.49,197.1
20/08/2009,188.52,191.13,193.65
21/08/2009,190.49,192.87,195.29
24/08/2009,192.34,194.63,196.92
25/08/2009,185.59,187.95,190.46
26/08/2009,185.2,187.52,190.16
27/08/2009,185.92,188.5,191.37
28/08/2009,186.03,188.65,191.6
31/08/2009,177.92,180.85,183.94
1/09/2009,175.89,178.92,182.14
2/09/2009,175.05,178.05,181.22
3/09/2009,173.5,176.75,180.13
4/09/2009,172.05,175.45,178.91
8/09/2009,178.25,181.84,185.44
9/09/2009,179.44,183.08,186.72
10/09/2009,178.85,182.66,186.44
11/09/2009,173.08,176.95,180.75
14/09/2009,174.22,177.8,181.26
15/09/2009,178.01,181.38,184.69
16/09/2009,182.58,185.77,188.83
17/09/2009,184.09,187.2,190.18
18/09/2009,182.79,185.86,188.9
21/09/2009,175.17,178.52,181.97
22/09/2009,181.21,184.36,187.59
23/09/2009,175.94,179.04,182.21
24/09/2009,168.14,171.08,174.3
25/09/2009,167.71,170.65,173.8
28/09/2009,169.09,171.97,175.03
29/09/2009,170.06,172.66,175.55
30/09/2009,179.6,183.24,185.9
1/10/2009,182.74,185.6,188.69
2/10/2009,179.68,182.58,185.75
5/10/2009,179.16,182.21,185.43
6/10/2009,181.42,184.34,187.42
7/10/2009,178.11,181.03,184.23
8/10/2009,184.69,187.54,190.73
9/10/2009,185.28,187.94,191.02
12/10/2009,189.44,191.99,194.98
13/10/2009,192.34,195.1,198.29
14/10/2009,194.27,197.39,200.75
15/10/2009,201.81,204.79,208.05
16/10/2009,202.97,206.27,209.69
19/10/2009,205.22,208.43,211.81
20/10/2009,204.73,207.7,210.9
21/10/2009,210.53,213.46,216.54
22/10/2009,209.46,212.43,215.62
23/10/2009,207.56,210.46,213.74
26/10/2009,203.35,206.31,209.71
27/10/2009,205.51,207.92,211.02
28/10/2009,199.69,202.12,205.22
29/10/2009,205.42,207.87,210.88
30/10/2009,198.11,200.52,203.81
2/11/2009,204.6,207.83,210.51
3/11/2009,207.33,210.72,213.54
4/11/2009,209.02,212.6,215.46
5/11/2009,205.76,209.63,212.66
6/11/2009,200.35,204.31,207.47
9/11/2009,206.27,210.05,212.95
10/11/2009,205.23,208.67,211.27
11/11/2009,205.58,209.03,211.61
12/11/2009,199.1,202.68,205.52
13/11/2009,196.61,200.3,203.28
16/11/2009,203.2,207,209.9
17/11/2009,205.85,209.43,212.17
18/11/2009,204.86,208.52,211.28
19/11/2009,199.64,203.37,206.22
20/11/2009,197.56,201.3,204.25
23/11/2009,197.99,201.76,204.7
24/11/2009,194.97,198.95,201.96
25/11/2009,199.01,203.57,206.75
27/11/2009,196.22,200.96,204.22
30/11/2009,201.81,204.79,207.88
1/12/2009,207.8,210.75,213
2/12/2009,203.64,206.77,209
3/12/2009,204.95,208.15,210.35
4/12/2009,202.68,205.93,208.22
7/12/2009,200.97,204.08,206.2
8/12/2009,199.09,201.73,203.49
9/12/2009,190.93,193.65,195.68
10/12/2009,190.29,192.92,194.84
11/12/2009,190.85,193.1,194.77
14/12/2009,190.82,193.07,194.72
15/12/2009,190.33,192.68,194.37
16/12/2009,196.58,198.73,200.15
17/12/2009,195.74,197.63,198.92
18/12/2009,195.67,197.53,198.93
21/12/2009,194.52,196.45,197.93
22/12/2009,194.86,197,198.49
23/12/2009,201.18,203.29,204.64
24/12/2009,203.56,205.62,206.89
28/12/2009,207.35,209.31,210.48
29/12/2009,210.28,211.66,212.49
30/12/2009,210.93,212.02,212.78
31/12/2009,211.88,211.56,212.19
4/01/2010,219.05,219.26,219.12
5/01/2010,219.41,220.07,219.96
6/01/2010,220.32,221.35,221.55
7/01/2010,218.36,219.46,219.75
8/01/2010,220.03,220.69,220.83
11/01/2010,218.01,218.95,219.28
12/01/2010,213.18,214.17,214.53
13/01/2010,209.46,210.49,210.92
14/01/2010,208.29,209.21,209.76
15/01/2010,204.6,205.79,206.44
19/01/2010,204.54,205.9,206.76
20/01/2010,202.11,203.44,204.25
21/01/2010,198.56,199.75,200.4
22/01/2010,194.16,195.3,195.96
25/01/2010,196.58,197.5,198.02
26/01/2010,195.08,196.16,196.79
27/01/2010,191.68,192.67,193.34
28/01/2010,191.91,192.9,193.52
29/01/2010,190.29,191.3,191.94
1/02/2010,195.49,196.05,196.69
2/02/2010,203.17,203.79,204.41
3/02/2010,201.94,202.71,203.48
4/02/2010,193.52,194.26,195.05
5/02/2010,187.48,188.28,189.16
8/02/2010,188.55,189.34,190.28
9/02/2010,193.73,194.44,195.33
10/02/2010,194.69,195.42,196.25
11/02/2010,196.3,197.12,197.97
12/02/2010,191.89,192.88,193.97
16/02/2010,199.63,200.59,201.61
17/02/2010,200.67,201.68,202.65
18/02/2010,205.16,206.22,207.13
19/02/2010,206.99,207.94,208.72
22/02/2010,207.88,208.82,209.7
23/02/2010,203.23,204.26,205.35
24/02/2010,204.21,205.39,206.77
25/02/2010,198.62,199.86,201.29
26/02/2010,202.49,203.53,204.88
1/03/2010,202.35,203.48,204.83
2/03/2010,205.61,206.66,207.83
3/03/2010,209.37,210.37,211.46
4/03/2010,206.87,208.14,209.46
5/03/2010,209.74,211.04,212.35
8/03/2010,210.55,211.94,213.37
9/03/2010,208.98,210.26,211.65
10/03/2010,211.62,212.77,214.01
11/03/2010,211.5,212.58,213.73
12/03/2010,209.4,210.54,211.76
15/03/2010,205.76,206.92,208.15
16/03/2010,211.43,212.53,213.57
17/03/2010,213.95,215.13,216.33
18/03/2010,211.91,213.29,214.79
19/03/2010,207.67,208.91,210.36
22/03/2010,208.37,209.79,211.29
23/03/2010,210.18,211.43,212.74
24/03/2010,207.07,208.35,209.74
25/03/2010,206.93,208.24,209.7
26/03/2010,206.97,208.13,209.39
29/03/2010,211.88,212.86,214.08
30/03/2010,212.47,213.16,214.37
31/03/2010,216.46,217.9,219.08
1/04/2010,221.67,223.07,224.84
5/04/2010,226.75,228.25,230.09
6/04/2010,226.83,228.53,230.46
7/04/2010,224.39,226.11,228.22
8/04/2010,222.82,224.45,226.54
9/04/2010,222.6,224.36,226.57
12/04/2010,221.89,223.74,226.12
13/04/2010,221.42,223.34,225.52
14/04/2010,224.21,226.16,228.24
15/04/2010,225.23,227.39,229.64
16/04/2010,221.69,223.94,226.21
19/04/2010,215.68,218.36,220.98
20/04/2010,218.02,220.49,222.85
21/04/2010,220.58,222.97,225.29
22/04/2010,221.5,223.97,226.3
23/04/2010,225.05,227.47,229.77
26/04/2010,223.71,226.37,228.77
27/04/2010,223.03,225.51,227.78
28/04/2010,222.9,225.42,227.84
29/04/2010,225.12,227.82,230.3
30/04/2010,228.85,231.57,233.93
3/05/2010,234.51,237.08,239.53
4/05/2010,225.95,228.5,231
5/05/2010,218.45,221.01,223.49
6/05/2010,211.37,213.77,216.31
7/05/2010,207.95,209.98,212.33
10/05/2010,212.02,214.14,216.57
11/05/2010,214.01,215.98,218.25
12/05/2010,215.91,217.66,219.74
13/05/2010,213.19,214.87,216.77
14/05/2010,206.06,207.52,209.31
17/05/2010,198.52,200.2,202.14
18/05/2010,196.15,197.85,199.89
19/05/2010,194.52,196.1,198
20/05/2010,190.19,191.62,193.39
21/05/2010,189.67,191.09,192.79
24/05/2010,189.93,191.36,193.16
25/05/2010,187.17,188.42,190.24
26/05/2010,192.07,193.24,195.13
27/05/2010,199.94,200.97,202.72
28/05/2010,198.02,200.45,202.38
1/06/2010,197.04,199.12,201.75
2/06/2010,200.59,202.52,205.01
3/06/2010,203.91,205.8,208.21
4/06/2010,195.77,197.65,200.1
7/06/2010,196.83,198.81,201.32
8/06/2010,196.53,198.47,200.96
9/06/2010,200.96,202.93,205.34
10/06/2010,203.28,205.27,207.71
11/06/2010,200.53,202.58,205.14
14/06/2010,202.59,204.48,206.92
15/06/2010,206.85,208.68,211.03
16/06/2010,211.01,212.68,214.98
17/06/2010,214.74,216.21,218.08
18/06/2010,212.89,214.42,216.33
21/06/2010,214.59,216.13,218.13
22/06/2010,211.29,213.07,215.4
23/06/2010,206.84,208.65,211.09
24/06/2010,205.72,207.83,210.35
25/06/2010,211.22,213.34,215.62
28/06/2010,209.33,211.71,214.25
29/06/2010,202.13,204.98,207.72
30/06/2010,198.17,201.43,204.41
1/07/2010,193.85,196.79,199.69
2/07/2010,191.55,194.2,196.94
6/07/2010,191.72,194.2,196.74
7/07/2010,197.87,200.09,202.47
8/07/2010,200.53,202.93,205.48
9/07/2010,202.57,204.9,207.29
12/07/2010,199.13,201.56,203.97
13/07/2010,204.74,207.1,209.48
14/07/2010,203.61,205.92,208.23
15/07/2010,201.83,204.18,206.57
16/07/2010,201.13,203.38,205.7
19/07/2010,201.7,204.13,206.56
20/07/2010,202.47,205.06,207.59
21/07/2010,198.92,201.63,204.37
22/07/2010,206.24,208.95,211.51
23/07/2010,205.05,207.86,210.58
26/07/2010,204.26,207.11,209.86
27/07/2010,199.94,202.94,205.83
28/07/2010,199.64,202.6,205.46
29/07/2010,203.72,206.96,209.7
30/07/2010,204.27,208.81,211.53
2/08/2010,215.38,218.19,220.98
3/08/2010,220,222.86,225.64
4/08/2010,220.22,223.12,225.89
5/08/2010,218.68,221.5,224.16
6/08/2010,214.72,217.84,220.76
9/08/2010,215.38,218.78,221.79
10/08/2010,212.54,215.8,218.75
11/08/2010,207.52,210.7,213.6
12/08/2010,200.15,203.26,206.24
13/08/2010,199.56,202.42,205.32
16/08/2010,198.88,201.64,204.51
17/08/2010,202.59,205.14,207.93
18/08/2010,202.49,204.84,207.43
19/08/2010,200.07,202.35,204.88
20/08/2010,197.1,199.31,201.87
23/08/2010,195.54,197.65,200.18
24/08/2010,193.57,195.37,197.82
25/08/2010,197.06,198.56,200.86
26/08/2010,200.92,202.36,204.53
27/08/2010,204.43,205.75,207.94
30/08/2010,202.52,203.77,206.01
31/08/2010,199.44,199.17,201.54
1/09/2010,204.11,206.32,208.71
2/09/2010,206.23,208.4,210.76
3/09/2010,205.73,208.07,210.49
7/09/2010,207.43,209.69,212.08
8/09/2010,208.17,210.58,213.12
9/09/2010,206.84,208.99,211.33
10/09/2010,210.44,212.21,214.1
13/09/2010,212.27,213.92,215.66
14/09/2010,212.88,214.45,216.11
15/09/2010,213.26,214.99,216.8
16/09/2010,209.9,211.86,213.88
17/09/2010,209.92,211.72,213.55
20/09/2010,213.94,215.49,216.98
21/09/2010,211.99,213.62,215.19
22/09/2010,210.7,212.5,214.33
23/09/2010,211.45,213.35,215.07
24/09/2010,213.06,214.99,216.59
27/09/2010,212.28,213.94,215.53
28/09/2010,212.45,214.12,215.81
29/09/2010,219.05,221.13,222.7
30/09/2010,224.4,226.78,228.24
1/10/2010,229.38,230.99,233.01
4/10/2010,228.47,230.06,231.95
5/10/2010,230.26,232.2,234.36
6/10/2010,230.78,232.68,234.84
7/10/2010,225.18,227.23,229.67
8/10/2010,228.19,230.08,232.48
11/10/2010,227.9,229.72,231.91
12/10/2010,226.25,228.27,230.72
13/10/2010,230.07,231.85,234.08
14/10/2010,228.39,230.27,232.6
15/10/2010,223.08,224.95,227.38
18/10/2010,227.61,229.53,231.91
19/10/2010,218.93,220.97,223.35
20/10/2010,225.48,227.29,229.65
21/10/2010,221.45,223.3,225.58
22/10/2010,225.16,226.91,229.05
25/10/2010,225.5,227.41,229.72
26/10/2010,225,226.84,229.24
27/10/2010,223.83,225.62,227.93
28/10/2010,224.35,225.94,228.24
29/10/2010,222.01,223.77,226.19
1/11/2010,227.77,230.2,231.77
2/11/2010,229.36,231.76,233.42
3/11/2010,232.79,235.1,236.65
4/11/2010,237.31,239.59,241.04
5/11/2010,238.48,240.74,242.14
8/11/2010,239.77,241.98,243.31
9/11/2010,240.67,242.63,243.63
10/11/2010,244.19,245.8,246.37
11/11/2010,242.66,244.33,245.03
12/11/2010,236.32,238.06,238.9
15/11/2010,237.09,238.88,239.73
16/11/2010,230.9,232.8,233.82
17/11/2010,225.19,227.18,228.33
18/11/2010,229.51,231.33,232.35
19/11/2010,227.44,229.18,230.09
22/11/2010,226.86,228.56,229.52
23/11/2010,224.96,226.69,227.65
24/11/2010,232.55,234.18,235.11
26/11/2010,231.62,233.3,234.29
29/11/2010,235.81,238.03,239.12
30/11/2010,231.69,232.44,233.81
1/12/2010,240.56,241.75,241.83
2/12/2010,245.46,246.52,246.39
3/12/2010,248.74,250.05,249.78
6/12/2010,247.57,249.11,248.92
7/12/2010,247.02,248.86,249.13
8/12/2010,246.07,247.98,248.51
9/12/2010,246.68,248.31,248.68
10/12/2010,245.75,247.21,247.52
13/12/2010,246.52,248.05,248.54
14/12/2010,246.79,248.03,248.45
15/12/2010,248.35,249.29,249.53
16/12/2010,247.63,248.45,248.58
17/12/2010,247.37,248.55,248.76
20/12/2010,248.95,250.38,250.73
21/12/2010,251.64,252.91,253.17
22/12/2010,252.85,254.02,254.15
23/12/2010,254.08,255.15,255.27
27/12/2010,251.66,252.66,253.01
28/12/2010,252.43,253.55,254
29/12/2010,252.15,253.39,253.91
30/12/2010,248.54,249.99,250.77
31/12/2010,254.37,254.24,254.85
3/01/2011,255.28,255.85,255.39
4/01/2011,250.65,251.65,251.53
5/01/2011,254.22,255.1,254.82
6/01/2011,251.12,251.75,251.47
7/01/2011,248.63,249.06,248.65
10/01/2011,255.61,255.78,254.97
11/01/2011,260.88,261.12,260.37
12/01/2011,261.86,262.23,261.55
13/01/2011,260.91,261.31,260.76
14/01/2011,264.52,264.86,264.11
18/01/2011,264.59,264.89,263.91
19/01/2011,265.62,265.9,264.69
20/01/2011,262.32,262.65,261.56
21/01/2011,265.08,265.43,264.48
24/01/2011,261.93,262.31,261.51
25/01/2011,259.29,259.66,258.94
26/01/2011,266.98,267.13,266.27
27/01/2011,265.46,265.51,264.61
28/01/2011,269.02,269.42,268.71
31/01/2011,274.68,274.03,273.31
1/02/2011,275.7,275.22,275.03
2/02/2011,278.07,277.84,277.73
3/02/2011,276.74,276.72,276.81
4/02/2011,271.67,271.81,272.2
7/02/2011,270.61,270.78,271.36
8/02/2011,273.18,273.06,273.34
9/02/2011,276.89,277.06,277.64
10/02/2011,271.07,271.61,272.54
11/02/2011,269.58,270.28,271.26
14/02/2011,275.04,275.51,276.23
15/02/2011,272.9,273.24,273.83
16/02/2011,277.48,278.09,278.92
17/02/2011,273.24,274.09,275.06
18/02/2011,271.29,272.6,273.82
22/02/2011,279.24,280.35,281.28
23/02/2011,290.49,291.66,292.63
24/02/2011,287.73,289.32,290.81
25/02/2011,293.09,294.55,295.91
28/02/2011,292.58,293.89,295.43
1/03/2011,302.35,303.68,305.04
2/03/2011,305.77,306.92,308.04
3/03/2011,304.93,305.88,306.81
4/03/2011,308.93,309.57,310.23
7/03/2011,306.57,307.43,308.32
8/03/2011,301.11,302.31,303.53
9/03/2011,307.07,307.96,308.95
10/03/2011,304.49,305.59,306.72
11/03/2011,302.9,303.79,304.74
14/03/2011,306.38,307.09,307.77
15/03/2011,295.38,296.08,296.79
16/03/2011,299.72,300.47,301.12
17/03/2011,306.49,307.45,308.34
18/03/2011,302.43,303.64,304.82
21/03/2011,305.25,306.72,308.18
22/03/2011,307.62,309.21,310.66
23/03/2011,305.5,307.19,308.73
24/03/2011,306.2,307.87,309.34
25/03/2011,305.48,307.15,308.52
28/03/2011,302.49,304.12,305.43
29/03/2011,304.15,305.73,306.98
30/03/2011,303.96,305.34,306.49
31/03/2011,308.98,311.25,312.33
1/04/2011,313.45,314.52,315.65
4/04/2011,317.14,318.14,319.19
5/04/2011,318.5,319.72,320.96
6/04/2011,319.12,320.45,321.84
7/04/2011,320.6,321.8,323.11
8/04/2011,331.97,332.92,334.04
11/04/2011,325.25,326.47,327.84
12/04/2011,317.26,318.63,320.22
13/04/2011,320.28,321.61,323.3
14/04/2011,318.9,320.16,321.78
15/04/2011,322.42,323.67,325.11
18/04/2011,318.28,319.52,320.96
19/04/2011,315.85,317.25,318.95
20/04/2011,322.14,323.59,325.33
21/04/2011,319.92,321.62,323.52
25/04/2011,318.2,319.89,321.73
26/04/2011,321.11,322.73,324.43
27/04/2011,323.34,324.81,326.46
28/04/2011,323.16,324.59,326.19
29/04/2011,325.58,327.58,329.15
2/05/2011,325.21,326.69,328.17
3/05/2011,319.08,320.64,322.21
4/05/2011,314.3,315.81,317.33
5/05/2011,288.69,290.2,291.69
6/05/2011,284.57,285.94,287.36
9/05/2011,296.18,297.39,298.72
10/05/2011,300.12,301.45,302.8
11/05/2011,289.83,291.23,292.62
12/05/2011,291.37,292.56,293.78
13/05/2011,294.22,295.35,296.5
16/05/2011,287.44,288.86,290.3
17/05/2011,284.51,285.88,287.4
18/05/2011,290.59,291.93,293.41
19/05/2011,289.47,290.85,292.26
20/05/2011,291.83,293.2,294.61
23/05/2011,284.71,285.97,287.49
24/05/2011,290.97,292.13,293.5
25/05/2011,298.03,299.23,300.56
26/05/2011,298.29,299.34,300.7
27/05/2011,299.05,300.14,301.53
31/05/2011,305.63,305.3,306.64
1/06/2011,300.87,302.33,304.1
2/06/2011,304.39,305.84,307.67
3/06/2011,305.67,307.03,308.8
6/06/2011,301.74,303.2,305.02
7/06/2011,307.7,309.12,310.93
8/06/2011,309.37,310.81,312.65
9/06/2011,313.78,315.08,316.77
10/06/2011,310.51,311.96,313.71
13/06/2011,310.58,312.02,313.76
14/06/2011,312.58,313.91,315.63
15/06/2011,298.48,299.84,301.62
16/06/2011,300.38,301.79,303.56
17/06/2011,298.33,299.78,301.57
20/06/2011,293.2,294.69,296.55
21/06/2011,289,290.62,292.49
22/06/2011,295.49,297.09,298.95
23/06/2011,278.17,279.94,281.98
24/06/2011,275.03,276.89,278.93
27/06/2011,276.49,278.14,280.1
28/06/2011,282.57,284.15,286.09
29/06/2011,292.02,293.47,295.31
30/06/2011,293.27,294.63,296.16
1/07/2011,292.45,293.97,295.62
5/07/2011,295.66,297.28,298.99
6/07/2011,296.33,297.91,299.61
7/07/2011,310.2,311.55,313.03
8/07/2011,309.64,310.81,312.17
11/07/2011,308.75,309.82,311.06
12/07/2011,308.76,309.99,311.38
13/07/2011,309.97,311.37,312.85
14/07/2011,308.49,309.62,310.87
15/07/2011,311.8,312.92,314.2
18/07/2011,307.77,309.05,310.43
19/07/2011,309.8,311.07,312.43
20/07/2011,311.84,313.2,314.61
21/07/2011,309.92,311.29,312.73
22/07/2011,312.8,314.15,315.52
25/07/2011,310.78,312.07,313.47
26/07/2011,311.34,312.51,313.99
27/07/2011,308.26,309.44,311.03
28/07/2011,310.52,311.44,312.86
29/07/2011,309.62,309.94,311.3
1/08/2011,309.74,311.02,312.47
2/08/2011,309.16,310.51,312.04
3/08/2011,301.89,303.18,304.62
4/08/2011,289.39,290.48,291.69
5/08/2011,294.17,295.13,296.31
8/08/2011,280.17,281.14,282.41
9/08/2011,276.48,277.63,279.03
10/08/2011,286.53,287.51,288.63
11/08/2011,289.92,290.64,291.52
12/08/2011,290.37,291.05,291.82
15/08/2011,294.41,295.39,296.41
16/08/2011,293.26,294.21,295.28
17/08/2011,296.16,297.06,298.12
18/08/2011,287.48,288.36,289.48
19/08/2011,290.45,291.34,292.36
22/08/2011,291.07,291.87,292.78
23/08/2011,294.25,294.92,295.59
24/08/2011,296.07,296.9,297.61
25/08/2011,298.55,299.32,299.91
26/08/2011,301.01,301.58,302.11
29/08/2011,301.02,301.73,302.47
30/08/2011,306.92,307.67,308.28
31/08/2011,307.82,308.4,309.04
1/09/2011,305.18,306.08,306.93
2/09/2011,299.74,300.61,301.43
6/09/2011,301.02,301.98,302.83
7/09/2011,307.56,308.56,309.47
8/09/2011,304.43,305.26,306.03
9/09/2011,298.58,299.38,300.1
12/09/2011,294.75,295.69,296.62
13/09/2011,293.61,294.65,295.64
14/09/2011,294.5,295.36,296.15
15/09/2011,302.46,303.09,303.54
16/09/2011,300.89,301.71,302.25
19/09/2011,294.47,295.43,296.09
20/09/2011,296.16,297.13,297.86
21/09/2011,293.42,294.52,295.33
22/09/2011,284.85,285.79,286.42
23/09/2011,279.58,280.59,281.24
26/09/2011,279.15,280.3,281.02
27/09/2011,287.66,288.57,288.98
28/09/2011,281.84,282.71,282.94
29/09/2011,281.81,282.66,282.63
30/09/2011,279.48,277.93,277.8
3/10/2011,275.29,274.91,274.42
4/10/2011,272.34,271.7,270.97
5/10/2011,277.66,277.35,276.91
6/10/2011,286.11,285.34,284.38
7/10/2011,285.88,285.12,284.16
10/10/2011,290.39,289.8,289.02
11/10/2011,290.41,290.37,290.04
12/10/2011,293.47,293,292.26
13/10/2011,297.14,296.3,295.14
14/10/2011,305.58,304.66,303.22
17/10/2011,301.36,301.02,299.96
18/10/2011,302.77,302.71,301.97
19/10/2011,298.12,298,297.12
20/10/2011,303.01,302.66,301.3
21/10/2011,301.75,301.59,300.21
24/10/2011,305.46,305.42,304.37
25/10/2011,305.02,305.12,304.05
26/10/2011,301.58,302.1,301.01
27/10/2011,309.84,310.37,309.53
28/10/2011,305.92,306.64,306.02
31/10/2011,304.29,305.83,305.3
1/11/2011,303.79,303.29,301.78
2/11/2011,300.07,300.03,298.86
3/11/2011,303.81,303.69,302.6
4/11/2011,307.07,306.99,305.76
7/11/2011,311.98,311.92,310.61
8/11/2011,311.61,311.95,311.16
9/11/2011,309.86,309.93,308.91
10/11/2011,315.11,314.63,313.01
11/11/2011,317.16,316.82,315.26
14/11/2011,316.22,316.2,314.84
15/11/2011,317.13,317.4,316.32
16/11/2011,313.46,314.09,313.39
17/11/2011,308.32,309.01,308.28
18/11/2011,303.25,304.13,303.71
21/11/2011,299.43,300.43,300.5
22/11/2011,303.46,304.65,304.91
23/11/2011,295.91,297.14,297.55
25/11/2011,292.73,294.05,294.62
28/11/2011,296.99,298.27,298.5
29/11/2011,302.11,303.36,303.7
30/11/2011,302.14,302.51,303.29
1/12/2011,296.95,298.14,298.14
2/12/2011,299,299.99,299.84
5/12/2011,299.24,300.16,300.1
6/12/2011,302.17,303.07,303.18
7/12/2011,298.24,299.27,299.75
8/12/2011,292.98,294.01,294.5
9/12/2011,291.25,292.47,293.29
12/12/2011,289.61,290.55,291.04
13/12/2011,292.88,294,294.63
14/12/2011,282.99,283.86,284.38
15/12/2011,282.25,283.2,283.31
16/12/2011,280.05,281.06,280.88
19/12/2011,278.04,279.03,278.98
20/12/2011,284.94,285.92,285.93
21/12/2011,290.87,291.76,291.59
22/12/2011,290.76,291.54,291.33
23/12/2011,289.07,289.95,289.98
27/12/2011,290.85,291.59,291.92
28/12/2011,289.34,290.12,290.21
29/12/2011,291.75,292.01,291.56
30/12/2011,293.5,291.42,290.59
3/01/2012,303.82,302.88,300.94
4/01/2012,308.99,308.28,306.48
5/01/2012,303.88,303.61,302.4
6/01/2012,307.02,306.38,304.63
9/01/2012,307.3,306.82,305.24
10/01/2012,310.14,309.39,307.46
11/01/2012,306.46,305.93,304.09
12/01/2012,305.41,304.63,302.59
13/01/2012,302.72,302.01,300.34
17/01/2012,303.72,303.35,302.28
18/01/2012,301.34,301.12,299.95
19/01/2012,303.6,303.35,301.95
20/01/2012,298.84,298.48,297.2
23/01/2012,300.98,300.35,298.78
24/01/2012,302.42,301.51,299.51
25/01/2012,301.92,301.04,299.26
26/01/2012,305.35,304.46,302.44
27/01/2012,307.04,305.93,303.67
30/01/2012,305.18,303.78,301.69
31/01/2012,306.28,305.09,302.89
1/02/2012,304.55,302.74,300.82
2/02/2012,305.29,303.29,301.34
3/02/2012,311.44,309.46,307.48
6/02/2012,317.07,314.4,311.81
7/02/2012,319.09,315.95,312.94
8/02/2012,318.95,316.07,313.45
9/02/2012,320.85,318.19,315.82
10/02/2012,318.21,315.77,313.59
13/02/2012,316,314.03,312.3
14/02/2012,316.48,314.51,312.8
15/02/2012,319.16,317.21,315.43
16/02/2012,320.97,319.43,317.77
17/02/2012,318.89,317.72,316.32
21/02/2012,323.93,323.48,322.38
22/02/2012,327.24,326.5,325.09
23/02/2012,329.49,329,327.76
24/02/2012,331.59,331.3,330.11
27/02/2012,328.64,328.29,327.01
28/02/2012,322.38,322.01,320.97
29/02/2012,318.8,320.59,320.5
1/03/2012,327.53,327.33,327.19
2/03/2012,320.18,320.66,321.13
5/03/2012,321.74,322.21,322.64
6/03/2012,318.82,319.5,320.25
7/03/2012,321.94,322.76,323.53
8/03/2012,326.95,327.63,328.2
9/03/2012,326.38,327.29,327.99
12/03/2012,324.29,325.3,326.21
13/03/2012,327.12,328.08,328.83
14/03/2012,326.18,327.01,327.79
15/03/2012,322.25,322.9,323.56
16/03/2012,328.19,329.1,329.78
19/03/2012,326.13,327.59,328.59
20/03/2012,323.67,324.99,325.98
21/03/2012,321.62,323.1,324.32
22/03/2012,317.87,319.28,320.47
23/03/2012,321.01,322.47,323.5
26/03/2012,322.88,324.65,325.78
27/03/2012,321.86,323.6,324.72
28/03/2012,320.79,322.22,323.18
29/03/2012,315.89,316.98,317.81
30/03/2012,316.84,317.01,317.94
2/04/2012,324.96,325.62,326.34
3/04/2012,322.75,323.51,324.36
4/04/2012,316.09,316.89,317.81
5/04/2012,316.92,317.85,318.9
9/04/2012,314.59,315.67,316.82
10/04/2012,309.57,310.42,311.44
11/04/2012,311.49,312.16,312.93
12/04/2012,316.63,317.2,317.8
13/04/2012,317.46,317.89,318.26
16/04/2012,311.66,312.2,312.7
17/04/2012,312.66,313.08,313.49
18/04/2012,311.82,312.19,312.6
19/04/2012,312.51,312.84,313.2
20/04/2012,313.76,314.08,314.44
23/04/2012,313.98,314.29,314.58
24/04/2012,312.95,313.46,313.82
25/04/2012,316.11,316.69,316.9
26/04/2012,319.44,319.84,319.82
27/04/2012,318.07,318.35,318.54
30/04/2012,318.34,318.42,318.61
1/05/2012,317.71,317.99,318.32
2/05/2012,314.25,314.46,314.78
3/05/2012,308.69,309.02,309.41
4/05/2012,300.88,301.31,301.8
7/05/2012,298.14,298.52,299.05
8/05/2012,299.01,299.29,299.73
9/05/2012,299.91,300.15,300.51
10/05/2012,298.34,298.77,299.25
11/05/2012,296.36,296.78,297.34
14/05/2012,292.95,293.59,294.31
15/05/2012,293.3,293.86,294.58
16/05/2012,289.76,290.39,291.19
17/05/2012,284.9,285.56,286.41
18/05/2012,283,283.52,284.27
21/05/2012,286.03,286.54,287.3
22/05/2012,286.14,286.55,287.22
23/05/2012,281.21,281.55,282.33
24/05/2012,282.19,282.57,283.26
25/05/2012,282.88,283.29,283.99
29/05/2012,280.88,281.32,282.14
30/05/2012,273.98,274.38,275.33
31/05/2012,270.62,270.32,271.3
1/06/2012,262.79,263.64,264.84
4/06/2012,262.69,263.56,264.78
5/06/2012,263.36,264.04,265.04
6/06/2012,267.17,267.89,269.03
7/06/2012,266.71,267.31,268.25
8/06/2012,267.21,267.51,268.18
11/06/2012,263.57,263.94,264.68
12/06/2012,262.15,262.36,263.08
13/06/2012,261.09,261.47,262.23
14/06/2012,262.78,263.16,263.91
15/06/2012,264.65,264.99,265.66
18/06/2012,261.77,261.98,262.72
19/06/2012,263.51,263.42,263.97
20/06/2012,258.74,258.46,259.15
21/06/2012,252.53,252.31,252.84
22/06/2012,253.37,253.2,253.93
25/06/2012,253.85,253.48,253.98
26/06/2012,257.65,257.32,257.69
27/06/2012,259.37,259.02,259.28
28/06/2012,255.19,254.72,255
29/06/2012,269.6,270.99,271.16
2/07/2012,267.59,267.69,268.13
3/07/2012,275.85,276.03,276.64
5/07/2012,276.84,276.85,277.23
6/07/2012,270.99,271.01,271.38
9/07/2012,274.9,274.76,275.05
10/07/2012,271.95,271.67,271.85
11/07/2012,276.18,275.99,276.27
12/07/2012,277.33,277.1,277.41
13/07/2012,278.82,278.86,279.34
16/07/2012,282.77,282.79,283.4
17/07/2012,284.22,284.22,284.82
18/07/2012,287.76,287.71,288.14
19/07/2012,294.7,294.68,295.01
20/07/2012,292.43,292.38,292.84
23/07/2012,281.89,282.06,282.79
24/07/2012,282.44,282.63,283.38
25/07/2012,284.4,284.67,285.43
26/07/2012,286.85,286.94,287.43
27/07/2012,288.95,289.05,289.64
30/07/2012,287.91,288.14,288.86
31/07/2012,284.17,284.8,285.58
1/08/2012,285.88,286.63,287.48
2/08/2012,284.23,284.99,285.8
3/08/2012,292.61,293.23,293.91
6/08/2012,294.09,294.93,295.75
7/08/2012,299.8,300.57,301.34
8/08/2012,301.59,302.43,303.26
9/08/2012,304.5,305.29,306.15
10/08/2012,302.05,303.04,304.12
13/08/2012,301.83,303.06,304.21
14/08/2012,303.46,304.48,305.52
15/08/2012,308.52,309.36,310.27
16/08/2012,312.29,313.1,313.86
17/08/2012,309.26,310.05,310.82
20/08/2012,309.31,310.15,311.03
21/08/2012,312.43,313.17,313.86
22/08/2012,312.87,313.72,314.56
23/08/2012,313.3,314.12,314.79
24/08/2012,311.01,311.87,312.5
27/08/2012,311.18,311.95,311.96
28/08/2012,312.03,312.85,313.05
29/08/2012,311.57,312.24,312.32
30/08/2012,312.45,313.33,313.37
31/08/2012,316.96,318.02,317.86
4/09/2012,314.68,314.77,314.58
5/09/2012,311.76,311.96,311.95
6/09/2012,314.25,314.25,314.11
7/09/2012,314.89,315.07,314.99
10/09/2012,316.68,316.74,316.66
11/09/2012,318.57,318.43,318.13
12/09/2012,321.52,321.34,320.95
13/09/2012,321.13,321.11,320.85
14/09/2012,323.95,323.85,323.51
17/09/2012,316.34,316.44,316.33
18/09/2012,312.71,312.64,312.28
19/09/2012,304.4,304.24,303.65
20/09/2012,309.75,309.3,308.33
21/09/2012,312.07,311.77,310.76
24/09/2012,309.87,309.61,308.31
25/09/2012,310.86,310.69,309.3
26/09/2012,310.68,310.25,308.5
27/09/2012,315.73,315.08,313.43
28/09/2012,316.94,315.92,314.35
1/10/2012,313.58,312.38,310.77
2/10/2012,312.55,311.04,309.16
3/10/2012,306.64,304.55,302.35
4/10/2012,318.84,316.04,313.19
5/10/2012,315.59,313.58,311.33
8/10/2012,314.43,312.64,310.64
9/10/2012,320.32,318.06,315.62
10/10/2012,321.31,318.99,316.51
11/10/2012,325.71,323.23,320.47
12/10/2012,322.39,320.29,318.07
15/10/2012,320.91,319.3,317.75
16/10/2012,319.85,318.49,317.05
17/10/2012,318.94,317.69,316.25
18/10/2012,318.66,316.69,314.79
19/10/2012,313.45,311.76,310.01
22/10/2012,307.67,306.68,305.58
23/10/2012,304.34,303.08,301.78
24/10/2012,303.94,302.64,301.26
25/10/2012,306.21,304.52,302.63
26/10/2012,309.78,307.64,305.68
29/10/2012,311.52,308.73,306.35
30/10/2012,308.66,306.97,305.49
31/10/2012,306.82,306.23,305.19
1/11/2012,303.32,303.21,302.42
2/11/2012,294.74,295.16,294.68
5/11/2012,298.29,298.82,298.49
6/11/2012,305.29,305.87,305.66
7/11/2012,296.21,297.09,297.04
8/11/2012,295.54,296.35,296.22
9/11/2012,300.55,301.11,300.76
12/11/2012,299.92,300.63,300.53
13/11/2012,296.08,297.15,297.31
14/11/2012,298.82,299.75,299.81
15/11/2012,297.35,298.2,298.16
16/11/2012,298.68,299.46,299.41
19/11/2012,307.51,308.34,308.19
20/11/2012,303.92,304.83,304.82
21/11/2012,307.22,308.12,308.01
23/11/2012,307.71,308.6,308.64
26/11/2012,304.65,305.94,306.27
27/11/2012,300.94,302.47,302.99
28/11/2012,300.8,302.09,302.3
29/11/2012,304.06,305.69,306.05
30/11/2012,304.13,306.07,306.65
3/12/2012,305.62,306.45,305.89
4/12/2012,300.4,301.4,301.03
5/12/2012,299.07,299.67,298.92
6/12/2012,294.32,294.96,294.39
7/12/2012,291.53,292.4,292.21
10/12/2012,289.62,290.56,290.43
11/12/2012,292.7,293.15,292.54
12/12/2012,296.68,296.86,295.93
13/12/2012,294.37,294.29,293.17
14/12/2012,298.07,297.69,296.43
17/12/2012,295.63,295.38,294.27
18/12/2012,299.65,299.39,298.23
19/12/2012,303.56,303.13,301.76
20/12/2012,305.75,304.86,303.1
21/12/2012,302.24,301.02,299.36
24/12/2012,300.22,298.85,296.87
26/12/2012,305.13,303.57,301.61
27/12/2012,307.23,304.89,302.59
28/12/2012,304.48,302.13,300.5
31/12/2012,304.51,303.18,301.68
2/01/2013,304.63,303.5,301.68
3/01/2013,302.51,301.5,299.73
4/01/2013,301.77,299.91,297.75
7/01/2013,303.21,301.3,298.98
8/01/2013,305.85,304.27,302.07
9/01/2013,306.99,305.35,303.11
10/01/2013,305.43,304.56,303.23
11/01/2013,300.85,300.18,299.01
14/01/2013,306.25,305.18,303.37
15/01/2013,301.13,300.34,298.77
16/01/2013,299.91,299.24,297.97
17/01/2013,302.12,301.45,300.11
18/01/2013,305.25,304.19,302.39
22/01/2013,306.82,305.57,303.4
23/01/2013,307.81,306.52,304.33
24/01/2013,308.64,307.64,305.86
25/01/2013,305.68,304.89,303.55
28/01/2013,306.16,305.43,304.08
29/01/2013,310.92,309.86,308.06
30/01/2013,311.73,310.87,309.36
31/01/2013,312.98,311.87,310.65
1/02/2013,316.06,314.47,318.66
4/02/2013,315.4,312.83,316.36
5/02/2013,319.13,316.32,319.48
6/02/2013,318.58,316.18,319.68
7/02/2013,319.95,317.59,321.34
8/02/2013,323.84,321.55,325.29
11/02/2013,323.15,321.12,324.79
12/02/2013,323.62,321.84,325.77
13/02/2013,321.88,320.56,325.28
14/02/2013,322.37,321.14,326.31
15/02/2013,321.04,320.19,325.86
19/02/2013,318.06,318.17,324.81
20/02/2013,315.63,315.22,321.77
21/02/2013,309.57,309.49,316.7
22/02/2013,310.42,310.18,317.61
25/02/2013,309.89,309.81,318.11
26/02/2013,303.17,302.68,311.39
27/02/2013,298.79,298.46,306.41
28/02/2013,297.19,296.03,303.5
1/03/2013,293.01,301.06,299.12
4/03/2013,291.91,300.67,298.57
5/03/2013,297.3,305.42,303.11
6/03/2013,297.56,305.13,302.95
7/03/2013,297.95,306.41,304.18
8/03/2013,297.49,306.74,304.42
11/03/2013,296.91,307.53,305.27
12/03/2013,294.84,304.26,302.69
13/03/2013,292.42,301.18,300.04
14/03/2013,292.95,301.31,300.64
15/03/2013,293.9,303.06,302.5
18/03/2013,292.67,303.14,302.62
19/03/2013,286.41,296.84,296.58
20/03/2013,289.21,299.53,299.12
21/03/2013,289.63,297.95,296.87
22/03/2013,288.43,297.28,296.36
25/03/2013,287.72,298.3,297.76
26/03/2013,288.13,299.88,299.36
27/03/2013,291.54,303.68,302.41
28/03/2013,291.52,304.7,303.3
1/04/2013,306.87,305.75,305.23
2/04/2013,308.74,307.42,307.02
3/04/2013,300.2,299.08,298.95
4/04/2013,296.36,295.72,295.93
5/04/2013,290.98,290.41,290.78
8/04/2013,295.37,294.38,294.4
9/04/2013,296.13,295.49,295.67
10/04/2013,294.79,294.4,294.81
11/04/2013,289.91,289.86,290.57
12/04/2013,287.18,286.63,287.1
15/04/2013,282.92,282.22,282.74
16/04/2013,280.65,280.25,281
17/04/2013,273.46,272.95,273.82
18/04/2013,277.91,276.82,277.3
19/04/2013,278.76,277.57,277.81
22/04/2013,280.94,279.54,279.8
23/04/2013,281.17,279.8,280.13
24/04/2013,284.13,282.77,283.14
25/04/2013,290.17,287.98,287.9
26/04/2013,290.12,286.61,286.46
29/04/2013,290.07,286.68,286.76
30/04/2013,287.35,283.96,284
1/05/2013,278.89,278.68,279.11
2/05/2013,285.55,285.33,285.72
3/05/2013,288.44,288.24,288.84
6/05/2013,292.02,291.59,292.17
7/05/2013,292.77,292.03,292.22
8/05/2013,291.47,290.81,291.15
9/05/2013,293.66,292.5,292.61
10/05/2013,290.62,289.82,290.14
13/05/2013,289.1,288.32,288.57
14/05/2013,287.3,286.62,287.02
15/05/2013,288.01,287.42,287.97
16/05/2013,290.87,290.05,290.34
17/05/2013,293.7,292.93,293.3
20/05/2013,295.08,294.11,294.26
21/05/2013,292.9,291.93,292.25
22/05/2013,287.36,286.87,287.53
23/05/2013,286,285.65,286.44
24/05/2013,285.69,285.44,286.22
28/05/2013,290.66,290.4,291.02
29/05/2013,286.95,286.48,287
30/05/2013,284.31,284.42,285.24
31/05/2013,279.21,278.14,279.13
3/06/2013,283.34,284.05,284.86
4/06/2013,286.49,286.81,287.41
5/06/2013,285.54,285.86,286.54
6/06/2013,287.14,287.34,288.07
7/06/2013,289.31,289.56,290.24
10/06/2013,288.38,288.62,289.37
11/06/2013,285.75,286.09,286.92
12/06/2013,289.52,289.79,290.43
13/06/2013,293.95,294.04,294.39
14/06/2013,296.22,296.44,296.89
17/06/2013,295.03,295.21,295.7
18/06/2013,296.17,296.33,296.91
19/06/2013,297.25,297.37,297.91
20/06/2013,287.22,287.3,287.82
21/06/2013,284.41,284.34,284.64
24/06/2013,285.47,285.3,285.53
25/06/2013,285.84,285.85,286.09
26/06/2013,285.43,285.51,285.97
27/06/2013,288.94,288.8,289.11
28/06/2013,287.98,285.88,286.33
1/07/2013,287.36,287.9,288.31
2/07/2013,290.14,290.57,290.99
3/07/2013,295.12,295.54,295.91
5/07/2013,298.97,299.46,299.85
8/07/2013,298.01,298.42,298.87
9/07/2013,298.57,299.18,299.69
10/07/2013,300.17,300.73,301.11
11/07/2013,299.5,299.87,300.17
12/07/2013,302.94,303.08,303.09
15/07/2013,302.61,302.78,302.82
16/07/2013,304.69,304.64,304.49
17/07/2013,307.12,307.08,306.93
18/07/2013,310.07,310.03,309.68
19/07/2013,308.94,309.06,308.76
22/07/2013,306.64,306.88,306.82
23/07/2013,306.93,307.25,307.31
24/07/2013,304.7,305.08,305.23
25/07/2013,303.5,303.99,304.23
26/07/2013,301.01,301.31,301.54
29/07/2013,301.62,301.9,302.07
30/07/2013,300.67,300.9,301.16
31/07/2013,304.31,305.5,305.75
1/08/2013,309.66,309.81,309.55
2/08/2013,307.14,307.54,307.48
5/08/2013,305.22,305.72,305.93
6/08/2013,300.83,301.49,301.88
7/08/2013,296.42,297.14,297.71
8/08/2013,295.74,296.4,296.9
9/08/2013,299.35,300.04,300.43
12/08/2013,302.09,302.84,303.24
13/08/2013,304.71,305.34,305.64
14/08/2013,304.78,305.4,305.73
15/08/2013,307.28,307.95,308.23
16/08/2013,308.31,309.04,309.33
19/08/2013,307.1,307.93,308.16
20/08/2013,307.84,308.52,308.66
21/08/2013,307.68,308.15,307.99
22/08/2013,306.99,307.37,307.29
23/08/2013,309.5,309.9,309.65
26/08/2013,307.9,308.35,308.18
27/08/2013,316.09,316.56,316.3
28/08/2013,320.83,321.13,320.78
29/08/2013,318.49,318.83,318.36
30/08/2013,313.95,313.66,313.46
3/09/2013,314.83,314.84,314.29
4/09/2013,313.71,313.93,313.56
5/09/2013,313.97,314.06,313.57
6/09/2013,316.37,316.38,315.82
9/09/2013,311.83,311.97,311.47
10/09/2013,306.68,306.84,306.39
11/09/2013,307.18,307.14,306.45
12/09/2013,311.64,311.57,310.71
13/09/2013,311.37,311.17,310.14
16/09/2013,306.37,306.31,305.62
17/09/2013,299.83,299.96,299.6
18/09/2013,304.05,304.15,303.86
19/09/2013,300.4,300.6,300.22
20/09/2013,300.42,300.53,300.1
23/09/2013,295.62,295.66,295.28
24/09/2013,296.1,296.04,295.58
25/09/2013,297.31,297.13,296.58
26/09/2013,300.37,299.93,299.3
27/09/2013,299.01,298.48,297.91
30/09/2013,297.1,297.15,296.71
1/10/2013,295.53,295.2,294.95
2/10/2013,299.27,298.91,298.58
3/10/2013,300.33,299.56,298.98
4/10/2013,299.9,299.34,298.86
7/10/2013,300.93,300.51,300.15
8/10/2013,303.25,302.87,302.49
9/10/2013,301.74,301.25,300.82
10/10/2013,307,306.45,306.09
11/10/2013,303.49,303.16,302.95
14/10/2013,303.17,302.75,302.58
15/10/2013,301.7,301.21,300.98
16/10/2013,303.93,303.63,303.63
17/10/2013,299,298.86,298.99
18/10/2013,303.54,303.2,302.99
21/10/2013,301.06,300.72,300.7
22/10/2013,299.73,299.54,299.71
23/10/2013,292.33,292.22,292.61
24/10/2013,290.03,289.89,290.38
25/10/2013,290.97,290.89,291.35
28/10/2013,296.44,296.42,296.76
29/10/2013,296.41,296.36,296.65
30/10/2013,297.86,297.68,297.99
31/10/2013,296.78,295.39,295.69
1/11/2013,288.22,288.64,288.63
4/11/2013,287.41,288.11,288.4
5/11/2013,286.41,287.02,287.44
6/11/2013,286.96,287.52,287.89
7/11/2013,283.92,284.49,284.89
8/11/2013,287.19,287.6,287.8
11/11/2013,289.13,289.52,289.78
12/11/2013,285.32,285.8,286.22
13/11/2013,289.77,290.14,290.41
14/11/2013,293.06,293.32,293.52
15/11/2013,293.89,294.09,294.27
18/11/2013,292.22,292.44,292.65
19/11/2013,290.58,290.64,290.72
20/11/2013,295.45,295.28,295.03
21/11/2013,300.67,300.56,300.23
22/11/2013,304.13,303.93,303.65
25/11/2013,303.21,303.04,302.83
26/11/2013,304.44,304.25,304.06
27/11/2013,304.69,304.3,303.97
29/11/2013,304.78,303.08,302.76
2/12/2013,305.01,304.75,304.3
3/12/2013,306.51,306.46,306.1
4/12/2013,305.91,305.96,305.59
5/12/2013,304.96,305.03,304.67
6/12/2013,305.65,305.73,305.39
9/12/2013,301.43,301.47,301.2
10/12/2013,301.73,301.73,301.47
11/12/2013,302.12,302.18,301.95
12/12/2013,298.01,298.1,297.98
13/12/2013,297.57,297.52,297.26
16/12/2013,299.02,298.93,298.68
17/12/2013,296.29,296.19,295.93
18/12/2013,301.01,300.69,300.16
19/12/2013,303.06,302.53,301.77
20/12/2013,307.81,307.02,306.06
23/12/2013,306.01,305.34,304.59
24/12/2013,307.83,306.85,305.98
26/12/2013,309.48,307.56,306.48
27/12/2013,312.41,309.21,307.75
30/12/2013,307.72,305.61,304.49
31/12/2013,307.72,306.52,305.38
2/01/2014,298.67,297.33,296.22
3/01/2014,293.94,292.56,291.43
6/01/2014,293.88,292.45,291.37
7/01/2014,295.93,294.13,292.81
8/01/2014,294.94,293.22,291.92
9/01/2014,292.14,290.54,289.33
10/01/2014,294.07,292.34,291
13/01/2014,293.33,291.27,289.58
14/01/2014,293.63,290.98,289.07
15/01/2014,297.96,294.12,292.05
16/01/2014,298.45,293.45,290.91
17/01/2014,302.37,295.4,292.13
21/01/2014,301.47,295.11,292.1
22/01/2014,303.79,298.12,295.3
23/01/2014,307.65,299.1,295.2
24/01/2014,313.74,301.58,296.39
27/01/2014,309.24,296.67,292.66
28/01/2014,312.18,299.39,295.23
29/01/2014,318.16,302.04,296.94
30/01/2014,321.7,302.75,297.08
31/01/2014,327.94,299.71,293.57
3/02/2014,300.75,293.54,291.16
4/02/2014,298.29,291.26,289.26
5/02/2014,299.68,293.17,291.19
6/02/2014,299.51,294,292.26
7/02/2014,305.03,300.15,298.4
10/02/2014,299.81,296.99,295.93
11/02/2014,302.81,298.9,297.53
12/02/2014,301.25,297.95,296.84
13/02/2014,303.07,299.03,297.69
14/02/2014,307.82,301.66,299.68
18/02/2014,310.17,304.52,302.56
19/02/2014,314.68,307.26,304.42
20/02/2014,317.77,308.34,304.74
21/02/2014,309.92,303.89,301.52
24/02/2014,308.72,305.01,303
25/02/2014,310.43,303.46,300.68
26/02/2014,312.81,303.83,300.73
27/02/2014,308.65,300.77,298.18
28/02/2014,308.93,301.63,298.85
3/03/2014,308.05,304.57,302.84
4/03/2014,304.07,299.92,297.94
5/03/2014,299.22,295.4,293.65
6/03/2014,298.3,294.99,293.48
7/03/2014,301.21,297.54,295.95
10/03/2014,296.74,294.36,293.19
11/03/2014,296.1,294.33,293.61
12/03/2014,292.55,291.4,291.01
13/03/2014,291.96,290.41,289.74
14/03/2014,294.31,292.82,292.1
17/03/2014,289.08,287.84,287.35
18/03/2014,291.55,290.44,289.86
19/03/2014,290.1,289.1,288.47
20/03/2014,292.13,291.31,290.59
21/03/2014,292.01,291.34,290.73
24/03/2014,291.16,291.02,290.62
25/03/2014,292.15,292.08,291.64
26/03/2014,291.94,291.78,291.34
27/03/2014,294.77,294.29,293.54
28/03/2014,295.79,294.78,293.96
31/03/2014,293.2,292.98,292.42
1/04/2014,288.78,288.06,287.92
2/04/2014,286.66,286.12,285.89
3/04/2014,290.62,289.96,289.69
4/04/2014,290.79,290.22,290
7/04/2014,289.07,288.68,288.58
8/04/2014,293.44,293.04,292.88
9/04/2014,295.4,294.75,294.48
10/04/2014,293.9,293.36,293.19
11/04/2014,293.32,292.7,292.43
14/04/2014,297.91,297.11,296.58
15/04/2014,298.7,297.88,297.26
16/04/2014,301.06,300.18,299.4
17/04/2014,300.82,300.12,299.5
21/04/2014,301.17,300.42,299.82
22/04/2014,300.26,299.55,298.89
23/04/2014,298.09,297.58,297.15
24/04/2014,301.45,300.95,300.38
25/04/2014,298.66,298.09,297.48
28/04/2014,295.19,294.45,293.82
29/04/2014,297.01,296.35,295.76
30/04/2014,293.49,292.81,292.37
1/05/2014,291.4,291.04,290.8
2/05/2014,292.23,291.91,291.69
5/05/2014,290.64,290.22,290.06
6/05/2014,288.77,288.37,288.2
7/05/2014,292.75,292.19,291.89
8/05/2014,292.02,291.42,291.08
9/05/2014,290.68,290.17,289.89
12/05/2014,291.85,291.32,290.96
13/05/2014,294.4,293.82,293.4
14/05/2014,296.26,295.63,295.19
15/05/2014,295.06,294.52,294.21
16/05/2014,295.36,294.86,294.59
19/05/2014,294.09,293.68,293.49
20/05/2014,294.92,294.59,294.43
21/05/2014,295.33,295.26,295.23
22/05/2014,295.07,295.01,294.97
23/05/2014,295.49,295.49,295.52
27/05/2014,293.99,293.94,294.02
28/05/2014,293.06,293.04,293.15
29/05/2014,291.9,291.99,292.33
30/05/2014,288.46,288.82,289.36
2/06/2014,287.73,288.39,289.06
3/06/2014,286.58,287.35,288.06
4/06/2014,284.81,285.68,286.44
5/06/2014,287.97,288.62,289.19
6/06/2014,287.12,287.78,288.37
9/06/2014,289.12,289.81,290.53
10/06/2014,288.41,289.11,289.8
11/06/2014,290.43,291.1,291.76
12/06/2014,298.93,299.48,300.01
13/06/2014,298.76,299.43,300.17
16/06/2014,299.79,300.54,301.34
17/06/2014,301.8,302.58,303.38
18/06/2014,304.01,304.73,305.42
19/06/2014,305.24,305.99,306.69
20/06/2014,305.12,305.85,306.56
23/06/2014,303.26,304.05,304.81
24/06/2014,304.16,304.9,305.63
25/06/2014,302.98,303.59,304.27
26/06/2014,301.38,301.86,302.6
27/06/2014,299.76,300.35,301.14
30/06/2014,297.08,297.53,298.55
1/07/2014,297.82,299.03,299.95
2/07/2014,294.61,296,297.05
3/07/2014,292.84,294.36,295.5
7/07/2014,291.45,292.78,293.81
8/07/2014,287.36,288.84,290
9/07/2014,287.11,288.52,289.69
10/07/2014,289.33,290.63,291.76
11/07/2014,286.09,287.34,288.51
14/07/2014,287.29,288.56,289.8
15/07/2014,285.55,286.87,288.13
16/07/2014,285.78,287.02,288.27
17/07/2014,285.92,287.22,288.62
18/07/2014,284.52,285.74,287.13
21/07/2014,285.88,287.11,288.46
22/07/2014,285.42,286.36,287.54
23/07/2014,287.54,288.57,289.7
24/07/2014,287.09,287.92,289.02
25/07/2014,291.57,292.35,293.24
28/07/2014,288.79,289.61,290.51
29/07/2014,290.67,291.33,292.21
30/07/2014,289.06,289.69,290.64
31/07/2014,288.66,288.99,289.88
1/08/2014,286.61,287.51,288.42
4/08/2014,287.12,288.02,288.83
5/08/2014,284.69,285.55,286.43
6/08/2014,287.61,288.23,288.9
7/08/2014,289.57,290.24,290.95
8/08/2014,287.69,288.38,289.18
11/08/2014,287.92,288.54,289.37
12/08/2014,284.5,285.24,286.16
13/08/2014,290.19,290.7,291.41
14/08/2014,281.95,282.6,283.41
15/08/2014,284.8,285.42,286.22
18/08/2014,280.6,281.22,281.97
19/08/2014,281.71,282.26,282.99
20/08/2014,282.58,283.13,283.83
21/08/2014,283.75,284.11,284.75
22/08/2014,282.79,283.43,284.13
25/08/2014,283.69,284.17,284.8
26/08/2014,284.42,284.9,285.5
27/08/2014,286.05,286.46,287.11
28/08/2014,284.9,285.18,285.86
29/08/2014,285.69,286.01,286.66
2/09/2014,279.67,280.49,281.24
3/09/2014,286.58,287.16,287.64
4/09/2014,283.63,284.24,284.79
5/09/2014,281.92,282.57,283.19
8/09/2014,280.94,281.6,282.22
9/09/2014,279.15,279.84,280.51
10/09/2014,275.33,276.22,277.12
11/09/2014,275.61,276.38,277.21
12/09/2014,274.05,274.8,275.61
15/09/2014,273.96,274.6,275.4
16/09/2014,275.63,276.32,277.17
17/09/2014,274.51,275.24,276.11
18/09/2014,271.23,271.98,272.79
19/09/2014,271.66,272.28,273.04
22/09/2014,268.71,269.29,270.1
23/09/2014,268.32,268.86,269.62
24/09/2014,268.89,269.3,270
25/09/2014,269.58,269.92,270.56
26/09/2014,270.05,270.24,270.83
29/09/2014,270.41,270.82,271.42
30/09/2014,264.72,265.05,265.66
1/10/2014,265.56,266.01,266.56
2/10/2014,263.8,264.17,264.55
3/10/2014,261.63,262.02,262.42
6/10/2014,262.13,262.5,262.96
7/10/2014,260.73,261.17,261.63
8/10/2014,257.59,258.03,258.63
9/10/2014,253.66,254.03,254.62
10/10/2014,256.02,256.09,256.43
13/10/2014,255.68,255.6,255.83
14/10/2014,247.22,246.88,246.93
15/10/2014,245.86,245.32,245.17
16/10/2014,247.03,246.39,246.4
17/10/2014,249.76,248.99,248.91
20/10/2014,248.56,247.29,247.04
21/10/2014,251.32,249.67,249.32
22/10/2014,247.34,245.92,245.82
23/10/2014,249.9,248.64,248.87
24/10/2014,248.19,246.76,246.98
27/10/2014,247.53,246.29,246.51
28/10/2014,249.31,248.07,248.33
29/10/2014,253.5,252.35,252.5
30/10/2014,251.28,250.5,250.38
31/10/2014,251.45,251.09,250.74
3/11/2014,248.99,248.47,247.96
4/11/2014,244.27,243.91,243.43
5/11/2014,243.87,243.56,243.09
6/11/2014,245.87,245.03,244.26
7/11/2014,249.95,248.93,247.76
10/11/2014,246.93,245.73,244.61
11/11/2014,246.87,245.59,244.4
12/11/2014,244.69,243.14,241.88
13/11/2014,236.21,234.21,233.21
14/11/2014,241.61,238.51,237.26
17/11/2014,240.39,237.88,236.75
18/11/2014,238.13,236.26,235.16
19/11/2014,235.9,234.12,232.91
20/11/2014,238,236.3,235.13
21/11/2014,240.45,238.13,237.17
24/11/2014,239.55,236.68,235.7
25/11/2014,239.48,234.77,233.4
26/11/2014,239.65,232.91,231.28
28/11/2014,223.08,216.12,214.51
1/12/2014,221.24,219.91,218.86
2/12/2014,215.44,214.77,213.94
3/12/2014,213.34,212.84,211.9
4/12/2014,211.77,211.21,210.49
5/12/2014,210.78,209.93,209.08
8/12/2014,205.49,204.12,202.98
9/12/2014,208.4,206.31,204.76
10/12/2014,204.64,200.97,199
11/12/2014,206.14,200.88,198.52
12/12/2014,201.6,196.25,193.78
15/12/2014,200.17,193.24,190.76
16/12/2014,196,190.33,187.74
17/12/2014,200.85,194.06,190.88
18/12/2014,193.87,188.73,185.71
19/12/2014,196.22,192.72,190.2
22/12/2014,195.14,191.29,188.45
23/12/2014,199.07,195.17,192.38
24/12/2014,192.36,188.89,186.55
26/12/2014,190.79,188.42,186.38
29/12/2014,184.91,182.16,180.63
30/12/2014,186.88,184.16,182.37
31/12/2014,184.66,183.36,181.72
2/01/2015,179.57,178.31,177.24
5/01/2015,174.92,172.94,171.51
6/01/2015,172.62,169.44,167.45
7/01/2015,169.99,167.55,165.9
8/01/2015,171.1,167.98,166.28
9/01/2015,170.3,166.88,165.35
12/01/2015,165.41,161.4,159.72
13/01/2015,163.3,160.14,158.58
14/01/2015,165.52,163.2,161.77
15/01/2015,162.33,159.36,157.5
16/01/2015,166.56,163.65,161.52
20/01/2015,162.66,159.05,156.73
21/01/2015,164.64,161.72,159.59
22/01/2015,163.79,161.04,158.69
23/01/2015,164.67,162.11,159.53
26/01/2015,163.98,161.43,158.7
27/01/2015,166.28,164.02,161.52
28/01/2015,163.18,160.93,158.79
29/01/2015,161.84,160.47,158.74
30/01/2015,168.63,170.08,168.05
2/02/2015,175.75,173.45,173.46
3/02/2015,184.65,181.99,181.87
4/02/2015,176.66,173.81,173.57
5/02/2015,180.59,178.03,177.84
6/02/2015,183.91,181.35,181.29
9/02/2015,187.29,184.72,184.66
10/02/2015,183.27,180.79,180.76
11/02/2015,181.41,178.48,178.21
12/02/2015,191.37,187.45,186.58
13/02/2015,197.14,192.17,191.22
17/02/2015,197.74,192.05,191.22
18/02/2015,195.94,188.56,187.6
19/02/2015,199.38,188.46,186.81
20/02/2015,211.18,191.01,187.59
23/02/2015,221.79,189.23,185.41
24/02/2015,202.89,187.44,184.59
25/02/2015,210.36,194.07,190.87
26/02/2015,213.58,189.33,186.06
27/02/2015,229.89,197.37,193.4
2/03/2015,188.73,185.74,185.89
3/03/2015,193.95,190.63,190.51
4/03/2015,190.13,187.86,188.04
5/03/2015,187.73,185.86,186
6/03/2015,186.9,184.64,184.61
9/03/2015,183.98,181.93,182.07
10/03/2015,181.35,177.9,177.62
11/03/2015,182.04,179.14,179.12
12/03/2015,177.91,176.04,176.39
13/03/2015,171.3,169.66,170.17
16/03/2015,169.86,168.07,168.44
17/03/2015,169.39,167.51,167.85
18/03/2015,177.25,174.83,174.98
19/03/2015,172.23,170.27,170.74
20/03/2015,173.43,171.6,172.26
23/03/2015,173.07,171.8,172.69
24/03/2015,170.65,170.07,170.93
25/03/2015,172.83,172.26,173.11
26/03/2015,178.76,178.56,179.29
27/03/2015,172.75,172.16,172.89
30/03/2015,173.12,172.81,173.62
31/03/2015,171.79,170.8,171.64
1/04/2015,174.69,175.63,177.21
2/04/2015,168.25,169.22,170.8
6/04/2015,176.43,177.26,178.71
7/04/2015,178.38,179.28,180.77
8/04/2015,169.81,170.67,172.17
9/04/2015,172.68,173.38,174.77
10/04/2015,176.61,177.1,178.21
13/04/2015,178.33,178.48,179.4
14/04/2015,180.17,180.45,181.44
15/04/2015,188.88,189.16,190.11
16/04/2015,190.8,191.05,191.94
17/04/2015,188.24,188.64,189.64
20/04/2015,187.71,188.18,189.17
21/04/2015,185.32,185.67,186.55
22/04/2015,187.08,187.31,188.07
23/04/2015,192.39,192.68,193.34
24/04/2015,192.83,193.23,194.02
27/04/2015,192.14,192.49,193.24
28/04/2015,191.66,192.04,192.76
29/04/2015,194.81,195.16,195.84
30/04/2015,197.63,198.05,198.61
1/05/2015,198.22,198.8,199.5
4/05/2015,197.87,198.57,199.36
5/05/2015,201.45,201.99,202.64
6/05/2015,201.61,202.18,202.86
7/05/2015,196.17,196.76,197.42
8/05/2015,195.37,196.03,196.76
11/05/2015,194.54,195.08,195.83
12/05/2015,199.89,200.23,200.82
13/05/2015,200.51,200.86,201.46
14/05/2015,200.56,200.83,201.41
15/05/2015,200.48,200.78,201.35
18/05/2015,198.68,198.95,199.54
19/05/2015,192.92,193.14,193.72
20/05/2015,194.6,194.99,195.76
21/05/2015,198.59,198.99,199.72
22/05/2015,195.25,195.73,196.57
26/05/2015,190.02,190.42,191.32
27/05/2015,185.66,186.03,186.73
28/05/2015,187.04,187.32,188.02
29/05/2015,195.53,194.97,195.71
1/06/2015,192.64,193.49,194.78
2/06/2015,194.55,195.41,196.76
3/06/2015,189.18,190.1,191.61
4/06/2015,184.39,185.23,186.61
5/06/2015,186.96,187.89,189.37
8/06/2015,185.48,186.43,187.92
9/06/2015,191.79,192.64,194.07
10/06/2015,194.59,195.35,196.75
11/06/2015,192.1,192.92,194.46
12/06/2015,188.92,189.76,191.35
15/06/2015,187.03,187.91,189.51
16/06/2015,188.49,189.15,190.57
17/06/2015,190.98,191.48,192.72
18/06/2015,191.52,192.08,193.29
19/06/2015,186.69,187.34,188.78
22/06/2015,186.94,187.62,189.13
23/06/2015,191.12,191.88,193.27
24/06/2015,187.61,188.31,189.78
25/06/2015,186.23,186.87,188.19
26/06/2015,186.28,186.96,188.34
29/06/2015,183.66,184.36,185.89
30/06/2015,188.66,188.99,190.43
1/07/2015,183.93,185.46,187.25
2/07/2015,183.99,185.58,187.3
6/07/2015,170.89,172.56,174.3
7/07/2015,171.13,172.86,174.68
8/07/2015,171.52,173.03,174.71
9/07/2015,173.6,175.27,177.15
10/07/2015,173.99,175.53,177.42
13/07/2015,171.87,173.43,175.37
14/07/2015,172.53,174.17,176.24
15/07/2015,166.93,168.57,170.86
16/07/2015,166.62,168.02,170.28
17/07/2015,166.41,167.79,169.92
20/07/2015,165.84,167.06,168.96
21/07/2015,167.84,168.99,170.76
22/07/2015,167.17,167.93,169.33
23/07/2015,165.46,166.27,167.7
24/07/2015,163.02,163.78,165.17
27/07/2015,159.56,160.4,162.03
28/07/2015,160.44,161.22,162.75
29/07/2015,159.83,160.59,162.39
30/07/2015,159.82,160.79,162.59
31/07/2015,158.4,158.89,160.58
3/08/2015,153.05,154.81,156.81
4/08/2015,154.75,156.53,158.48
5/08/2015,153.85,155.47,157.24
6/08/2015,154.99,156.32,157.92
7/08/2015,154.36,155.63,157.11
10/08/2015,159.21,160.28,161.68
11/08/2015,156.29,157.25,158.59
12/08/2015,158.69,159.61,160.86
13/08/2015,156.87,157.96,159.41
14/08/2015,155.79,156.93,158.41
17/08/2015,155.48,156.59,158.03
18/08/2015,155.86,156.83,158.2
19/08/2015,151.8,152.88,154.35
20/08/2015,149.56,150.69,152.18
21/08/2015,146.24,147.41,148.88
24/08/2015,139.29,140.55,142.05
25/08/2015,139.52,141.07,143.07
26/08/2015,138.09,139.83,141.85
27/08/2015,149.6,151.3,153.17
28/08/2015,157.64,159.11,160.67
31/08/2015,167.36,170.12,171.84
1/09/2015,157.79,159.64,161.49
2/09/2015,160.92,162.54,164.14
3/09/2015,161.88,163.5,165.05
4/09/2015,159.6,161.35,162.91
8/09/2015,159.38,161.01,162.59
9/09/2015,153.86,155.69,157.54
10/09/2015,157.47,159.25,161.04
11/09/2015,155,156.91,158.74
14/09/2015,150.35,152.33,154.26
15/09/2015,150,152.25,154.33
16/09/2015,154.14,156.42,158.55
17/09/2015,152.97,155.14,157.2
18/09/2015,149.07,151.32,153.39
21/09/2015,151.4,153.9,156.33
22/09/2015,153.2,155.64,157.73
23/09/2015,150.56,152.79,154.75
24/09/2015,152.37,154.4,156.19
25/09/2015,152.25,154.56,156.49
28/09/2015,147.72,150.17,152.38
29/09/2015,149.76,152.51,154.66
30/09/2015,151.26,153.74,155.68
1/10/2015,151.98,154.12,156.15
2/10/2015,151.99,154.32,156.44
5/10/2015,154.83,157.11,159.13
6/10/2015,161.15,163.39,165.48
7/10/2015,157.96,160.61,163.05
8/10/2015,160.18,163.1,165.7
9/10/2015,159.09,162.04,164.79
12/10/2015,150.24,153.88,157.19
13/10/2015,147.08,150.66,154.14
14/10/2015,148.33,151.58,154.78
15/10/2015,148.63,151.54,154.52
16/10/2015,149.66,152.79,155.9
19/10/2015,144.91,147.96,151.07
20/10/2015,144.87,147.82,150.81
21/10/2015,145,147.37,149.95
22/10/2015,146.5,148.71,151.11
23/10/2015,145.44,147.81,150.61
26/10/2015,142.59,144.9,147.85
27/10/2015,142.44,144.56,147.18
28/10/2015,148.39,150.41,152.88
29/10/2015,147.48,149.84,152.59
30/10/2015,149.94,151.67,154.33
2/11/2015,150.69,153.35,155.22
3/11/2015,156.6,158.76,160.41
4/11/2015,150.35,152.84,154.69
5/11/2015,148.72,151.06,152.94
6/11/2015,148.96,150.97,152.63
9/11/2015,147.74,149.85,151.63
10/11/2015,148.65,150.58,152.35
11/11/2015,144.77,146.72,148.52
12/11/2015,140.66,142.89,144.95
13/11/2015,138.13,140.48,142.69
16/11/2015,138.51,140.77,142.93
17/11/2015,136.81,138.88,140.89
18/11/2015,138.04,140.14,142.18
19/11/2015,137.18,139.56,141.78
20/11/2015,137.13,139.69,141.96
23/11/2015,137.43,140.05,142.29
24/11/2015,139.97,142.66,144.95
25/11/2015,140.27,142.62,144.75
27/11/2015,135.24,137.81,140.16
30/11/2015,133.69,135.42,137.77
1/12/2015,136.9,139.59,141.49
2/12/2015,130.49,133.59,135.97
3/12/2015,135.86,138.56,140.51
4/12/2015,134.24,136.95,139.02
7/12/2015,127.96,130.48,132.69
8/12/2015,125.92,128.57,130.88
9/12/2015,123.89,126.69,129.12
10/12/2015,122.51,125.36,127.85
11/12/2015,114.56,118.11,121.21
14/12/2015,112.77,116.76,120.58
15/12/2015,114.67,118.59,122.23
16/12/2015,111.22,114.91,118.34
17/12/2015,110.53,113.97,117.15
18/12/2015,110.71,113.83,116.7
21/12/2015,110.04,112.88,115.51
22/12/2015,108.76,112.01,114.87
23/12/2015,111.92,115.04,117.77
24/12/2015,110.09,113.31,116.24
28/12/2015,109.04,112.08,114.67
29/12/2015,112.95,115.87,118.25
30/12/2015,107.91,111.1,113.69
31/12/2015,110.07,112.39,114.89
4/01/2016,112.64,114.9,116.44
5/01/2016,112.53,114.43,115.74
6/01/2016,108.07,109.76,111.08
7/01/2016,106.56,108.49,109.98
8/01/2016,105.21,107.36,109.11
11/01/2016,101.49,103.33,104.91
12/01/2016,99.01,100.88,102.49
13/01/2016,96.94,98.86,100.65
14/01/2016,98.08,99.78,101.36
15/01/2016,93.43,94.85,96.33
19/01/2016,90.87,92.24,93.65
20/01/2016,86.57,87.78,89.23
21/01/2016,89.75,91.11,92.65
22/01/2016,99.57,100.76,102.09
25/01/2016,93.53,95.01,96.51
26/01/2016,96.77,98.13,99.69
27/01/2016,102.52,103.7,105.02
28/01/2016,103.09,104.47,106
29/01/2016,105.51,107.87,109.32
1/02/2016,103.65,105.08,106.95
2/02/2016,101.09,102.28,103.94
3/02/2016,107.86,108.97,110.35
4/02/2016,108.05,109.23,110.62
5/02/2016,105.9,107.12,108.69
8/02/2016,104.64,105.57,106.99
9/02/2016,97.49,98.64,100.24
10/02/2016,97.49,98.7,100.34
11/02/2016,97.91,98.92,100.42
12/02/2016,106.93,107.79,109.06
16/02/2016,102.7,103.99,105.6
17/02/2016,108.79,110.1,111.76
18/02/2016,107.92,109.36,111.07
19/02/2016,102.55,104.09,106.05
22/02/2016,105.51,107.18,109.29
23/02/2016,102.21,103.9,106.05
24/02/2016,105.94,107.41,109.39
25/02/2016,107,108.48,110.25
26/02/2016,105.12,106.68,108.63
29/02/2016,107.6,109.37,111.34
1/03/2016,109.95,111.89,113.94
2/03/2016,110.65,112.38,114.25
3/03/2016,112.02,113.51,115.18
4/03/2016,116.13,117.71,119.42
7/03/2016,122.25,123.75,125.5
8/03/2016,120,121.23,122.82
9/03/2016,123.27,124.27,125.59
10/03/2016,121.61,122.52,123.68
11/03/2016,121.8,122.82,124.1
14/03/2016,119.65,120.69,121.94
15/03/2016,117.77,118.78,119.99
16/03/2016,123.12,123.95,124.93
17/03/2016,125.45,126.34,127.36
18/03/2016,123.91,124.93,126.07
21/03/2016,123.74,124.94,126.29
22/03/2016,125.21,126.26,127.5
23/03/2016,120.4,121.55,123.04
24/03/2016,119.79,121,122.63
28/03/2016,118.01,119.24,120.99
29/03/2016,115.55,116.73,118.44
30/03/2016,115.97,117.21,118.91
31/03/2016,118.48,118.55,120.17
1/04/2016,113.17,114.93,116.92
4/04/2016,108.89,110.74,112.81
5/04/2016,107.46,109.3,111.5
6/04/2016,114.03,115.52,117.41
7/04/2016,112.57,113.97,115.75
8/04/2016,120.04,121.13,122.65
11/04/2016,121.47,122.63,124.27
12/04/2016,127.59,128.46,129.77
13/04/2016,126.56,127.48,128.87
14/04/2016,125.43,126.38,127.77
15/04/2016,123.22,124.3,125.77
18/04/2016,123.59,124.36,125.52
19/04/2016,126.32,127.11,128.36
20/04/2016,133.22,133.83,134.83
21/04/2016,129.98,130.72,131.91
22/04/2016,130.89,131.74,132.99
25/04/2016,129.03,129.91,131.19
26/04/2016,133.25,133.87,134.92
27/04/2016,137.95,138.34,139.24
28/04/2016,140.46,140.77,141.58
29/04/2016,137.79,138.6,139.43
2/05/2016,135.55,136.48,137.67
3/05/2016,133.34,134.37,135.61
4/05/2016,132.82,133.79,135.04
5/05/2016,132.87,133.86,135.17
6/05/2016,133.73,134.69,135.98
9/05/2016,128.63,129.67,131.09
10/05/2016,133.75,134.81,136.27
11/05/2016,139.67,140.73,142.13
12/05/2016,139.4,140.62,142.17
13/05/2016,140.31,141.18,142.35
16/05/2016,144.01,144.72,145.72
17/05/2016,146.74,147.27,148.02
18/05/2016,148.31,148.86,149.63
19/05/2016,147.88,148.39,149.09
20/05/2016,149,149.21,149.65
23/05/2016,147.75,148.2,148.77
24/05/2016,148.87,149.3,149.77
25/05/2016,151.27,151.69,152.28
26/05/2016,150.13,150.62,151.34
27/05/2016,149.4,150.15,150.94
31/05/2016,149.75,149.71,150.58
1/06/2016,149.89,150.74,151.99
2/06/2016,150.88,151.57,152.71
3/06/2016,148.81,149.59,150.79
6/06/2016,150.31,151.17,152.4
7/06/2016,154.15,154.83,155.89
8/06/2016,157.05,157.64,158.58
9/06/2016,155.12,155.85,157.01
10/06/2016,151.6,152.29,153.47
13/06/2016,151.45,152.15,153.37
14/06/2016,150.2,150.93,152.18
15/06/2016,147.78,148.52,149.84
16/06/2016,142.29,143.07,144.45
17/06/2016,148.17,148.9,150.19
20/06/2016,152.74,153.5,154.75
21/06/2016,151.67,152.63,154.01
22/06/2016,150.48,151.53,153.04
23/06/2016,152.06,153.17,154.82
24/06/2016,145.53,146.85,148.62
27/06/2016,142.92,144.17,145.83
28/06/2016,147.11,148.4,150.07
29/06/2016,153.35,154.63,156.28
30/06/2016,148.47,148.87,150.83
1/07/2016,151.15,153.1,154.9
5/07/2016,144.56,146.73,148.7
6/07/2016,147.11,149.3,151.24
7/07/2016,141.06,143.41,145.48
8/07/2016,141.23,143.72,145.99
11/07/2016,141.63,143.86,146.07
12/07/2016,146.32,148.47,150.69
13/07/2016,138.09,140.58,143.03
14/07/2016,140.64,142.99,145.32
15/07/2016,139.74,142.28,144.77
18/07/2016,137.78,140.39,142.98
19/07/2016,138.41,140.98,143.45
20/07/2016,140.54,143.14,145.49
21/07/2016,137.07,139.76,142.16
22/07/2016,135.7,138.25,140.57
25/07/2016,132.28,135.02,137.54
26/07/2016,132.6,135.29,137.74
27/07/2016,129.5,132.29,134.76
28/07/2016,127.04,129.92,132.46
29/07/2016,127.6,130.75,133.32
1/08/2016,125.79,128.37,130.57
2/08/2016,125.9,128.25,130.3
3/08/2016,128.75,131.02,133.17
4/08/2016,132.59,134.68,136.64
5/08/2016,131.7,133.98,136.11
8/08/2016,134.36,136.71,138.91
9/08/2016,133.07,135.55,137.81
10/08/2016,131.84,134.23,136.44
11/08/2016,138.49,140.38,142.18
12/08/2016,140.86,142.74,144.55
15/08/2016,144.99,146.87,148.68
16/08/2016,146.13,148.14,150.02
17/08/2016,148.92,150.72,152.5
18/08/2016,152.6,154.24,155.88
19/08/2016,151.96,153.86,155.69
22/08/2016,148.64,150.48,152.22
23/08/2016,150.18,151.83,153.5
24/08/2016,149.63,151.03,152.48
25/08/2016,150.94,152.32,153.8
26/08/2016,149.72,151.11,152.69
29/08/2016,148.62,150.07,151.65
30/08/2016,147.11,148.47,150.11
31/08/2016,141.02,142.57,144.49
1/09/2016,138.19,140,141.68
2/09/2016,140.96,142.7,144.27
6/09/2016,140.85,142.76,144.47
7/09/2016,142.65,144.64,146.47
8/09/2016,148.22,150.19,152.12
9/09/2016,143.04,145.07,147.12
12/09/2016,144.15,146.19,148.25
13/09/2016,142.29,144.1,146.01
14/09/2016,138.17,140.03,141.97
15/09/2016,141.62,143.09,144.69
16/09/2016,140.51,141.6,142.92
19/09/2016,139.44,140.74,142.31
20/09/2016,140.5,141.68,143.13
21/09/2016,142.9,144.11,145.55
22/09/2016,145.42,146.65,148.07
23/09/2016,140.73,141.75,143.03
26/09/2016,144.9,145.79,147
27/09/2016,140.99,141.61,142.84
28/09/2016,149.1,149.56,150.59
29/09/2016,151.02,151.91,152.97
30/09/2016,152.79,153.83,154.83
3/10/2016,155.32,156.38,157.76
4/10/2016,155.44,156.51,157.97
5/10/2016,158.23,159.33,160.83
6/10/2016,159.58,160.84,162.42
7/10/2016,157.93,159.34,161.1
10/10/2016,161.02,162.54,164.34
11/10/2016,158.73,160.45,162.47
12/10/2016,156.68,158.55,160.63
13/10/2016,157.96,159.81,161.81
14/10/2016,156.73,158.76,161.04
17/10/2016,155.61,157.67,159.95
18/10/2016,156.86,158.85,161.06
19/10/2016,158.79,160.79,163
20/10/2016,155.96,157.91,160.08
21/10/2016,157.4,159.26,161.24
24/10/2016,157.98,159.85,161.66
25/10/2016,156.31,158.07,159.98
26/10/2016,155.11,156.74,158.6
27/10/2016,157.01,158.68,160.55
28/10/2016,154.22,155.76,157.66
31/10/2016,149.55,150.39,152.16
1/11/2016,151.69,153.07,154.3
2/11/2016,146.65,148.56,150.14
3/11/2016,145.82,147.6,149.07
4/11/2016,143.03,144.92,146.46
7/11/2016,144.06,145.98,147.53
8/11/2016,144.11,146.12,147.77
9/11/2016,144.11,146.06,147.8
10/11/2016,143.66,145.33,146.98
11/11/2016,140.12,141.75,143.38
14/11/2016,138.55,140.06,141.56
15/11/2016,144.39,145.8,147.21
16/11/2016,143.5,144.81,146.14
17/11/2016,144.7,145.82,147.01
18/11/2016,145.77,146.85,148.07
21/11/2016,152.45,153.61,154.84
22/11/2016,152.63,154.06,155.5
23/11/2016,151.69,153.3,154.82
25/11/2016,147,148.62,150.2
28/11/2016,151.28,152.85,154.24
29/11/2016,146.27,147.78,149.18
30/11/2016,157.09,157.63,158.85
1/12/2016,164.79,166,166.71
2/12/2016,165.81,167.23,168.14
5/12/2016,165.71,167.49,168.67
6/12/2016,163.79,165.41,166.58
7/12/2016,161.84,163.51,164.55
8/12/2016,162.59,164.07,164.94
9/12/2016,163.74,165.01,165.8
12/12/2016,167.17,168.6,169.46
13/12/2016,167.47,169.17,170.16
14/12/2016,164.35,166.12,167.23
15/12/2016,164.2,166.02,167.22
16/12/2016,167.23,169.03,170.07
19/12/2016,166.9,168.67,169.69
20/12/2016,166.88,168.88,170.19
21/12/2016,164.01,166.07,167.56
22/12/2016,166.08,167.82,168.9
23/12/2016,166.28,168.07,169.3
27/12/2016,169.94,171.71,172.72
28/12/2016,169.93,171.71,172.82
29/12/2016,170.37,172,173.04
30/12/2016,170.43,172.82,173.8
3/01/2017,167.67,169.09,169.69
4/01/2017,169.3,170.67,171.31
5/01/2017,169.42,170.73,171.38
6/01/2017,170.32,171.66,172.31
9/01/2017,163.76,165.11,165.82
10/01/2017,161.14,162.37,162.99
11/01/2017,165.24,166.21,166.67
12/01/2017,167.56,168.4,168.84
13/01/2017,165.14,166.21,166.81
17/01/2017,164.86,166.18,166.85
18/01/2017,160.92,162.28,163.1
19/01/2017,161.83,163.29,164.19
20/01/2017,164.59,166.28,167.21
23/01/2017,162.65,164.56,165.74
24/01/2017,164.15,165.88,166.82
25/01/2017,161.14,162.92,163.93
26/01/2017,164.09,165.77,166.6
27/01/2017,161.89,163.43,164.12
30/01/2017,160.67,162.42,163.19
31/01/2017,161.17,163.08,163.78
1/02/2017,167.4,167.97,168.63
2/02/2017,165.18,165.97,166.77
3/02/2017,166.51,167.37,168.21
6/02/2017,163.52,164.52,165.47
7/02/2017,162.21,163.08,163.94
8/02/2017,163.6,164.41,165.25
9/02/2017,164.15,165,165.86
10/02/2017,166.59,167.51,168.39
13/02/2017,162.73,163.83,164.92
14/02/2017,163.82,164.96,166
15/02/2017,163.05,164.25,165.35
16/02/2017,162.91,164.07,165.03
17/02/2017,163.64,164.66,165.58
21/02/2017,164.25,165.28,166.17
22/02/2017,162.96,163.91,164.71
23/02/2017,165.67,166.57,167.3
24/02/2017,164.04,164.82,165.56
27/02/2017,163.99,164.83,165.62
28/02/2017,162.08,163.99,164.92
1/03/2017,162.41,163.46,164.47
2/03/2017,157.91,159.1,160.21
3/03/2017,159.36,160.52,161.63
6/03/2017,160.45,161.48,162.49
7/03/2017,161.39,162.34,163.33
8/03/2017,155.67,156.52,157.41
9/03/2017,152.95,153.79,154.68
10/03/2017,150.36,151.19,152.07
13/03/2017,150.06,150.79,151.63
14/03/2017,149.19,149.89,150.68
15/03/2017,151.24,151.88,152.58
16/03/2017,150.43,151.1,151.87
17/03/2017,150.85,151.51,152.26
20/03/2017,151.41,152.09,152.81
21/03/2017,150.33,151.03,151.83
22/03/2017,149.68,150.42,151.25
23/03/2017,149.01,149.7,150.5
24/03/2017,149.76,150.39,151.15
27/03/2017,150.25,150.85,151.63
28/03/2017,151.67,152.01,152.64
29/03/2017,154.25,154.6,155.28
30/03/2017,155.82,156.05,156.67
31/03/2017,157.36,157.46,158.09
3/04/2017,156.34,157.05,157.87
4/04/2017,159.23,159.94,160.79
5/04/2017,160.35,161.05,161.86
6/04/2017,161.29,161.99,162.84
7/04/2017,162.84,163.44,164.16
10/04/2017,164.73,165.44,166.2
11/04/2017,165.06,165.87,166.71
12/04/2017,165.2,165.97,166.8
13/04/2017,164.95,165.75,166.62
17/04/2017,163.29,164.21,165.18
18/04/2017,162.19,163.11,164.07
19/04/2017,158.13,158.92,159.79
20/04/2017,157.89,158.57,159.29
21/04/2017,155.33,155.94,156.55
24/04/2017,154.27,154.78,155.41
25/04/2017,154.52,154.98,155.66
26/04/2017,153.67,154.17,154.86
27/04/2017,150.72,151.16,151.87
28/04/2017,150.4,150.72,151.53
1/05/2017,148.78,149.54,150.43
2/05/2017,146.8,147.51,148.3
3/05/2017,147.36,148.05,148.81
4/05/2017,141.23,141.97,142.77
5/05/2017,143.66,144.37,145.14
8/05/2017,145.56,146.06,146.75
9/05/2017,144.21,144.73,145.44
10/05/2017,147.54,148.08,148.84
11/05/2017,148.99,149.56,150.32
12/05/2017,149.33,149.92,150.65
15/05/2017,150.96,151.62,152.45
16/05/2017,151.64,152.3,153.14
17/05/2017,153.35,153.98,154.82
18/05/2017,154.53,155.09,155.82
19/05/2017,158.27,158.84,159.56
22/05/2017,160.21,160.82,161.52
23/05/2017,160.67,161.23,161.92
24/05/2017,160.63,161.08,161.71
25/05/2017,155.09,155.52,156.13
26/05/2017,156.33,156.7,157.3
30/05/2017,154.94,155.35,156.04
31/05/2017,151.53,151.79,152.58
1/06/2017,150.17,151.07,152.14
2/06/2017,148.48,149.37,150.43
5/06/2017,145.93,146.9,148.04
6/06/2017,146.62,147.54,148.75
7/06/2017,141.62,142.49,143.7
8/06/2017,142.23,143,144.14
9/06/2017,143.12,143.9,145.01
12/06/2017,142.54,143.37,144.54
13/06/2017,144.77,145.48,146.56
14/06/2017,141.02,141.8,142.9
15/06/2017,141.46,142.2,143.21
16/06/2017,142.7,143.4,144.35
19/06/2017,141.11,141.86,142.85
20/06/2017,139.49,140.22,141.15
21/06/2017,136.48,137.19,138.07
22/06/2017,137.16,137.85,138.75
23/06/2017,137.17,137.87,138.74
26/06/2017,138.02,138.64,139.53
27/06/2017,141.37,141.93,142.77
28/06/2017,143.3,143.9,144.7
29/06/2017,144.6,145.05,145.82
30/06/2017,147.55,148.31,149.07
3/07/2017,151.28,151.99,152.81
5/07/2017,147.85,148.47,149.19
6/07/2017,148.19,148.8,149.61
7/07/2017,144.82,145.41,146.11
10/07/2017,145.36,145.93,146.65
11/07/2017,147.63,148.05,148.68
12/07/2017,147.37,147.91,148.6
13/07/2017,149.17,149.67,150.32
14/07/2017,151.5,151.94,152.51
17/07/2017,149.95,150.4,150.96
18/07/2017,151.04,151.49,152.05
19/07/2017,155.14,155.52,156.08
20/07/2017,154.36,154.78,155.33
21/07/2017,151.52,152,152.57
24/07/2017,151.69,152.21,152.87
25/07/2017,156.85,157.3,157.82
26/07/2017,159.53,159.95,160.38
27/07/2017,160.32,160.71,161.13
28/07/2017,163.97,164.09,164.36
31/07/2017,165.19,166.74,166.95
1/08/2017,164.13,164.49,164.84
2/08/2017,165.88,166.18,166.49
3/08/2017,163.89,164.29,164.65
4/08/2017,164.86,165.26,165.62
7/08/2017,163.98,164.32,164.7
8/08/2017,162.92,163.3,163.67
9/08/2017,165.33,165.57,165.76
10/08/2017,163.13,163.44,163.67
11/08/2017,163.46,163.83,164.04
14/08/2017,160.57,160.95,161.13
15/08/2017,159.96,160.41,160.68
16/08/2017,157.44,157.95,158.4
17/08/2017,158.2,158.73,159.18
18/08/2017,162.04,162.56,162.97
21/08/2017,157.12,157.75,158.36
22/08/2017,159.12,159.63,160.1
23/08/2017,162.44,162.88,163.25
24/08/2017,162.1,162.34,162.66
25/08/2017,162.23,162.39,162.73
28/08/2017,163.52,163.09,163.05
29/08/2017,166.55,165.4,165.04
30/08/2017,167.38,165.54,164.35
31/08/2017,175.75,174.19,172.04
1/09/2017,174.68,173.04,171.51
5/09/2017,174.8,173.23,171.71
6/09/2017,175.95,174.62,173.39
7/09/2017,178.61,176.89,175.37
8/09/2017,176.57,175.12,173.76
11/09/2017,174.27,173.34,172.45
12/09/2017,174.06,173.44,172.77
13/09/2017,176.85,176.39,175.72
14/09/2017,177.75,177.16,176.4
15/09/2017,179.88,179.08,178.17
18/09/2017,177.96,177.23,176.4
19/09/2017,177.26,176.55,175.78
20/09/2017,180.7,179.91,178.99
21/09/2017,181.53,180.74,179.88
22/09/2017,181.63,180.86,180.1
25/09/2017,185.63,184.95,184.29
26/09/2017,184.53,183.84,183.22
27/09/2017,184.63,183.9,183.28
28/09/2017,183.2,182.43,181.87
29/09/2017,181.17,181,180.62
2/10/2017,176.65,176.5,176.36
3/10/2017,175.05,175.04,175.05
4/10/2017,177.39,177.08,176.88
5/10/2017,178.63,178.27,178
6/10/2017,174.39,174.19,173.99
9/10/2017,173.52,173.41,173.22
10/10/2017,176.49,176.44,176.24
11/10/2017,178.61,178.51,178.27
12/10/2017,176.55,176.51,176.31
13/10/2017,179.7,179.61,179.36
16/10/2017,181.29,181.18,180.86
17/10/2017,180.98,180.9,180.66
18/10/2017,180.28,180.37,180.29
19/10/2017,177.67,177.78,177.72
20/10/2017,180.52,180.54,180.46
23/10/2017,178.78,178.96,178.99
24/10/2017,182.21,182.26,182.11
25/10/2017,181.82,181.83,181.83
26/10/2017,184.19,184.08,183.93
27/10/2017,186.69,186.62,186.56
30/10/2017,187.77,187.62,187.57
31/10/2017,188.45,188.05,188.04
1/11/2017,186.25,186.33,185.97
2/11/2017,185.39,185.55,185.29
3/11/2017,188.66,188.89,188.71
6/11/2017,194.22,194.49,194.34
7/11/2017,192.19,192.73,192.74
8/11/2017,192.16,192.51,192.41
9/11/2017,194.69,194.9,194.65
10/11/2017,193.49,193.77,193.67
13/11/2017,193.21,193.53,193.49
14/11/2017,190.7,191.11,191.11
15/11/2017,190.87,191.2,191.05
16/11/2017,190.21,190.53,190.37
17/11/2017,194.66,194.86,194.53
20/11/2017,193.21,193.43,193.17
21/11/2017,193.59,193.81,193.57
22/11/2017,193.26,193.57,193.49
24/11/2017,195.29,195.55,195.55
27/11/2017,194.78,195.05,195.03
28/11/2017,195.07,195.29,195.23
29/11/2017,192.21,192.38,192.27
30/11/2017,189.27,189.76,189.9
1/12/2017,194.13,194.17,193.39
4/12/2017,189.45,189.62,188.98
5/12/2017,191.39,191.48,190.79
6/12/2017,186.13,186.36,185.76
7/12/2017,189.7,189.71,188.92
8/12/2017,192.88,192.8,191.96
11/12/2017,195.06,195.08,194.34
12/12/2017,193.36,193.35,192.61
13/12/2017,190.44,190.45,189.74
14/12/2017,190.99,191.2,190.58
15/12/2017,190.35,190.57,189.97
18/12/2017,192.52,192.63,191.79
19/12/2017,193.99,194.1,193.25
20/12/2017,194.42,194.65,193.91
21/12/2017,195.02,195.28,194.57
22/12/2017,196.94,197.19,196.42
26/12/2017,203.85,203.8,202.47
27/12/2017,204.02,203.83,202.13
28/12/2017,205.21,204.97,203.07
29/12/2017,207.55,206.81,204.38
2/01/2018,205.84,203.31,200.4
3/01/2018,208.8,206.64,203.82
4/01/2018,207.7,205.96,203.36
5/01/2018,205.87,204.32,201.87
8/01/2018,204.54,203.5,201.54
9/01/2018,206.62,205.67,203.81
10/01/2018,208.07,206.98,205.05
11/01/2018,207.67,206.75,204.79
12/01/2018,208.5,207.78,205.94
16/01/2018,206.34,205.86,204.37
17/01/2018,206.91,206.31,204.8
18/01/2018,206.17,205.86,204.54
19/01/2018,205.84,205.41,203.9
22/01/2018,205.69,205.51,204.21
23/01/2018,208.61,208.23,206.71
24/01/2018,210.61,210.23,208.48
25/01/2018,211.54,211.04,209.14
26/01/2018,213.6,212.75,210.19
29/01/2018,210.48,209.78,207.74
30/01/2018,207.17,206.71,205.25
31/01/2018,206.92,206.64,205.47
1/02/2018,209.04,207.83,206.43
2/02/2018,205.35,204.41,203.25
5/02/2018,201.96,201.11,200.14
6/02/2018,198.51,197.73,196.78
7/02/2018,193.13,192.77,192.09
8/02/2018,192.13,191.64,190.92
9/02/2018,185.51,185.1,184.59
12/02/2018,183.89,183.64,183.36
13/02/2018,183.69,183.64,183.48
14/02/2018,188.44,188.23,187.68
15/02/2018,189.16,188.86,188.31
16/02/2018,191.04,190.84,190.43
20/02/2018,192.77,192.63,192.23
21/02/2018,193.23,193.21,192.76
22/02/2018,195.27,195.36,194.98
23/02/2018,196.94,197.26,197.03
26/02/2018,198.59,198.75,198.44
27/02/2018,196.3,196.87,196.73
28/02/2018,191.36,190.35,190.5
1/03/2018,188.55,188.57,188.29
2/03/2018,187.96,188.2,188.1
5/03/2018,189.67,190.17,190.32
6/03/2018,190.33,190.97,191.11
7/03/2018,187.46,187.91,188.14
8/03/2018,185.91,186.22,186.38
9/03/2018,188.66,189,189.38
12/03/2018,186.47,186.87,187.46
13/03/2018,187.39,187.69,187.96
14/03/2018,188.71,189.18,189.41
15/03/2018,189.29,189.77,190.12
16/03/2018,191.18,191.72,192.14
19/03/2018,190.7,191.16,191.56
20/03/2018,194.95,195.3,195.5
21/03/2018,200.37,200.74,200.97
22/03/2018,199.23,199.5,199.76
23/03/2018,201.84,202.1,202.42
26/03/2018,201.5,201.8,202.04
27/03/2018,202.24,202.42,202.47
28/03/2018,201.48,201.39,201.16
29/03/2018,202.84,202.1,201.9
2/04/2018,198.02,197.77,197.55
3/04/2018,199.5,199.1,198.74
4/04/2018,197.73,197.42,197.18
5/04/2018,197.65,197.42,197.23
6/04/2018,195.78,195.44,195.18
9/04/2018,199.66,199.04,198.57
10/04/2018,206.48,205.53,204.75
11/04/2018,209.27,208.3,207.53
12/04/2018,208.38,207.56,206.87
13/04/2018,210.02,209.05,208.42
16/04/2018,207.03,206.12,205.51
17/04/2018,205.71,205.27,205.07
18/04/2018,209.11,208.83,208.68
19/04/2018,210.94,210.42,210.1
20/04/2018,212.3,211.52,211.14
23/04/2018,214.09,213.24,212.84
24/04/2018,212.76,211.83,211.34
25/04/2018,213.6,212.35,211.68
26/04/2018,216,214.16,213.3
27/04/2018,215.09,213.43,212.69
30/04/2018,216.74,214.93,214.33
1/05/2018,209.97,209.65,209.44
2/05/2018,212.15,211.4,210.98
3/05/2018,211.27,210.72,210.56
4/05/2018,215.4,214.83,214.65
7/05/2018,218.5,218.08,217.97
8/05/2018,215.77,215.04,214.7
9/05/2018,221.8,221.12,220.85
10/05/2018,222.28,221.76,221.64
11/05/2018,222.2,221.54,221.43
14/05/2018,224.96,224.12,223.78
15/05/2018,224.9,224.31,224.07
16/05/2018,226.92,226.3,226.01
17/05/2018,228.08,227.46,227.22
18/05/2018,226.55,225.91,225.68
21/05/2018,227.38,226.97,226.86
22/05/2018,228,227.71,227.69
23/05/2018,228.96,228.59,228.51
24/05/2018,226.67,226.25,226.19
25/05/2018,220.98,220.52,220.5
29/05/2018,218.59,218.08,218.05
30/05/2018,223.17,222.55,222.51
31/05/2018,219.14,220.46,220.72
1/06/2018,217.63,218.04,218.54
4/06/2018,215.25,215.58,215.98
5/06/2018,214.16,214.56,215.03
6/06/2018,212.66,213.23,213.76
7/06/2018,217.99,218.39,218.81
8/06/2018,216.43,216.75,217.2
11/06/2018,216.07,216.48,216.97
12/06/2018,216.18,216.44,216.81
13/06/2018,218.51,218.75,219.08
14/06/2018,215.87,216.18,216.58
15/06/2018,208.7,209.01,209.45
18/06/2018,213.16,213.37,213.76
19/06/2018,212.18,212.38,212.77
20/06/2018,210.71,211.07,211.54
21/06/2018,207.01,207.42,207.87
22/06/2018,212.54,212.93,213.4
25/06/2018,210.04,210.42,211.08
26/06/2018,212.9,213.25,213.94
27/06/2018,217.72,217.96,218.51
28/06/2018,217.82,217.9,218.51
29/06/2018,220.93,220.97,221.62
2/07/2018,215.58,216.3,216.98
3/07/2018,216.42,217.11,217.75
5/07/2018,217.87,218.35,218.87
6/07/2018,216.84,217.51,218.11
9/07/2018,219.57,220.13,220.72
10/07/2018,222.18,222.73,223.36
11/07/2018,210.08,210.64,211.24
12/07/2018,212.31,212.8,213.33
13/07/2018,213.34,213.93,214.57
16/07/2018,205.43,206.05,206.58
17/07/2018,207.01,207.53,208.06
18/07/2018,209.03,209.52,209.99
19/07/2018,209.01,209.45,209.95
20/07/2018,210.44,210.94,211.47
23/07/2018,211.8,212.29,212.89
24/07/2018,213.26,213.79,214.41
25/07/2018,215.12,215.6,216.22
26/07/2018,217.69,218.09,218.63
27/07/2018,215.52,215.94,216.59
30/07/2018,217.1,217.65,218.32
31/07/2018,213.19,213.74,214.53
1/08/2018,209.74,210.4,210.87
2/08/2018,213.18,213.65,213.96
3/08/2018,212.69,213.24,213.63
6/08/2018,213.93,214.51,214.87
7/08/2018,216.91,217.42,217.72
8/08/2018,211.57,212.07,212.38
9/08/2018,211.19,211.65,211.91
10/08/2018,213.97,214.35,214.53
13/08/2018,213.7,214.09,214.26
14/08/2018,212.87,213.31,213.62
15/08/2018,209.04,209.45,209.71
16/08/2018,209.64,210.08,210.44
17/08/2018,209.82,210.28,210.65
20/08/2018,211.38,211.78,212.11
21/08/2018,212.36,212.81,213.08
22/08/2018,216.83,217.36,217.74
23/08/2018,217.54,218.07,218.44
24/08/2018,220.22,220.78,221.13
27/08/2018,221.49,222.06,222.4
28/08/2018,221.14,221.7,222.02
29/08/2018,224.21,224.88,225.19
30/08/2018,224.83,225.44,225.76
31/08/2018,224.13,224.31,224.6
4/09/2018,225.47,225.7,225.83
5/09/2018,223.45,223.74,223.93
6/09/2018,220.91,221.23,221.46
7/09/2018,221.82,222.02,222.16
10/09/2018,221.78,222.13,222.28
11/09/2018,225.2,225.5,225.66
12/09/2018,225.77,226.1,226.37
13/09/2018,222.35,222.64,222.95
14/09/2018,220.92,221.3,221.73
17/09/2018,220.64,221.02,221.48
18/09/2018,223.57,223.89,224.26
19/09/2018,224.66,225,225.34
20/09/2018,222.8,223.21,223.64
21/09/2018,222.6,223.06,223.55
24/09/2018,228.59,229.02,229.44
25/09/2018,230.53,230.97,231.4
26/09/2018,229.98,230.37,230.76
27/09/2018,232.31,232.6,232.95
28/09/2018,235.18,234.85,235.26
1/10/2018,240.79,241.14,241.44
2/10/2018,240.76,241.15,241.43
3/10/2018,243.72,244.15,244.5
4/10/2018,239.97,240.33,240.62
5/10/2018,239.23,239.59,239.85
8/10/2018,239.42,239.71,239.91
9/10/2018,242.38,242.58,242.77
10/10/2018,239.49,239.65,239.79
11/10/2018,233.22,233.35,233.49
12/10/2018,232.13,232.32,232.49
15/10/2018,232.57,232.81,233.01
16/10/2018,234.02,234.19,234.37
17/10/2018,231.11,231.25,231.48
18/10/2018,229.49,229.64,229.8
19/10/2018,230.2,230.27,230.4
22/10/2018,231.81,231.89,231.96
23/10/2018,224.84,224.99,225.11
24/10/2018,225.21,225.29,225.4
25/10/2018,227.81,227.84,227.82
26/10/2018,230.3,230.34,230.21
29/10/2018,228.43,228.41,228.26
30/10/2018,225.98,225.94,225.74
31/10/2018,226.18,225.14,224.85
1/11/2018,220.08,219.59,218.98
2/11/2018,217.28,216.75,216.19
5/11/2018,219.63,218.72,217.89
6/11/2018,218.83,217.99,217.15
7/11/2018,223.71,222.38,221.25
8/11/2018,216.83,216,215.18
9/11/2018,217.28,216.38,215.46
12/11/2018,215.56,214.93,214.25
13/11/2018,206.25,205.61,204.98
14/11/2018,209.59,208.72,207.75
15/11/2018,207.41,206.7,205.81
16/11/2018,207.37,206.69,205.76
19/11/2018,208.64,207.78,206.61
20/11/2018,199.02,198.18,197.02
21/11/2018,197.02,196.41,195.58
23/11/2018,187.62,187.02,186.08
26/11/2018,189.3,188.72,187.88
27/11/2018,188.6,188.24,187.34
28/11/2018,183.84,183.52,182.76
29/11/2018,184.36,183.94,183.24
30/11/2018,184.55,182.94,182.24
3/12/2018,188.75,187.97,187.14
4/12/2018,190.09,189.27,188.38
5/12/2018,188.86,188.12,187.38
6/12/2018,185.82,185.01,184.12
7/12/2018,188.62,187.78,186.91
10/12/2018,184.41,183.53,182.61
11/12/2018,184.71,183.92,183.05
12/12/2018,185.09,184.38,183.5
13/12/2018,187.65,187.04,186.13
14/12/2018,184.53,183.92,182.94
17/12/2018,182.67,182.16,181.23
18/12/2018,175.39,174.73,173.49
19/12/2018,180.54,179.67,178.24
20/12/2018,174.97,173.71,172.29
21/12/2018,173.27,172.49,170.98
24/12/2018,166.22,165.44,164.11
26/12/2018,173.36,172.8,171.49
27/12/2018,167.83,167.35,166.31
28/12/2018,166.47,166.04,165.09
31/12/2018,168.08,167.94,166.99
2/01/2019,170.06,169.28,168.1
3/01/2019,174.2,173.26,171.92
4/01/2019,176.92,176.1,174.76
7/01/2019,177.84,177.14,175.92
8/01/2019,182.7,181.94,180.77
9/01/2019,188.08,187.48,186.3
10/01/2019,190.61,190.05,188.86
11/01/2019,187.97,187.18,185.76
14/01/2019,185.25,184.24,182.59
15/01/2019,187.22,186.5,185.03
16/01/2019,189.46,188.85,187.43
17/01/2019,188.43,187.77,186.42
18/01/2019,191.6,190.85,189.38
22/01/2019,190.11,189.32,187.93
23/01/2019,188.86,188.34,187.29
24/01/2019,188.56,187.99,186.95
25/01/2019,189.19,188.67,187.77
28/01/2019,183.77,183.46,182.74
29/01/2019,189.75,189.45,188.65
30/01/2019,189.84,189.69,188.94
31/01/2019,187.88,187.74,186.99
1/02/2019,191.27,190.73,190.48
4/02/2019,190.74,190.03,189.73
5/02/2019,189.75,189.05,188.74
6/02/2019,191.22,190.58,190.31
7/02/2019,190.05,189.36,188.96
8/02/2019,190.85,190.11,189.69
11/02/2019,189.22,188.61,188.25
12/02/2019,190.72,190.29,190.09
13/02/2019,193.88,193.57,193.35
14/02/2019,197.16,196.74,196.37
15/02/2019,202.03,201.67,201.29
19/02/2019,199.46,199.6,199.52
20/02/2019,201.83,201.81,201.67
21/02/2019,203.63,203.47,203.2
22/02/2019,203.11,203.01,202.82
25/02/2019,197.46,197.48,197.27
26/02/2019,199.85,199.81,199.44
27/02/2019,202.16,202.21,201.8
28/02/2019,202.35,202.73,202.17
1/03/2019,200.1,199.53,199.14
4/03/2019,201.43,200.92,200.6
5/03/2019,201.64,201.17,200.89
6/03/2019,201.62,201.09,200.73
7/03/2019,201.27,200.82,200.57
8/03/2019,199.98,199.38,199.08
11/03/2019,199.42,199.16,199.2
12/03/2019,198.57,198.62,198.91
13/03/2019,199.21,199.44,199.93
14/03/2019,198.49,198.74,199.1
15/03/2019,196.77,197.1,197.52
18/03/2019,196.9,197.25,197.69
19/03/2019,199.04,199.1,199.24
20/03/2019,200.81,201.03,201.34
21/03/2019,198.71,198.97,199.36
22/03/2019,196.59,196.68,197.05
25/03/2019,198.04,198.14,198.42
26/03/2019,198.99,199.11,199.44
27/03/2019,198.06,198.14,198.49
28/03/2019,197.2,197.07,197.44
29/03/2019,197.34,197.14,197.48
1/04/2019,198.81,199.19,199.7
2/04/2019,200.89,201.27,201.82
3/04/2019,200.68,201.11,201.66
4/04/2019,201.34,201.66,202.11
5/04/2019,204.24,204.52,204.97
8/04/2019,205.71,205.95,206.37
9/04/2019,204.49,204.8,205.34
10/04/2019,208.76,208.92,209.39
11/04/2019,206.72,206.81,207.29
12/04/2019,207.07,207.28,207.85
15/04/2019,206.1,206.29,206.83
16/04/2019,208.22,208.4,208.89
17/04/2019,206.92,207.14,207.68
18/04/2019,207.09,207.4,208.01
22/04/2019,210.4,210.66,211.23
23/04/2019,211.8,212.02,212.61
24/04/2019,209.87,210.08,210.71
25/04/2019,209.81,210.05,210.67
26/04/2019,205.12,205.22,205.71
29/04/2019,205.49,205.39,205.85
30/04/2019,208.12,207.79,208.17
1/05/2019,209.42,209.7,210.18
2/05/2019,207.78,207.88,208.22
3/05/2019,207.02,207.17,207.53
6/05/2019,206.76,207,207.38
7/05/2019,203.76,203.95,204.43
8/05/2019,205.62,205.73,206.19
9/05/2019,204.36,204.52,205.03
10/05/2019,205.04,205.2,205.7
13/05/2019,203.84,204.05,204.48
14/05/2019,205.89,206.2,206.63
15/05/2019,208.63,208.79,209.09
16/05/2019,212.32,212.36,212.57
17/05/2019,209.55,209.63,209.93
20/05/2019,207.36,207.54,208.01
21/05/2019,207.94,208.27,208.8
22/05/2019,204.91,205.06,205.44
23/05/2019,196.24,196.31,196.63
24/05/2019,197.13,197.2,197.57
28/05/2019,199.25,199.38,199.81
29/05/2019,196.75,196.93,197.42
30/05/2019,191.5,191.83,192.29
31/05/2019,184.18,184.04,184.51
3/06/2019,180.65,181.13,182.05
4/06/2019,182.15,182.65,183.56
5/06/2019,178,178.52,179.35
6/06/2019,178.83,179.48,180.36
7/06/2019,182.48,183.16,184.04
10/06/2019,180.63,181.29,182.12
11/06/2019,182.21,182.89,183.66
12/06/2019,177.99,178.7,179.41
13/06/2019,180.66,181.5,182.31
14/06/2019,182.94,183.58,184.26
17/06/2019,179.95,180.65,181.4
18/06/2019,182.78,183.46,184.28
19/06/2019,182.94,183.56,184.35
20/06/2019,188.43,189.14,190.07
21/06/2019,191.58,192.21,192.98
24/06/2019,190.89,191.62,192.46
25/06/2019,192.34,193.09,193.88
26/06/2019,197.13,197.82,198.52
27/06/2019,195.25,196.12,196.9
28/06/2019,194.46,193.94,194.72
1/07/2019,195.38,196.1,196.7
2/07/2019,188.63,189.35,190.04
3/07/2019,189.87,190.63,191.41
5/07/2019,190.5,191.11,191.78
8/07/2019,189.53,190.23,190.97
9/07/2019,191.06,191.74,192.41
10/07/2019,199.1,199.78,200.39
11/07/2019,197.86,198.55,199.21
12/07/2019,198.01,198.67,199.32
15/07/2019,195.16,195.99,196.75
16/07/2019,190.49,191.31,192.12
17/07/2019,189.26,190.09,190.83
18/07/2019,186.25,186.99,187.64
19/07/2019,188.96,189.67,190.3
22/07/2019,189.95,190.73,191.4
23/07/2019,192.17,192.97,193.59
24/07/2019,190.87,191.72,192.36
25/07/2019,191.43,192.27,192.88
26/07/2019,190.44,191.33,191.99
29/07/2019,191.06,192.03,192.72
30/07/2019,194.4,195.26,195.9
31/07/2019,195.5,197.07,197.72
1/08/2019,185.29,185.95,186.26
2/08/2019,189.02,189.62,189.92
5/08/2019,183.56,184.14,184.46
6/08/2019,182.4,182.92,183.21
7/08/2019,175.32,175.93,176.28
8/08/2019,177.66,178.31,178.65
9/08/2019,180.8,181.48,181.82
12/08/2019,180.58,181.25,181.6
13/08/2019,187.73,188.45,188.8
14/08/2019,184.37,185.14,185.53
15/08/2019,181.07,181.86,182.19
16/08/2019,181.28,181.99,182.33
19/08/2019,183.31,183.97,184.26
20/08/2019,185.43,186.06,186.35
21/08/2019,185.73,186.41,186.77
22/08/2019,184.13,184.84,185.24
23/08/2019,181.56,182.35,182.74
26/08/2019,179.24,180.07,180.45
27/08/2019,181.59,182.3,182.6
28/08/2019,185.1,185.75,185.93
29/08/2019,186.4,187,187.16
30/08/2019,182.82,183.73,183.96
3/09/2019,180.33,180.59,180.76
4/09/2019,188.02,188.12,188.15
5/09/2019,188.85,188.92,188.98
6/09/2019,190.03,190.13,190.19
9/09/2019,192.77,192.89,192.94
10/09/2019,193.12,193.23,193.22
11/09/2019,190.32,190.34,190.21
12/09/2019,188.51,188.47,188.29
13/09/2019,187.78,187.69,187.47
16/09/2019,208.38,207.96,207.4
17/09/2019,198.96,198.89,198.46
18/09/2019,197.33,197.06,196.51
19/09/2019,200.49,199.94,199.13
20/09/2019,198.63,198.2,197.57
23/09/2019,199.7,199.25,198.64
24/09/2019,196.76,196.3,195.56
25/09/2019,195.39,194.97,194.16
26/09/2019,195.51,195.05,194.3
27/09/2019,194.16,193.6,192.76
30/09/2019,190.56,189.72,188.84
1/10/2019,189.85,188.85,187.65
2/10/2019,187.3,186.29,185.11
3/10/2019,187.6,186.35,185.02
4/10/2019,189.45,188,186.41
7/10/2019,190.33,188.58,186.89
8/10/2019,191.01,189.09,187.28
9/10/2019,191.93,189.84,187.91
10/10/2019,192.08,190.27,188.68
11/10/2019,195.76,194.08,192.59
14/10/2019,191.51,190.53,189.47
15/10/2019,191,190.06,189.04
16/10/2019,194.26,192.95,191.71
17/10/2019,194.81,193.33,192.07
18/10/2019,194.71,192.98,191.63
21/10/2019,194.06,192.32,190.92
22/10/2019,194.37,192.94,191.73
23/10/2019,196.43,195.22,194.23
24/10/2019,198.63,197.48,196.41
25/10/2019,197.96,197.07,196.24
28/10/2019,196.18,195.37,194.61
29/10/2019,195.63,194.59,193.81
30/10/2019,191.36,190.22,189.5
31/10/2019,187.8,187.58,186.83
1/11/2019,193.31,192.47,191.28
4/11/2019,194.05,193.36,192.27
5/11/2019,195.66,195.01,193.97
6/11/2019,192.78,192.09,191.04
7/11/2019,192.03,191.46,190.64
8/11/2019,191.81,191.32,190.59
11/11/2019,191.42,190.92,190.31
12/11/2019,189.76,189.51,189.1
13/11/2019,191.25,190.95,190.3
14/11/2019,191.79,191.45,190.73
15/11/2019,194.8,194.33,193.53
18/11/2019,190.47,190.04,189.47
19/11/2019,185.74,185.55,185.11
20/11/2019,189.21,189.04,188.61
21/11/2019,194.47,194.31,193.8
22/11/2019,192.94,192.83,192.46
25/11/2019,194.43,194.23,193.83
26/11/2019,196.06,195.8,195.37
27/11/2019,194.65,194.53,194.23
29/11/2019,187.89,187.85,187.61
2/12/2019,188.6,188.36,187.42
3/12/2019,187.99,187.7,186.68
4/12/2019,192.29,192.15,191.29
5/12/2019,193.3,193.31,192.49
6/12/2019,195.21,195.14,194.33
9/12/2019,194.42,194.33,193.63
10/12/2019,196.55,196.36,195.56
11/12/2019,192.88,192.81,192.16
12/12/2019,195.08,195,194.27
13/12/2019,198.64,198.6,197.85
16/12/2019,200.45,200.31,199.44
17/12/2019,203.34,203.17,202.16
18/12/2019,202.03,202.02,201.26
19/12/2019,202.95,202.87,202.17
20/12/2019,202.18,202.06,201.38
23/12/2019,202.22,202.21,201.5
24/12/2019,203.63,203.73,203.03
26/12/2019,205.21,205.35,204.67
27/12/2019,204.96,205.19,204.56
30/12/2019,204.06,204.38,203.76
31/12/2019,202.83,202.28,201.65
2/01/2020,202.41,201.98,200.53
3/01/2020,206.14,205.93,204.55
6/01/2020,203.39,203.51,202.66
7/01/2020,203.24,203.24,202.33
8/01/2020,195.82,195.85,195.11
9/01/2020,195.01,195.07,194.41
10/01/2020,192.84,192.97,192.39
13/01/2020,189.8,189.99,189.39
14/01/2020,191.03,191.2,190.48
15/01/2020,187.79,188.22,187.65
16/01/2020,186,186.47,186.19
17/01/2020,185.92,186.37,186.2
21/01/2020,182.92,183.47,183.62
22/01/2020,180.02,180.48,180.6
23/01/2020,179.16,179.43,179.52
24/01/2020,173.4,173.74,174.02
27/01/2020,167.95,168.29,168.59
28/01/2020,171.59,171.62,171.72
29/01/2020,170.35,170.43,170.58
30/01/2020,163.96,164.2,164.43
31/01/2020,162.45,162.84,163.1
3/02/2020,157.79,158.16,158.82
4/02/2020,158.39,158.75,159.29
5/02/2020,164.54,164.63,164.92
6/02/2020,166.54,166.36,166.49
7/02/2020,164.33,163.93,163.88
10/02/2020,161.25,160.93,160.86
11/02/2020,162.67,162.36,162.28
12/02/2020,167.57,167.27,167
13/02/2020,168.05,167.83,167.62
14/02/2020,169.82,169.37,169
18/02/2020,167.24,166.9,166.63
19/02/2020,170.68,170.21,169.87
20/02/2020,169.76,169.28,168.97
21/02/2020,168.66,168.15,167.68
24/02/2020,161.32,160.92,160.52
25/02/2020,156.85,156.57,156.2
26/02/2020,149.94,149.74,149.62
27/02/2020,148.92,148.71,148.47
28/02/2020,149.06,147.73,147.25
2/03/2020,152.87,152.23,152.13
3/03/2020,153.3,152.58,152.51
4/03/2020,153.32,152.73,152.76
5/03/2020,148.85,148.46,148.81
6/03/2020,138.52,138.21,138.68
9/03/2020,116.29,116.44,117.21
10/03/2020,124.99,125.15,125.92
11/03/2020,123.8,124.17,124.94
12/03/2020,115.98,117.23,118.86
13/03/2020,113.74,114.57,116.14
16/03/2020,104.66,105.14,106.88
17/03/2020,103.57,103.98,105.29
18/03/2020,95.42,96.27,98.09
19/03/2020,104.17,104.75,106.6
20/03/2020,100.63,101.39,103.28
23/03/2020,101.61,102.44,104.42
24/03/2020,108.03,108.36,110.13
25/03/2020,109.78,109.95,111.5
26/03/2020,105.03,105.05,106.53
27/03/2020,106.85,106.85,108.23
30/03/2020,101.94,101.53,102.98
31/03/2020,101.21,100.15,101.76
1/04/2020,93.23,95.28,98.43
2/04/2020,99.51,102.04,105.47
3/04/2020,107.06,109.46,112.72
6/04/2020,104.57,107.39,110.98
7/04/2020,102.75,105.63,109.51
8/04/2020,101.07,104.47,108.63
9/04/2020,97.26,101.32,105.74
13/04/2020,99.46,103.57,108
14/04/2020,94.42,98.65,103.53
15/04/2020,91.38,95.07,99.74
16/04/2020,94.63,97.27,101.37
17/04/2020,95.63,98,102.12
20/04/2020,88.78,91.52,96.11
21/04/2020,72.69,76.67,82.11
22/04/2020,73.11,78.33,83.66
23/04/2020,73.45,79.1,84.53
24/04/2020,64.67,73.28,80.28
27/04/2020,61.04,70.36,77.31
28/04/2020,63.08,71.08,77.45
29/04/2020,69.45,77.7,83.16
30/04/2020,73.19,83.31,88.45
1/05/2020,79.61,84.78,89.17
4/05/2020,80.31,85.32,89.51
5/05/2020,89.6,93.51,97.3
6/05/2020,82.4,87.36,91.79
7/05/2020,83.71,88.02,92.05
8/05/2020,89.93,93.96,97.66
11/05/2020,86.87,90.25,93.73
12/05/2020,83.84,87.75,91.51
13/05/2020,83.14,87.25,91.05
14/05/2020,89.48,92.99,96.27
15/05/2020,92.04,95.48,98.78
18/05/2020,100.64,103.79,106.64
19/05/2020,97.36,101.25,104.68
20/05/2020,99.06,103.69,107.44
21/05/2020,98.9,103.15,106.78
22/05/2020,98.2,101.98,105.32
26/05/2020,99.08,102.79,106.18
27/05/2020,97.21,100.99,104.17
28/05/2020,92.56,97.51,101.49
29/05/2020,96.47,103.66,106.96
1/06/2020,102.9,106.09,108.81
2/06/2020,109.21,111.84,114.35
3/06/2020,106.46,109.72,112.66
4/06/2020,107.41,110.69,113.57
5/06/2020,115.06,117.94,120.5
8/06/2020,112.13,115.19,117.67
9/06/2020,115.47,118.13,120.46
10/06/2020,117.3,119.7,121.92
11/06/2020,108.8,111.31,113.66
12/06/2020,110.14,112.39,114.65
15/06/2020,113.7,115.53,117.59
16/06/2020,118.22,119.87,121.66
17/06/2020,118.2,119.66,121.45
18/06/2020,119.86,121.09,122.75
19/06/2020,121.14,122.08,123.66
22/06/2020,121.86,123.07,124.96
23/06/2020,120.3,121.55,123.63
24/06/2020,115.08,116.57,118.63
25/06/2020,115.56,116.95,119.24
26/06/2020,113.63,115.07,117.44
29/06/2020,116.54,117.75,119.91
30/06/2020,117.81,118.65,120.36
1/07/2020,119.96,121.26,122.89
2/07/2020,123.11,124.37,125.83
6/07/2020,124.17,125.36,126.72
7/07/2020,124.33,125.54,126.85
8/07/2020,123.44,124.9,126.36
9/07/2020,122.39,123.62,125.03
10/07/2020,124.12,125.23,126.53
13/07/2020,122.35,123.61,124.94
14/07/2020,122.08,123.59,125.14
15/07/2020,124.48,125.75,127.18
16/07/2020,122.79,124.14,125.63
17/07/2020,121.91,123.14,124.65
20/07/2020,123.55,124.66,126.04
21/07/2020,128,128.96,130.16
22/07/2020,127.07,128.1,129.41
23/07/2020,125.41,126.17,127.41
24/07/2020,125.63,126.38,127.63
27/07/2020,125.41,126.22,127.64
28/07/2020,124.21,124.94,126.42
29/07/2020,125.33,126.18,127.6
30/07/2020,121.19,122.03,123.56
31/07/2020,121.71,122.4,123.91
3/08/2020,124.09,125.6,127.5
4/08/2020,125.84,127.41,129.23
5/08/2020,126.31,128.1,130
6/08/2020,124.99,126.91,128.9
7/08/2020,121.99,124.28,126.37
10/08/2020,123.69,125.96,128.08
11/08/2020,123.84,126,128.07
12/08/2020,125.72,127.83,130.02
13/08/2020,123.81,125.91,128.21
14/08/2020,123.67,125.92,128.27
17/08/2020,123.91,126.43,128.76
18/08/2020,126.04,128.25,130.43
19/08/2020,125.1,127.22,129.36
20/08/2020,124.67,126.45,128.47
21/08/2020,120.8,122.83,124.93
24/08/2020,124.76,126.4,128.2
25/08/2020,126.01,127.46,129.35
26/08/2020,124.47,126.02,127.95
27/08/2020,121.07,122.93,125.16
28/08/2020,121.62,124.03,126.2
31/08/2020,119.61,121.73,124.03
1/09/2020,123.08,125.18,127.33
2/09/2020,118.85,121.17,123.35
3/09/2020,116.77,118.9,121.1
4/09/2020,115.15,116.92,119.01
8/09/2020,107.68,109.52,111.6
9/09/2020,110.61,112.28,114.24
10/09/2020,108.24,109.98,111.97
11/09/2020,108.96,110.66,112.52
14/09/2020,109.34,110.95,112.71
15/09/2020,109.93,111.59,113.47
16/09/2020,111.63,113.37,115.36
17/09/2020,115.98,117.43,119.23
18/09/2020,115.9,117.01,118.76
21/09/2020,110.73,111.88,113.65
22/09/2020,109.61,110.9,112.77
23/09/2020,110.75,111.78,113.39
24/09/2020,111.67,112.64,114.18
25/09/2020,112.62,113.33,114.72
28/09/2020,113.95,114.6,116.03
29/09/2020,110.9,111.57,113.15
30/09/2020,114.54,115.22,116.55
1/10/2020,112.5,113.77,115.31
2/10/2020,108.5,109.75,111.22
5/10/2020,113.33,114.57,116.06
6/10/2020,118.86,119.87,121.17
7/10/2020,116.08,117.23,118.7
8/10/2020,119.23,120.32,121.66
9/10/2020,119.33,120.19,121.44
12/10/2020,115.71,116.6,117.94
13/10/2020,116.9,117.67,118.96
14/10/2020,119.25,119.89,121.06
15/10/2020,118.87,119.41,120.52
16/10/2020,117.91,118.48,119.62
19/10/2020,115.81,116.65,117.91
20/10/2020,117.35,118.02,119.24
21/10/2020,113.99,114.76,116.15
22/10/2020,116.07,116.87,118.3
23/10/2020,115.13,115.84,117.19
26/10/2020,112.18,112.79,114.05
27/10/2020,115.77,115.9,116.85
28/10/2020,111.42,111.33,112.21
29/10/2020,108.84,108.69,109.33
30/10/2020,108.13,108.59,109.46
2/11/2020,111.23,112.22,113.17
3/11/2020,112.71,113.77,114.79
4/11/2020,117.35,118.2,119.16
5/11/2020,116.96,117.9,118.8
6/11/2020,114.26,115.13,115.96
9/11/2020,121.67,122.71,123.7
10/11/2020,125.25,126.33,127.38
11/11/2020,124.58,125.78,127.02
12/11/2020,123.33,124.55,125.82
13/11/2020,120.42,121.59,122.92
16/11/2020,122.89,124.04,125.33
17/11/2020,123.91,124.89,126.05
18/11/2020,126.4,127.11,128.05
19/11/2020,127.07,127.66,128.41
20/11/2020,128.63,129.13,129.82
23/11/2020,131.05,131.58,132.31
24/11/2020,135.95,136.42,137.13
25/11/2020,138.66,138.92,139.61
27/11/2020,138.05,138.49,139.2
30/11/2020,135.59,137.14,137.88
1/12/2020,134.73,135.64,136.44
2/12/2020,136.62,137.53,138.25
3/12/2020,139.33,139.99,140.55
4/12/2020,140.3,141.03,141.57
7/12/2020,139.92,140.65,141.16
8/12/2020,140.67,141.36,141.83
9/12/2020,139.89,140.54,140.96
10/12/2020,143.57,144.1,144.38
11/12/2020,143.69,144.16,144.4
14/12/2020,145.44,145.76,145.97
15/12/2020,146.44,146.8,147.09
16/12/2020,147.79,148.07,148.31
17/12/2020,149.52,149.67,149.74
18/12/2020,151.3,151.3,151.31
21/12/2020,147.74,147.82,147.85
22/12/2020,146.16,146.3,146.34
23/12/2020,149.75,149.79,149.57
24/12/2020,149,149.03,148.95
28/12/2020,147.9,147.98,147.93
29/12/2020,148.68,148.77,148.71
30/12/2020,148.98,149.18,149.13
31/12/2020,147.63,148.4,148.54
4/01/2021,146.2,146.4,146.4
5/01/2021,151.89,152.09,152.09
6/01/2021,152.87,153.02,152.98
7/01/2021,153.81,153.93,153.81
8/01/2021,157.95,158.04,157.84
11/01/2021,157.35,157.5,157.28
12/01/2021,159.67,159.85,159.61
13/01/2021,159.89,160.02,159.68
14/01/2021,161.94,162.05,161.73
15/01/2021,159.29,159.42,159.09
19/01/2021,159.87,160.02,159.78
20/01/2021,160.04,160.25,160.1
21/01/2021,160.06,160.24,160.09
22/01/2021,157.6,157.82,157.71
25/01/2021,159.39,159.55,159.38
26/01/2021,159.84,159.84,159.56
27/01/2021,160.89,160.76,160.36
28/01/2021,160.17,160.1,159.7
29/01/2021,160.04,159.84,159.43
1/02/2021,164.69,163.84,163.43
2/02/2021,167.46,166.58,166.12
3/02/2021,169.05,168.3,167.89
4/02/2021,170.05,169.34,168.93
5/02/2021,171.37,170.53,170.1
8/02/2021,174.78,173.86,173.37
9/02/2021,175.67,174.82,174.29
10/02/2021,176.1,175.25,174.76
11/02/2021,174.46,173.84,173.39
12/02/2021,177.14,176.48,176.06
16/02/2021,181.44,180.17,179.39
17/02/2021,183.77,182.38,181.44
18/02/2021,183.64,182.28,181.21
19/02/2021,182.29,181.04,179.84
22/02/2021,185.86,185.08,184.18
23/02/2021,186.8,186.09,185.04
24/02/2021,190.83,190,188.95
25/02/2021,190.66,189.79,188.69
26/02/2021,185.65,184.31,183.49
1/03/2021,181.92,181.14,180.54
2/03/2021,180.81,180.15,179.56
3/03/2021,183.57,183.11,182.76
4/03/2021,189.6,189.22,188.82
5/03/2021,194.4,194.19,193.85
8/03/2021,190.85,190.91,190.89
9/03/2021,190.73,190.59,190.41
10/03/2021,191.73,191.72,191.63
11/03/2021,195.94,195.8,195.54
12/03/2021,196.75,196.38,195.96
15/03/2021,194.89,194.74,194.42
16/03/2021,193.27,193.25,193.09
17/03/2021,190.61,190.68,190.6
18/03/2021,178.42,178.59,178.7
19/03/2021,182.23,182.2,182.19
22/03/2021,182.93,183.03,183.13
23/03/2021,174.89,175.02,175.19
24/03/2021,182.56,182.65,182.76
25/03/2021,174.78,174.96,175.2
26/03/2021,181,181.14,181.4
29/03/2021,180.98,181.15,181.43
30/03/2021,178.92,179.14,179.44
31/03/2021,177.13,176.98,177.28
1/04/2021,183.16,183.44,183.7
2/04/2021,183.16,183.44,183.7
5/04/2021,177.24,177.48,177.77
6/04/2021,179.41,179.6,179.84
7/04/2021,180.79,180.93,181.14
8/04/2021,180.98,181.18,181.45
9/04/2021,180.76,181,181.3
12/04/2021,180.8,181.04,181.33
13/04/2021,181.45,181.71,182.03
14/04/2021,189,189.2,189.44
15/04/2021,189.89,190.04,190.29
16/04/2021,189.57,189.75,190.03
19/04/2021,189.25,189.47,189.76
20/04/2021,188.01,188.2,188.5
21/04/2021,185.37,185.55,185.85
22/04/2021,186.08,186.29,186.55
23/04/2021,187.35,187.57,187.83
26/04/2021,187.85,188.08,188.24
27/04/2021,190.57,190.71,190.9
28/04/2021,193.86,193.97,194.12
29/04/2021,196.14,196.25,196.43
30/04/2021,192.11,192.24,192.44
3/05/2021,195.19,195.37,195.56
4/05/2021,199.88,199.99,200.17
5/05/2021,200.25,200.35,200.52
6/05/2021,198.95,199.08,199.26
7/05/2021,201.06,201.18,201.3
10/05/2021,201.66,201.62,201.76
11/05/2021,204.17,203.96,204.02
12/05/2021,206.95,206.52,206.55
13/05/2021,200.09,199.9,199.98
14/05/2021,203.62,203.45,203.51
17/05/2021,206.04,205.86,205.94
18/05/2021,205.64,205.44,205.52
19/05/2021,200.71,200.51,200.59
20/05/2021,196.44,196.35,196.47
21/05/2021,198.82,198.76,198.88
24/05/2021,204.2,204.12,204.21
25/05/2021,203.54,203.39,203.51
26/05/2021,204.52,204.39,204.52
27/05/2021,205.64,205.52,205.66
28/05/2021,204.45,203.83,203.94
1/06/2021,207.15,207.33,207.55
2/06/2021,210.71,210.93,211.18
3/06/2021,210.17,210.42,210.71
4/06/2021,211.99,212.22,212.48
7/06/2021,211.56,211.84,212.12
8/06/2021,213.5,213.78,214.08
9/06/2021,212.95,213.25,213.56
10/06/2021,214.34,214.59,214.87
11/06/2021,212.07,212.37,212.66
14/06/2021,211.16,211.47,211.78
15/06/2021,211.23,211.47,211.77
16/06/2021,210.34,210.57,210.86
17/06/2021,206.68,206.94,207.25
18/06/2021,209.32,209.67,210
21/06/2021,212.68,212.97,213.25
22/06/2021,215.1,215.44,215.69
23/06/2021,215.94,216.24,216.53
24/06/2021,216.23,216.5,216.75
25/06/2021,214.93,215.15,215.4
28/06/2021,211.82,212.08,212.37
29/06/2021,212.19,212.45,212.71
30/06/2021,212.87,212.83,213.07
1/07/2021,215.62,215.79,215.75
2/07/2021,217.91,218.14,218.11
6/07/2021,210.49,210.74,210.72
7/07/2021,208.91,209.12,209.08
8/07/2021,212.04,212.21,212.16
9/07/2021,215.52,215.74,215.69
12/07/2021,214.98,215.23,215.2
13/07/2021,218.44,218.67,218.65
14/07/2021,214.35,214.52,214.5
15/07/2021,211.26,211.41,211.37
16/07/2021,211.33,211.5,211.47
19/07/2021,198.52,198.68,198.63
20/07/2021,201.27,201.42,201.33
21/07/2021,208.7,208.86,208.78
22/07/2021,213.26,213.36,213.25
23/07/2021,213.39,213.54,213.52
26/07/2021,215.1,215.25,215.21
27/07/2021,214.39,214.56,214.54
28/07/2021,215.6,215.77,215.71
29/07/2021,218.94,219.21,219.17
30/07/2021,219.94,219.56,219.64
2/08/2021,213.58,213.64,213.54
3/08/2021,212.64,212.81,212.81
4/08/2021,207.41,207.7,207.8
5/08/2021,210.6,210.87,210.92
6/08/2021,208.45,208.81,208.88
9/08/2021,204.21,204.53,204.59
10/08/2021,208.02,208.3,208.32
11/08/2021,210.58,210.93,210.98
12/08/2021,210.39,210.68,210.75
13/08/2021,207.79,208.03,208.12
16/08/2021,204.83,205.11,205.17
17/08/2021,203.61,203.92,203.97
18/08/2021,202.12,202.46,202.53
19/08/2021,196.9,197.14,197.18
20/08/2021,190.82,191,190.97
23/08/2021,200.51,200.82,200.69
24/08/2021,206.68,206.94,206.86
25/08/2021,211.82,211.81,211.43
26/08/2021,208.32,208.11,207.72
27/08/2021,210.92,210.7,210.31
30/08/2021,214.03,213.78,213.24
31/08/2021,213.1,213.02,212.42
1/09/2021,212.89,212.4,211.85
2/09/2021,216.77,216.29,215.75
3/09/2021,215.94,215.38,214.79
7/09/2021,212.16,211.72,211.26
8/09/2021,213.64,213.37,212.99
9/09/2021,211.37,211.09,210.69
10/09/2021,214.6,214.36,213.96
13/09/2021,215.83,215.66,215.28
14/09/2021,216.13,215.91,215.53
15/09/2021,220.53,220.35,219.86
16/09/2021,221.1,220.9,220.38
17/09/2021,220.91,220.64,219.97
20/09/2021,215.9,215.61,214.99
21/09/2021,217.38,217.1,216.51
22/09/2021,221.16,220.87,220.2
23/09/2021,224.91,224.64,223.99
24/09/2021,226.71,226.46,225.86
27/09/2021,229.6,229.31,228.79
28/09/2021,228.9,228.6,228.19
29/09/2021,230.75,230.47,229.94
30/09/2021,234.17,233.85,233.19
1/10/2021,238.27,237.55,236.52
4/10/2021,243.66,243.03,242.01
5/10/2021,249.36,248.63,247.51
6/10/2021,244.2,243.46,242.33
7/10/2021,245.96,245.23,244.05
8/10/2021,247.37,246.46,245.1
11/10/2021,251.5,250.58,249.22
12/10/2021,251,250.12,248.81
13/10/2021,252.11,251.12,249.82
14/10/2021,256.14,254.98,253.56
15/10/2021,257.37,256.41,255.05
18/10/2021,254.92,254.08,252.9
19/10/2021,256.07,255.17,253.97
20/10/2021,259.23,258.38,257.03
21/10/2021,254.91,254.07,252.81
22/10/2021,253.89,253.12,251.79
25/10/2021,256.47,255.72,254.28
26/10/2021,257.73,256.85,255.34
27/10/2021,251.48,250.62,249.19
28/10/2021,251.65,248.48,246.98
29/10/2021,249.64,247.87,246.21
1/11/2021,250.31,248.79,246.39
2/11/2021,250.82,249.37,247
3/11/2021,243.45,242.06,239.89
4/11/2021,240.66,239.25,237.07
5/11/2021,245.56,244.21,242.09
8/11/2021,246.71,245.37,243.1
9/11/2021,250.81,249.4,246.98
10/11/2021,245.21,243.83,241.46
11/11/2021,244.71,243.49,241.34
12/11/2021,240.37,239.46,237.66
15/11/2021,239.81,238.88,237.16
16/11/2021,243.09,242.16,240.41
17/11/2021,236.44,235.64,234.21
18/11/2021,238.4,237.67,236.47
19/11/2021,229.34,228.74,227.96
22/11/2021,232.54,232.42,231.74
23/11/2021,238.43,238.23,237.65
24/11/2021,238.3,237.94,237.23
26/11/2021,209.45,209.07,208.7
29/11/2021,215.21,214.82,214.26
30/11/2021,206.38,206.03,205.28
1/12/2021,207.71,206.74,205.4
2/12/2021,210.34,209.19,207.49
3/12/2021,209.84,208.91,207.34
6/12/2021,217.12,216.27,214.7
7/12/2021,222.46,221.76,220.41
8/12/2021,226.13,225.51,224.16
9/12/2021,225.03,224.34,222.9
10/12/2021,225.16,224.58,223.17
13/12/2021,223.28,222.88,221.43
14/12/2021,221.84,221.48,220.15
15/12/2021,222.04,221.69,220.28
16/12/2021,226.63,226.28,224.78
17/12/2021,221.99,221.62,220.08
20/12/2021,217.3,216.89,215.27
21/12/2021,225.78,225.14,223.28
22/12/2021,230.78,229.92,227.86
23/12/2021,233.14,232.34,230.32
27/12/2021,235.35,234.49,232.59
28/12/2021,237.14,236.1,234.21
29/12/2021,237.78,236.72,234.88
30/12/2021,239.59,238.63,236.75
31/12/2021,233.01,232.53,230.84
3/01/2022,235.74,234.01,231.64
4/01/2022,240.95,238.72,235.87
5/01/2022,244.61,241.92,238.69
6/01/2022,247.77,244.93,241.44
7/01/2022,248.18,245.06,241.3
10/01/2022,248.76,244.78,240.33
11/01/2022,256.36,252.16,247.56
12/01/2022,259.42,254.37,249.19
13/01/2022,260.85,255.68,249.67
14/01/2022,263.43,258.6,252.31
18/01/2022,267.4,262,254.9
19/01/2022,269.23,263.64,256.4
20/01/2022,267.18,262.84,256.61
21/01/2022,269.12,263.73,256.39
24/01/2022,262.74,258.54,251.56
25/01/2022,266.91,262.92,256.62
26/01/2022,274.4,269.19,261.95
27/01/2022,279.45,271.75,262.54
28/01/2022,278.55,271.24,262.68
31/01/2022,275.92,271.57,263.68
1/02/2022,274.12,265.34,260
2/02/2022,276.89,267.27,261.53
3/02/2022,283.95,272.04,265.18
4/02/2022,287.51,276.01,269.15
7/02/2022,285.54,275.13,268.54
8/02/2022,279.26,269.76,263.77
9/02/2022,282.49,272.64,266.59
10/02/2022,282.72,272.76,266.48
11/02/2022,291.09,280.31,272.95
14/02/2022,296.18,285.05,277.13
15/02/2022,285.95,276.43,269.09
16/02/2022,285.75,279.01,272.29
17/02/2022,278.62,273.95,268.26
18/02/2022,278.15,274.93,269.83
22/02/2022,281.88,279.05,274.04
23/02/2022,282.92,279.34,274.44
24/02/2022,289.69,285.47,279.15
25/02/2022,284.95,280.58,274.51
28/02/2022,301.34,293.13,284.66
1/03/2022,315.11,303.81,293.66
2/03/2022,349.47,332.38,316.05
3/03/2022,350.34,332.89,315.51
4/03/2022,377.63,357.36,338.37
7/03/2022,392.15,370.8,350.79
8/03/2022,443.73,413.55,385.96
9/03/2022,346.43,333.44,321.97
10/03/2022,329.62,319.57,310.67
11/03/2022,341.76,329.31,319.15
14/03/2022,327.63,315.16,305.64
15/03/2022,302.97,294.58,289.02
16/03/2022,310.01,297.1,288.72
17/03/2022,348.74,329.37,314.01
18/03/2022,359.81,338.21,320.51
21/03/2022,380.09,353.5,334.17
22/03/2022,386.42,359.58,337.96
23/03/2022,411.48,381.73,357.22
24/03/2022,415.34,380.3,353.68
25/03/2022,411.46,375.12,352.59
28/03/2022,378.34,345.32,329.06
29/03/2022,371.61,338.92,324.37
30/03/2022,380.85,345.7,331.7
31/03/2022,369.12,336.09,320.09
1/04/2022,342.4,322.45,312.56
4/04/2022,354.61,332.65,320.68
5/04/2022,346.82,327.84,318.06
6/04/2022,334.52,316.65,307.81
7/04/2022,326.78,314.28,308.04
8/04/2022,331.76,319.85,313.67
11/04/2022,326.77,314.2,307.56
12/04/2022,346.44,332.8,324.96
13/04/2022,371.84,352.77,340.73
14/04/2022,385.48,364.42,350.24
18/04/2022,389.08,364.35,350.03
19/04/2022,386.19,357.72,341.94
20/04/2022,397.31,366.74,349.76
21/04/2022,390.08,362.67,347.93
22/04/2022,393.86,363.58,346.59
25/04/2022,409.09,365.41,343.48
26/04/2022,446.79,381.73,355.64
27/04/2022,467.43,393.91,364.05
28/04/2022,513.54,400.84,371.39
29/04/2022,478.17,401.72,369.75
2/05/2022,420.49,383.14,360.99
3/05/2022,408.27,374.13,354.29
4/05/2022,419.7,388.22,369.94
5/05/2022,404.13,382.04,367.55
6/05/2022,395.43,378.88,366.97
9/05/2022,383.49,365.39,353.28
10/05/2022,393.22,367.93,353.44
11/05/2022,395.12,375.46,363.08
12/05/2022,391.61,373.63,361.45
13/05/2022,392.12,376.08,365.83
16/05/2022,390.75,377.38,368.15
17/05/2022,379.93,369.28,361.03
18/05/2022,366.81,356.93,349.27
19/05/2022,379.2,366.71,358.15
20/05/2022,373.91,362.18,354.14
23/05/2022,376.88,364.34,356.19
24/05/2022,378.18,365.43,357.93
25/05/2022,386.64,374.91,366.82
26/05/2022,396.8,385.05,376.66
27/05/2022,400.29,390.53,382.46
31/05/2022,409.09,393.5,384.69
1/06/2022,414.33,403.19,393.8
2/06/2022,420.84,410.17,400.87
3/06/2022,428.03,415.49,406.27
6/06/2022,436.01,422.92,413.31
7/06/2022,432.06,420.75,413.01
8/06/2022,431.43,421.98,415.29
9/06/2022,440.37,430.56,422.29
10/06/2022,436.67,425.82,417.39
13/06/2022,428.34,417.85,409.73
14/06/2022,439.4,426.53,416.79
15/06/2022,454.7,440.08,428.56
16/06/2022,457.13,441.81,430.21
17/06/2022,433.98,420.91,411.74
21/06/2022,435.84,423.13,413.99
22/06/2022,440.46,428.08,418.09
23/06/2022,433.79,421.7,411.36
24/06/2022,436.29,424.48,413.99
27/06/2022,423.02,411.92,402.54
28/06/2022,419.94,411.47,403.53
29/06/2022,403.67,395.63,389.5
30/06/2022,389.82,383.05,376.49
1/07/2022,393.89,386.12,378.45
5/07/2022,360.16,354.1,348.33
6/07/2022,341.06,334.66,329.49
7/07/2022,367.39,359.39,352.46
8/07/2022,367.29,359.43,353.16
11/07/2022,376.81,368.38,361.36
12/07/2022,366.26,356.71,349.01
13/07/2022,366.59,358.13,350.63
14/07/2022,364.94,356.35,348.7
15/07/2022,369.9,361.69,353.62
18/07/2022,365.55,358.81,351.84
19/07/2022,362.68,356.88,350.78
20/07/2022,360.43,355.65,350.21
21/07/2022,359.03,352.36,345.73
22/07/2022,345.56,339.4,334.11
25/07/2022,351.66,345.97,340.93
26/07/2022,358.39,352.55,346.92
27/07/2022,371.73,364.38,358.29
28/07/2022,368.63,361.38,355.68
29/07/2022,362.47,354.9,349.87
1/08/2022,344,339.09,334.76
2/08/2022,338.04,333.95,330.3
3/08/2022,341.48,336.91,332.6
4/08/2022,333.72,329.92,326.15
5/08/2022,321.59,318.56,315.46
8/08/2022,317.91,316.05,313.96
9/08/2022,333.38,330.22,326.62
10/08/2022,341.03,337.57,333.68
11/08/2022,348.4,345.31,341.53
12/08/2022,351.78,348.62,344.4
15/08/2022,344.03,341.52,337.67
16/08/2022,348.02,344.48,339.83
17/08/2022,361.74,356.82,351.03
18/08/2022,364.97,360.33,354.66
19/08/2022,370.05,366.09,360.44
22/08/2022,377.62,373.84,368.05
23/08/2022,384.19,380.45,374.83
24/08/2022,401.32,396.49,389.97
25/08/2022,394.91,388.23,380.87
26/08/2022,400.76,393.52,385.39
29/08/2022,390.99,385.16,378.31
30/08/2022,381.71,377.78,370.53
31/08/2022,371.54,366.74,360.9
1/09/2022,356.12,349.84,343.42
2/09/2022,357.8,351.12,344.14
6/09/2022,357.38,351.02,344.35
7/09/2022,358.6,351.15,343.37
8/09/2022,354.01,347.07,339.89
9/09/2022,357.87,351.84,345.33
12/09/2022,360.31,354.59,348.22
13/09/2022,354.13,349.24,343.31
14/09/2022,337.89,333.84,329.28
15/09/2022,320.52,317.16,313.5
16/09/2022,317.25,313.63,309.93
19/09/2022,331.08,325.88,320.61
20/09/2022,337.22,330.4,324.35
21/09/2022,333.38,326.15,320.02
22/09/2022,341.15,332.07,325.17
23/09/2022,323.71,315.75,309.49
26/09/2022,312.91,304.64,298.3
27/09/2022,325.99,316.29,308.71
28/09/2022,344.94,333.72,324.37
29/09/2022,341.46,329.52,320.72
30/09/2022,336.9,322.16,312.7
3/10/2022,336.91,325.15,318.23
4/10/2022,353.58,338.95,330.77
5/10/2022,368.69,355.39,347.02
6/10/2022,386.49,367.07,356.85
7/10/2022,401.87,378.6,367.36
10/10/2022,391.47,369.03,358.99
11/10/2022,393.08,362.3,350.77
12/10/2022,393.28,362.16,350.23
13/10/2022,409.48,370.76,357.92
14/10/2022,398.02,360.26,348.26
17/10/2022,408.52,368.73,354.91
18/10/2022,399.35,362.91,348.8
19/10/2022,390.43,356.06,343.25
20/10/2022,375.68,348.38,337.42
21/10/2022,383.23,355.32,343.67
24/10/2022,392.01,356.72,344.6
25/10/2022,396.72,358.23,345.86
26/10/2022,412.01,367.66,354.35
27/10/2022,433.39,370.67,356.45
28/10/2022,454.98,374.55,358.96
31/10/2022,419.09,367.41,350.05
1/11/2022,362.11,346.91,336.85
2/11/2022,367.74,353.96,343.95
3/11/2022,386.53,364.9,352.28
4/11/2022,391.48,369.71,357.24
7/11/2022,378.11,361.45,350.62
8/11/2022,377.07,359.4,347.24
9/11/2022,365.63,349.13,337.83
10/11/2022,356.94,343.27,333.43
11/11/2022,355.53,345.07,336.14
14/11/2022,354.4,342.9,333.28
15/11/2022,364.13,350.99,340.88
16/11/2022,361.36,348.39,338.12
17/11/2022,352.48,339.7,330.09
18/11/2022,351.81,339.68,329.71
21/11/2022,349.73,337.87,328.43
22/11/2022,347.13,336.64,327.94
23/11/2022,335.93,327.68,320.14
25/11/2022,323.91,316.83,310.59
28/11/2022,321.54,315.14,309.31
29/11/2022,329.59,324.39,317.55
30/11/2022,336.29,336.35,329.43
1/12/2022,326.24,321.29,313.83
2/12/2022,316.85,312.94,306.59
5/12/2022,299.98,297.02,291.52
6/12/2022,291.55,288.69,283.51
7/12/2022,278.05,276.65,272.56
8/12/2022,287.98,284.5,278.37
9/12/2022,279.37,277.8,272.94
12/12/2022,296.85,293.97,286.69
13/12/2022,309.22,305.94,297.88
14/12/2022,327.68,322.98,312.27
15/12/2022,328.34,321.46,309.52
16/12/2022,311.99,307.46,297.03
19/12/2022,305.35,301.79,292.88
20/12/2022,305.89,302.91,294.84
21/12/2022,313.95,310.88,303.36
22/12/2022,313.14,309.54,301.33
23/12/2022,326.61,321.48,312.14
27/12/2022,335.37,331.31,320.89
28/12/2022,337.78,329.99,318.15
29/12/2022,331.3,326.33,314.39
30/12/2022,336.22,329.5,317.92
3/01/2023,308.65,299.82,289.72
4/01/2023,297.19,289.18,279.65
5/01/2023,297.23,289.25,279.61
6/01/2023,300.45,292.14,281.37
9/01/2023,303.6,295.34,283.95
10/01/2023,313.57,301.27,287.78
11/01/2023,321.79,309.62,295.43
12/01/2023,321.9,311.98,298.38
13/01/2023,325.59,316.49,302.87
17/01/2023,325.1,316.91,304.37
18/01/2023,326.3,318.31,305.38
19/01/2023,337.59,328.08,313.37
20/01/2023,346.68,335.83,319.58
23/01/2023,355.09,343.74,325.95
24/01/2023,342.72,332.58,317.35
25/01/2023,336.13,325.98,311.91
26/01/2023,339.65,329.57,314.97
27/01/2023,326.55,318.52,306.19
30/01/2023,311.08,305.98,296.12
31/01/2023,318.23,314.48,303.82
1/02/2023,295.11,287.8,280.97
2/02/2023,289.67,282.78,276.45
3/02/2023,277.53,272.42,266.85
6/02/2023,276.87,272.15,267
7/02/2023,290.44,285,278.14
8/02/2023,289.33,285.76,279.91
9/02/2023,281.54,278.53,273.29
10/02/2023,286.46,283.72,278.66
13/02/2023,290.57,287.39,282.06
14/02/2023,294.01,290.86,285.51
15/02/2023,284.44,281.9,278.05
16/02/2023,281.08,279.11,275.64
17/02/2023,271.21,270.18,267.96
21/02/2023,279.19,277.36,273.44
22/02/2023,271.48,270.18,266.69
23/02/2023,270.81,269.08,265.96
24/02/2023,279.62,276.71,272
27/02/2023,281.98,280.03,274.09
28/02/2023,282.09,280.56,275.42
1/03/2023,287.38,281.22,276.19
2/03/2023,286.62,280.96,276.25
3/03/2023,291.31,285.53,280.43
6/03/2023,288.66,283.9,279.36
7/03/2023,279.75,275.18,271.05
8/03/2023,274.19,270.68,267.21
9/03/2023,266.89,263.42,260.45
10/03/2023,277.29,271.88,267.63
13/03/2023,276.15,268.5,263.51
14/03/2023,271.44,262.43,257.03
15/03/2023,260.49,250.65,245.48
16/03/2023,264.35,253.58,247.96
17/03/2023,267.87,254.72,247.95
20/03/2023,268.71,255.78,248.88
21/03/2023,269.02,257.29,250.35
22/03/2023,274.03,260.63,253
23/03/2023,268.47,257.27,250.01
24/03/2023,269.52,257.3,249.24
27/03/2023,277.04,265.15,257.15
28/03/2023,276.96,264.61,256.8
29/03/2023,265.81,256.65,250.96
30/03/2023,262.37,256.38,251.23
31/03/2023,267.63,262.06,256.7
3/04/2023,266.26,261.83,261.06
4/04/2023,266.67,262.37,261.57
5/04/2023,273.1,267.17,265.77
6/04/2023,266.05,261.22,260.44
7/04/2023,266.05,261.22,260.44
10/04/2023,268.14,262.87,261.39
11/04/2023,266.82,262.3,261.05
12/04/2023,270.31,266,264.49
13/04/2023,267.28,263.63,262.5
14/04/2023,263.92,261.56,260.71
17/04/2023,261.47,258.82,257.95
18/04/2023,259.99,258.15,257.59
19/04/2023,255.77,254.01,253.5
20/04/2023,249.49,248.08,247.79
21/04/2023,248.86,247.92,247.72
24/04/2023,253.1,252.26,251.97
25/04/2023,245.11,244.77,244.92
26/04/2023,237.3,236.92,237
27/04/2023,235.42,235.25,235.5
28/04/2023,237.87,237.71,238.19
1/05/2023,238.23,238.4,239.11
2/05/2023,228.92,229.15,229.81
3/05/2023,223.23,223.45,224.12
4/05/2023,223.87,224.28,225.01
5/05/2023,231.47,231.89,232.53
8/05/2023,237.77,237.94,238.49
9/05/2023,239.02,239.19,239.74
10/05/2023,239.34,238.88,239.13
11/05/2023,234.95,234.3,234.59
12/05/2023,230.55,229.76,230.05
15/05/2023,237.8,235.97,235.73
16/05/2023,236.39,234.67,234.53
17/05/2023,242.26,240.75,240.59
18/05/2023,240.26,238.54,238.25
19/05/2023,236.22,235.24,235.17
22/05/2023,236.64,235.58,235.62
23/05/2023,236.17,235.25,235.47
24/05/2023,241.37,240.19,240.24
25/05/2023,234.62,233.66,233.83
26/05/2023,236.93,235.54,235.61
30/05/2023,228.08,226.9,227.28
31/05/2023,225.96,225.09,225.39
1/06/2023,231.47,231.14,231.64
2/06/2023,235.69,235.42,235.95
5/06/2023,237.75,237.46,237.96
6/06/2023,236.78,236.57,237.08
7/06/2023,240.18,239.7,240.05
8/06/2023,238.98,238.2,238.42
9/06/2023,236.1,235.38,235.59
12/06/2023,230.91,229.81,229.9
13/06/2023,239.55,237.89,237.65
14/06/2023,235.77,234.19,233.97
15/06/2023,247.96,245.44,244.58
16/06/2023,255.14,250.48,249.08
20/06/2023,247.54,243.67,243.11
21/06/2023,256.42,249.54,247.97
22/06/2023,246.55,241.35,240.24
23/06/2023,240.71,237.29,236.73
26/06/2023,243.88,241.27,240.39
27/06/2023,239.9,237.16,236.37
28/06/2023,240.67,239.48,239.07
29/06/2023,241.56,240.72,240.13
30/06/2023,244.82,244.76,244.2
3/07/2023,237.73,237.51,237.41
5/07/2023,249.33,248.27,247.58
6/07/2023,247.94,246.85,246.27
7/07/2023,255.91,254.2,252.89
10/07/2023,255.32,254.01,253.05
11/07/2023,258.37,257.47,256.72
12/07/2023,259.96,259.2,258.47
13/07/2023,261.04,260.46,259.84
14/07/2023,259.79,258.94,258.16
17/07/2023,256.42,255.84,255.12
18/07/2023,259.94,259.41,258.71
19/07/2023,264.18,263.55,262.54
20/07/2023,266.44,265.74,264.68
21/07/2023,274.57,273.8,272.07
24/07/2023,277.05,276.4,275.08
25/07/2023,277.76,277.34,276.2
26/07/2023,284.29,283.67,281.78
27/07/2023,291.69,290.88,288.56
28/07/2023,295.86,294.98,292.11
31/07/2023,299.09,298.55,295.08
1/08/2023,302.34,298.95,294.14
2/08/2023,300.43,297.61,292.84
3/08/2023,307.49,304.33,298.93
4/08/2023,306.22,303.73,299.1
7/08/2023,301.55,299.44,294.95
8/08/2023,308.56,305.85,300.28
9/08/2023,320.7,317.07,310.06
10/08/2023,315.33,312.14,305.08
11/08/2023,312.15,309.59,303.15
14/08/2023,308.83,306.82,300.74
15/08/2023,302.8,301.1,295.78
16/08/2023,302.09,299.7,293.61
17/08/2023,309.38,306.79,299.46
18/08/2023,315.97,312.79,304.26
21/08/2023,311.62,309.12,301.17
22/08/2023,313.88,311.25,303.12
23/08/2023,312.91,310.21,302.21
24/08/2023,315.64,312.71,304.41
25/08/2023,330.75,326.73,315.61
28/08/2023,320.37,317.11,307.41
29/08/2023,320.95,317.25,308.08
30/08/2023,309.62,306.58,299.67
31/08/2023,314.26,311.31,303.61
1/09/2023,310.5,303.83,293.95
5/09/2023,321.96,314.48,303.34
6/09/2023,319.27,312.88,301.92
7/09/2023,321.23,314.51,302.96
8/09/2023,329.91,321.49,308.94
11/09/2023,336.22,327.63,313.93
12/09/2023,332.83,325.5,312.6
13/09/2023,343.54,334.41,319.71
14/09/2023,348.15,339.56,324.78
15/09/2023,338.34,330.83,317.1
18/09/2023,328.83,322.47,310.31
19/09/2023,337.39,329.25,315.89
20/09/2023,332.68,324.56,311.83
21/09/2023,336.8,329.2,315.72
22/09/2023,330.62,323.73,311.19
25/09/2023,326.22,320.01,309.08
26/09/2023,322.38,317.13,307.55
27/09/2023,331.47,326.21,314.83
28/09/2023,331.8,327.04,315.35
29/09/2023,336.22,330.06,315.78
2/10/2023,322.25,310.37,302.63
3/10/2023,319.54,308.73,301.48
4/10/2023,301.78,292.54,286.84
5/10/2023,286.87,279.91,275.63
6/10/2023,290.08,282.43,277.03
9/10/2023,296.66,287.83,282.09
10/10/2023,302.01,292.46,286.46
11/10/2023,299.85,291.18,285.57
12/10/2023,304.49,294.34,288.2
13/10/2023,321.17,308.03,300.92
16/10/2023,314.92,304.21,298.02
17/10/2023,317.67,305.32,298.88
18/10/2023,313.93,304.54,299.56
19/10/2023,317.3,307.74,302.49
20/10/2023,315.66,307.17,302.18
23/10/2023,309.55,301.56,296.89
24/10/2023,304.49,296.25,291.7
25/10/2023,303.05,295.91,291.9
26/10/2023,304.39,296.56,291.7
27/10/2023,305.19,296.87,292
30/10/2023,296.63,288.41,284.14
31/10/2023,299.1,291,285.61
1/11/2023,296.15,289.1,284.18
2/11/2023,302.55,295.1,290.26
3/11/2023,292.38,286.03,282.08
6/11/2023,295.24,288.92,284.77
7/11/2023,283.84,277.85,274.19
8/11/2023,274.92,269.77,266.64
9/11/2023,271.91,267.41,264.7
10/11/2023,274.31,269.75,266.95
13/11/2023,283.93,277.65,274.25
14/11/2023,283.71,277.92,274.65
15/11/2023,286.87,279.11,275.37
16/11/2023,275.02,267.22,263.76
17/11/2023,277.25,271.39,268.43
20/11/2023,284.95,278.77,275.52
21/11/2023,292.49,285.22,281.37
22/11/2023,288.91,280.44,276.75
24/11/2023,283.57,276.23,272.53
27/11/2023,283.79,275.32,271.22
28/11/2023,290.7,281.65,277.43
29/11/2023,288.85,280.87,276.84
30/11/2023,283.05,275.42,271.62
1/12/2023,266.15,262.98,259.66
4/12/2023,265.97,262.56,259.17
5/12/2023,264.11,260.48,256.99
6/12/2023,257.62,253.77,250.19
7/12/2023,254.92,251.81,248.41
8/12/2023,258.1,255.08,251.71
11/12/2023,260.87,257.89,254.04
12/12/2023,250.74,248.03,244.55
13/12/2023,254.81,252.26,248.56
14/12/2023,259.13,256.69,253.25
15/12/2023,262.08,259.71,255.92
18/12/2023,267.28,265.09,261.21
19/12/2023,271.68,268.94,264.76
20/12/2023,270.85,268.42,264.34
21/12/2023,269.68,267.02,262.78
22/12/2023,266.12,263.58,259.53
26/12/2023,266.88,264.67,260.85
27/12/2023,262.39,260.25,256.61
28/12/2023,255.63,254.03,250.65
29/12/2023,255.31,252.89,249.52
2/01/2024,252.58,249.29,244.78
3/01/2024,260.44,256.99,252.09
4/01/2024,258.84,255.35,250.28
5/01/2024,260.85,257.59,252.54
8/01/2024,257.69,253.65,248.18
9/01/2024,265.04,260.04,253.74
10/01/2024,260.06,255.38,249.47
11/01/2024,267.38,261.44,254.71
12/01/2024,266.93,261.55,255.44
16/01/2024,266.06,261.31,255.34
17/01/2024,265.36,261.03,255.32
18/01/2024,269.36,264.96,258.89
19/01/2024,266.21,262.78,257.07
22/01/2024,269.35,266.37,260.55
23/01/2024,269.13,266.34,260.32
24/01/2024,268.18,265.54,259.81
25/01/2024,279.54,276.55,269.89
26/01/2024,284.34,280.57,273.37
29/01/2024,283.39,279.66,272.28
30/01/2024,280.68,277.66,271.52
31/01/2024,280.82,278.52,272.03
1/02/2024,271.29,265.58,259.19
2/02/2024,266,260.37,254.11
5/02/2024,272.48,265.99,258.99
6/02/2024,274.27,267.94,260.95
7/02/2024,281.52,274.25,266.16
8/02/2024,289.08,281.47,272.47
9/02/2024,296.42,287.13,276.97
12/02/2024,291.96,283.77,274.4
13/02/2024,289.59,282.85,274.36
14/02/2024,281.01,275.47,267.84
15/02/2024,282.37,276.5,268.62
16/02/2024,280.66,275.21,267.58
20/02/2024,273.15,267.87,260.58
21/02/2024,270.52,266.19,259.55
22/02/2024,275.2,270.33,262.85
23/02/2024,268.97,264.11,257.3
26/02/2024,276.27,270.73,263.23
27/02/2024,274.6,269.77,263.07
28/02/2024,265.83,262.6,257.89
29/02/2024,268.38,264.99,259.54
1/03/2024,270.42,264.1,259.61
4/03/2024,264.72,259.72,256.1
5/03/2024,260.65,256.21,252.84
6/03/2024,266.33,261.15,257.21
7/03/2024,269.47,263.29,259.07
8/03/2024,264.09,258.95,255.31
11/03/2024,265.18,260.61,257.08
12/03/2024,261.65,258.45,255.44
13/03/2024,268.51,265.55,262.69
14/03/2024,270.88,268.57,266.1
15/03/2024,272.7,269.58,266.79
18/03/2024,278.82,276.17,273.2
19/03/2024,276.07,273.86,271.47
20/03/2024,269.57,267.54,265.7
21/03/2024,266.88,265.16,263.53
22/03/2024,265.34,263.85,261.87
25/03/2024,267.86,266.42,264.67
26/03/2024,262.18,261.59,260.74
27/03/2024,259.86,260.25,259.8
28/03/2024,261.56,262.27,261.97
1/04/2024,262.71,262.58,262.54
2/04/2024,271.19,270.5,269.91
3/04/2024,273.24,272.33,271.81
4/04/2024,274.13,273.43,273.03
5/04/2024,277.3,276.25,275.34
8/04/2024,272.87,272.17,271.63
9/04/2024,267.7,267.59,267.39
10/04/2024,270.76,270.38,270.18
11/04/2024,265.98,266.24,266.33
12/04/2024,268.51,268.46,268.51
15/04/2024,265.42,265.8,266.14
16/04/2024,265.13,265.78,266.27
17/04/2024,257.47,258.09,258.67
18/04/2024,253.39,254.22,255.08
19/04/2024,254.13,255.06,255.86
22/04/2024,256.04,256.79,257.43
23/04/2024,257.92,258.6,259.27
24/04/2024,254.99,255.97,256.8
25/04/2024,255.04,256.04,256.93
26/04/2024,254.82,256.07,257.16
29/04/2024,253.13,254.6,255.62
30/04/2024,251.34,252.76,253.86
1/05/2024,245.19,246.51,247.73
2/05/2024,244.31,245.76,247.06
3/05/2024,244.34,245.7,247.08
6/05/2024,246.14,247.39,248.71
7/05/2024,246.56,247.9,249.24
8/05/2024,247.61,248.79,250.02
9/05/2024,247.76,249.07,250.33
10/05/2024,243.44,244.98,246.49
13/05/2024,243.68,245.31,247
14/05/2024,242,243.45,244.99
15/05/2024,242.31,243.81,245.46
16/05/2024,244.37,245.96,247.54
17/05/2024,248.63,250.12,251.43
20/05/2024,248.71,250.31,251.65
21/05/2024,246.23,247.83,249.21
22/05/2024,243.18,244.63,246.03
23/05/2024,241.18,242.88,244.41
24/05/2024,241.36,243.08,244.54
28/05/2024,246.5,248.33,249.75
29/05/2024,243.7,245.59,247.39
30/05/2024,236.94,239.17,241.27
31/05/2024,236.36,238.42,240.36
3/06/2024,229.62,232.18,234.61
4/06/2024,228.59,230.54,232.55
5/06/2024,230.11,231.98,233.99
6/06/2024,235.76,237.41,239.15
7/06/2024,235.17,236.84,238.54
10/06/2024,241.47,242.93,244.45
11/06/2024,242.13,243.68,245.16
12/06/2024,244.08,245.53,247.07
13/06/2024,248.68,249.67,250.94
14/06/2024,247.06,248.39,249.58
17/06/2024,248.25,249.83,251.11
18/06/2024,252.08,253.58,254.93
20/06/2024,252.45,253.87,255.23
21/06/2024,249.15,251.01,252.65
24/06/2024,252.14,253.83,255.44
25/06/2024,250.94,252.64,254.18
26/06/2024,253.75,255.3,256.72
27/06/2024,254.76,256.29,257.59
28/06/2024,251.69,253.31,254.89
1/07/2024,261.47,262.58,263.07
2/07/2024,262.97,264.15,264.63
3/07/2024,263.43,264.8,265.63
5/07/2024,260.24,261.66,262.44
8/07/2024,257.91,259.28,260.03
9/07/2024,252.36,254.18,255.25
10/07/2024,251.84,253.43,254.47
11/07/2024,251.82,253.58,254.77
12/07/2024,250.96,252.69,253.94
15/07/2024,251.36,252.79,253.9
16/07/2024,246.88,248.42,249.69
17/07/2024,249.4,251.02,252.32
18/07/2024,248.68,250.33,251.65
19/07/2024,241.91,243.7,245.06
22/07/2024,243.48,245.29,246.56
23/07/2024,240.99,242.71,243.93
24/07/2024,245.24,246.9,247.99
25/07/2024,247.12,248.81,249.95
26/07/2024,241.97,243.76,245.15
29/07/2024,237.5,239.35,240.92
30/07/2024,233.68,235.87,237.59
31/07/2024,241.55,243.83,245.41
1/08/2024,240.64,242.28,242.59
2/08/2024,231.85,233.62,234.16
5/08/2024,229.86,231.61,232.41
6/08/2024,229.58,231.24,232.05
7/08/2024,235.56,237.17,237.86
8/08/2024,235.78,237.76,238.69
9/08/2024,233.97,236.09,237.19
12/08/2024,240.65,242.85,243.88
13/08/2024,238.92,241.1,241.99
14/08/2024,236.82,238.77,239.68
15/08/2024,237.79,239.69,240.96
16/08/2024,232.87,234.66,235.95
19/08/2024,226.35,228.28,229.73
20/08/2024,226.32,227.97,229.17
21/08/2024,224.97,226.4,227.37
22/08/2024,226.35,227.87,228.91
23/08/2024,229.97,231.81,232.82
26/08/2024,234.8,236.97,238.14
27/08/2024,228.62,231.06,232.57
28/08/2024,222.91,225.71,227.58
29/08/2024,228.4,231.26,232.9
30/08/2024,225.15,227.83,229.37
3/09/2024,220.6,222.2,223.05
4/09/2024,215.75,217.52,218.86
5/09/2024,216.89,218.46,219.74
6/09/2024,211.5,213.24,214.66
9/09/2024,213.94,215.34,216.53
10/09/2024,205.8,207.39,208.78
11/09/2024,209.17,210.53,211.81
12/09/2024,211.88,213.4,214.66
13/09/2024,208.43,210.09,211.54
16/09/2024,209.68,211.15,212.55
17/09/2024,213.67,214.97,216.2
18/09/2024,214.75,215.88,216.85
19/09/2024,217.2,218.24,219.04
20/09/2024,216.15,217.35,218.28
23/09/2024,214.51,216.06,217.22
24/09/2024,218.05,219.91,221.06
25/09/2024,216.02,217.69,218.75
26/09/2024,213.61,215.29,216.06
27/09/2024,213.27,215.13,215.91
30/09/2024,213.18,215.44,216.31
1/10/2024,217.42,218.69,219.8
2/10/2024,218.21,219.64,220.74
3/10/2024,229.47,230.5,231.39
4/10/2024,231.27,232.56,233.59
7/10/2024,239.62,240.66,241.54
8/10/2024,229.72,231.01,231.99
9/10/2024,227.69,228.7,229.54
10/10/2024,235.09,236.16,236.97
11/10/2024,234.39,235.52,236.3
14/10/2024,227.42,228.73,229.74
15/10/2024,218.77,219.99,220.95
16/10/2024,217.47,218.74,219.8
17/10/2024,219.45,220.47,221.33
18/10/2024,215.22,216.2,217.15
21/10/2024,218.33,219.48,220.42
22/10/2024,223.7,224.71,225.59
23/10/2024,222.16,223.11,223.94
24/10/2024,220.23,221.29,222.25
25/10/2024,223.81,224.91,225.94
28/10/2024,212.86,213.98,215.1
29/10/2024,213.37,214.36,215.29
30/10/2024,218.76,219.85,220.68
31/10/2024,221.95,223.47,224.17
1/11/2024,223.42,224.24,224.48
4/11/2024,228.41,229.24,229.44
5/11/2024,230.42,231.31,231.56
6/11/2024,227,228.13,228.66
7/11/2024,228.64,229.64,230.19
8/11/2024,223.89,225,225.58
11/11/2024,219.76,220.7,221.06
12/11/2024,221.08,221.94,222.25
13/11/2024,221.93,222.88,223.3
14/11/2024,221.23,222.2,222.61
15/11/2024,217.09,218.18,218.67
18/11/2024,225.14,226.21,226.55
19/11/2024,224.02,225.17,225.59
20/11/2024,222.63,223.65,223.97
21/11/2024,227.44,228.39,228.51
22/11/2024,227.49,228.45,228.62
25/11/2024,223.53,224.41,224.33
26/11/2024,224.04,224.77,224.38
27/11/2024,220.36,221.14,220.92
29/11/2024,219.3,219.24,219.02
2/12/2024,217.77,217.81,216.92
3/12/2024,221.77,221.99,221.01
4/12/2024,216.74,217.39,216.67
5/12/2024,215.57,216.2,215.57
6/12/2024,213.26,213.92,213.27
9/12/2024,218.35,218.8,217.87
10/12/2024,218.61,219.24,218.32
11/12/2024,222.33,222.95,222.04
12/12/2024,223.66,224.24,223.19
13/12/2024,227,227.36,226.23
16/12/2024,226.4,226.66,225.37
17/12/2024,222.79,223.24,222.07
18/12/2024,225.5,225.84,224.33
19/12/2024,223.77,224.16,222.73
20/12/2024,223.17,223.64,222.21
23/12/2024,222.63,223.03,221.48
24/12/2024,222.15,222.62,221.32
26/12/2024,220.53,221.02,219.91
27/12/2024,224.48,224.99,223.58
30/12/2024,229.95,230.12,228
31/12/2024,232.06,231.64,229.44
2/01/2025,235.4,233.31,229.92
3/01/2025,234.78,233.03,229.8
6/01/2025,235.52,233.53,230.09
7/01/2025,236.63,234.87,231.41
8/01/2025,235.07,233.23,229.66
9/01/2025,237.82,235.8,232.04
10/01/2025,250.17,247.59,242.83
13/01/2025,253.33,250.81,245.57
14/01/2025,252.53,249.87,244.75
15/01/2025,261.35,256.99,250.78
16/01/2025,261.72,256.63,250.01
17/01/2025,262.1,256.16,249.47
21/01/2025,255.81,248.32,242.82
22/01/2025,248.42,242.72,238.68
23/01/2025,247.15,242.34,238.28
24/01/2025,251.62,244.8,239.72
27/01/2025,246,238.99,234.5
28/01/2025,245.01,238.65,234.43
29/01/2025,245.4,239.09,234.37
30/01/2025,247.54,240.06,235.37
31/01/2025,248.45,239.73,235.06
3/02/2025,246.31,239.7,235.09
4/02/2025,242.98,237.94,234.09
5/02/2025,238.42,233.72,230.11
6/02/2025,239.8,234.19,230.03
7/02/2025,243.08,236.76,232.18
10/02/2025,245.09,239.34,234.85
11/02/2025,251.46,245.11,239.98
12/02/2025,245.2,239.32,234.36
13/02/2025,244.87,239.05,233.98
14/02/2025,246.18,239.83,234.53
18/02/2025,244.06,238.74,234.11
19/02/2025,245.65,240.7,235.78
20/02/2025,250.34,244.66,238.57
21/02/2025,243.23,237.81,232.17
24/02/2025,243.58,237.77,231.78
25/02/2025,239.03,233.42,227.23
26/02/2025,234.43,229.2,223.64
27/02/2025,239.59,234.81,228.74
28/02/2025,235.49,231.5,226.1
3/03/2025,226.04,221.35,218.28
4/03/2025,228.72,222.58,218.62
5/03/2025,224.08,218.44,214.66
6/03/2025,222.38,217.54,213.93
7/03/2025,221.6,218.1,215.02
10/03/2025,217.99,214.8,211.92
11/03/2025,219.68,216.11,213.06
12/03/2025,220.63,217.88,215.51
13/03/2025,216.22,213.44,211.63
14/03/2025,216.66,213.48,211.78
17/03/2025,220.38,216.62,214.59
18/03/2025,219.45,215.71,213.77
19/03/2025,223.19,218.7,215.96
20/03/2025,225.43,220.83,218.12
21/03/2025,224.96,220.97,218.33
24/03/2025,225.71,221.96,219.45
25/03/2025,228.59,224.33,221.25
26/03/2025,228.87,225.08,222.41
27/03/2025,228.47,225.42,223.09
28/03/2025,226.09,222.88,220.88
31/03/2025,231.4,227.94,225.91
1/04/2025,228.89,226.55,225.88
2/04/2025,232.2,229.29,228.41
3/04/2025,218.89,215.87,214.99
4/04/2025,208.19,204.42,203.49
7/04/2025,206.99,202.62,201.77
8/04/2025,205.7,200.5,199.16
9/04/2025,211.36,207.02,205.79
10/04/2025,204.64,200.74,199.73
11/04/2025,206.53,202.83,201.75
14/04/2025,209.17,204.8,203.6
15/04/2025,207.84,203.86,202.63
16/04/2025,211.54,206.97,205.45
17/04/2025,215.23,211.23,209.82
21/04/2025,210.89,206.86,205.41
22/04/2025,214.86,210.34,208.7
23/04/2025,212.69,208.09,206.43
24/04/2025,214.37,209.8,208.17
25/04/2025,216.73,211.23,209.23
28/04/2025,217.55,209.86,207.74
29/04/2025,212.04,206.17,204.28
30/04/2025,203.67,200.18,198.5
1/05/2025,201.2,199.76,200.22
2/05/2025,199.32,197.83,198.22
5/05/2025,197.45,195.98,196.36
6/05/2025,200.88,199.46,199.91
7/05/2025,197.66,196.1,196.59
8/05/2025,204,201.52,201.63
9/05/2025,206.64,203.72,203.82
12/05/2025,211.11,207.79,207.55
13/05/2025,217.13,213.15,212.4
14/05/2025,220.61,215.31,213.49
15/05/2025,216.6,211.07,209.26
16/05/2025,214.06,210.24,209.01
19/05/2025,212.77,209.13,207.77
20/05/2025,212.89,209.41,208.14
21/05/2025,213.91,210.44,208.94
22/05/2025,211.75,208.26,206.79
23/05/2025,210.48,207.75,206.6
27/05/2025,207.94,205.3,204.23
28/05/2025,208.81,207.07,206.25
29/05/2025,204.82,203.43,202.58
30/05/2025,201.72,200.54,199.71
2/06/2025,204.45,203.84,204.59
3/06/2025,209.99,208.91,209.16
4/06/2025,207.01,206.29,206.7
5/06/2025,209.45,208.48,208.8
6/06/2025,212.53,211.12,211.35
9/06/2025,214.64,212.89,213.02
10/06/2025,214.16,212.71,212.87
11/06/2025,220.53,219.45,219.56
12/06/2025,218.87,218.04,218.17
13/06/2025,235.87,234.03,233.29
16/06/2025,239.33,237.35,236.3
17/06/2025,250.51,247.11,245.78
18/06/2025,253.34,249.49,247.96
20/06/2025,254.18,250.36,248.83
23/06/2025,236.31,233.82,232.86
24/06/2025,228.51,224.96,223.47
25/06/2025,229.64,225.65,224.09
26/06/2025,236.01,228.98,226.64
27/06/2025,230.72,224.09,222.55
30/06/2025,234.58,227.63,225.18
1/07/2025,232.69,229.01,227.12
2/07/2025,241.17,236.09,233.64
3/07/2025,236.98,233.13,231.16
7/07/2025,242.11,237.2,234.68
8/07/2025,244.13,239.39,236.87
9/07/2025,240.92,236.98,234.76
10/07/2025,238.35,234.12,231.75
11/07/2025,244.74,240.87,238.1
14/07/2025,238.98,236.72,234.5
15/07/2025,240.52,237.85,235.28
16/07/2025,239.15,236.72,234.43
17/07/2025,246.46,243.47,240.51
18/07/2025,245.3,242.83,240.19
21/07/2025,250.92,247.61,244.41
22/07/2025,245.18,242.1,239.52
23/07/2025,244.9,242.28,240
24/07/2025,241.29,238.87,237.27
25/07/2025,240.62,237.91,236.15
28/07/2025,242.66,240.36,238.88
29/07/2025,246.38,244.91,243.58
30/07/2025,241.85,241.06,240.36
31/07/2025,239.95,239.59,239.08
1/08/2025,229.99,229.59,228.53
4/08/2025,231.76,231.06,229.63
5/08/2025,225.02,224.83,223.95
6/08/2025,226.28,225.78,224.83
7/08/2025,226.68,225.83,224.66
8/08/2025,227.93,226.96,225.57
11/08/2025,229.1,228.24,226.68
12/08/2025,224.41,224.09,223.12
13/08/2025,224.28,223.8,222.66
14/08/2025,223.45,223.23,222.44
15/08/2025,222.5,222.15,221.14
18/08/2025,224.03,223.71,222.73
19/08/2025,225.11,224.36,222.89
20/08/2025,227.96,227.3,225.7
21/08/2025,232.51,231.97,230.03
22/08/2025,230.81,230.4,228.8
25/08/2025,234.75,234.27,232.69
26/08/2025,228.05,227.72,226.53
27/08/2025,229.53,229.4,228.25
28/08/2025,230.98,231.19,229.96
29/08/2025,226.67,226.98,226.13
2/09/2025,237.44,236.09,233.69
3/09/2025,236.09,234.87,232.11
4/09/2025,233.07,232.02,229.48
5/09/2025,228.7,227.72,225.41
8/09/2025,231.19,229.92,227.31
9/09/2025,231.99,231.01,228.63
10/09/2025,233.37,232.63,230.31
11/09/2025,228.19,227.7,225.73
12/09/2025,229,228.37,226.41
15/09/2025,233.11,232.41,230.03
16/09/2025,239.35,238.51,235.74
17/09/2025,235.48,234.87,232.66
18/09/2025,234,233.35,231.16
19/09/2025,229.89,229.38,227.39
22/09/2025,229.23,228.64,226.52
23/09/2025,232.8,232.19,229.98
24/09/2025,237.72,236.89,234.57
25/09/2025,242.65,241.6,238.65
26/09/2025,242.89,241.67,238.98
29/09/2025,235.66,234.87,232.39
30/09/2025,233.25,232.41,230.03
1/10/2025,230.19,228.19,226.71
2/10/2025,224.35,223.05,222.22
3/10/2025,223.63,222.47,221.76
6/10/2025,224.43,223.51,223.08
7/10/2025,226.53,225.09,224.34
8/10/2025,229.13,227.43,226.55
9/10/2025,228.03,226.15,225.12
10/10/2025,220.44,218.59,217.73
13/10/2025,224.97,222.4,221.28
14/10/2025,219.76,217.62,216.82
15/10/2025,217.48,215.8,215.29
16/10/2025,215.35,213.61,213.06
17/10/2025,218,215.99,215.27
20/10/2025,219.21,217.21,216.38
21/10/2025,220.58,218.49,217.55
22/10/2025,224.96,222.75,221.66
23/10/2025,240.3,237.4,235
24/10/2025,240.31,237.93,235.7
27/10/2025,243.61,240.99,238.19
28/10/2025,238.72,236.33,233.84
29/10/2025,242.43,239.71,236.82
30/10/2025,246,240.92,237.63
31/10/2025,243.12,239.86,237.06
3/11/2025,240.53,237.55,235.03
4/11/2025,244.46,240.75,237.87
5/11/2025,243.25,239.1,236.19
6/11/2025,249.61,243.67,239.93
7/11/2025,248.21,243,239.83
10/11/2025,251.04,245.99,242.45
11/11/2025,257.57,252.58,248.46
12/11/2025,248.16,243.75,240.34
13/11/2025,246.47,241.87,238.45
14/11/2025,253.11,248.25,244.23
17/11/2025,254.7,249.63,245.29
18/11/2025,270.11,262.47,255.55
19/11/2025,263.57,255.21,248.25
20/11/2025,253.33,245.16,239.5
21/11/2025,245.64,239.41,234.97
24/11/2025,240.61,236.39,232.78
25/11/2025,235.38,231.9,228.55
26/11/2025,232.55,230.02,227.1
28/11/2025,233.3,230.31,226.88
1/12/2025,234,230.86,227
2/12/2025,231.27,228.62,225.18
3/12/2025,230.08,227.9,224.59
4/12/2025,230.37,228.17,224.89
5/12/2025,236.29,233.21,229.01
8/12/2025,229.82,227.65,224.21
9/12/2025,226.01,224.51,221.53
10/12/2025,227.3,225.99,222.86
11/12/2025,222.89,221.92,219
12/12/2025,219.8,218.95,216.29
15/12/2025,218.06,217.31,214.92
16/12/2025,212.86,211.98,209.47
17/12/2025,214.95,213.88,211.24
18/12/2025,213.16,212.47,210.13
19/12/2025,212.19,211.64,209.47
22/12/2025,215.81,215.16,213.08
23/12/2025,219.06,218.27,215.7
24/12/2025,215.76,215.37,213.24
26/12/2025,210.7,210.69,208.72
29/12/2025,212.75,213.27,211.4
30/12/2025,215.05,215.74,213.5
31/12/2025,212.06,212.15,210.34
2/01/2026,211.51,209.93,207.02
5/01/2026,214.28,212.9,210.23
6/01/2026,208.3,207.8,205.72
7/01/2026,205.67,205.01,203.05
8/01/2026,211.95,211.14,208.96
9/01/2026,213.5,212.95,211.07
12/01/2026,215.44,214.83,212.87
13/01/2026,223.84,222.69,220.01
14/01/2026,228.19,226.98,224.2
15/01/2026,220.83,219.57,216.9
16/01/2026,223.76,222.24,219.14
20/01/2026,233.85,229.77,224.89
21/01/2026,243.05,235.88,229.17
22/01/2026,236.68,229.85,223.84
23/01/2026,242.85,234.06,227.42
26/01/2026,256.8,234.89,226.7
27/01/2026,264.62,241.06,231.42
28/01/2026,266.61,244.69,234.88
29/01/2026,258.54,248.38,240.25
30/01/2026,273.56,253.3,241.96
2/02/2026,235.98,227.5,223.52
3/02/2026,240.93,232.66,228.54
4/02/2026,247,239.27,234.84
5/02/2026,239.32,233.05,229.33
6/02/2026,241.33,234.28,230.34
9/02/2026,241.69,235.7,232.17
10/02/2026,239.88,233.66,230.21
11/02/2026,244.04,236.84,233.06
12/02/2026,239.27,231.04,227.37
13/02/2026,238.79,230.03,226.54
17/02/2026,239.06,231.04,227.59
18/02/2026,251.87,243.07,238.7
19/02/2026,261.47,250.76,244.99
20/02/2026,258.58,247.81,242.77
23/02/2026,267.82,251.92,245.54
24/02/2026,268.69,251.39,244.9
25/02/2026,267.4,253.09,246.48
26/02/2026,261.25,252.58,246.87
27/02/2026,267.09,259.6,253.14
2/03/2026,290.04,277.18,269.19
3/03/2026,318.69,297.77,283.61
4/03/2026,329.38,299.55,280.88
5/03/2026,361.43,323.78,299.47
6/03/2026,362.24,330.4,306.1
9/03/2026,358.66,336.93,315.7
10/03/2026,334.66,312.71,293.55
11/03/2026,367.88,345.23,316.2
12/03/2026,389.89,365.98,336.12
13/03/2026,401.47,372.68,339.98
16/03/2026,383.75,358.55,325.1
17/03/2026,401.58,380.28,340.71
18/03/2026,419.78,398.88,356.06
19/03/2026,434.2,409.64,363
20/03/2026,460.84,424.25,376.01
23/03/2026,405.6,375.32,337.04
24/03/2026,429.09,401.33,359.32
25/03/2026,400.63,381.05,348.51
26/03/2026,427.34,407.7,371.98
27/03/2026,449.55,423.63,382.47
30/03/2026,436.43,420.57,380.92
31/03/2026,416.34,411.38,374.09
1/04/2026,405.68,371.52,342.56
2/04/2026,436.11,397.61,357.27
3/04/2026,436.11,397.61,357.27
6/04/2026,432.84,397.02,360.6
7/04/2026,447.74,409.71,374.7
8/04/2026,380.84,358.42,340.97
9/04/2026,393.7,369.7,351.87
10/04/2026,376.16,357.22,343.72
13/04/2026,383.41,365.53,351.5
14/04/2026,362.43,347.26,335.6
15/04/2026,375.32,356.26,341.72
16/04/2026,383.29,364.62,347.84
17/04/2026,339.74,330.19,319.71
20/04/2026,354.09,343.93,331.81
21/04/2026,372.88,363.59,348.43
22/04/2026,393.79,381.61,362.94
23/04/2026,398.82,386.77,367.56
24/04/2026,388.74,379.43,362.01
27/04/2026,397.47,388.1,370.1
28/04/2026,397.12,389.27,373.12
29/04/2026,419.87,409.86,390.55
30/04/2026,413.84,408.09,388.82
1/05/2026,394.64,378.27,363.16
4/05/2026,407.32,392.11,377.15
5/05/2026,403.02,387.6,373.46
6/05/2026,378.56,363.71,352.15
7/05/2026,381.66,363.94,350.69
8/05/2026,389.91,370.06,355.06
11/05/2026,396.86,377.89,362.54
12/05/2026,415.88,396.66,380.47
13/05/2026,396.67,381.41,367.95
14/05/2026,390.56,377.43,365
15/05/2026,405.34,392.12,377.88
18/05/2026,411.45,400.97,386.67
19/05/2026,416.25,405.64,390.97
20/05/2026,394.71,384.35,372.27
21/05/2026,383.16,372.41,361.89
22/05/2026,388.78,377.2,365.89
26/05/2026,371.46,362.13,353.61
27/05/2026,359.75,352.89,345.29
28/05/2026,361.87,355.21,348.32
29/05/2026,353.73,348.86,343.35
1/06/2026,363.94,357.74,352.63
2/06/2026,369.87,363.6,358.16
3/06/2026,384.81,377.69,371.19
4/06/2026,367.38,362.1,357.03
5/06/2026,358.74,355.12,351.06
8/06/2026,359.99,357.38,354.11
9/06/2026,354.18,351.77,348.86
10/06/2026,361.26,357.88,354.64
11/06/2026,351.31,348.31,345.44
12/06/2026,340.44,336.39,333.23
15/06/2026,326.65,322.57,320.01
16/06/2026,317.02,312.71,310.3
17/06/2026,319.46,314.38,311.32
18/06/2026,312.73,308.54,305.91
22/06/2026,309.31,305.69,302.59
23/06/2026,315.46,311.24,307.34
24/06/2026,317.62,311.17,305.48
25/06/2026,329.82,320.92,313.76
26/06/2026,320.82,310.22,303.69
29/06/2026,333.17,318.69,311.53
30/06/2026,331.68,322.91,316.01
1/07/2026,321.79,315.52,309.75
2/07/2026,318.22,312.59,307.2
6/07/2026,329.84,324.6,318.48
7/07/2026,330.17,325.26,319.83
8/07/2026,365.75,358.15,348.53
9/07/2026,357.16,349.56,340.42
10/07/2026,355.33,346.92,338.03
13/07/2026,382.36,371.65,360.69
14/07/2026,401.43,388.45,374.21
15/07/2026,394.83,383.96,371.66
16/07/2026,403.07,391.38,377.66
17/07/2026,406.46,393.69,380.07
20/07/2026,411.9,399.46,385.2
21/07/2026,412.66,403.06,389.44
22/07/2026,414.88,406.61,393.55
23/07/2026,434.16,423.7,408.81
24/07/2026,418.06,409.54,396.18
27/07/2026,411.16,400.6,387.22
28/07/2026,415.09,401.3,384.88
29/07/2026,437.01,423.57,405.51
30/07/2026,420.94,412.91,396.37
31/07/2026,412.15,409.55,395.78
3/08/2026,387.72,377.01,364.37
4/08/2026,377.05,367.76,356.19
5/08/2026,379.62,370.14,359.04
6/08/2026,388.2,378.43,366.64
7/08/2026,390.24,382.31,371.46
10/08/2026,418.98,408.74,395.47
11/08/2026,425.25,412.29,397.9
12/08/2026,430.4,417.87,403.68
13/08/2026,425.06,413.17,399.89
14/08/2026,428.29,416.47,402.7
17/08/2026,443.71,430.72,415.7
18/08/2026,445.01,432.28,417.51
19/08/2026,445.23,432.27,417.57
20/08/2026,448.03,437.35,424.07
21/08/2026,449.48,438.48,424.31
24/08/2026,426.77,417.34,404.98
25/08/2026,424.38,414.09,401.15
26/08/2026,426,414.53,400.85
27/08/2026,427.87,417.53,404.6
28/08/2026,435.67,424.9,410.36
31/08/2026,449.53,441.06,425.17
1/09/2026,467.73,450.54,430.85
2/09/2026,468.22,449.51,429.59
3/09/2026,459.36,442.5,423.99
4/09/2026,454.02,438.37,420.91
8/09/2026,456.78,441.95,425.27
,,,
