Date,NG1,NG2,NG3,,,
3/01/2005,5.79,5.849,5.784,,,
4/01/2005,5.902,5.953,5.863,,,
5/01/2005,5.833,5.899,5.835,,,
6/01/2005,6.049,6.115,6.05,,,
7/01/2005,6.001,6.068,6.008,,,
10/01/2005,6.159,6.231,6.146,,,
11/01/2005,6.095,6.142,6.085,,,
12/01/2005,5.943,6.002,5.952,,,
13/01/2005,6.445,6.497,6.362,,,
14/01/2005,6.395,6.432,6.292,,,
18/01/2005,6.137,6.158,6.088,,,
19/01/2005,6.293,6.327,6.222,,,
20/01/2005,6.308,6.354,6.238,,,
21/01/2005,6.24,6.263,6.178,,,
24/01/2005,6.476,6.516,6.386,,,
25/01/2005,6.403,6.444,6.354,,,
26/01/2005,6.388,6.421,6.366,,,
27/01/2005,6.288,6.352,6.322,,,
28/01/2005,6.259,6.259,6.286,,,
31/01/2005,6.321,6.346,6.376,,,
1/02/2005,6.316,6.346,6.376,,,
2/02/2005,6.376,6.394,6.424,,,
3/02/2005,6.149,6.184,6.229,,,
4/02/2005,6.096,6.13,6.18,,,
7/02/2005,5.969,6.024,6.087,,,
8/02/2005,6.164,6.221,6.278,,,
9/02/2005,6.165,6.218,6.276,,,
10/02/2005,6.16,6.223,6.288,,,
11/02/2005,6.093,6.171,6.244,,,
14/02/2005,6.093,6.162,6.244,,,
15/02/2005,6.175,6.245,6.322,,,
16/02/2005,6.109,6.184,6.266,,,
17/02/2005,5.923,6.01,6.1,,,
18/02/2005,5.908,5.987,6.087,,,
22/02/2005,6.103,6.221,6.316,,,
23/02/2005,6.311,6.42,6.508,,,
24/02/2005,6.304,6.454,6.554,,,
25/02/2005,6.715,6.81,6.865,,,
28/02/2005,6.73,6.81,6.87,,,
1/03/2005,6.68,6.772,6.842,,,
2/03/2005,6.717,6.812,6.894,,,
3/03/2005,6.657,6.772,6.859,,,
4/03/2005,6.744,6.856,6.941,,,
7/03/2005,6.714,6.846,6.934,,,
8/03/2005,6.847,6.978,7.063,,,
9/03/2005,6.88,6.993,7.078,,,
10/03/2005,6.768,6.87,6.945,,,
11/03/2005,6.772,6.885,6.955,,,
14/03/2005,7.138,7.237,7.292,,,
15/03/2005,7.179,7.278,7.348,,,
16/03/2005,7.192,7.318,7.403,,,
17/03/2005,7.238,7.374,7.459,,,
18/03/2005,7.273,7.393,7.478,,,
21/03/2005,7.318,7.45,7.55,,,
22/03/2005,7.248,7.365,7.47,,,
23/03/2005,7.138,7.255,7.36,,,
24/03/2005,7.062,7.184,7.292,,,
28/03/2005,6.999,7.122,7.232,,,
29/03/2005,7.323,7.402,7.51,,,
30/03/2005,7.46,7.565,7.655,,,
31/03/2005,7.653,7.758,7.843,,,
1/04/2005,7.749,7.86,7.948,,,
4/04/2005,7.594,7.706,7.806,,,
5/04/2005,7.572,7.679,7.777,,,
6/04/2005,7.558,7.668,7.768,,,
7/04/2005,7.366,7.485,7.594,,,
8/04/2005,7.242,7.359,7.466,,,
11/04/2005,7.309,7.424,7.526,,,
12/04/2005,7.094,7.207,7.307,,,
13/04/2005,6.978,7.085,7.182,,,
14/04/2005,7.069,7.179,7.27,,,
15/04/2005,6.997,7.103,7.214,,,
18/04/2005,6.95,7.049,7.146,,,
19/04/2005,7.045,7.14,7.237,,,
20/04/2005,7.057,7.154,7.249,,,
21/04/2005,7.032,7.11,7.217,,,
22/04/2005,7.195,7.269,7.359,,,
25/04/2005,7.153,7.216,7.306,,,
26/04/2005,7.12,7.181,7.261,,,
27/04/2005,6.748,6.8,6.888,,,
28/04/2005,6.748,6.842,6.91,,,
29/04/2005,6.585,6.694,6.764,,,
2/05/2005,6.697,6.796,6.869,,,
3/05/2005,6.515,6.62,6.698,,,
4/05/2005,6.63,6.728,6.806,,,
5/05/2005,6.691,6.792,6.862,,,
6/05/2005,6.621,6.719,6.789,,,
9/05/2005,6.674,6.774,6.844,,,
10/05/2005,6.694,6.788,6.863,,,
11/05/2005,6.683,6.772,6.84,,,
12/05/2005,6.511,6.592,6.66,,,
13/05/2005,6.536,6.618,6.684,,,
16/05/2005,6.446,6.515,6.583,,,
17/05/2005,6.476,6.542,6.61,,,
18/05/2005,6.392,6.452,6.517,,,
19/05/2005,6.357,6.415,6.477,,,
20/05/2005,6.343,6.408,6.478,,,
23/05/2005,6.407,6.463,6.53,,,
24/05/2005,6.349,6.386,6.452,,,
25/05/2005,6.315,6.372,6.437,,,
26/05/2005,6.123,6.212,6.287,,,
27/05/2005,6.37,6.445,6.482,,,
31/05/2005,6.379,6.452,6.49,,,
1/06/2005,6.789,6.859,6.893,,,
2/06/2005,6.819,6.889,6.922,,,
3/06/2005,6.88,6.953,6.986,,,
6/06/2005,7.122,7.195,7.217,,,
7/06/2005,7.127,7.183,7.195,,,
8/06/2005,7,7.055,7.083,,,
9/06/2005,7.045,7.101,7.135,,,
10/06/2005,6.932,7.011,7.041,,,
13/06/2005,7.26,7.309,7.329,,,
14/06/2005,7.228,7.287,7.317,,,
15/06/2005,7.441,7.504,7.534,,,
16/06/2005,7.613,7.692,7.722,,,
17/06/2005,7.69,7.778,7.811,,,
20/06/2005,7.67,7.753,7.793,,,
21/06/2005,7.474,7.545,7.587,,,
22/06/2005,7.442,7.516,7.556,,,
23/06/2005,7.473,7.525,7.563,,,
24/06/2005,7.36,7.412,7.45,,,
27/06/2005,7.138,7.203,7.241,,,
28/06/2005,6.976,7.073,7.113,,,
29/06/2005,7.087,7.13,7.195,,,
30/06/2005,6.981,7.031,7.103,,,
1/07/2005,7.171,7.215,7.283,,,
5/07/2005,7.475,7.523,7.582,,,
6/07/2005,7.688,7.732,7.782,,,
7/07/2005,7.398,7.448,7.503,,,
8/07/2005,7.472,7.53,7.578,,,
11/07/2005,7.495,7.537,7.585,,,
12/07/2005,7.885,7.925,7.968,,,
13/07/2005,7.9,7.959,8.009,,,
14/07/2005,7.844,7.895,7.949,,,
15/07/2005,7.849,7.898,7.953,,,
18/07/2005,7.652,7.712,7.766,,,
19/07/2005,7.586,7.642,7.698,,,
20/07/2005,7.55,7.599,7.657,,,
21/07/2005,7.3,7.347,7.412,,,
22/07/2005,7.384,7.421,7.486,,,
25/07/2005,7.284,7.325,7.393,,,
26/07/2005,7.425,7.458,7.521,,,
27/07/2005,7.647,7.592,7.644,,,
28/07/2005,7.694,7.748,8.298,,,
29/07/2005,7.885,7.943,8.488,,,
1/08/2005,8.154,8.209,8.739,,,
2/08/2005,8.378,8.405,8.88,,,
3/08/2005,8.351,8.377,8.842,,,
4/08/2005,8.471,8.505,8.945,,,
5/08/2005,8.7,8.752,9.192,,,
8/08/2005,8.684,8.732,9.192,,,
9/08/2005,8.649,8.684,9.169,,,
10/08/2005,9.071,9.096,9.546,,,
11/08/2005,9.301,9.321,9.746,,,
12/08/2005,9.588,9.608,9.966,,,
15/08/2005,9.54,9.561,9.933,,,
16/08/2005,9.752,9.779,10.124,,,
17/08/2005,9.391,9.419,9.768,,,
18/08/2005,8.928,8.942,9.329,,,
19/08/2005,9.111,9.156,9.591,,,
22/08/2005,9.564,9.609,10.014,,,
23/08/2005,9.683,9.716,10.086,,,
24/08/2005,9.984,10.019,10.379,,,
25/08/2005,9.77,9.827,10.242,,,
26/08/2005,9.792,9.806,10.236,,,
29/08/2005,10.847,11.139,11.409,,,
30/08/2005,11.659,11.874,12.124,,,
31/08/2005,11.472,11.657,11.907,,,
1/09/2005,11.757,11.967,12.227,,,
2/09/2005,11.691,11.941,12.221,,,
6/09/2005,11.657,11.957,12.242,,,
7/09/2005,11.201,11.646,11.996,,,
8/09/2005,11.347,11.867,12.257,,,
9/09/2005,11.263,11.853,12.318,,,
12/09/2005,11.031,11.643,12.143,,,
13/09/2005,10.763,11.371,11.866,,,
14/09/2005,11.166,11.767,12.222,,,
15/09/2005,11.336,11.969,12.447,,,
16/09/2005,11.144,11.878,12.463,,,
19/09/2005,12.663,13.265,13.755,,,
20/09/2005,12.492,13.032,13.532,,,
21/09/2005,12.594,12.998,13.463,,,
22/09/2005,12.79,13.075,13.515,,,
23/09/2005,12.324,12.687,13.167,,,
26/09/2005,12.44,13.137,13.637,,,
27/09/2005,12.656,13.12,13.71,,,
28/09/2005,13.907,14.1,14.57,,,
29/09/2005,14.196,14.686,14.991,,,
30/09/2005,13.921,14.431,14.771,,,
3/10/2005,14.017,14.557,14.892,,,
4/10/2005,14.224,14.764,15.119,,,
5/10/2005,14.183,14.731,15.131,,,
6/10/2005,13.375,13.895,14.26,,,
7/10/2005,13.226,13.762,14.141,,,
10/10/2005,12.975,13.495,13.907,,,
11/10/2005,13.519,13.984,14.404,,,
12/10/2005,13.524,14.009,14.43,,,
13/10/2005,13.103,13.663,14.129,,,
14/10/2005,13.219,13.749,14.204,,,
17/10/2005,13.887,14.297,14.755,,,
18/10/2005,13.421,13.801,14.31,,,
19/10/2005,13.549,13.86,14.243,,,
20/10/2005,12.977,13.243,13.674,,,
21/10/2005,12.872,13.167,13.554,,,
24/10/2005,13.004,13.177,13.535,,,
25/10/2005,14.338,14.462,14.779,,,
26/10/2005,14.04,14.06,14.37,,,
27/10/2005,13.832,13.684,14.004,,,
28/10/2005,13.055,13.377,13.287,,,
31/10/2005,12.205,12.641,12.611,,,
1/11/2005,11.86,12.382,12.332,,,
2/11/2005,11.604,12.161,12.111,,,
3/11/2005,11.689,12.284,12.234,,,
4/11/2005,11.415,12.059,12.029,,,
7/11/2005,11.873,12.608,12.568,,,
8/11/2005,11.793,12.556,12.591,,,
9/11/2005,11.669,12.32,12.36,,,
10/11/2005,11.38,11.954,12.004,,,
11/11/2005,11.712,12.236,12.261,,,
14/11/2005,11.607,12.28,12.33,,,
15/11/2005,11.563,12.329,12.399,,,
16/11/2005,12.329,13.083,13.143,,,
17/11/2005,11.942,12.705,12.785,,,
18/11/2005,11.414,12.071,12.181,,,
21/11/2005,11.331,11.87,11.985,,,
22/11/2005,11.614,12.059,12.159,,,
23/11/2005,11.62,12.05,12.13,,,
28/11/2005,11.18,11.634,11.739,,,
29/11/2005,11.736,11.841,11.657,,,
30/11/2005,12.587,12.687,12.481,,,
1/12/2005,13.027,13.117,12.947,,,
2/12/2005,13.931,13.951,13.765,,,
5/12/2005,13.66,13.743,13.583,,,
6/12/2005,13.489,13.584,13.491,,,
7/12/2005,13.7,13.81,13.736,,,
8/12/2005,14.994,15.081,14.988,,,
9/12/2005,14.312,14.391,14.311,,,
12/12/2005,14.841,14.913,14.804,,,
13/12/2005,15.378,15.427,15.287,,,
14/12/2005,14.679,14.728,14.602,,,
15/12/2005,13.781,13.88,13.81,,,
16/12/2005,13.633,13.722,13.652,,,
19/12/2005,14.043,14.104,14.014,,,
20/12/2005,14.08,14.15,14.093,,,
21/12/2005,14.271,14.345,14.278,,,
22/12/2005,12.923,13.02,13.016,,,
23/12/2005,12.283,12.402,12.417,,,
27/12/2005,11.022,11.216,11.26,,,
28/12/2005,11.431,11.637,11.697,,,
29/12/2005,11.223,11.346,10.306,,,
30/12/2005,11.225,11.359,10.359,,,
3/01/2006,10.626,10.755,10.16,,,
4/01/2006,10.197,10.282,9.812,,,
5/01/2006,9.499,9.598,9.298,,,
6/01/2006,9.632,9.742,9.402,,,
9/01/2006,9.36,9.49,9.29,,,
10/01/2006,9.336,9.476,9.336,,,
11/01/2006,9.238,9.365,9.315,,,
12/01/2006,8.943,9.088,9.068,,,
13/01/2006,8.791,8.932,8.892,,,
17/01/2006,9.168,9.327,9.287,,,
18/01/2006,8.694,8.878,8.918,,,
19/01/2006,8.905,9.082,9.097,,,
20/01/2006,9.28,9.441,9.451,,,
23/01/2006,8.574,8.757,8.847,,,
24/01/2006,8.682,8.844,8.914,,,
25/01/2006,8.46,8.637,8.722,,,
26/01/2006,8.229,8.421,8.551,,,
27/01/2006,8.4,8.507,8.652,,,
30/01/2006,9.389,9.474,9.539,,,
31/01/2006,9.316,9.436,9.506,,,
1/02/2006,8.723,8.873,8.968,,,
2/02/2006,8.347,8.487,8.602,,,
3/02/2006,8.613,8.723,8.818,,,
6/02/2006,7.995,8.175,8.32,,,
7/02/2006,7.858,8.058,8.208,,,
8/02/2006,7.735,7.935,8.095,,,
9/02/2006,7.479,7.682,7.847,,,
10/02/2006,7.316,7.511,7.666,,,
13/02/2006,7.243,7.427,7.577,,,
14/02/2006,7.114,7.299,7.452,,,
15/02/2006,7.066,7.249,7.399,,,
16/02/2006,7.134,7.308,7.458,,,
17/02/2006,7.182,7.375,7.525,,,
21/02/2006,7.731,7.907,8.059,,,
22/02/2006,7.283,7.428,7.6,,,
23/02/2006,7.458,7.543,7.703,,,
24/02/2006,7.112,7.313,7.475,,,
27/02/2006,6.789,6.959,7.121,,,
28/02/2006,6.714,6.909,7.075,,,
1/03/2006,6.733,6.94,7.115,,,
2/03/2006,6.76,6.96,7.15,,,
3/03/2006,6.79,6.995,7.19,,,
6/03/2006,6.547,6.767,6.972,,,
7/03/2006,6.678,6.888,7.085,,,
8/03/2006,6.648,6.858,7.053,,,
9/03/2006,6.601,6.801,6.991,,,
10/03/2006,6.646,6.849,7.032,,,
13/03/2006,7.007,7.194,7.359,,,
14/03/2006,7.167,7.333,7.48,,,
15/03/2006,7.143,7.304,7.444,,,
16/03/2006,7.267,7.412,7.549,,,
17/03/2006,7.053,7.208,7.354,,,
20/03/2006,6.835,6.978,7.141,,,
21/03/2006,6.868,7.011,7.176,,,
22/03/2006,6.953,7.103,7.273,,,
23/03/2006,7.328,7.467,7.63,,,
24/03/2006,7.29,7.457,7.624,,,
27/03/2006,7.067,7.242,7.42,,,
28/03/2006,7.214,7.384,7.562,,,
29/03/2006,7.233,7.456,7.641,,,
30/03/2006,7.487,7.674,7.859,,,
31/03/2006,7.21,7.42,7.625,,,
3/04/2006,7.244,7.462,7.677,,,
4/04/2006,7.065,7.275,7.49,,,
5/04/2006,7.069,7.277,7.49,,,
6/04/2006,6.972,7.18,7.39,,,
7/04/2006,6.743,6.945,7.158,,,
10/04/2006,6.882,7.08,7.287,,,
11/04/2006,6.908,7.101,7.311,,,
12/04/2006,6.808,7.018,7.243,,,
13/04/2006,7.135,7.345,7.575,,,
17/04/2006,7.577,7.787,8.007,,,
18/04/2006,8.008,8.225,8.445,,,
19/04/2006,8.192,8.41,8.64,,,
20/04/2006,8.064,8.284,8.524,,,
21/04/2006,7.981,8.216,8.456,,,
24/04/2006,7.558,7.786,8.031,,,
25/04/2006,7.254,7.455,7.705,,,
26/04/2006,7.198,7.271,7.521,,,
27/04/2006,6.805,7.05,7.295,,,
28/04/2006,6.555,6.81,7.055,,,
1/05/2006,6.695,6.97,7.23,,,
2/05/2006,6.746,7.016,7.281,,,
3/05/2006,6.606,6.866,7.126,,,
4/05/2006,6.906,7.146,7.386,,,
5/05/2006,6.775,7.032,7.282,,,
8/05/2006,6.696,6.954,7.229,,,
9/05/2006,6.581,6.831,7.131,,,
10/05/2006,6.9,7.144,7.454,,,
11/05/2006,6.649,6.887,7.217,,,
12/05/2006,6.28,6.535,6.885,,,
15/05/2006,6.123,6.415,6.77,,,
16/05/2006,6.252,6.516,6.881,,,
17/05/2006,6.129,6.384,6.749,,,
18/05/2006,5.997,6.24,6.575,,,
19/05/2006,5.962,6.227,6.507,,,
22/05/2006,6.276,6.546,6.801,,,
23/05/2006,6.258,6.502,6.767,,,
24/05/2006,5.964,6.17,6.405,,,
25/05/2006,5.975,6.114,6.365,,,
26/05/2006,5.925,6.154,6.419,,,
30/05/2006,6.123,6.373,6.653,,,
31/05/2006,6.384,6.621,6.866,,,
1/06/2006,6.448,6.698,6.963,,,
2/06/2006,6.623,6.883,7.163,,,
5/06/2006,6.463,6.718,7.038,,,
6/06/2006,6.385,6.643,6.968,,,
7/06/2006,5.974,6.249,6.619,,,
8/06/2006,6.191,6.471,6.836,,,
9/06/2006,6.172,6.454,6.796,,,
12/06/2006,6.224,6.501,6.821,,,
13/06/2006,6.163,6.438,6.75,,,
14/06/2006,6.59,6.852,7.112,,,
15/06/2006,7.207,7.475,7.735,,,
16/06/2006,7.185,7.455,7.75,,,
19/06/2006,6.893,7.153,7.458,,,
20/06/2006,6.502,6.737,6.997,,,
21/06/2006,6.588,6.798,7.018,,,
22/06/2006,6.439,6.614,6.809,,,
23/06/2006,6.226,6.416,6.656,,,
26/06/2006,5.969,6.169,6.419,,,
27/06/2006,6.107,6.312,6.562,,,
28/06/2006,5.887,6.16,6.425,,,
29/06/2006,6.135,6.395,6.805,,,
30/06/2006,6.104,6.369,6.734,,,
3/07/2006,6.104,6.369,6.734,,,
5/07/2006,5.765,6.038,6.408,,,
6/07/2006,5.664,5.947,6.327,,,
7/07/2006,5.523,5.81,6.183,,,
10/07/2006,5.608,5.897,6.272,,,
11/07/2006,5.633,5.908,6.273,,,
12/07/2006,5.782,5.992,6.382,,,
13/07/2006,6.129,6.334,6.709,,,
14/07/2006,6.347,6.532,6.867,,,
17/07/2006,5.783,5.96,6.305,,,
18/07/2006,5.555,5.669,5.974,,,
19/07/2006,5.862,5.984,6.269,,,
20/07/2006,6.091,6.208,6.443,,,
21/07/2006,6.139,6.248,6.478,,,
24/07/2006,6.605,6.723,6.988,,,
25/07/2006,6.409,6.513,6.783,,,
26/07/2006,6.887,6.974,7.224,,,
27/07/2006,7.042,7.123,7.363,,,
28/07/2006,7.184,7.424,8.804,,,
31/07/2006,8.211,8.451,9.811,,,
1/08/2006,7.574,7.779,9.339,,,
2/08/2006,7.799,8.036,9.526,,,
3/08/2006,7.292,7.542,9.102,,,
4/08/2006,7.246,7.471,8.991,,,
7/08/2006,6.907,7.123,8.723,,,
8/08/2006,7.158,7.349,8.879,,,
9/08/2006,7.651,7.857,9.437,,,
10/08/2006,7.529,7.727,9.277,,,
11/08/2006,7.269,7.47,9.05,,,
14/08/2006,6.913,7.088,8.803,,,
15/08/2006,6.861,7.034,8.849,,,
16/08/2006,6.766,6.939,8.819,,,
17/08/2006,6.689,6.83,8.85,,,
18/08/2006,6.731,6.851,8.921,,,
21/08/2006,6.624,6.701,8.721,,,
22/08/2006,7.008,7.135,9.06,,,
23/08/2006,6.875,7.006,9.006,,,
24/08/2006,7.079,7.203,9.235,,,
25/08/2006,7.157,7.344,9.354,,,
28/08/2006,6.472,6.812,8.992,,,
29/08/2006,6.816,6.876,8.8,,,
30/08/2006,6.29,8.26,9.925,,,
31/08/2006,6.048,8.228,9.978,,,
1/09/2006,5.877,8.057,9.897,,,
5/09/2006,6.039,8.079,10.049,,,
6/09/2006,5.994,8.019,9.939,,,
7/09/2006,5.718,7.608,9.578,,,
8/09/2006,5.675,7.605,9.52,,,
11/09/2006,5.67,7.255,9.11,,,
12/09/2006,5.574,7.274,8.884,,,
13/09/2006,5.449,7.084,8.679,,,
14/09/2006,4.892,6.467,8.047,,,
15/09/2006,4.982,6.364,7.774,,,
18/09/2006,4.942,6.256,7.806,,,
19/09/2006,5.006,6.203,7.883,,,
20/09/2006,4.931,6.022,7.662,,,
21/09/2006,4.781,6.011,7.391,,,
22/09/2006,4.627,5.881,7.401,,,
25/09/2006,4.475,5.733,7.223,,,
26/09/2006,4.526,5.805,7.32,,,
27/09/2006,4.201,5.669,7.209,,,
28/09/2006,5.392,7.037,7.504,,,
29/09/2006,5.62,7.345,7.8,,,
2/10/2006,5.643,7.423,7.893,,,
3/10/2006,5.759,7.359,7.899,,,
4/10/2006,5.995,7.55,8.08,,,
5/10/2006,6.298,7.833,8.363,,,
6/10/2006,6.427,7.827,8.327,,,
9/10/2006,6.429,7.95,8.505,,,
10/10/2006,6.466,7.986,8.566,,,
11/10/2006,6.15,7.675,8.255,,,
12/10/2006,5.782,7.362,7.927,,,
13/10/2006,5.659,7.35,7.93,,,
16/10/2006,6.444,7.839,8.394,,,
17/10/2006,6.442,7.702,8.252,,,
18/10/2006,6.807,7.852,8.267,,,
19/10/2006,7.132,8.032,8.402,,,
20/10/2006,7.241,8.151,8.471,,,
23/10/2006,6.881,7.816,8.231,,,
24/10/2006,7.091,7.936,8.326,,,
25/10/2006,7.693,8.328,8.701,,,
26/10/2006,7.497,8.067,8.497,,,
27/10/2006,7.153,7.827,8.277,,,
30/10/2006,7.416,7.847,7.915,,,
31/10/2006,7.534,7.998,8.058,,,
1/11/2006,7.712,8.207,8.262,,,
2/11/2006,7.814,8.309,8.364,,,
3/11/2006,7.884,8.394,8.434,,,
6/11/2006,7.49,8.01,8.055,,,
7/11/2006,7.755,8.21,8.25,,,
8/11/2006,7.823,8.267,8.332,,,
9/11/2006,7.955,8.435,8.488,,,
10/11/2006,7.794,8.314,8.374,,,
13/11/2006,7.894,8.334,8.394,,,
14/11/2006,7.977,8.415,8.472,,,
15/11/2006,8.12,8.57,8.615,,,
16/11/2006,7.755,8.235,8.3,,,
17/11/2006,8.179,8.634,8.674,,,
20/11/2006,8.019,8.509,8.559,,,
21/11/2006,7.988,8.437,8.492,,,
22/11/2006,7.718,8.099,8.154,,,
24/11/2006,7.718,8.099,8.154,,,
27/11/2006,7.998,8.357,8.404,,,
28/11/2006,8.318,8.559,8.606,,,
29/11/2006,8.871,8.9,8.73,,,
30/11/2006,8.844,8.894,8.744,,,
1/12/2006,8.422,8.48,8.38,,,
4/12/2006,7.806,7.876,7.819,,,
5/12/2006,7.685,7.758,7.72,,,
6/12/2006,7.727,7.803,7.775,,,
7/12/2006,7.671,7.766,7.746,,,
8/12/2006,7.561,7.684,7.684,,,
11/12/2006,7.427,7.567,7.584,,,
12/12/2006,7.43,7.57,7.607,,,
13/12/2006,7.673,7.788,7.828,,,
14/12/2006,7.555,7.663,7.693,,,
15/12/2006,7.409,7.486,7.506,,,
18/12/2006,7.075,7.165,7.195,,,
19/12/2006,7.083,7.198,7.228,,,
20/12/2006,6.769,6.949,7.014,,,
21/12/2006,6.8,6.98,7.063,,,
22/12/2006,6.635,6.81,6.88,,,
26/12/2006,6.113,6.333,6.418,,,
27/12/2006,5.838,6.142,6.257,,,
28/12/2006,6.248,6.392,6.482,,,
29/12/2006,6.299,6.503,6.603,,,
3/01/2007,6.163,6.325,6.435,,,
4/01/2007,6.162,6.33,6.43,,,
5/01/2007,6.184,6.347,6.447,,,
8/01/2007,6.378,6.548,6.637,,,
9/01/2007,6.631,6.744,6.819,,,
10/01/2007,6.755,6.831,6.886,,,
11/01/2007,6.292,6.397,6.492,,,
12/01/2007,6.601,6.698,6.768,,,
16/01/2007,6.638,6.686,6.761,,,
17/01/2007,6.234,6.31,6.44,,,
18/01/2007,6.324,6.361,6.486,,,
19/01/2007,6.886,6.92,6.985,,,
22/01/2007,7.319,7.311,7.336,,,
23/01/2007,7.597,7.562,7.492,,,
24/01/2007,7.421,7.379,7.319,,,
25/01/2007,6.905,6.91,6.95,,,
26/01/2007,7.175,7.158,7.198,,,
29/01/2007,6.917,6.937,7.012,,,
30/01/2007,7.74,7.695,7.727,,,
31/01/2007,7.667,7.655,7.69,,,
1/02/2007,7.53,7.58,7.628,,,
2/02/2007,7.476,7.521,7.574,,,
5/02/2007,7.634,7.638,7.683,,,
6/02/2007,7.616,7.609,7.669,,,
7/02/2007,7.709,7.702,7.768,,,
8/02/2007,7.871,7.855,7.918,,,
9/02/2007,7.827,7.837,7.915,,,
12/02/2007,7.226,7.329,7.422,,,
13/02/2007,7.367,7.44,7.529,,,
14/02/2007,7.241,7.308,7.397,,,
15/02/2007,7.292,7.34,7.428,,,
16/02/2007,7.503,7.533,7.598,,,
20/02/2007,7.585,7.617,7.692,,,
21/02/2007,7.646,7.715,7.79,,,
22/02/2007,7.727,7.803,7.88,,,
23/02/2007,7.755,7.806,7.886,,,
26/02/2007,7.547,7.703,7.784,,,
27/02/2007,7.533,7.618,7.708,,,
28/02/2007,7.3,7.405,7.507,,,
1/03/2007,7.288,7.405,7.52,,,
2/03/2007,7.243,7.369,7.488,,,
5/03/2007,7.254,7.37,7.485,,,
6/03/2007,7.472,7.588,7.701,,,
7/03/2007,7.366,7.491,7.608,,,
8/03/2007,7.239,7.372,7.503,,,
9/03/2007,7.083,7.232,7.364,,,
12/03/2007,6.912,7.055,7.19,,,
13/03/2007,6.892,7.032,7.164,,,
14/03/2007,7.083,7.189,7.311,,,
15/03/2007,6.959,7.093,7.225,,,
16/03/2007,6.924,7.046,7.192,,,
19/03/2007,6.847,6.975,7.122,,,
20/03/2007,6.91,7.02,7.157,,,
21/03/2007,7.16,7.265,7.4,,,
22/03/2007,7.32,7.435,7.577,,,
23/03/2007,7.269,7.406,7.557,,,
26/03/2007,7.254,7.383,7.53,,,
27/03/2007,7.503,7.615,7.753,,,
28/03/2007,7.558,7.672,7.813,,,
29/03/2007,7.609,7.751,7.9,,,
30/03/2007,7.73,7.87,8.011,,,
2/04/2007,7.671,7.809,7.951,,,
3/04/2007,7.426,7.564,7.711,,,
4/04/2007,7.515,7.649,7.791,,,
5/04/2007,7.607,7.747,7.885,,,
9/04/2007,7.546,7.701,7.861,,,
10/04/2007,7.869,8.014,8.169,,,
11/04/2007,7.855,7.999,8.157,,,
12/04/2007,7.924,8.062,8.222,,,
13/04/2007,7.801,7.948,8.108,,,
16/04/2007,7.53,7.669,7.838,,,
17/04/2007,7.418,7.544,7.714,,,
18/04/2007,7.497,7.631,7.792,,,
19/04/2007,7.492,7.627,7.793,,,
20/04/2007,7.381,7.514,7.684,,,
23/04/2007,7.562,7.687,7.849,,,
24/04/2007,7.598,7.708,7.863,,,
25/04/2007,7.689,7.781,7.937,,,
26/04/2007,7.508,7.602,7.764,,,
27/04/2007,7.831,7.979,8.098,,,
30/04/2007,7.863,8.016,8.136,,,
1/05/2007,7.718,7.87,7.988,,,
2/05/2007,7.73,7.87,7.984,,,
3/05/2007,7.947,8.08,8.19,,,
4/05/2007,7.938,8.079,8.187,,,
7/05/2007,7.779,7.944,8.059,,,
8/05/2007,7.637,7.799,7.924,,,
9/05/2007,7.72,7.881,8.009,,,
10/05/2007,7.726,7.877,7.997,,,
11/05/2007,7.899,8.051,8.161,,,
14/05/2007,7.952,8.1,8.209,,,
15/05/2007,7.864,8.022,8.135,,,
16/05/2007,7.89,8.051,8.169,,,
17/05/2007,8.075,8.241,8.362,,,
18/05/2007,7.944,8.134,8.258,,,
21/05/2007,7.913,8.091,8.224,,,
22/05/2007,7.801,7.984,8.119,,,
23/05/2007,7.757,7.941,8.078,,,
24/05/2007,7.681,7.85,7.987,,,
25/05/2007,7.64,7.795,7.933,,,
29/05/2007,7.591,7.731,7.861,,,
30/05/2007,7.941,8.063,8.121,,,
31/05/2007,7.935,8.057,8.118,,,
1/06/2007,7.878,8.011,8.08,,,
4/06/2007,8.191,8.323,8.392,,,
5/06/2007,8.064,8.203,8.271,,,
6/06/2007,8.08,8.219,8.288,,,
7/06/2007,7.825,7.965,8.043,,,
8/06/2007,7.663,7.802,7.89,,,
11/06/2007,7.608,7.746,7.836,,,
12/06/2007,7.682,7.823,7.915,,,
13/06/2007,7.608,7.748,7.841,,,
14/06/2007,7.808,7.942,8.022,,,
15/06/2007,7.918,8.06,8.141,,,
18/06/2007,7.69,7.828,7.909,,,
19/06/2007,7.519,7.652,7.734,,,
20/06/2007,7.391,7.519,7.598,,,
21/06/2007,7.348,7.482,7.565,,,
22/06/2007,7.13,7.26,7.347,,,
25/06/2007,6.94,7.079,7.172,,,
26/06/2007,6.877,7.002,7.093,,,
27/06/2007,6.929,7.083,7.174,,,
28/06/2007,6.655,6.752,6.907,,,
29/06/2007,6.773,6.868,7.023,,,
2/07/2007,6.764,6.869,7.029,,,
3/07/2007,6.754,6.859,7.034,,,
5/07/2007,6.618,6.726,6.904,,,
6/07/2007,6.444,6.558,6.736,,,
9/07/2007,6.41,6.534,6.708,,,
10/07/2007,6.699,6.814,6.979,,,
11/07/2007,6.6,6.711,6.877,,,
12/07/2007,6.497,6.609,6.782,,,
13/07/2007,6.662,6.77,6.941,,,
16/07/2007,6.376,6.477,6.647,,,
17/07/2007,6.307,6.402,6.567,,,
18/07/2007,6.528,6.611,6.771,,,
19/07/2007,6.706,6.785,6.938,,,
20/07/2007,6.446,6.523,6.676,,,
23/07/2007,6.039,6.118,6.289,,,
24/07/2007,5.863,5.949,6.128,,,
25/07/2007,5.925,6.062,6.26,,,
26/07/2007,5.943,6.074,6.291,,,
27/07/2007,6.11,6.208,6.436,,,
30/07/2007,6.499,6.714,7.659,,,
31/07/2007,6.191,6.421,7.374,,,
1/08/2007,6.352,6.564,7.484,,,
2/08/2007,6.106,6.316,7.241,,,
3/08/2007,6.09,6.292,7.182,,,
6/08/2007,6.208,6.378,7.228,,,
7/08/2007,6.201,6.395,7.285,,,
8/08/2007,6.22,6.452,7.379,,,
9/08/2007,6.586,6.801,7.656,,,
10/08/2007,6.82,7.054,7.854,,,
13/08/2007,6.794,7.018,7.849,,,
14/08/2007,6.94,7.13,7.935,,,
15/08/2007,6.864,7.042,7.837,,,
16/08/2007,6.875,7.015,7.745,,,
17/08/2007,7.01,7.123,7.828,,,
20/08/2007,6.04,6.205,7.085,,,
21/08/2007,5.817,6.03,6.963,,,
22/08/2007,5.578,5.79,6.77,,,
23/08/2007,5.622,5.845,6.805,,,
24/08/2007,5.523,5.739,6.704,,,
27/08/2007,5.38,5.59,6.57,,,
28/08/2007,5.593,5.761,6.696,,,
29/08/2007,5.43,5.581,6.561,,,
30/08/2007,5.635,6.607,7.51,,,
31/08/2007,5.468,6.461,7.381,,,
4/09/2007,5.629,6.576,7.463,,,
5/09/2007,5.805,6.69,7.52,,,
6/09/2007,5.65,6.577,7.417,,,
7/09/2007,5.501,6.446,7.301,,,
10/09/2007,5.891,6.716,7.476,,,
11/09/2007,5.934,6.757,7.504,,,
12/09/2007,6.438,7.229,7.919,,,
13/09/2007,6.029,6.881,7.661,,,
14/09/2007,6.279,7.054,7.754,,,
17/09/2007,6.653,7.317,7.932,,,
18/09/2007,6.568,7.228,7.858,,,
19/09/2007,6.18,6.91,7.615,,,
20/09/2007,6.008,6.978,7.793,,,
21/09/2007,6.08,6.99,7.82,,,
24/09/2007,6.37,7.168,7.915,,,
25/09/2007,6.36,7.087,7.787,,,
26/09/2007,6.423,7.046,7.746,,,
27/09/2007,6.919,7.694,8.067,,,
28/09/2007,6.87,7.705,8.102,,,
1/10/2007,7.05,7.797,8.163,,,
2/10/2007,7.427,8.067,8.397,,,
3/10/2007,7.277,7.915,8.255,,,
4/10/2007,7.412,8.027,8.355,,,
5/10/2007,7.073,7.844,8.219,,,
8/10/2007,6.846,7.661,8.044,,,
9/10/2007,6.863,7.633,8.003,,,
10/10/2007,7.01,7.725,8.094,,,
11/10/2007,6.876,7.641,8.041,,,
12/10/2007,6.974,7.681,8.046,,,
15/10/2007,7.445,8.012,8.333,,,
16/10/2007,7.367,7.942,8.275,,,
17/10/2007,7.458,8.103,8.433,,,
18/10/2007,7.374,8.081,8.424,,,
19/10/2007,7.041,7.728,8.093,,,
22/10/2007,6.891,7.529,7.906,,,
23/10/2007,6.761,7.471,7.851,,,
24/10/2007,6.972,7.657,8.034,,,
25/10/2007,7.188,7.816,8.163,,,
26/10/2007,7.218,7.808,8.138,,,
29/10/2007,7.269,7.974,8.299,,,
30/10/2007,8.021,8.354,8.387,,,
31/10/2007,8.33,8.66,8.689,,,
1/11/2007,8.637,8.997,9.035,,,
2/11/2007,8.418,8.801,8.845,,,
5/11/2007,7.999,8.401,8.456,,,
6/11/2007,7.863,8.238,8.306,,,
7/11/2007,7.624,7.996,8.061,,,
8/11/2007,7.713,8.111,8.171,,,
9/11/2007,7.897,8.29,8.343,,,
12/11/2007,7.961,8.329,8.389,,,
13/11/2007,7.949,8.318,8.368,,,
14/11/2007,7.835,8.23,8.285,,,
15/11/2007,7.7,8.082,8.138,,,
16/11/2007,8.001,8.348,8.391,,,
19/11/2007,7.787,8.147,8.2,,,
20/11/2007,7.477,7.818,7.883,,,
21/11/2007,7.55,7.87,7.925,,,
23/11/2007,7.7,8.011,8.054,,,
26/11/2007,7.723,8.021,8.066,,,
27/11/2007,7.557,7.817,7.867,,,
28/11/2007,7.203,7.486,7.551,,,
29/11/2007,7.452,7.519,7.451,,,
30/11/2007,7.302,7.371,7.312,,,
3/12/2007,7.214,7.294,7.244,,,
4/12/2007,7.155,7.24,7.212,,,
5/12/2007,7.185,7.275,7.246,,,
6/12/2007,7.33,7.415,7.377,,,
7/12/2007,7.155,7.254,7.251,,,
10/12/2007,7.032,7.142,7.154,,,
11/12/2007,7.085,7.183,7.193,,,
12/12/2007,7.408,7.506,7.5,,,
13/12/2007,7.193,7.321,7.337,,,
14/12/2007,7.025,7.153,7.165,,,
17/12/2007,7.035,7.176,7.206,,,
18/12/2007,7.141,7.278,7.32,,,
19/12/2007,7.179,7.299,7.34,,,
20/12/2007,7.137,7.237,7.271,,,
21/12/2007,7.19,7.292,7.31,,,
24/12/2007,7.025,7.145,7.185,,,
26/12/2007,7.046,7.164,7.201,,,
27/12/2007,7.172,7.2,7.237,,,
28/12/2007,7.386,7.411,7.436,,,
31/12/2007,7.483,7.521,7.546,,,
2/01/2008,7.85,7.865,7.87,,,
3/01/2008,7.674,7.698,7.698,,,
4/01/2008,7.841,7.811,7.786,,,
7/01/2008,7.879,7.885,7.875,,,
8/01/2008,7.967,7.984,7.962,,,
9/01/2008,8.099,8.089,8.044,,,
10/01/2008,8.259,8.193,8.128,,,
11/01/2008,8.21,8.182,8.132,,,
14/01/2008,8.353,8.271,8.216,,,
15/01/2008,8.196,8.131,8.083,,,
16/01/2008,8.133,8.06,8.023,,,
17/01/2008,8.081,8.018,7.978,,,
18/01/2008,7.993,7.947,7.919,,,
22/01/2008,7.67,7.647,7.647,,,
23/01/2008,7.621,7.581,7.586,,,
24/01/2008,7.802,7.783,7.768,,,
25/01/2008,7.983,7.954,7.929,,,
28/01/2008,8.095,8.042,8.017,,,
29/01/2008,7.996,7.943,7.933,,,
30/01/2008,8.045,8.044,8.094,,,
31/01/2008,8.074,8.074,8.125,,,
1/02/2008,7.74,7.775,7.845,,,
4/02/2008,7.869,7.889,7.951,,,
5/02/2008,7.942,7.969,8.036,,,
6/02/2008,7.994,8.022,8.091,,,
7/02/2008,8.102,8.135,8.202,,,
8/02/2008,8.301,8.328,8.383,,,
11/02/2008,8.531,8.569,8.619,,,
12/02/2008,8.436,8.479,8.527,,,
13/02/2008,8.388,8.43,8.465,,,
14/02/2008,8.772,8.78,8.792,,,
15/02/2008,8.66,8.668,8.68,,,
19/02/2008,8.977,8.987,8.99,,,
20/02/2008,8.965,8.968,8.965,,,
21/02/2008,8.891,8.892,8.889,,,
22/02/2008,9.146,9.193,9.198,,,
25/02/2008,9.186,9.218,9.239,,,
26/02/2008,9.206,9.252,9.286,,,
27/02/2008,8.93,9.06,9.103,,,
28/02/2008,9.443,9.482,9.533,,,
29/02/2008,9.366,9.417,9.477,,,
3/03/2008,9.346,9.408,9.473,,,
4/03/2008,9.353,9.393,9.443,,,
5/03/2008,9.741,9.776,9.819,,,
6/03/2008,9.742,9.792,9.851,,,
7/03/2008,9.769,9.819,9.88,,,
10/03/2008,10.024,10.075,10.136,,,
11/03/2008,10,10.064,10.134,,,
12/03/2008,10.011,10.078,10.15,,,
13/03/2008,10.23,10.306,10.384,,,
14/03/2008,9.868,9.961,10.041,,,
17/03/2008,9.1,9.197,9.275,,,
18/03/2008,9.414,9.504,9.58,,,
19/03/2008,9.024,9.112,9.195,,,
20/03/2008,9.065,9.14,9.227,,,
24/03/2008,9.329,9.423,9.515,,,
25/03/2008,9.419,9.511,9.601,,,
26/03/2008,9.572,9.685,9.775,,,
27/03/2008,9.578,9.687,9.783,,,
28/03/2008,9.8,9.893,9.988,,,
31/03/2008,10.101,10.177,10.258,,,
1/04/2008,9.724,9.81,9.894,,,
2/04/2008,9.832,9.916,9.999,,,
3/04/2008,9.417,9.511,9.607,,,
4/04/2008,9.322,9.416,9.514,,,
7/04/2008,9.791,9.881,9.985,,,
8/04/2008,9.697,9.78,9.884,,,
9/04/2008,10.056,10.137,10.241,,,
10/04/2008,10.098,10.181,10.283,,,
11/04/2008,9.901,9.978,10.083,,,
14/04/2008,10.053,10.126,10.225,,,
15/04/2008,10.205,10.295,10.397,,,
16/04/2008,10.433,10.532,10.639,,,
17/04/2008,10.383,10.487,10.606,,,
18/04/2008,10.587,10.705,10.819,,,
21/04/2008,10.733,10.874,11.006,,,
22/04/2008,10.607,10.763,10.903,,,
23/04/2008,10.781,10.946,11.084,,,
24/04/2008,10.79,10.943,11.081,,,
25/04/2008,10.963,11.101,11.24,,,
28/04/2008,11.28,11.329,11.452,,,
29/04/2008,10.842,10.98,11.046,,,
30/04/2008,10.843,10.979,11.045,,,
1/05/2008,10.561,10.702,10.783,,,
2/05/2008,10.777,10.92,11.001,,,
5/05/2008,11.178,11.32,11.402,,,
6/05/2008,11.15,11.286,11.366,,,
7/05/2008,11.327,11.452,11.53,,,
8/05/2008,11.263,11.37,11.44,,,
9/05/2008,11.537,11.657,11.731,,,
12/05/2008,11.301,11.431,11.513,,,
13/05/2008,11.422,11.556,11.64,,,
14/05/2008,11.598,11.738,11.825,,,
15/05/2008,11.399,11.556,11.645,,,
16/05/2008,11.094,11.259,11.354,,,
19/05/2008,10.954,11.112,11.209,,,
20/05/2008,11.365,11.512,11.607,,,
21/05/2008,11.64,11.78,11.871,,,
22/05/2008,11.697,11.831,11.916,,,
23/05/2008,11.857,11.981,12.061,,,
27/05/2008,11.801,11.919,12.002,,,
28/05/2008,11.916,11.995,12.079,,,
29/05/2008,11.474,11.565,11.583,,,
30/05/2008,11.703,11.795,11.81,,,
2/06/2008,11.969,12.063,12.077,,,
3/06/2008,12.221,12.302,12.316,,,
4/06/2008,12.379,12.442,12.429,,,
5/06/2008,12.519,12.586,12.577,,,
6/06/2008,12.693,12.763,12.765,,,
9/06/2008,12.604,12.684,12.704,,,
10/06/2008,12.435,12.516,12.539,,,
11/06/2008,12.66,12.749,12.779,,,
12/06/2008,12.798,12.895,12.93,,,
13/06/2008,12.625,12.728,12.765,,,
16/06/2008,12.933,13.037,13.071,,,
17/06/2008,12.952,13.055,13.084,,,
18/06/2008,13.21,13.316,13.346,,,
19/06/2008,12.861,12.991,13.031,,,
20/06/2008,12.994,13.113,13.157,,,
23/06/2008,13.203,13.322,13.372,,,
24/06/2008,13.011,13.126,13.18,,,
25/06/2008,12.753,12.866,12.92,,,
26/06/2008,13.105,13.248,13.291,,,
27/06/2008,13.198,13.262,13.345,,,
30/06/2008,13.353,13.418,13.505,,,
1/07/2008,13.505,13.57,13.65,,,
2/07/2008,13.389,13.452,13.527,,,
3/07/2008,13.577,13.646,13.726,,,
7/07/2008,12.977,13.061,13.159,,,
8/07/2008,12.368,12.457,12.56,,,
9/07/2008,12.006,12.09,12.202,,,
10/07/2008,12.3,12.383,12.495,,,
11/07/2008,11.904,11.993,12.118,,,
14/07/2008,11.959,12.05,12.171,,,
15/07/2008,11.477,11.568,11.681,,,
16/07/2008,11.398,11.478,11.568,,,
17/07/2008,10.537,10.605,10.702,,,
18/07/2008,10.57,10.639,10.744,,,
21/07/2008,10.51,10.585,10.695,,,
22/07/2008,10.067,10.143,10.259,,,
23/07/2008,9.788,9.851,9.952,,,
24/07/2008,9.323,9.377,9.478,,,
25/07/2008,9.084,9.126,9.232,,,
28/07/2008,9.163,9.195,9.298,,,
29/07/2008,9.217,9.13,9.232,,,
30/07/2008,9.248,9.339,9.689,,,
31/07/2008,9.119,9.224,9.594,,,
1/08/2008,9.389,9.494,9.866,,,
4/08/2008,8.726,8.836,9.253,,,
5/08/2008,8.726,8.82,9.215,,,
6/08/2008,8.773,8.855,9.225,,,
7/08/2008,8.571,8.659,9.029,,,
8/08/2008,8.248,8.33,8.708,,,
11/08/2008,8.349,8.422,8.774,,,
12/08/2008,8.33,8.41,8.77,,,
13/08/2008,8.456,8.545,8.906,,,
14/08/2008,8.136,8.239,8.629,,,
15/08/2008,8.092,8.198,8.578,,,
18/08/2008,7.888,7.996,8.381,,,
19/08/2008,7.976,8.08,8.443,,,
20/08/2008,8.077,8.176,8.546,,,
21/08/2008,8.252,8.359,8.726,,,
22/08/2008,7.843,7.957,8.347,,,
25/08/2008,7.825,7.938,8.335,,,
26/08/2008,8.278,8.387,8.737,,,
27/08/2008,8.394,8.608,8.965,,,
28/08/2008,8.05,8.472,8.897,,,
29/08/2008,7.943,8.363,8.788,,,
2/09/2008,7.261,7.719,8.177,,,
3/09/2008,7.264,7.724,8.186,,,
4/09/2008,7.322,7.761,8.21,,,
5/09/2008,7.449,7.879,8.329,,,
8/09/2008,7.527,7.891,8.311,,,
9/09/2008,7.535,7.85,8.25,,,
10/09/2008,7.393,7.677,8.058,,,
11/09/2008,7.248,7.54,7.93,,,
12/09/2008,7.366,7.641,8.013,,,
15/09/2008,7.374,7.656,8,,,
16/09/2008,7.279,7.559,7.904,,,
17/09/2008,7.91,8.195,8.487,,,
18/09/2008,7.621,7.926,8.296,,,
19/09/2008,7.531,7.848,8.235,,,
22/09/2008,7.658,7.943,8.311,,,
23/09/2008,7.931,8.144,8.476,,,
24/09/2008,7.679,7.908,8.256,,,
25/09/2008,7.724,7.931,8.268,,,
26/09/2008,7.472,7.628,8.015,,,
29/09/2008,7.221,7.601,7.841,,,
30/09/2008,7.438,7.788,8.02,,,
1/10/2008,7.728,8.02,8.23,,,
2/10/2008,7.481,7.756,7.977,,,
3/10/2008,7.358,7.648,7.874,,,
6/10/2008,6.835,7.153,7.406,,,
7/10/2008,6.768,7.105,7.384,,,
8/10/2008,6.742,7.074,7.382,,,
9/10/2008,6.825,7.156,7.458,,,
10/10/2008,6.535,6.881,7.189,,,
13/10/2008,6.688,7.028,7.333,,,
14/10/2008,6.727,7.049,7.324,,,
15/10/2008,6.592,6.879,7.136,,,
16/10/2008,6.703,6.972,7.215,,,
17/10/2008,6.786,7.076,7.306,,,
20/10/2008,6.741,6.991,7.211,,,
21/10/2008,6.844,7.088,7.312,,,
22/10/2008,6.777,6.977,7.21,,,
23/10/2008,6.419,6.619,6.886,,,
24/10/2008,6.239,6.462,6.747,,,
27/10/2008,6.121,6.34,6.628,,,
28/10/2008,6.186,6.416,6.696,,,
29/10/2008,6.469,6.778,7.055,,,
30/10/2008,6.431,6.734,6.797,,,
31/10/2008,6.783,7.053,7.114,,,
3/11/2008,6.838,7.085,7.145,,,
4/11/2008,7.219,7.447,7.499,,,
5/11/2008,7.249,7.491,7.544,,,
6/11/2008,6.979,7.201,7.246,,,
7/11/2008,6.757,6.968,7.02,,,
10/11/2008,7.248,7.419,7.459,,,
11/11/2008,6.705,6.851,6.916,,,
12/11/2008,6.405,6.56,6.633,,,
13/11/2008,6.318,6.477,6.56,,,
14/11/2008,6.312,6.468,6.546,,,
17/11/2008,6.533,6.641,6.701,,,
18/11/2008,6.516,6.602,6.662,,,
19/11/2008,6.743,6.813,6.851,,,
20/11/2008,6.316,6.386,6.447,,,
21/11/2008,6.48,6.503,6.54,,,
24/11/2008,6.888,6.827,6.85,,,
25/11/2008,6.386,6.436,6.411,,,
26/11/2008,6.878,6.898,6.839,,,
28/11/2008,6.51,6.57,6.54,,,
1/12/2008,6.604,6.636,6.593,,,
2/12/2008,6.424,6.452,6.426,,,
3/12/2008,6.347,6.371,6.35,,,
4/12/2008,6.017,6.05,6.045,,,
5/12/2008,5.742,5.767,5.767,,,
8/12/2008,5.566,5.612,5.63,,,
9/12/2008,5.579,5.632,5.665,,,
10/12/2008,5.686,5.746,5.794,,,
11/12/2008,5.598,5.658,5.708,,,
12/12/2008,5.488,5.519,5.552,,,
15/12/2008,5.645,5.675,5.682,,,
16/12/2008,5.751,5.781,5.803,,,
17/12/2008,5.619,5.668,5.714,,,
18/12/2008,5.548,5.611,5.639,,,
19/12/2008,5.334,5.384,5.438,,,
22/12/2008,5.294,5.33,5.377,,,
23/12/2008,5.737,5.782,5.806,,,
24/12/2008,5.91,5.919,5.944,,,
26/12/2008,5.826,5.812,5.847,,,
29/12/2008,6.136,6.084,6.099,,,
30/12/2008,5.859,5.89,5.933,,,
31/12/2008,5.622,5.657,5.725,,,
2/01/2009,5.971,5.994,6.034,,,
5/01/2009,6.072,6.087,6.13,,,
6/01/2009,5.983,5.998,6.043,,,
7/01/2009,5.872,5.874,5.918,,,
8/01/2009,5.583,5.564,5.614,,,
9/01/2009,5.516,5.494,5.543,,,
12/01/2009,5.542,5.517,5.572,,,
13/01/2009,5.184,5.161,5.227,,,
14/01/2009,4.97,4.972,5.048,,,
15/01/2009,4.843,4.842,4.91,,,
16/01/2009,4.801,4.813,4.886,,,
20/01/2009,4.642,4.631,4.699,,,
21/01/2009,4.78,4.75,4.809,,,
22/01/2009,4.681,4.662,4.724,,,
23/01/2009,4.518,4.493,4.566,,,
26/01/2009,4.49,4.458,4.533,,,
27/01/2009,4.503,4.445,4.506,,,
28/01/2009,4.476,4.42,4.491,,,
29/01/2009,4.576,4.646,4.724,,,
30/01/2009,4.417,4.489,4.574,,,
2/02/2009,4.557,4.604,4.687,,,
3/02/2009,4.513,4.578,4.671,,,
4/02/2009,4.597,4.647,4.736,,,
5/02/2009,4.642,4.687,4.772,,,
6/02/2009,4.774,4.814,4.901,,,
9/02/2009,4.807,4.856,4.946,,,
10/02/2009,4.543,4.603,4.699,,,
11/02/2009,4.532,4.578,4.674,,,
12/02/2009,4.485,4.504,4.599,,,
13/02/2009,4.452,4.459,4.55,,,
17/02/2009,4.203,4.217,4.307,,,
18/02/2009,4.214,4.238,4.327,,,
19/02/2009,4.078,4.111,4.198,,,
20/02/2009,4.006,4.036,4.125,,,
23/02/2009,4.097,4.098,4.185,,,
24/02/2009,4.236,4.194,4.281,,,
25/02/2009,4.056,4.029,4.118,,,
26/02/2009,4.077,4.167,4.305,,,
27/02/2009,4.198,4.278,4.408,,,
2/03/2009,4.152,4.228,4.36,,,
3/03/2009,4.282,4.35,4.474,,,
4/03/2009,4.34,4.419,4.542,,,
5/03/2009,4.088,4.176,4.306,,,
6/03/2009,3.945,4.017,4.142,,,
9/03/2009,3.865,3.928,4.047,,,
10/03/2009,3.84,3.907,4.027,,,
11/03/2009,3.798,3.859,3.976,,,
12/03/2009,3.995,4.055,4.181,,,
13/03/2009,3.932,4.006,4.126,,,
16/03/2009,3.85,3.922,4.042,,,
17/03/2009,3.812,3.882,3.998,,,
18/03/2009,3.684,3.759,3.881,,,
19/03/2009,4.174,4.241,4.359,,,
20/03/2009,4.227,4.306,4.431,,,
23/03/2009,4.294,4.378,4.503,,,
24/03/2009,4.347,4.442,4.567,,,
25/03/2009,4.329,4.416,4.54,,,
26/03/2009,3.947,4.034,4.171,,,
27/03/2009,3.631,3.737,3.874,,,
30/03/2009,3.739,3.874,4.02,,,
31/03/2009,3.776,3.915,4.061,,,
1/04/2009,3.695,3.83,3.979,,,
2/04/2009,3.782,3.912,4.059,,,
3/04/2009,3.801,3.929,4.073,,,
6/04/2009,3.732,3.857,4.001,,,
7/04/2009,3.562,3.694,3.85,,,
8/04/2009,3.63,3.764,3.923,,,
9/04/2009,3.61,3.745,3.907,,,
13/04/2009,3.628,3.765,3.933,,,
14/04/2009,3.689,3.826,3.996,,,
15/04/2009,3.693,3.828,3.99,,,
16/04/2009,3.599,3.733,3.892,,,
17/04/2009,3.729,3.862,4.017,,,
20/04/2009,3.54,3.667,3.826,,,
21/04/2009,3.511,3.635,3.787,,,
22/04/2009,3.532,3.645,3.788,,,
23/04/2009,3.409,3.516,3.662,,,
24/04/2009,3.297,3.402,3.55,,,
27/04/2009,3.253,3.362,3.507,,,
28/04/2009,3.321,3.44,3.584,,,
29/04/2009,3.403,3.542,3.666,,,
30/04/2009,3.373,3.515,3.638,,,
1/05/2009,3.546,3.679,3.795,,,
4/05/2009,3.725,3.86,3.976,,,
5/05/2009,3.615,3.753,3.876,,,
6/05/2009,3.887,4.012,4.131,,,
7/05/2009,4.081,4.197,4.31,,,
8/05/2009,4.311,4.416,4.521,,,
11/05/2009,4.302,4.412,4.517,,,
12/05/2009,4.449,4.563,4.662,,,
13/05/2009,4.333,4.46,4.56,,,
14/05/2009,4.292,4.414,4.524,,,
15/05/2009,4.098,4.217,4.332,,,
18/05/2009,4.139,4.265,4.377,,,
19/05/2009,3.914,4.03,4.156,,,
20/05/2009,3.97,4.098,4.222,,,
21/05/2009,3.603,3.726,3.856,,,
22/05/2009,3.515,3.636,3.766,,,
26/05/2009,3.537,3.643,3.767,,,
27/05/2009,3.538,3.638,3.758,,,
28/05/2009,3.957,4.08,4.173,,,
29/05/2009,3.835,3.958,4.055,,,
1/06/2009,4.249,4.373,4.472,,,
2/06/2009,4.12,4.258,4.369,,,
3/06/2009,3.766,3.916,4.04,,,
4/06/2009,3.81,3.97,4.101,,,
5/06/2009,3.868,4.042,4.185,,,
8/06/2009,3.731,3.93,4.1,,,
9/06/2009,3.731,3.933,4.105,,,
10/06/2009,3.708,3.898,4.071,,,
11/06/2009,3.933,4.147,4.32,,,
12/06/2009,3.857,4.071,4.243,,,
15/06/2009,4.182,4.382,4.533,,,
16/06/2009,4.129,4.312,4.448,,,
17/06/2009,4.253,4.424,4.55,,,
18/06/2009,4.093,4.278,4.414,,,
19/06/2009,4.032,4.193,4.317,,,
22/06/2009,3.933,4.071,4.187,,,
23/06/2009,3.879,4.007,4.129,,,
24/06/2009,3.761,3.906,4.046,,,
25/06/2009,3.844,3.989,4.121,,,
26/06/2009,3.949,4.105,4.237,,,
29/06/2009,3.944,4.103,4.332,,,
30/06/2009,3.835,3.982,4.204,,,
1/07/2009,3.795,3.944,4.178,,,
2/07/2009,3.615,3.757,3.996,,,
6/07/2009,3.487,3.622,3.852,,,
7/07/2009,3.429,3.558,3.775,,,
8/07/2009,3.353,3.478,3.69,,,
9/07/2009,3.408,3.526,3.734,,,
10/07/2009,3.373,3.494,3.708,,,
13/07/2009,3.263,3.402,3.626,,,
14/07/2009,3.429,3.571,3.786,,,
15/07/2009,3.283,3.433,3.667,,,
16/07/2009,3.668,3.813,4.02,,,
17/07/2009,3.669,3.816,4.028,,,
20/07/2009,3.689,3.838,4.045,,,
21/07/2009,3.705,3.846,4.058,,,
22/07/2009,3.793,3.94,4.15,,,
23/07/2009,3.55,3.71,3.939,,,
24/07/2009,3.695,3.861,4.086,,,
27/07/2009,3.604,3.768,4.008,,,
28/07/2009,3.535,3.687,3.924,,,
29/07/2009,3.379,3.548,3.788,,,
30/07/2009,3.743,3.988,4.703,,,
31/07/2009,3.653,3.909,4.656,,,
3/08/2009,4.031,4.285,5.011,,,
4/08/2009,4.001,4.275,5.005,,,
5/08/2009,4.042,4.328,5.057,,,
6/08/2009,3.743,4.007,4.768,,,
7/08/2009,3.674,3.939,4.718,,,
10/08/2009,3.641,3.919,4.726,,,
11/08/2009,3.541,3.812,4.655,,,
12/08/2009,3.479,3.767,4.643,,,
13/08/2009,3.336,3.673,4.555,,,
14/08/2009,3.238,3.638,4.519,,,
17/08/2009,3.163,3.555,4.412,,,
18/08/2009,3.096,3.464,4.326,,,
19/08/2009,3.119,3.472,4.333,,,
20/08/2009,2.945,3.32,4.241,,,
21/08/2009,2.804,3.225,4.197,,,
24/08/2009,2.923,3.337,4.307,,,
25/08/2009,2.882,3.288,4.261,,,
26/08/2009,2.91,3.294,4.269,,,
27/08/2009,2.843,3.206,4.189,,,
28/08/2009,3.033,4.053,4.913,,,
31/08/2009,2.977,3.998,4.832,,,
1/09/2009,2.821,3.868,4.697,,,
2/09/2009,2.715,3.869,4.685,,,
3/09/2009,2.508,3.662,4.509,,,
4/09/2009,2.728,3.737,4.499,,,
8/09/2009,2.807,3.857,4.592,,,
9/09/2009,2.829,3.87,4.61,,,
10/09/2009,3.256,4.249,4.956,,,
11/09/2009,2.96,4.011,4.769,,,
14/09/2009,3.297,4.324,4.992,,,
15/09/2009,3.32,4.301,4.961,,,
16/09/2009,3.76,4.715,5.317,,,
17/09/2009,3.458,4.455,5.115,,,
18/09/2009,3.778,4.655,5.323,,,
21/09/2009,3.576,4.422,5.114,,,
22/09/2009,3.609,4.52,5.218,,,
23/09/2009,3.86,4.754,5.446,,,
24/09/2009,3.955,4.896,5.592,,,
25/09/2009,3.985,4.948,5.666,,,
28/09/2009,3.73,4.83,5.588,,,
29/09/2009,4.875,5.674,5.954,,,
30/09/2009,4.841,5.674,5.965,,,
1/10/2009,4.466,5.327,5.637,,,
2/10/2009,4.718,5.522,5.816,,,
5/10/2009,4.987,5.723,5.995,,,
6/10/2009,4.88,5.627,5.909,,,
7/10/2009,4.904,5.683,5.984,,,
8/10/2009,4.963,5.739,6.045,,,
9/10/2009,4.77,5.59,5.907,,,
12/10/2009,4.88,5.74,6.07,,,
13/10/2009,4.588,5.475,5.818,,,
14/10/2009,4.436,5.357,5.684,,,
15/10/2009,4.482,5.413,5.731,,,
16/10/2009,4.781,5.713,6.019,,,
19/10/2009,4.835,5.758,6.073,,,
20/10/2009,5.161,5.935,6.223,,,
21/10/2009,5.1,5.793,6.078,,,
22/10/2009,4.947,5.617,5.921,,,
23/10/2009,4.787,5.484,5.808,,,
26/10/2009,4.513,5.212,5.554,,,
27/10/2009,4.557,5.282,5.627,,,
28/10/2009,4.289,5.066,5.419,,,
29/10/2009,5.062,5.428,5.481,,,
30/10/2009,5.045,5.39,5.444,,,
2/11/2009,4.824,5.162,5.217,,,
3/11/2009,4.922,5.248,5.296,,,
4/11/2009,4.725,5.068,5.126,,,
5/11/2009,4.782,5.121,5.176,,,
6/11/2009,4.595,4.959,5.022,,,
9/11/2009,4.67,5.03,5.096,,,
10/11/2009,4.467,4.861,4.935,,,
11/11/2009,4.503,4.901,4.974,,,
12/11/2009,4.37,4.761,4.841,,,
13/11/2009,4.392,4.798,4.879,,,
16/11/2009,4.614,4.991,5.066,,,
17/11/2009,4.53,4.907,4.994,,,
18/11/2009,4.254,4.659,4.754,,,
19/11/2009,4.342,4.715,4.808,,,
20/11/2009,4.424,4.758,4.845,,,
23/11/2009,4.473,4.791,4.888,,,
24/11/2009,4.486,4.766,4.855,,,
25/11/2009,5.163,5.235,5.266,,,
27/11/2009,5.192,5.261,5.29,,,
30/11/2009,4.848,4.942,4.989,,,
1/12/2009,4.762,4.845,4.89,,,
2/12/2009,4.53,4.621,4.666,,,
3/12/2009,4.459,4.548,4.586,,,
4/12/2009,4.586,4.672,4.707,,,
7/12/2009,4.971,5.057,5.097,,,
8/12/2009,5.114,5.173,5.198,,,
9/12/2009,4.898,4.965,5.005,,,
10/12/2009,5.298,5.346,5.383,,,
11/12/2009,5.163,5.232,5.274,,,
14/12/2009,5.332,5.402,5.437,,,
15/12/2009,5.523,5.578,5.577,,,
16/12/2009,5.462,5.513,5.502,,,
17/12/2009,5.768,5.8,5.787,,,
18/12/2009,5.782,5.829,5.805,,,
21/12/2009,5.669,5.712,5.694,,,
22/12/2009,5.715,5.772,5.734,,,
23/12/2009,5.821,5.884,5.852,,,
24/12/2009,5.643,5.698,5.686,,,
28/12/2009,5.99,5.996,5.965,,,
29/12/2009,5.814,5.84,5.814,,,
30/12/2009,5.709,5.685,5.649,,,
31/12/2009,5.572,5.532,5.505,,,
4/01/2010,5.884,5.841,5.802,,,
5/01/2010,5.637,5.593,5.563,,,
6/01/2010,6.009,5.941,5.861,,,
7/01/2010,5.806,5.756,5.704,,,
8/01/2010,5.749,5.712,5.664,,,
11/01/2010,5.454,5.432,5.405,,,
12/01/2010,5.591,5.552,5.52,,,
13/01/2010,5.733,5.704,5.668,,,
14/01/2010,5.588,5.57,5.54,,,
15/01/2010,5.691,5.671,5.636,,,
19/01/2010,5.557,5.536,5.499,,,
20/01/2010,5.496,5.467,5.438,,,
21/01/2010,5.615,5.568,5.529,,,
22/01/2010,5.819,5.75,5.688,,,
25/01/2010,5.722,5.663,5.615,,,
26/01/2010,5.485,5.43,5.411,,,
27/01/2010,5.274,5.224,5.206,,,
28/01/2010,5.138,5.128,5.181,,,
29/01/2010,5.131,5.12,5.171,,,
1/02/2010,5.434,5.405,5.45,,,
2/02/2010,5.454,5.432,5.483,,,
3/02/2010,5.419,5.389,5.436,,,
4/02/2010,5.416,5.384,5.428,,,
5/02/2010,5.515,5.483,5.535,,,
8/02/2010,5.401,5.371,5.428,,,
9/02/2010,5.29,5.265,5.328,,,
10/02/2010,5.292,5.278,5.34,,,
11/02/2010,5.396,5.383,5.443,,,
12/02/2010,5.468,5.447,5.495,,,
16/02/2010,5.31,5.302,5.36,,,
17/02/2010,5.386,5.363,5.416,,,
18/02/2010,5.172,5.164,5.226,,,
19/02/2010,5.044,5.057,5.121,,,
22/02/2010,4.895,4.913,4.977,,,
23/02/2010,4.778,4.809,4.875,,,
24/02/2010,4.816,4.859,4.927,,,
25/02/2010,4.767,4.831,4.91,,,
26/02/2010,4.813,4.879,4.959,,,
1/03/2010,4.679,4.746,4.827,,,
2/03/2010,4.708,4.775,4.85,,,
3/03/2010,4.757,4.821,4.892,,,
4/03/2010,4.575,4.643,4.717,,,
5/03/2010,4.593,4.659,4.729,,,
8/03/2010,4.527,4.59,4.659,,,
9/03/2010,4.516,4.575,4.643,,,
10/03/2010,4.559,4.624,4.696,,,
11/03/2010,4.44,4.506,4.579,,,
12/03/2010,4.4,4.466,4.538,,,
15/03/2010,4.391,4.467,4.542,,,
16/03/2010,4.347,4.418,4.493,,,
17/03/2010,4.303,4.371,4.443,,,
18/03/2010,4.085,4.153,4.226,,,
19/03/2010,4.169,4.228,4.296,,,
22/03/2010,4.079,4.145,4.211,,,
23/03/2010,4.13,4.19,4.258,,,
24/03/2010,4.105,4.154,4.222,,,
25/03/2010,3.981,4.029,4.102,,,
26/03/2010,3.872,3.93,4.007,,,
29/03/2010,3.842,3.916,4.001,,,
30/03/2010,3.973,4.062,4.166,,,
31/03/2010,3.869,3.965,4.082,,,
1/04/2010,4.086,4.177,4.29,,,
5/04/2010,4.277,4.371,4.487,,,
6/04/2010,4.096,4.189,4.307,,,
7/04/2010,4.019,4.109,4.23,,,
8/04/2010,3.909,4.006,4.137,,,
9/04/2010,4.07,4.169,4.308,,,
12/04/2010,4.008,4.111,4.252,,,
13/04/2010,4.16,4.253,4.379,,,
14/04/2010,4.199,4.295,4.419,,,
15/04/2010,3.985,4.074,4.19,,,
16/04/2010,4.039,4.125,4.243,,,
19/04/2010,3.944,4.027,4.147,,,
20/04/2010,3.975,4.064,4.185,,,
21/04/2010,3.955,4.041,4.167,,,
22/04/2010,4.128,4.215,4.33,,,
23/04/2010,4.257,4.343,4.453,,,
26/04/2010,4.262,4.351,4.467,,,
27/04/2010,4.216,4.315,4.438,,,
28/04/2010,4.271,4.348,4.474,,,
29/04/2010,3.98,4.113,4.217,,,
30/04/2010,3.92,4.05,4.153,,,
3/05/2010,4,4.129,4.233,,,
4/05/2010,4.013,4.133,4.237,,,
5/05/2010,3.991,4.107,4.207,,,
6/05/2010,3.929,4.042,4.143,,,
7/05/2010,4.015,4.124,4.221,,,
10/05/2010,4.17,4.271,4.357,,,
11/05/2010,4.131,4.225,4.311,,,
12/05/2010,4.284,4.385,4.464,,,
13/05/2010,4.339,4.44,4.511,,,
14/05/2010,4.312,4.409,4.478,,,
17/05/2010,4.398,4.489,4.557,,,
18/05/2010,4.342,4.436,4.507,,,
19/05/2010,4.158,4.246,4.321,,,
20/05/2010,4.106,4.185,4.258,,,
21/05/2010,4.035,4.106,4.178,,,
24/05/2010,4.017,4.075,4.146,,,
25/05/2010,4.051,4.114,4.186,,,
26/05/2010,4.155,4.179,4.253,,,
27/05/2010,4.294,4.368,4.422,,,
28/05/2010,4.341,4.409,4.464,,,
1/06/2010,4.248,4.316,4.371,,,
2/06/2010,4.424,4.484,4.531,,,
3/06/2010,4.69,4.735,4.765,,,
4/06/2010,4.797,4.842,4.863,,,
7/06/2010,4.916,4.968,5.006,,,
8/06/2010,4.808,4.865,4.917,,,
9/06/2010,4.677,4.736,4.792,,,
10/06/2010,4.647,4.706,4.761,,,
11/06/2010,4.781,4.833,4.884,,,
14/06/2010,5.006,5.06,5.1,,,
15/06/2010,5.189,5.24,5.273,,,
16/06/2010,4.978,5.031,5.071,,,
17/06/2010,5.162,5.212,5.241,,,
18/06/2010,4.997,5.049,5.081,,,
21/06/2010,4.873,4.91,4.944,,,
22/06/2010,4.756,4.794,4.837,,,
23/06/2010,4.804,4.853,4.895,,,
24/06/2010,4.748,4.793,4.834,,,
25/06/2010,4.861,4.908,4.943,,,
28/06/2010,4.717,4.733,4.772,,,
29/06/2010,4.548,4.587,4.673,,,
30/06/2010,4.616,4.652,4.73,,,
1/07/2010,4.854,4.88,4.939,,,
2/07/2010,4.687,4.717,4.795,,,
6/07/2010,4.682,4.702,4.774,,,
7/07/2010,4.565,4.588,4.667,,,
8/07/2010,4.399,4.42,4.509,,,
9/07/2010,4.402,4.418,4.498,,,
12/07/2010,4.388,4.401,4.479,,,
13/07/2010,4.354,4.364,4.429,,,
14/07/2010,4.306,4.319,4.388,,,
15/07/2010,4.586,4.592,4.65,,,
16/07/2010,4.519,4.518,4.575,,,
19/07/2010,4.51,4.509,4.556,,,
20/07/2010,4.59,4.576,4.619,,,
21/07/2010,4.513,4.5,4.549,,,
22/07/2010,4.643,4.632,4.672,,,
23/07/2010,4.58,4.563,4.6,,,
26/07/2010,4.612,4.583,4.62,,,
27/07/2010,4.675,4.646,4.679,,,
28/07/2010,4.774,4.718,4.743,,,
29/07/2010,4.827,4.848,5.009,,,
30/07/2010,4.923,4.933,5.072,,,
2/08/2010,4.701,4.723,4.908,,,
3/08/2010,4.639,4.668,4.851,,,
4/08/2010,4.737,4.756,4.909,,,
5/08/2010,4.598,4.622,4.795,,,
6/08/2010,4.467,4.494,4.727,,,
9/08/2010,4.309,4.332,4.596,,,
10/08/2010,4.297,4.304,4.555,,,
11/08/2010,4.326,4.331,4.546,,,
12/08/2010,4.296,4.315,4.573,,,
13/08/2010,4.328,4.35,4.585,,,
16/08/2010,4.228,4.249,4.456,,,
17/08/2010,4.267,4.283,4.473,,,
18/08/2010,4.239,4.266,4.473,,,
19/08/2010,4.171,4.205,4.402,,,
20/08/2010,4.117,4.137,4.342,,,
23/08/2010,4.066,4.084,4.279,,,
24/08/2010,4.039,4.059,4.249,,,
25/08/2010,3.871,3.896,4.132,,,
26/08/2010,3.817,3.843,4.093,,,
27/08/2010,3.651,3.705,4.003,,,
30/08/2010,3.812,4.124,4.445,,,
31/08/2010,3.816,4.148,4.492,,,
1/09/2010,3.762,4.059,4.415,,,
2/09/2010,3.751,4.025,4.359,,,
3/09/2010,3.939,4.17,4.465,,,
7/09/2010,3.852,4.098,4.387,,,
8/09/2010,3.814,4.069,4.351,,,
9/09/2010,3.768,4.026,4.333,,,
10/09/2010,3.883,4.125,4.427,,,
13/09/2010,3.938,4.169,4.458,,,
14/09/2010,3.966,4.169,4.418,,,
15/09/2010,3.995,4.191,4.42,,,
16/09/2010,4.062,4.238,4.45,,,
17/09/2010,4.024,4.203,4.42,,,
20/09/2010,3.822,4.005,4.243,,,
21/09/2010,3.919,4.067,4.287,,,
22/09/2010,3.966,4.096,4.319,,,
23/09/2010,4.019,4.156,4.374,,,
24/09/2010,3.881,4.009,4.26,,,
27/09/2010,3.8,3.916,4.141,,,
28/09/2010,3.837,3.951,4.172,,,
29/09/2010,3.962,4.178,4.342,,,
30/09/2010,3.872,4.122,4.294,,,
1/10/2010,3.797,4.077,4.261,,,
4/10/2010,3.727,4.047,4.249,,,
5/10/2010,3.743,4.067,4.274,,,
6/10/2010,3.865,4.187,4.373,,,
7/10/2010,3.617,3.993,4.227,,,
8/10/2010,3.651,4.046,4.292,,,
11/10/2010,3.601,4.01,4.286,,,
12/10/2010,3.629,3.992,4.263,,,
13/10/2010,3.696,4.041,4.278,,,
14/10/2010,3.657,4.016,4.244,,,
15/10/2010,3.535,3.925,4.169,,,
18/10/2010,3.431,3.87,4.13,,,
19/10/2010,3.513,3.895,4.133,,,
20/10/2010,3.539,3.893,4.144,,,
21/10/2010,3.368,3.75,4.018,,,
22/10/2010,3.332,3.693,3.948,,,
25/10/2010,3.317,3.666,3.928,,,
26/10/2010,3.354,3.766,4.023,,,
27/10/2010,3.292,3.763,4.025,,,
28/10/2010,3.89,4.134,4.157,,,
29/10/2010,4.038,4.265,4.275,,,
1/11/2010,3.832,4.086,4.113,,,
2/11/2010,3.87,4.122,4.142,,,
3/11/2010,3.836,4.091,4.11,,,
4/11/2010,3.856,4.109,4.117,,,
5/11/2010,3.937,4.176,4.18,,,
8/11/2010,4.088,4.279,4.285,,,
9/11/2010,4.21,4.372,4.37,,,
10/11/2010,4.046,4.239,4.251,,,
11/11/2010,3.927,4.111,4.131,,,
12/11/2010,3.799,3.982,4.001,,,
15/11/2010,3.845,4.028,4.039,,,
16/11/2010,3.818,3.994,4.001,,,
17/11/2010,4.03,4.19,4.187,,,
18/11/2010,4.007,4.183,4.189,,,
19/11/2010,4.164,4.324,4.32,,,
22/11/2010,4.271,4.432,4.435,,,
23/11/2010,4.264,4.415,4.421,,,
24/11/2010,4.267,4.388,4.394,,,
26/11/2010,4.399,4.412,4.374,,,
29/11/2010,4.21,4.234,4.204,,,
30/11/2010,4.18,4.199,4.169,,,
1/12/2010,4.269,4.279,4.243,,,
2/12/2010,4.343,4.35,4.312,,,
3/12/2010,4.349,4.359,4.324,,,
6/12/2010,4.488,4.488,4.446,,,
7/12/2010,4.393,4.401,4.376,,,
8/12/2010,4.606,4.604,4.57,,,
9/12/2010,4.435,4.44,4.413,,,
10/12/2010,4.417,4.428,4.409,,,
13/12/2010,4.42,4.434,4.415,,,
14/12/2010,4.255,4.284,4.268,,,
15/12/2010,4.222,4.251,4.235,,,
16/12/2010,4.048,4.084,4.077,,,
17/12/2010,4.066,4.103,4.1,,,
20/12/2010,4.237,4.264,4.26,,,
21/12/2010,4.059,4.084,4.096,,,
22/12/2010,4.152,4.188,4.196,,,
23/12/2010,4.083,4.133,4.149,,,
27/12/2010,4.112,4.155,4.167,,,
28/12/2010,4.216,4.288,4.287,,,
29/12/2010,4.287,4.298,4.29,,,
30/12/2010,4.338,4.352,4.337,,,
31/12/2010,4.405,4.422,4.401,,,
3/01/2011,4.65,4.614,4.574,,,
4/01/2011,4.669,4.632,4.588,,,
5/01/2011,4.473,4.441,4.406,,,
6/01/2011,4.434,4.404,4.375,,,
7/01/2011,4.422,4.402,4.39,,,
10/01/2011,4.399,4.389,4.379,,,
11/01/2011,4.481,4.476,4.47,,,
12/01/2011,4.531,4.526,4.522,,,
13/01/2011,4.407,4.419,4.42,,,
14/01/2011,4.48,4.49,4.484,,,
18/01/2011,4.425,4.446,4.45,,,
19/01/2011,4.561,4.576,4.57,,,
20/01/2011,4.695,4.692,4.677,,,
21/01/2011,4.736,4.743,4.72,,,
24/01/2011,4.58,4.598,4.595,,,
25/01/2011,4.473,4.49,4.5,,,
26/01/2011,4.491,4.501,4.508,,,
27/01/2011,4.316,4.319,4.336,,,
28/01/2011,4.323,4.34,4.384,,,
31/01/2011,4.42,4.431,4.47,,,
1/02/2011,4.347,4.366,4.409,,,
2/02/2011,4.429,4.445,4.485,,,
3/02/2011,4.337,4.357,4.405,,,
4/02/2011,4.31,4.342,4.399,,,
7/02/2011,4.104,4.14,4.204,,,
8/02/2011,4.04,4.072,4.139,,,
9/02/2011,4.044,4.083,4.149,,,
10/02/2011,3.986,4.037,4.11,,,
11/02/2011,3.91,3.977,4.052,,,
14/02/2011,3.925,3.991,4.056,,,
15/02/2011,3.976,4.03,4.097,,,
16/02/2011,3.921,3.961,4.03,,,
17/02/2011,3.868,3.901,3.968,,,
18/02/2011,3.876,3.906,3.976,,,
22/02/2011,3.867,3.907,3.976,,,
23/02/2011,3.9,3.936,4.005,,,
24/02/2011,3.793,3.872,3.94,,,
25/02/2011,4.005,4.073,4.133,,,
28/02/2011,4.037,4.11,4.173,,,
1/03/2011,3.873,3.95,4.015,,,
2/03/2011,3.818,3.894,3.961,,,
3/03/2011,3.778,3.859,3.932,,,
4/03/2011,3.809,3.887,3.957,,,
7/03/2011,3.927,3.984,4.042,,,
8/03/2011,3.864,3.924,3.986,,,
9/03/2011,3.93,3.986,4.046,,,
10/03/2011,3.83,3.892,3.955,,,
11/03/2011,3.889,3.945,4.007,,,
14/03/2011,3.914,3.976,4.04,,,
15/03/2011,3.941,4.012,4.08,,,
16/03/2011,3.938,4.01,4.079,,,
17/03/2011,4.158,4.234,4.299,,,
18/03/2011,4.168,4.246,4.316,,,
21/03/2011,4.161,4.241,4.313,,,
22/03/2011,4.254,4.331,4.396,,,
23/03/2011,4.335,4.412,4.477,,,
24/03/2011,4.244,4.327,4.397,,,
25/03/2011,4.403,4.49,4.563,,,
28/03/2011,4.374,4.448,4.52,,,
29/03/2011,4.24,4.263,4.335,,,
30/03/2011,4.355,4.426,4.502,,,
31/03/2011,4.389,4.458,4.533,,,
1/04/2011,4.362,4.437,4.515,,,
4/04/2011,4.289,4.363,4.441,,,
5/04/2011,4.231,4.304,4.384,,,
6/04/2011,4.146,4.22,4.302,,,
7/04/2011,4.057,4.126,4.209,,,
8/04/2011,4.041,4.107,4.192,,,
11/04/2011,4.108,4.176,4.26,,,
12/04/2011,4.098,4.168,4.253,,,
13/04/2011,4.141,4.206,4.283,,,
14/04/2011,4.212,4.269,4.342,,,
15/04/2011,4.204,4.264,4.338,,,
18/04/2011,4.138,4.19,4.262,,,
19/04/2011,4.262,4.31,4.382,,,
20/04/2011,4.31,4.357,4.429,,,
21/04/2011,4.412,4.466,4.535,,,
25/04/2011,4.389,4.452,4.522,,,
26/04/2011,4.387,4.444,4.512,,,
27/04/2011,4.377,4.408,4.476,,,
28/04/2011,4.571,4.633,4.677,,,
29/04/2011,4.698,4.761,4.802,,,
2/05/2011,4.693,4.763,4.807,,,
3/05/2011,4.67,4.738,4.783,,,
4/05/2011,4.577,4.644,4.687,,,
5/05/2011,4.261,4.331,4.376,,,
6/05/2011,4.235,4.297,4.342,,,
9/05/2011,4.154,4.216,4.261,,,
10/05/2011,4.246,4.303,4.345,,,
11/05/2011,4.181,4.241,4.284,,,
12/05/2011,4.194,4.256,4.3,,,
13/05/2011,4.246,4.311,4.354,,,
16/05/2011,4.318,4.379,4.423,,,
17/05/2011,4.182,4.246,4.294,,,
18/05/2011,4.198,4.266,4.316,,,
19/05/2011,4.094,4.161,4.214,,,
20/05/2011,4.23,4.29,4.34,,,
23/05/2011,4.346,4.393,4.438,,,
24/05/2011,4.345,4.391,4.437,,,
25/05/2011,4.379,4.423,4.469,,,
26/05/2011,4.326,4.36,4.405,,,
27/05/2011,4.518,4.557,4.577,,,
31/05/2011,4.666,4.7,4.71,,,
1/06/2011,4.629,4.667,4.681,,,
2/06/2011,4.794,4.821,4.822,,,
3/06/2011,4.707,4.739,4.745,,,
6/06/2011,4.827,4.857,4.869,,,
7/06/2011,4.831,4.858,4.877,,,
8/06/2011,4.847,4.874,4.893,,,
9/06/2011,4.674,4.704,4.726,,,
10/06/2011,4.757,4.789,4.812,,,
13/06/2011,4.646,4.678,4.701,,,
14/06/2011,4.581,4.613,4.635,,,
15/06/2011,4.577,4.611,4.635,,,
16/06/2011,4.412,4.45,4.476,,,
17/06/2011,4.325,4.36,4.386,,,
20/06/2011,4.317,4.352,4.38,,,
21/06/2011,4.388,4.423,4.448,,,
22/06/2011,4.317,4.35,4.375,,,
23/06/2011,4.193,4.217,4.243,,,
24/06/2011,4.229,4.25,4.275,,,
27/06/2011,4.256,4.264,4.286,,,
28/06/2011,4.357,4.354,4.373,,,
29/06/2011,4.315,4.334,4.373,,,
30/06/2011,4.374,4.393,4.432,,,
1/07/2011,4.311,4.33,4.372,,,
5/07/2011,4.363,4.371,4.409,,,
6/07/2011,4.217,4.222,4.26,,,
7/07/2011,4.133,4.138,4.168,,,
8/07/2011,4.205,4.204,4.231,,,
11/07/2011,4.288,4.277,4.302,,,
12/07/2011,4.333,4.312,4.335,,,
13/07/2011,4.403,4.387,4.411,,,
14/07/2011,4.378,4.358,4.378,,,
15/07/2011,4.546,4.52,4.535,,,
18/07/2011,4.546,4.524,4.54,,,
19/07/2011,4.533,4.511,4.526,,,
20/07/2011,4.5,4.469,4.483,,,
21/07/2011,4.395,4.362,4.377,,,
22/07/2011,4.399,4.37,4.385,,,
25/07/2011,4.386,4.355,4.368,,,
26/07/2011,4.37,4.331,4.347,,,
27/07/2011,4.37,4.318,4.333,,,
28/07/2011,4.244,4.257,4.369,,,
29/07/2011,4.145,4.157,4.272,,,
1/08/2011,4.188,4.19,4.303,,,
2/08/2011,4.155,4.156,4.271,,,
3/08/2011,4.09,4.102,4.222,,,
4/08/2011,3.941,3.955,4.09,,,
5/08/2011,3.941,3.962,4.113,,,
8/08/2011,3.935,3.957,4.115,,,
9/08/2011,3.994,4.015,4.167,,,
10/08/2011,4.003,4.024,4.181,,,
11/08/2011,4.108,4.127,4.279,,,
12/08/2011,4.06,4.071,4.219,,,
15/08/2011,4.024,4.039,4.184,,,
16/08/2011,3.932,3.942,4.09,,,
17/08/2011,3.933,3.943,4.084,,,
18/08/2011,3.892,3.899,4.038,,,
19/08/2011,3.94,3.941,4.075,,,
22/08/2011,3.889,3.869,3.991,,,
23/08/2011,3.993,3.968,4.07,,,
24/08/2011,3.922,3.889,3.996,,,
25/08/2011,3.931,3.906,4.025,,,
26/08/2011,3.931,3.912,4.047,,,
29/08/2011,3.857,3.83,3.955,,,
30/08/2011,3.909,4.024,4.243,,,
31/08/2011,4.054,4.173,4.386,,,
1/09/2011,4.05,4.166,4.381,,,
2/09/2011,3.872,3.99,4.211,,,
6/09/2011,3.938,4.043,4.259,,,
7/09/2011,3.94,4.045,4.251,,,
8/09/2011,3.98,4.068,4.265,,,
9/09/2011,3.915,3.998,4.196,,,
12/09/2011,3.885,3.966,4.172,,,
13/09/2011,3.98,4.054,4.257,,,
14/09/2011,4.039,4.117,4.317,,,
15/09/2011,3.878,3.981,4.195,,,
16/09/2011,3.809,3.922,4.155,,,
19/09/2011,3.829,3.932,4.172,,,
20/09/2011,3.798,3.885,4.142,,,
21/09/2011,3.73,3.82,4.099,,,
22/09/2011,3.705,3.782,4.045,,,
23/09/2011,3.701,3.766,4.021,,,
26/09/2011,3.782,3.845,4.097,,,
27/09/2011,3.827,3.875,4.104,,,
28/09/2011,3.759,3.799,4.041,,,
29/09/2011,3.747,4.015,4.162,,,
30/09/2011,3.666,3.962,4.123,,,
3/10/2011,3.617,3.928,4.089,,,
4/10/2011,3.638,3.944,4.114,,,
5/10/2011,3.57,3.884,4.058,,,
6/10/2011,3.598,3.916,4.091,,,
7/10/2011,3.481,3.82,4,,,
10/10/2011,3.541,3.836,4.006,,,
11/10/2011,3.616,3.859,4.008,,,
12/10/2011,3.489,3.791,3.95,,,
13/10/2011,3.531,3.814,3.971,,,
14/10/2011,3.703,3.96,4.1,,,
17/10/2011,3.688,3.903,4.037,,,
18/10/2011,3.553,3.788,3.927,,,
19/10/2011,3.586,3.813,3.95,,,
20/10/2011,3.63,3.834,3.964,,,
21/10/2011,3.629,3.826,3.95,,,
24/10/2011,3.604,3.794,3.92,,,
25/10/2011,3.658,3.852,3.977,,,
26/10/2011,3.59,3.775,3.911,,,
27/10/2011,3.524,3.764,3.896,,,
28/10/2011,3.923,4.042,4.053,,,
31/10/2011,3.934,4.056,4.065,,,
1/11/2011,3.781,3.92,3.93,,,
2/11/2011,3.749,3.882,3.893,,,
3/11/2011,3.778,3.901,3.909,,,
4/11/2011,3.783,3.892,3.9,,,
7/11/2011,3.696,3.803,3.816,,,
8/11/2011,3.745,3.843,3.859,,,
9/11/2011,3.652,3.749,3.767,,,
10/11/2011,3.649,3.747,3.764,,,
11/11/2011,3.584,3.696,3.714,,,
14/11/2011,3.458,3.6,3.618,,,
15/11/2011,3.404,3.542,3.558,,,
16/11/2011,3.344,3.483,3.502,,,
17/11/2011,3.41,3.546,3.562,,,
18/11/2011,3.316,3.496,3.512,,,
21/11/2011,3.399,3.558,3.573,,,
22/11/2011,3.415,3.561,3.578,,,
23/11/2011,3.46,3.608,3.632,,,
25/11/2011,3.542,3.665,3.693,,,
28/11/2011,3.364,3.525,3.555,,,
29/11/2011,3.633,3.653,3.653,,,
30/11/2011,3.55,3.578,3.581,,,
1/12/2011,3.648,3.675,3.68,,,
2/12/2011,3.584,3.613,3.621,,,
5/12/2011,3.461,3.49,3.5,,,
6/12/2011,3.487,3.523,3.533,,,
7/12/2011,3.421,3.458,3.47,,,
8/12/2011,3.457,3.486,3.493,,,
9/12/2011,3.317,3.353,3.367,,,
12/12/2011,3.254,3.294,3.31,,,
13/12/2011,3.279,3.321,3.343,,,
14/12/2011,3.136,3.187,3.223,,,
15/12/2011,3.127,3.177,3.208,,,
16/12/2011,3.127,3.174,3.204,,,
19/12/2011,3.096,3.143,3.177,,,
20/12/2011,3.128,3.17,3.208,,,
21/12/2011,3.155,3.198,3.239,,,
22/12/2011,3.169,3.206,3.241,,,
23/12/2011,3.114,3.147,3.184,,,
27/12/2011,3.112,3.15,3.18,,,
28/12/2011,3.084,3.121,3.148,,,
29/12/2011,3.027,3.055,3.12,,,
30/12/2011,2.989,3.016,3.079,,,
3/01/2012,2.993,3.022,3.084,,,
4/01/2012,3.096,3.127,3.185,,,
5/01/2012,2.98,3.017,3.082,,,
6/01/2012,3.062,3.098,3.154,,,
9/01/2012,3.011,3.05,3.115,,,
10/01/2012,2.941,2.97,3.042,,,
11/01/2012,2.774,2.803,2.883,,,
12/01/2012,2.697,2.737,2.827,,,
13/01/2012,2.67,2.713,2.797,,,
17/01/2012,2.488,2.528,2.617,,,
18/01/2012,2.472,2.516,2.614,,,
19/01/2012,2.322,2.363,2.484,,,
20/01/2012,2.343,2.392,2.525,,,
23/01/2012,2.525,2.58,2.719,,,
24/01/2012,2.554,2.601,2.754,,,
25/01/2012,2.729,2.769,2.875,,,
26/01/2012,2.605,2.654,2.772,,,
27/01/2012,2.678,2.756,2.869,,,
30/01/2012,2.713,2.816,2.898,,,
31/01/2012,2.503,2.638,2.738,,,
1/02/2012,2.382,2.535,2.638,,,
2/02/2012,2.554,2.715,2.819,,,
3/02/2012,2.499,2.677,2.789,,,
6/02/2012,2.55,2.738,2.858,,,
7/02/2012,2.472,2.628,2.744,,,
8/02/2012,2.448,2.598,2.716,,,
9/02/2012,2.477,2.636,2.763,,,
10/02/2012,2.477,2.656,2.792,,,
13/02/2012,2.431,2.62,2.751,,,
14/02/2012,2.532,2.7,2.812,,,
15/02/2012,2.425,2.616,2.738,,,
16/02/2012,2.567,2.713,2.818,,,
17/02/2012,2.684,2.824,2.926,,,
21/02/2012,2.626,2.773,2.88,,,
22/02/2012,2.643,2.775,2.882,,,
23/02/2012,2.621,2.761,2.866,,,
24/02/2012,2.55,2.695,2.808,,,
27/02/2012,2.446,2.603,2.712,,,
28/02/2012,2.519,2.627,2.711,,,
29/02/2012,2.616,2.71,2.786,,,
1/03/2012,2.463,2.579,2.669,,,
2/03/2012,2.484,2.6,2.692,,,
5/03/2012,2.355,2.472,2.57,,,
6/03/2012,2.356,2.462,2.554,,,
7/03/2012,2.302,2.4,2.49,,,
8/03/2012,2.272,2.372,2.465,,,
9/03/2012,2.324,2.425,2.522,,,
12/03/2012,2.269,2.373,2.473,,,
13/03/2012,2.299,2.408,2.507,,,
14/03/2012,2.284,2.416,2.533,,,
15/03/2012,2.279,2.42,2.537,,,
16/03/2012,2.326,2.436,2.543,,,
19/03/2012,2.351,2.466,2.571,,,
20/03/2012,2.335,2.432,2.535,,,
21/03/2012,2.36,2.454,2.553,,,
22/03/2012,2.269,2.372,2.477,,,
23/03/2012,2.275,2.373,2.481,,,
26/03/2012,2.226,2.319,2.437,,,
27/03/2012,2.208,2.294,2.414,,,
28/03/2012,2.191,2.282,2.401,,,
29/03/2012,2.149,2.27,2.39,,,
30/03/2012,2.126,2.259,2.389,,,
2/04/2012,2.152,2.29,2.432,,,
3/04/2012,2.187,2.318,2.457,,,
4/04/2012,2.141,2.267,2.406,,,
5/04/2012,2.089,2.201,2.326,,,
9/04/2012,2.107,2.223,2.355,,,
10/04/2012,2.031,2.152,2.292,,,
11/04/2012,1.984,2.105,2.247,,,
12/04/2012,1.983,2.092,2.218,,,
13/04/2012,1.981,2.084,2.202,,,
16/04/2012,2.016,2.108,2.222,,,
17/04/2012,1.951,2.048,2.168,,,
18/04/2012,1.951,2.042,2.159,,,
19/04/2012,1.907,1.995,2.113,,,
20/04/2012,1.927,2.015,2.134,,,
23/04/2012,2.007,2.096,2.203,,,
24/04/2012,1.975,2.063,2.174,,,
25/04/2012,2.068,2.17,2.286,,,
26/04/2012,2.036,2.126,2.242,,,
27/04/2012,2.186,2.299,2.375,,,
30/04/2012,2.285,2.394,2.462,,,
1/05/2012,2.371,2.468,2.532,,,
2/05/2012,2.253,2.354,2.426,,,
3/05/2012,2.34,2.43,2.495,,,
4/05/2012,2.279,2.371,2.439,,,
7/05/2012,2.336,2.422,2.488,,,
8/05/2012,2.393,2.475,2.537,,,
9/05/2012,2.465,2.55,2.61,,,
10/05/2012,2.487,2.569,2.628,,,
11/05/2012,2.509,2.589,2.641,,,
14/05/2012,2.431,2.505,2.562,,,
15/05/2012,2.5,2.568,2.624,,,
16/05/2012,2.618,2.687,2.744,,,
17/05/2012,2.594,2.673,2.73,,,
18/05/2012,2.742,2.822,2.866,,,
21/05/2012,2.609,2.689,2.734,,,
22/05/2012,2.707,2.776,2.817,,,
23/05/2012,2.737,2.796,2.836,,,
24/05/2012,2.647,2.709,2.754,,,
25/05/2012,2.568,2.627,2.678,,,
29/05/2012,2.429,2.485,2.54,,,
30/05/2012,2.418,2.471,2.512,,,
31/05/2012,2.422,2.481,2.531,,,
1/06/2012,2.326,2.387,2.437,,,
4/06/2012,2.415,2.467,2.512,,,
5/06/2012,2.446,2.496,2.54,,,
6/06/2012,2.421,2.474,2.521,,,
7/06/2012,2.274,2.327,2.377,,,
8/06/2012,2.299,2.344,2.386,,,
11/06/2012,2.218,2.263,2.307,,,
12/06/2012,2.232,2.287,2.333,,,
13/06/2012,2.185,2.236,2.281,,,
14/06/2012,2.495,2.541,2.579,,,
15/06/2012,2.467,2.514,2.551,,,
18/06/2012,2.635,2.668,2.699,,,
19/06/2012,2.545,2.574,2.604,,,
20/06/2012,2.517,2.555,2.584,,,
21/06/2012,2.582,2.618,2.645,,,
22/06/2012,2.625,2.668,2.695,,,
25/06/2012,2.694,2.734,2.752,,,
26/06/2012,2.767,2.807,2.821,,,
27/06/2012,2.774,2.798,2.809,,,
28/06/2012,2.722,2.734,2.792,,,
29/06/2012,2.824,2.833,2.877,,,
2/07/2012,2.824,2.832,2.877,,,
3/07/2012,2.899,2.911,2.955,,,
5/07/2012,2.945,2.95,2.99,,,
6/07/2012,2.776,2.786,2.825,,,
9/07/2012,2.883,2.876,2.908,,,
10/07/2012,2.737,2.728,2.764,,,
11/07/2012,2.853,2.837,2.866,,,
12/07/2012,2.874,2.869,2.894,,,
13/07/2012,2.874,2.869,2.894,,,
16/07/2012,2.801,2.793,2.82,,,
17/07/2012,2.796,2.786,2.819,,,
18/07/2012,2.973,2.95,2.97,,,
19/07/2012,2.999,2.981,2.995,,,
20/07/2012,3.081,3.076,3.083,,,
23/07/2012,3.117,3.111,3.116,,,
24/07/2012,3.187,3.177,3.18,,,
25/07/2012,3.07,3.052,3.064,,,
26/07/2012,3.105,3.09,3.106,,,
27/07/2012,3.01,3.015,3.039,,,
30/07/2012,3.214,3.222,3.37,,,
31/07/2012,3.209,3.212,3.348,,,
1/08/2012,3.171,3.171,3.297,,,
2/08/2012,2.92,2.926,3.066,,,
3/08/2012,2.877,2.885,3.022,,,
6/08/2012,2.908,2.918,3.063,,,
7/08/2012,2.964,2.982,3.15,,,
8/08/2012,2.933,2.961,3.157,,,
9/08/2012,2.945,2.97,3.156,,,
10/08/2012,2.77,2.808,3.027,,,
13/08/2012,2.729,2.768,2.988,,,
14/08/2012,2.834,2.871,3.066,,,
15/08/2012,2.748,2.787,2.981,,,
16/08/2012,2.724,2.767,2.949,,,
17/08/2012,2.719,2.764,2.945,,,
20/08/2012,2.776,2.815,2.998,,,
21/08/2012,2.775,2.809,2.982,,,
22/08/2012,2.826,2.863,3.03,,,
23/08/2012,2.802,2.839,3.021,,,
24/08/2012,2.702,2.734,2.929,,,
27/08/2012,2.653,2.673,2.865,,,
28/08/2012,2.614,2.633,2.811,,,
29/08/2012,2.634,2.685,2.867,,,
30/08/2012,2.748,2.919,3.186,,,
31/08/2012,2.799,2.963,3.22,,,
4/09/2012,2.854,3,3.241,,,
5/09/2012,2.795,2.937,3.18,,,
6/09/2012,2.776,2.91,3.151,,,
7/09/2012,2.682,2.833,3.079,,,
10/09/2012,2.812,2.941,3.181,,,
11/09/2012,2.992,3.104,3.324,,,
12/09/2012,3.063,3.191,3.41,,,
13/09/2012,3.037,3.164,3.385,,,
14/09/2012,2.943,3.083,3.323,,,
17/09/2012,2.865,3.015,3.273,,,
18/09/2012,2.773,2.961,3.243,,,
19/09/2012,2.762,2.945,3.235,,,
20/09/2012,2.797,2.962,3.25,,,
21/09/2012,2.885,3.071,3.356,,,
24/09/2012,2.837,3.033,3.325,,,
25/09/2012,2.924,3.105,3.382,,,
26/09/2012,3.023,3.215,3.488,,,
27/09/2012,3.297,3.575,3.723,,,
28/09/2012,3.32,3.615,3.767,,,
1/10/2012,3.48,3.752,3.891,,,
2/10/2012,3.531,3.769,3.899,,,
3/10/2012,3.395,3.663,3.806,,,
4/10/2012,3.406,3.68,3.824,,,
5/10/2012,3.396,3.682,3.832,,,
8/10/2012,3.403,3.697,3.849,,,
9/10/2012,3.467,3.768,3.915,,,
10/10/2012,3.475,3.783,3.923,,,
11/10/2012,3.604,3.9,4.03,,,
12/10/2012,3.611,3.877,3.995,,,
15/10/2012,3.486,3.774,3.896,,,
16/10/2012,3.437,3.767,3.894,,,
17/10/2012,3.47,3.82,3.956,,,
18/10/2012,3.587,3.904,4.028,,,
19/10/2012,3.617,3.947,4.069,,,
22/10/2012,3.452,3.768,3.901,,,
23/10/2012,3.535,3.861,3.983,,,
24/10/2012,3.45,3.776,3.9,,,
25/10/2012,3.434,3.781,3.91,,,
26/10/2012,3.4,3.724,3.855,,,
29/10/2012,3.471,3.803,3.932,,,
30/10/2012,3.691,3.824,3.83,,,
31/10/2012,3.692,3.82,3.827,,,
1/11/2012,3.699,3.818,3.825,,,
2/11/2012,3.554,3.68,3.687,,,
5/11/2012,3.554,3.678,3.683,,,
6/11/2012,3.617,3.748,3.754,,,
7/11/2012,3.578,3.714,3.72,,,
8/11/2012,3.608,3.737,3.745,,,
9/11/2012,3.503,3.634,3.647,,,
12/11/2012,3.57,3.695,3.705,,,
13/11/2012,3.739,3.857,3.863,,,
14/11/2012,3.76,3.879,3.89,,,
15/11/2012,3.703,3.821,3.834,,,
16/11/2012,3.79,3.904,3.913,,,
19/11/2012,3.719,3.837,3.852,,,
20/11/2012,3.832,3.944,3.954,,,
21/11/2012,3.903,4.02,4.032,,,
23/11/2012,3.901,4.034,4.043,,,
26/11/2012,3.73,3.868,3.883,,,
27/11/2012,3.769,3.892,3.906,,,
28/11/2012,3.696,3.801,3.816,,,
29/11/2012,3.648,3.668,3.647,,,
30/11/2012,3.561,3.584,3.573,,,
3/12/2012,3.591,3.615,3.603,,,
4/12/2012,3.539,3.562,3.553,,,
5/12/2012,3.7,3.72,3.707,,,
6/12/2012,3.666,3.687,3.677,,,
7/12/2012,3.551,3.578,3.577,,,
10/12/2012,3.46,3.487,3.493,,,
11/12/2012,3.412,3.441,3.452,,,
12/12/2012,3.382,3.412,3.426,,,
13/12/2012,3.347,3.389,3.407,,,
14/12/2012,3.314,3.358,3.38,,,
17/12/2012,3.358,3.398,3.416,,,
18/12/2012,3.418,3.455,3.469,,,
19/12/2012,3.32,3.366,3.387,,,
20/12/2012,3.462,3.495,3.517,,,
21/12/2012,3.451,3.482,3.501,,,
24/12/2012,3.346,3.378,3.403,,,
26/12/2012,3.392,3.425,3.44,,,
27/12/2012,3.354,3.412,3.426,,,
28/12/2012,3.469,3.482,3.513,,,
31/12/2012,3.351,3.365,3.403,,,
2/01/2013,3.233,3.255,3.294,,,
3/01/2013,3.198,3.214,3.25,,,
4/01/2013,3.287,3.303,3.337,,,
7/01/2013,3.266,3.281,3.318,,,
8/01/2013,3.218,3.234,3.275,,,
9/01/2013,3.113,3.131,3.182,,,
10/01/2013,3.193,3.208,3.257,,,
11/01/2013,3.327,3.336,3.371,,,
14/01/2013,3.373,3.378,3.412,,,
15/01/2013,3.455,3.453,3.478,,,
16/01/2013,3.435,3.437,3.466,,,
17/01/2013,3.494,3.495,3.523,,,
18/01/2013,3.566,3.565,3.59,,,
22/01/2013,3.558,3.558,3.583,,,
23/01/2013,3.554,3.553,3.581,,,
24/01/2013,3.446,3.454,3.49,,,
25/01/2013,3.444,3.463,3.503,,,
28/01/2013,3.289,3.305,3.354,,,
29/01/2013,3.226,3.258,3.309,,,
30/01/2013,3.335,3.385,3.445,,,
31/01/2013,3.339,3.392,3.452,,,
1/02/2013,3.301,3.353,3.415,,,
4/02/2013,3.315,3.369,3.433,,,
5/02/2013,3.399,3.45,3.513,,,
6/02/2013,3.418,3.464,3.521,,,
7/02/2013,3.285,3.345,3.411,,,
8/02/2013,3.272,3.337,3.408,,,
11/02/2013,3.279,3.346,3.416,,,
12/02/2013,3.23,3.296,3.364,,,
13/02/2013,3.306,3.371,3.437,,,
14/02/2013,3.163,3.231,3.301,,,
15/02/2013,3.153,3.218,3.286,,,
19/02/2013,3.272,3.331,3.395,,,
20/02/2013,3.279,3.331,3.392,,,
21/02/2013,3.246,3.298,3.36,,,
22/02/2013,3.291,3.349,3.406,,,
25/02/2013,3.414,3.47,3.522,,,
26/02/2013,3.427,3.456,3.504,,,
27/02/2013,3.434,3.481,3.53,,,
28/02/2013,3.486,3.531,3.579,,,
1/03/2013,3.456,3.504,3.555,,,
4/03/2013,3.529,3.572,3.618,,,
5/03/2013,3.529,3.575,3.621,,,
6/03/2013,3.47,3.519,3.568,,,
7/03/2013,3.582,3.627,3.673,,,
8/03/2013,3.629,3.673,3.718,,,
11/03/2013,3.649,3.689,3.734,,,
12/03/2013,3.645,3.684,3.726,,,
13/03/2013,3.68,3.718,3.759,,,
14/03/2013,3.812,3.848,3.887,,,
15/03/2013,3.872,3.909,3.952,,,
18/03/2013,3.882,3.914,3.956,,,
19/03/2013,3.969,3.995,4.031,,,
20/03/2013,3.96,3.985,4.02,,,
21/03/2013,3.935,3.961,3.998,,,
22/03/2013,3.927,3.952,3.993,,,
25/03/2013,3.865,3.888,3.93,,,
26/03/2013,3.976,3.991,4.031,,,
27/03/2013,4.068,4.108,4.154,,,
28/03/2013,4.024,4.066,4.113,,,
1/04/2013,4.015,4.061,4.11,,,
2/04/2013,3.969,4.019,4.07,,,
3/04/2013,3.9,3.95,4.001,,,
4/04/2013,3.947,3.99,4.041,,,
5/04/2013,4.125,4.16,4.206,,,
8/04/2013,4.082,4.118,4.167,,,
9/04/2013,4.017,4.057,4.107,,,
10/04/2013,4.085,4.127,4.174,,,
11/04/2013,4.139,4.179,4.225,,,
12/04/2013,4.222,4.261,4.308,,,
15/04/2013,4.137,4.168,4.214,,,
16/04/2013,4.16,4.188,4.23,,,
17/04/2013,4.214,4.243,4.288,,,
18/04/2013,4.401,4.432,4.473,,,
19/04/2013,4.408,4.437,4.479,,,
22/04/2013,4.267,4.298,4.338,,,
23/04/2013,4.238,4.278,4.322,,,
24/04/2013,4.166,4.203,4.246,,,
25/04/2013,4.167,4.2,4.242,,,
26/04/2013,4.152,4.223,4.268,,,
29/04/2013,4.392,4.441,4.466,,,
30/04/2013,4.343,4.394,4.42,,,
1/05/2013,4.326,4.379,4.407,,,
2/05/2013,4.025,4.077,4.105,,,
3/05/2013,4.041,4.093,4.12,,,
6/05/2013,4.011,4.064,4.093,,,
7/05/2013,3.92,3.974,4.003,,,
8/05/2013,3.978,4.03,4.057,,,
9/05/2013,3.983,4.033,4.058,,,
10/05/2013,3.91,3.96,3.983,,,
13/05/2013,3.925,3.971,3.993,,,
14/05/2013,4.024,4.068,4.087,,,
15/05/2013,4.07,4.113,4.133,,,
16/05/2013,3.932,3.982,4.005,,,
17/05/2013,4.055,4.103,4.125,,,
20/05/2013,4.09,4.141,4.164,,,
21/05/2013,4.192,4.239,4.259,,,
22/05/2013,4.186,4.233,4.253,,,
23/05/2013,4.261,4.307,4.322,,,
24/05/2013,4.237,4.284,4.303,,,
28/05/2013,4.174,4.224,4.243,,,
29/05/2013,4.148,4.184,4.203,,,
30/05/2013,4.023,4.043,4.037,,,
31/05/2013,3.984,4.003,3.997,,,
3/06/2013,3.991,4.009,4,,,
4/06/2013,3.998,4.015,4.008,,,
5/06/2013,4.001,4.015,4.01,,,
6/06/2013,3.827,3.843,3.841,,,
7/06/2013,3.828,3.848,3.851,,,
10/06/2013,3.8,3.821,3.825,,,
11/06/2013,3.724,3.743,3.746,,,
12/06/2013,3.777,3.797,3.799,,,
13/06/2013,3.814,3.837,3.84,,,
14/06/2013,3.733,3.759,3.761,,,
17/06/2013,3.875,3.897,3.896,,,
18/06/2013,3.905,3.927,3.924,,,
19/06/2013,3.963,3.985,3.979,,,
20/06/2013,3.877,3.899,3.897,,,
21/06/2013,3.771,3.793,3.789,,,
24/06/2013,3.739,3.76,3.757,,,
25/06/2013,3.647,3.67,3.668,,,
26/06/2013,3.707,3.737,3.734,,,
27/06/2013,3.582,3.577,3.593,,,
28/06/2013,3.565,3.559,3.572,,,
1/07/2013,3.577,3.573,3.587,,,
2/07/2013,3.654,3.651,3.666,,,
3/07/2013,3.69,3.689,3.703,,,
5/07/2013,3.617,3.618,3.634,,,
8/07/2013,3.741,3.74,3.753,,,
9/07/2013,3.657,3.658,3.674,,,
10/07/2013,3.68,3.682,3.697,,,
11/07/2013,3.613,3.614,3.629,,,
12/07/2013,3.644,3.644,3.658,,,
15/07/2013,3.674,3.672,3.684,,,
16/07/2013,3.677,3.676,3.689,,,
17/07/2013,3.629,3.63,3.643,,,
18/07/2013,3.812,3.81,3.819,,,
19/07/2013,3.789,3.788,3.796,,,
22/07/2013,3.677,3.679,3.691,,,
23/07/2013,3.743,3.748,3.76,,,
24/07/2013,3.698,3.703,3.717,,,
25/07/2013,3.644,3.647,3.664,,,
26/07/2013,3.555,3.563,3.582,,,
29/07/2013,3.459,3.472,3.494,,,
30/07/2013,3.432,3.454,3.555,,,
31/07/2013,3.446,3.471,3.573,,,
1/08/2013,3.387,3.415,3.524,,,
2/08/2013,3.347,3.375,3.482,,,
5/08/2013,3.319,3.346,3.454,,,
6/08/2013,3.318,3.343,3.45,,,
7/08/2013,3.247,3.272,3.392,,,
8/08/2013,3.297,3.321,3.442,,,
9/08/2013,3.23,3.257,3.389,,,
12/08/2013,3.31,3.335,3.467,,,
13/08/2013,3.285,3.312,3.44,,,
14/08/2013,3.342,3.365,3.487,,,
15/08/2013,3.419,3.443,3.562,,,
16/08/2013,3.368,3.393,3.513,,,
19/08/2013,3.463,3.487,3.608,,,
20/08/2013,3.444,3.473,3.601,,,
21/08/2013,3.46,3.491,3.618,,,
22/08/2013,3.545,3.575,3.696,,,
23/08/2013,3.485,3.521,3.643,,,
26/08/2013,3.513,3.553,3.668,,,
27/08/2013,3.534,3.573,3.686,,,
28/08/2013,3.567,3.582,3.69,,,
29/08/2013,3.618,3.72,3.874,,,
30/08/2013,3.581,3.684,3.841,,,
3/09/2013,3.666,3.76,3.905,,,
4/09/2013,3.683,3.767,3.915,,,
5/09/2013,3.575,3.666,3.83,,,
6/09/2013,3.53,3.617,3.781,,,
9/09/2013,3.605,3.681,3.838,,,
10/09/2013,3.584,3.662,3.821,,,
11/09/2013,3.567,3.643,3.798,,,
12/09/2013,3.638,3.712,3.857,,,
13/09/2013,3.677,3.755,3.902,,,
16/09/2013,3.738,3.814,3.958,,,
17/09/2013,3.745,3.822,3.97,,,
18/09/2013,3.713,3.787,3.944,,,
19/09/2013,3.72,3.795,3.96,,,
20/09/2013,3.687,3.763,3.932,,,
23/09/2013,3.602,3.677,3.847,,,
24/09/2013,3.492,3.559,3.734,,,
25/09/2013,3.493,3.546,3.719,,,
26/09/2013,3.498,3.567,3.751,,,
27/09/2013,3.589,3.769,3.872,,,
30/09/2013,3.56,3.729,3.831,,,
1/10/2013,3.609,3.765,3.862,,,
2/10/2013,3.542,3.702,3.803,,,
3/10/2013,3.499,3.664,3.772,,,
4/10/2013,3.506,3.674,3.785,,,
7/10/2013,3.629,3.788,3.898,,,
8/10/2013,3.716,3.869,3.969,,,
9/10/2013,3.679,3.839,3.943,,,
10/10/2013,3.723,3.877,3.976,,,
11/10/2013,3.776,3.929,4.023,,,
14/10/2013,3.82,3.966,4.059,,,
15/10/2013,3.79,3.935,4.027,,,
16/10/2013,3.769,3.905,3.994,,,
17/10/2013,3.757,3.886,3.974,,,
18/10/2013,3.764,3.897,3.985,,,
21/10/2013,3.668,3.793,3.884,,,
22/10/2013,3.581,3.706,3.798,,,
23/10/2013,3.619,3.733,3.818,,,
24/10/2013,3.629,3.743,3.825,,,
25/10/2013,3.707,3.812,3.886,,,
28/10/2013,3.569,3.661,3.739,,,
29/10/2013,3.496,3.629,3.714,,,
30/10/2013,3.62,3.711,3.723,,,
31/10/2013,3.581,3.663,3.672,,,
1/11/2013,3.513,3.591,3.598,,,
4/11/2013,3.445,3.524,3.533,,,
5/11/2013,3.466,3.551,3.567,,,
6/11/2013,3.498,3.566,3.58,,,
7/11/2013,3.519,3.575,3.584,,,
8/11/2013,3.559,3.616,3.624,,,
11/11/2013,3.574,3.623,3.629,,,
12/11/2013,3.617,3.666,3.671,,,
13/11/2013,3.566,3.618,3.621,,,
14/11/2013,3.605,3.655,3.66,,,
15/11/2013,3.66,3.708,3.713,,,
18/11/2013,3.617,3.667,3.671,,,
19/11/2013,3.556,3.605,3.612,,,
20/11/2013,3.674,3.713,3.716,,,
21/11/2013,3.702,3.74,3.742,,,
22/11/2013,3.768,3.811,3.811,,,
25/11/2013,3.789,3.842,3.847,,,
26/11/2013,3.818,3.864,3.87,,,
27/11/2013,3.895,3.899,3.891,,,
29/11/2013,3.954,3.957,3.944,,,
2/12/2013,3.988,3.984,3.965,,,
3/12/2013,3.976,3.974,3.955,,,
4/12/2013,3.96,3.958,3.944,,,
5/12/2013,4.132,4.114,4.086,,,
6/12/2013,4.114,4.11,4.096,,,
9/12/2013,4.232,4.225,4.203,,,
10/12/2013,4.237,4.231,4.204,,,
11/12/2013,4.337,4.331,4.296,,,
12/12/2013,4.409,4.401,4.363,,,
13/12/2013,4.351,4.35,4.32,,,
16/12/2013,4.279,4.286,4.264,,,
17/12/2013,4.287,4.304,4.286,,,
18/12/2013,4.251,4.274,4.259,,,
19/12/2013,4.46,4.489,4.473,,,
20/12/2013,4.418,4.467,4.453,,,
23/12/2013,4.463,4.519,4.5,,,
24/12/2013,4.416,4.469,4.442,,,
26/12/2013,4.433,4.476,4.441,,,
27/12/2013,4.407,4.368,4.336,,,
30/12/2013,4.427,4.382,4.241,,,
31/12/2013,4.23,4.193,4.105,,,
2/01/2014,4.321,4.296,4.183,,,
3/01/2014,4.304,4.282,4.168,,,
6/01/2014,4.306,4.284,4.178,,,
7/01/2014,4.299,4.267,4.149,,,
8/01/2014,4.216,4.175,4.057,,,
9/01/2014,4.005,3.982,3.897,,,
10/01/2014,4.053,4.021,3.905,,,
13/01/2014,4.274,4.224,4.056,,,
14/01/2014,4.369,4.315,4.114,,,
15/01/2014,4.325,4.278,4.085,,,
16/01/2014,4.382,4.324,4.112,,,
17/01/2014,4.326,4.259,4.081,,,
21/01/2014,4.431,4.358,4.179,,,
22/01/2014,4.689,4.55,4.268,,,
23/01/2014,4.73,4.579,4.29,,,
24/01/2014,5.182,4.998,4.421,,,
27/01/2014,4.847,4.674,4.286,,,
28/01/2014,5.033,4.941,4.401,,,
29/01/2014,5.557,5.465,4.561,,,
30/01/2014,5.011,4.358,4.284,,,
31/01/2014,4.943,4.454,4.379,,,
3/02/2014,4.905,4.507,4.45,,,
4/02/2014,5.375,4.665,4.579,,,
5/02/2014,5.03,4.546,4.485,,,
6/02/2014,4.931,4.562,4.516,,,
7/02/2014,4.775,4.516,4.49,,,
10/02/2014,4.579,4.406,4.395,,,
11/02/2014,4.824,4.57,4.541,,,
12/02/2014,4.822,4.553,4.533,,,
13/02/2014,5.223,4.632,4.591,,,
14/02/2014,5.214,4.577,4.526,,,
18/02/2014,5.551,4.753,4.662,,,
19/02/2014,6.149,4.95,4.754,,,
20/02/2014,6.064,4.856,4.669,,,
21/02/2014,6.135,5.012,4.766,,,
24/02/2014,5.445,4.62,4.518,,,
25/02/2014,5.096,4.691,4.565,,,
26/02/2014,4.855,4.541,4.464,,,
27/02/2014,4.511,4.474,4.495,,,
28/02/2014,4.609,4.55,4.568,,,
3/03/2014,4.492,4.455,4.478,,,
4/03/2014,4.667,4.583,4.6,,,
5/03/2014,4.523,4.484,4.505,,,
6/03/2014,4.662,4.603,4.622,,,
7/03/2014,4.618,4.567,4.589,,,
10/03/2014,4.651,4.576,4.601,,,
11/03/2014,4.605,4.544,4.567,,,
12/03/2014,4.49,4.441,4.47,,,
13/03/2014,4.383,4.355,4.384,,,
14/03/2014,4.425,4.403,4.433,,,
17/03/2014,4.536,4.492,4.519,,,
18/03/2014,4.456,4.424,4.454,,,
19/03/2014,4.484,4.458,4.488,,,
20/03/2014,4.369,4.349,4.38,,,
21/03/2014,4.313,4.297,4.329,,,
24/03/2014,4.276,4.272,4.305,,,
25/03/2014,4.411,4.414,4.443,,,
26/03/2014,4.402,4.395,4.424,,,
27/03/2014,4.584,4.538,4.565,,,
28/03/2014,4.485,4.519,4.558,,,
31/03/2014,4.371,4.404,4.444,,,
1/04/2014,4.276,4.309,4.348,,,
2/04/2014,4.364,4.396,4.435,,,
3/04/2014,4.47,4.499,4.538,,,
4/04/2014,4.439,4.467,4.506,,,
7/04/2014,4.476,4.502,4.54,,,
8/04/2014,4.534,4.55,4.586,,,
9/04/2014,4.586,4.593,4.624,,,
10/04/2014,4.655,4.671,4.709,,,
11/04/2014,4.62,4.635,4.673,,,
14/04/2014,4.56,4.582,4.62,,,
15/04/2014,4.567,4.587,4.625,,,
16/04/2014,4.53,4.549,4.589,,,
17/04/2014,4.741,4.754,4.78,,,
21/04/2014,4.697,4.715,4.742,,,
22/04/2014,4.739,4.758,4.786,,,
23/04/2014,4.73,4.747,4.777,,,
24/04/2014,4.705,4.723,4.755,,,
25/04/2014,4.647,4.658,4.687,,,
28/04/2014,4.795,4.799,4.819,,,
29/04/2014,4.831,4.853,4.846,,,
30/04/2014,4.815,4.843,4.838,,,
1/05/2014,4.719,4.75,4.747,,,
2/05/2014,4.674,4.704,4.701,,,
5/05/2014,4.688,4.715,4.712,,,
6/05/2014,4.799,4.818,4.812,,,
7/05/2014,4.74,4.754,4.749,,,
8/05/2014,4.572,4.583,4.579,,,
9/05/2014,4.531,4.54,4.535,,,
12/05/2014,4.434,4.439,4.436,,,
13/05/2014,4.358,4.362,4.359,,,
14/05/2014,4.367,4.371,4.367,,,
15/05/2014,4.469,4.478,4.47,,,
16/05/2014,4.413,4.421,4.414,,,
19/05/2014,4.47,4.473,4.461,,,
20/05/2014,4.552,4.553,4.538,,,
21/05/2014,4.473,4.478,4.464,,,
22/05/2014,4.359,4.357,4.346,,,
23/05/2014,4.405,4.405,4.393,,,
27/05/2014,4.505,4.511,4.492,,,
28/05/2014,4.619,4.615,4.592,,,
29/05/2014,4.559,4.54,4.505,,,
30/05/2014,4.542,4.524,4.492,,,
2/06/2014,4.612,4.598,4.569,,,
3/06/2014,4.629,4.616,4.589,,,
4/06/2014,4.64,4.627,4.602,,,
5/06/2014,4.701,4.686,4.657,,,
6/06/2014,4.71,4.7,4.676,,,
9/06/2014,4.645,4.635,4.616,,,
10/06/2014,4.53,4.523,4.507,,,
11/06/2014,4.508,4.504,4.492,,,
12/06/2014,4.762,4.763,4.743,,,
13/06/2014,4.739,4.748,4.734,,,
16/06/2014,4.707,4.718,4.705,,,
17/06/2014,4.709,4.722,4.706,,,
18/06/2014,4.659,4.675,4.658,,,
19/06/2014,4.584,4.603,4.588,,,
20/06/2014,4.531,4.552,4.539,,,
23/06/2014,4.446,4.468,4.457,,,
24/06/2014,4.535,4.556,4.532,,,
25/06/2014,4.553,4.569,4.546,,,
26/06/2014,4.4,4.441,4.42,,,
27/06/2014,4.409,4.389,4.385,,,
30/06/2014,4.461,4.44,4.434,,,
1/07/2014,4.455,4.436,4.429,,,
2/07/2014,4.357,4.348,4.346,,,
3/07/2014,4.406,4.395,4.392,,,
7/07/2014,4.225,4.219,4.221,,,
8/07/2014,4.204,4.194,4.197,,,
9/07/2014,4.17,4.166,4.172,,,
10/07/2014,4.12,4.113,4.122,,,
11/07/2014,4.146,4.136,4.144,,,
14/07/2014,4.147,4.14,4.148,,,
15/07/2014,4.097,4.094,4.099,,,
16/07/2014,4.119,4.116,4.12,,,
17/07/2014,3.954,3.957,3.966,,,
18/07/2014,3.951,3.955,3.962,,,
21/07/2014,3.849,3.862,3.872,,,
22/07/2014,3.772,3.785,3.797,,,
23/07/2014,3.762,3.776,3.787,,,
24/07/2014,3.847,3.85,3.859,,,
25/07/2014,3.781,3.787,3.797,,,
28/07/2014,3.747,3.765,3.776,,,
29/07/2014,3.808,3.824,3.836,,,
30/07/2014,3.786,3.805,3.858,,,
31/07/2014,3.841,3.867,3.925,,,
1/08/2014,3.798,3.822,3.885,,,
4/08/2014,3.834,3.859,3.926,,,
5/08/2014,3.897,3.92,3.988,,,
6/08/2014,3.933,3.957,4.024,,,
7/08/2014,3.876,3.895,3.962,,,
8/08/2014,3.962,3.98,4.045,,,
11/08/2014,3.965,3.988,4.051,,,
12/08/2014,3.974,4.001,4.067,,,
13/08/2014,3.831,3.862,3.935,,,
14/08/2014,3.906,3.93,3.999,,,
15/08/2014,3.776,3.807,3.879,,,
18/08/2014,3.792,3.828,3.901,,,
19/08/2014,3.877,3.908,3.977,,,
20/08/2014,3.823,3.86,3.933,,,
21/08/2014,3.889,3.93,4.001,,,
22/08/2014,3.84,3.883,3.956,,,
25/08/2014,3.937,3.979,4.049,,,
26/08/2014,3.911,3.949,4.018,,,
27/08/2014,3.957,4.003,4.069,,,
28/08/2014,4.044,4.101,4.186,,,
29/08/2014,4.065,4.116,4.197,,,
2/09/2014,3.89,3.938,4.018,,,
3/09/2014,3.847,3.894,3.976,,,
4/09/2014,3.819,3.869,3.953,,,
5/09/2014,3.793,3.847,3.94,,,
8/09/2014,3.876,3.927,4.015,,,
9/09/2014,3.984,4.035,4.11,,,
10/09/2014,3.954,4.005,4.086,,,
11/09/2014,3.823,3.873,3.959,,,
12/09/2014,3.857,3.91,3.991,,,
15/09/2014,3.931,3.997,4.085,,,
16/09/2014,3.995,4.063,4.157,,,
17/09/2014,4.013,4.077,4.163,,,
18/09/2014,3.91,3.975,4.057,,,
19/09/2014,3.837,3.903,3.992,,,
22/09/2014,3.85,3.908,3.994,,,
23/09/2014,3.816,3.869,3.96,,,
24/09/2014,3.911,3.965,4.05,,,
25/09/2014,3.971,4.014,4.097,,,
26/09/2014,3.984,4.029,4.114,,,
29/09/2014,4.154,4.227,4.292,,,
30/09/2014,4.121,4.19,4.252,,,
1/10/2014,4.023,4.089,4.153,,,
2/10/2014,3.932,4.012,4.081,,,
3/10/2014,4.039,4.117,4.185,,,
6/10/2014,3.898,3.987,4.064,,,
7/10/2014,3.957,4.052,4.134,,,
8/10/2014,3.855,3.951,4.037,,,
9/10/2014,3.845,3.937,4.023,,,
10/10/2014,3.859,3.949,4.035,,,
13/10/2014,3.916,4.004,4.08,,,
14/10/2014,3.816,3.9,3.98,,,
15/10/2014,3.8,3.885,3.967,,,
16/10/2014,3.796,3.885,3.969,,,
17/10/2014,3.766,3.863,3.951,,,
20/10/2014,3.67,3.765,3.851,,,
21/10/2014,3.711,3.8,3.881,,,
22/10/2014,3.659,3.745,3.828,,,
23/10/2014,3.622,3.706,3.791,,,
24/10/2014,3.623,3.698,3.787,,,
27/10/2014,3.561,3.637,3.723,,,
28/10/2014,3.649,3.731,3.814,,,
29/10/2014,3.728,3.788,3.871,,,
30/10/2014,3.827,3.906,3.9,,,
31/10/2014,3.873,3.959,3.95,,,
3/11/2014,4.046,4.145,4.131,,,
4/11/2014,4.129,4.226,4.208,,,
5/11/2014,4.194,4.287,4.253,,,
6/11/2014,4.404,4.486,4.427,,,
7/11/2014,4.412,4.507,4.457,,,
10/11/2014,4.255,4.351,4.305,,,
11/11/2014,4.247,4.344,4.305,,,
12/11/2014,4.185,4.284,4.252,,,
13/11/2014,3.977,4.089,4.067,,,
14/11/2014,4.02,4.129,4.103,,,
17/11/2014,4.341,4.444,4.396,,,
18/11/2014,4.244,4.365,4.333,,,
19/11/2014,4.371,4.516,4.488,,,
20/11/2014,4.489,4.649,4.611,,,
21/11/2014,4.266,4.417,4.387,,,
24/11/2014,4.151,4.304,4.281,,,
25/11/2014,4.282,4.403,4.377,,,
26/11/2014,4.355,4.334,4.264,,,
28/11/2014,4.088,4.085,4.028,,,
1/12/2014,4.007,4.009,3.953,,,
2/12/2014,3.874,3.877,3.831,,,
3/12/2014,3.805,3.808,3.761,,,
4/12/2014,3.649,3.661,3.613,,,
5/12/2014,3.802,3.823,3.774,,,
8/12/2014,3.595,3.623,3.579,,,
9/12/2014,3.652,3.681,3.64,,,
10/12/2014,3.706,3.736,3.695,,,
11/12/2014,3.634,3.663,3.626,,,
12/12/2014,3.795,3.816,3.777,,,
15/12/2014,3.719,3.73,3.697,,,
16/12/2014,3.619,3.635,3.6,,,
17/12/2014,3.702,3.724,3.679,,,
18/12/2014,3.642,3.676,3.627,,,
19/12/2014,3.464,3.498,3.458,,,
22/12/2014,3.144,3.18,3.168,,,
23/12/2014,3.171,3.204,3.196,,,
24/12/2014,3.03,3.072,3.076,,,
26/12/2014,3.007,3.033,3.041,,,
29/12/2014,3.189,3.199,3.192,,,
30/12/2014,3.094,3.096,3.045,,,
31/12/2014,2.889,2.896,2.881,,,
2/01/2015,3.003,2.999,2.946,,,
5/01/2015,2.882,2.875,2.84,,,
6/01/2015,2.938,2.924,2.875,,,
7/01/2015,2.871,2.865,2.835,,,
8/01/2015,2.927,2.925,2.896,,,
9/01/2015,2.946,2.947,2.931,,,
12/01/2015,2.795,2.795,2.788,,,
13/01/2015,2.943,2.932,2.898,,,
14/01/2015,3.233,3.208,3.115,,,
15/01/2015,3.158,3.121,3.036,,,
16/01/2015,3.127,3.087,3.016,,,
20/01/2015,2.831,2.82,2.803,,,
21/01/2015,2.974,2.94,2.906,,,
22/01/2015,2.835,2.827,2.817,,,
23/01/2015,2.986,2.958,2.923,,,
26/01/2015,2.881,2.848,2.836,,,
27/01/2015,2.981,2.935,2.913,,,
28/01/2015,2.866,2.842,2.83,,,
29/01/2015,2.719,2.715,2.746,,,
30/01/2015,2.691,2.687,2.714,,,
2/02/2015,2.68,2.681,2.707,,,
3/02/2015,2.754,2.757,2.781,,,
4/02/2015,2.662,2.669,2.697,,,
5/02/2015,2.6,2.614,2.645,,,
6/02/2015,2.579,2.602,2.645,,,
9/02/2015,2.597,2.625,2.672,,,
10/02/2015,2.677,2.704,2.749,,,
11/02/2015,2.797,2.814,2.849,,,
12/02/2015,2.713,2.733,2.774,,,
13/02/2015,2.804,2.812,2.853,,,
17/02/2015,2.759,2.779,2.819,,,
18/02/2015,2.831,2.857,2.893,,,
19/02/2015,2.834,2.875,2.913,,,
20/02/2015,2.951,2.972,3.003,,,
23/02/2015,2.879,2.893,2.924,,,
24/02/2015,2.902,2.889,2.916,,,
25/02/2015,2.894,2.862,2.889,,,
26/02/2015,2.697,2.737,2.782,,,
27/02/2015,2.734,2.771,2.812,,,
2/03/2015,2.698,2.739,2.78,,,
3/03/2015,2.712,2.751,2.793,,,
4/03/2015,2.769,2.806,2.845,,,
5/03/2015,2.841,2.88,2.917,,,
6/03/2015,2.839,2.872,2.906,,,
9/03/2015,2.678,2.713,2.75,,,
10/03/2015,2.732,2.763,2.8,,,
11/03/2015,2.824,2.85,2.886,,,
12/03/2015,2.734,2.765,2.806,,,
13/03/2015,2.727,2.756,2.8,,,
16/03/2015,2.716,2.739,2.787,,,
17/03/2015,2.855,2.872,2.911,,,
18/03/2015,2.92,2.936,2.974,,,
19/03/2015,2.813,2.829,2.874,,,
20/03/2015,2.786,2.803,2.848,,,
23/03/2015,2.733,2.76,2.807,,,
24/03/2015,2.786,2.81,2.854,,,
25/03/2015,2.723,2.74,2.788,,,
26/03/2015,2.672,2.688,2.736,,,
27/03/2015,2.59,2.639,2.688,,,
30/03/2015,2.644,2.694,2.754,,,
31/03/2015,2.64,2.691,2.751,,,
1/04/2015,2.605,2.654,2.714,,,
2/04/2015,2.713,2.762,2.819,,,
6/04/2015,2.65,2.698,2.757,,,
7/04/2015,2.68,2.725,2.786,,,
8/04/2015,2.619,2.666,2.727,,,
9/04/2015,2.528,2.577,2.638,,,
10/04/2015,2.511,2.558,2.62,,,
13/04/2015,2.511,2.548,2.606,,,
14/04/2015,2.53,2.572,2.631,,,
15/04/2015,2.61,2.649,2.706,,,
16/04/2015,2.684,2.726,2.784,,,
17/04/2015,2.634,2.679,2.739,,,
20/04/2015,2.536,2.578,2.64,,,
21/04/2015,2.575,2.62,2.683,,,
22/04/2015,2.606,2.654,2.717,,,
23/04/2015,2.531,2.569,2.629,,,
24/04/2015,2.531,2.568,2.626,,,
27/04/2015,2.49,2.514,2.569,,,
28/04/2015,2.517,2.537,2.591,,,
29/04/2015,2.606,2.659,2.681,,,
30/04/2015,2.751,2.802,2.82,,,
1/05/2015,2.776,2.831,2.849,,,
4/05/2015,2.821,2.878,2.898,,,
5/05/2015,2.78,2.836,2.859,,,
6/05/2015,2.776,2.828,2.852,,,
7/05/2015,2.734,2.785,2.811,,,
8/05/2015,2.88,2.928,2.948,,,
11/05/2015,2.802,2.849,2.87,,,
12/05/2015,2.897,2.945,2.969,,,
13/05/2015,2.935,2.984,3.007,,,
14/05/2015,3.008,3.063,3.082,,,
15/05/2015,3.016,3.07,3.09,,,
18/05/2015,3.01,3.061,3.083,,,
19/05/2015,2.948,2.991,3.01,,,
20/05/2015,2.915,2.959,2.977,,,
21/05/2015,2.949,2.994,3.012,,,
22/05/2015,2.887,2.919,2.934,,,
26/05/2015,2.822,2.849,2.864,,,
27/05/2015,2.815,2.847,2.865,,,
28/05/2015,2.706,2.73,2.738,,,
29/05/2015,2.642,2.665,2.675,,,
1/06/2015,2.649,2.677,2.689,,,
2/06/2015,2.698,2.725,2.736,,,
3/06/2015,2.634,2.663,2.674,,,
4/06/2015,2.626,2.654,2.666,,,
5/06/2015,2.59,2.621,2.632,,,
8/06/2015,2.705,2.737,2.748,,,
9/06/2015,2.846,2.878,2.889,,,
10/06/2015,2.891,2.921,2.933,,,
11/06/2015,2.825,2.855,2.869,,,
12/06/2015,2.75,2.776,2.792,,,
15/06/2015,2.889,2.912,2.925,,,
16/06/2015,2.894,2.918,2.931,,,
17/06/2015,2.855,2.883,2.895,,,
18/06/2015,2.777,2.799,2.812,,,
19/06/2015,2.816,2.84,2.852,,,
22/06/2015,2.733,2.762,2.776,,,
23/06/2015,2.726,2.746,2.761,,,
24/06/2015,2.759,2.782,2.795,,,
25/06/2015,2.85,2.866,2.878,,,
26/06/2015,2.773,2.77,2.785,,,
29/06/2015,2.805,2.819,2.847,,,
30/06/2015,2.832,2.842,2.869,,,
1/07/2015,2.783,2.799,2.831,,,
2/07/2015,2.822,2.837,2.867,,,
6/07/2015,2.756,2.766,2.797,,,
7/07/2015,2.716,2.726,2.758,,,
8/07/2015,2.685,2.697,2.732,,,
9/07/2015,2.726,2.738,2.773,,,
10/07/2015,2.77,2.78,2.811,,,
13/07/2015,2.864,2.867,2.895,,,
14/07/2015,2.84,2.839,2.866,,,
15/07/2015,2.918,2.909,2.931,,,
16/07/2015,2.854,2.853,2.88,,,
17/07/2015,2.87,2.874,2.899,,,
20/07/2015,2.823,2.83,2.858,,,
21/07/2015,2.882,2.89,2.917,,,
22/07/2015,2.897,2.908,2.937,,,
23/07/2015,2.816,2.817,2.847,,,
24/07/2015,2.776,2.775,2.804,,,
27/07/2015,2.789,2.788,2.816,,,
28/07/2015,2.821,2.816,2.845,,,
29/07/2015,2.886,2.864,2.888,,,
30/07/2015,2.768,2.797,2.911,,,
31/07/2015,2.716,2.749,2.868,,,
3/08/2015,2.748,2.777,2.888,,,
4/08/2015,2.812,2.841,2.941,,,
5/08/2015,2.798,2.821,2.914,,,
6/08/2015,2.813,2.835,2.93,,,
7/08/2015,2.798,2.822,2.925,,,
10/08/2015,2.842,2.868,2.972,,,
11/08/2015,2.844,2.871,2.973,,,
12/08/2015,2.931,2.956,3.049,,,
13/08/2015,2.787,2.82,2.924,,,
14/08/2015,2.801,2.837,2.939,,,
17/08/2015,2.728,2.767,2.872,,,
18/08/2015,2.704,2.74,2.839,,,
19/08/2015,2.716,2.747,2.836,,,
20/08/2015,2.755,2.785,2.874,,,
21/08/2015,2.676,2.697,2.788,,,
24/08/2015,2.65,2.656,2.74,,,
25/08/2015,2.685,2.695,2.773,,,
26/08/2015,2.693,2.703,2.784,,,
27/08/2015,2.638,2.664,2.745,,,
28/08/2015,2.715,2.792,2.939,,,
31/08/2015,2.689,2.761,2.905,,,
1/09/2015,2.702,2.771,2.907,,,
2/09/2015,2.648,2.72,2.857,,,
3/09/2015,2.725,2.796,2.934,,,
4/09/2015,2.655,2.741,2.897,,,
8/09/2015,2.71,2.792,2.943,,,
9/09/2015,2.651,2.736,2.896,,,
10/09/2015,2.683,2.759,2.914,,,
11/09/2015,2.693,2.767,2.913,,,
14/09/2015,2.758,2.828,2.971,,,
15/09/2015,2.728,2.8,2.951,,,
16/09/2015,2.66,2.739,2.892,,,
17/09/2015,2.652,2.728,2.884,,,
18/09/2015,2.605,2.676,2.831,,,
21/09/2015,2.573,2.642,2.798,,,
22/09/2015,2.577,2.639,2.795,,,
23/09/2015,2.569,2.638,2.793,,,
24/09/2015,2.591,2.674,2.841,,,
25/09/2015,2.564,2.631,2.802,,,
28/09/2015,2.563,2.67,2.837,,,
29/09/2015,2.586,2.763,2.884,,,
30/09/2015,2.524,2.701,2.831,,,
1/10/2015,2.433,2.631,2.763,,,
2/10/2015,2.451,2.664,2.798,,,
5/10/2015,2.45,2.676,2.806,,,
6/10/2015,2.47,2.673,2.806,,,
7/10/2015,2.474,2.676,2.813,,,
8/10/2015,2.498,2.712,2.847,,,
9/10/2015,2.502,2.718,2.857,,,
12/10/2015,2.535,2.752,2.889,,,
13/10/2015,2.498,2.721,2.861,,,
14/10/2015,2.518,2.732,2.874,,,
15/10/2015,2.453,2.686,2.831,,,
16/10/2015,2.43,2.65,2.799,,,
19/10/2015,2.442,2.657,2.807,,,
20/10/2015,2.476,2.671,2.815,,,
21/10/2015,2.404,2.603,2.75,,,
22/10/2015,2.386,2.583,2.721,,,
23/10/2015,2.286,2.493,2.632,,,
26/10/2015,2.062,2.353,2.515,,,
27/10/2015,2.092,2.361,2.531,,,
28/10/2015,2.033,2.298,2.461,,,
29/10/2015,2.257,2.423,2.445,,,
30/10/2015,2.321,2.49,2.513,,,
2/11/2015,2.256,2.448,2.474,,,
3/11/2015,2.253,2.463,2.487,,,
4/11/2015,2.262,2.445,2.469,,,
5/11/2015,2.364,2.539,2.562,,,
6/11/2015,2.371,2.532,2.557,,,
9/11/2015,2.3,2.449,2.48,,,
10/11/2015,2.32,2.484,2.514,,,
11/11/2015,2.263,2.452,2.492,,,
12/11/2015,2.26,2.445,2.493,,,
13/11/2015,2.361,2.526,2.57,,,
16/11/2015,2.385,2.554,2.595,,,
17/11/2015,2.371,2.527,2.573,,,
18/11/2015,2.347,2.495,2.538,,,
19/11/2015,2.276,2.412,2.458,,,
20/11/2015,2.145,2.291,2.338,,,
23/11/2015,2.21,2.343,2.386,,,
24/11/2015,2.2,2.324,2.372,,,
25/11/2015,2.206,2.299,2.349,,,
27/11/2015,2.212,2.265,2.293,,,
30/11/2015,2.235,2.29,2.319,,,
1/12/2015,2.231,2.285,2.314,,,
2/12/2015,2.165,2.22,2.252,,,
3/12/2015,2.181,2.232,2.256,,,
4/12/2015,2.186,2.247,2.273,,,
7/12/2015,2.067,2.132,2.174,,,
8/12/2015,2.07,2.127,2.171,,,
9/12/2015,2.062,2.117,2.162,,,
10/12/2015,2.015,2.075,2.129,,,
11/12/2015,1.99,2.05,2.107,,,
14/12/2015,1.894,1.959,2.018,,,
15/12/2015,1.822,1.886,1.95,,,
16/12/2015,1.79,1.866,1.948,,,
17/12/2015,1.755,1.873,1.972,,,
18/12/2015,1.767,1.869,1.972,,,
21/12/2015,1.911,1.987,2.065,,,
22/12/2015,1.888,1.955,2.034,,,
23/12/2015,1.983,2.036,2.101,,,
24/12/2015,2.029,2.079,2.143,,,
28/12/2015,2.228,2.256,2.301,,,
29/12/2015,2.372,2.37,2.397,,,
30/12/2015,2.214,2.255,2.296,,,
31/12/2015,2.337,2.363,2.387,,,
4/01/2016,2.334,2.35,2.373,,,
5/01/2016,2.325,2.346,2.376,,,
6/01/2016,2.267,2.289,2.344,,,
7/01/2016,2.382,2.394,2.43,,,
8/01/2016,2.472,2.471,2.497,,,
11/01/2016,2.396,2.389,2.425,,,
12/01/2016,2.257,2.261,2.32,,,
13/01/2016,2.269,2.29,2.337,,,
14/01/2016,2.139,2.18,2.244,,,
15/01/2016,2.1,2.127,2.189,,,
19/01/2016,2.091,2.108,2.177,,,
20/01/2016,2.118,2.123,2.197,,,
21/01/2016,2.138,2.139,2.217,,,
22/01/2016,2.139,2.141,2.224,,,
25/01/2016,2.158,2.155,2.241,,,
26/01/2016,2.18,2.158,2.241,,,
27/01/2016,2.189,2.157,2.231,,,
28/01/2016,2.182,2.239,2.287,,,
29/01/2016,2.298,2.332,2.368,,,
1/02/2016,2.152,2.226,2.28,,,
2/02/2016,2.025,2.12,2.181,,,
3/02/2016,2.038,2.123,2.183,,,
4/02/2016,1.972,2.062,2.13,,,
5/02/2016,2.063,2.137,2.202,,,
8/02/2016,2.14,2.189,2.25,,,
9/02/2016,2.098,2.149,2.209,,,
10/02/2016,2.046,2.111,2.174,,,
11/02/2016,1.994,2.061,2.129,,,
12/02/2016,1.966,2.03,2.095,,,
16/02/2016,1.903,1.969,2.035,,,
17/02/2016,1.942,2.011,2.076,,,
18/02/2016,1.852,1.927,2.004,,,
19/02/2016,1.804,1.867,1.945,,,
22/02/2016,1.821,1.862,1.934,,,
23/02/2016,1.782,1.829,1.903,,,
24/02/2016,1.778,1.834,1.909,,,
25/02/2016,1.711,1.785,1.867,,,
26/02/2016,1.791,1.873,1.951,,,
29/02/2016,1.711,1.808,1.896,,,
1/03/2016,1.742,1.848,1.939,,,
2/03/2016,1.678,1.8,1.903,,,
3/03/2016,1.639,1.767,1.88,,,
4/03/2016,1.666,1.787,1.9,,,
7/03/2016,1.69,1.789,1.892,,,
8/03/2016,1.712,1.803,1.906,,,
9/03/2016,1.752,1.846,1.946,,,
10/03/2016,1.788,1.883,1.989,,,
11/03/2016,1.822,1.915,2.023,,,
14/03/2016,1.819,1.914,2.024,,,
15/03/2016,1.851,1.945,2.057,,,
16/03/2016,1.868,1.955,2.065,,,
17/03/2016,1.936,2.011,2.11,,,
18/03/2016,1.907,1.989,2.085,,,
21/03/2016,1.828,1.904,1.999,,,
22/03/2016,1.863,1.937,2.035,,,
23/03/2016,1.794,1.868,1.974,,,
24/03/2016,1.806,1.882,1.989,,,
28/03/2016,1.848,1.936,2.048,,,
29/03/2016,1.903,1.981,2.097,,,
30/03/2016,1.996,2.11,2.224,,,
31/03/2016,1.959,2.054,2.153,,,
1/04/2016,1.956,2.052,2.155,,,
4/04/2016,1.998,2.09,2.185,,,
5/04/2016,1.954,2.05,2.15,,,
6/04/2016,1.911,2.004,2.109,,,
7/04/2016,2.018,2.101,2.194,,,
8/04/2016,1.99,2.077,2.175,,,
11/04/2016,1.912,2.001,2.104,,,
12/04/2016,2.004,2.083,2.178,,,
13/04/2016,2.036,2.119,2.212,,,
14/04/2016,1.97,2.063,2.165,,,
15/04/2016,1.902,1.997,2.105,,,
18/04/2016,1.94,2.045,2.154,,,
19/04/2016,2.088,2.188,2.288,,,
20/04/2016,2.069,2.18,2.281,,,
21/04/2016,2.068,2.208,2.323,,,
22/04/2016,2.14,2.267,2.383,,,
25/04/2016,2.063,2.187,2.311,,,
26/04/2016,2.032,2.159,2.294,,,
27/04/2016,1.995,2.153,2.305,,,
28/04/2016,2.078,2.253,2.358,,,
29/04/2016,2.178,2.322,2.412,,,
2/05/2016,2.042,2.218,2.321,,,
3/05/2016,2.086,2.254,2.35,,,
4/05/2016,2.141,2.296,2.381,,,
5/05/2016,2.076,2.238,2.325,,,
6/05/2016,2.101,2.243,2.323,,,
9/05/2016,2.098,2.229,2.304,,,
10/05/2016,2.158,2.285,2.355,,,
11/05/2016,2.173,2.301,2.374,,,
12/05/2016,2.155,2.299,2.378,,,
13/05/2016,2.096,2.244,2.325,,,
16/05/2016,2.029,2.177,2.254,,,
17/05/2016,2.048,2.185,2.253,,,
18/05/2016,2.001,2.131,2.205,,,
19/05/2016,2.039,2.195,2.278,,,
20/05/2016,2.062,2.207,2.284,,,
23/05/2016,2.055,2.199,2.274,,,
24/05/2016,1.98,2.146,2.232,,,
25/05/2016,1.992,2.181,2.281,,,
26/05/2016,1.963,2.151,2.261,,,
27/05/2016,2.169,2.281,2.345,,,
31/05/2016,2.288,2.383,2.438,,,
1/06/2016,2.381,2.453,2.492,,,
2/06/2016,2.405,2.482,2.524,,,
3/06/2016,2.398,2.476,2.517,,,
6/06/2016,2.466,2.537,2.574,,,
7/06/2016,2.474,2.557,2.601,,,
8/06/2016,2.468,2.544,2.589,,,
9/06/2016,2.617,2.69,2.721,,,
10/06/2016,2.556,2.624,2.654,,,
13/06/2016,2.585,2.652,2.682,,,
14/06/2016,2.604,2.666,2.691,,,
15/06/2016,2.595,2.652,2.677,,,
16/06/2016,2.58,2.627,2.652,,,
17/06/2016,2.623,2.666,2.686,,,
20/06/2016,2.747,2.777,2.795,,,
21/06/2016,2.768,2.798,2.813,,,
22/06/2016,2.677,2.711,2.724,,,
23/06/2016,2.698,2.737,2.744,,,
24/06/2016,2.662,2.694,2.702,,,
27/06/2016,2.716,2.741,2.744,,,
28/06/2016,2.917,2.89,2.888,,,
29/06/2016,2.863,2.858,2.895,,,
30/06/2016,2.924,2.918,2.948,,,
1/07/2016,2.987,2.981,3.013,,,
5/07/2016,2.764,2.758,2.802,,,
6/07/2016,2.786,2.777,2.818,,,
7/07/2016,2.777,2.764,2.802,,,
8/07/2016,2.801,2.788,2.827,,,
11/07/2016,2.702,2.684,2.735,,,
12/07/2016,2.734,2.7,2.747,,,
13/07/2016,2.737,2.707,2.751,,,
14/07/2016,2.727,2.707,2.749,,,
15/07/2016,2.756,2.728,2.773,,,
18/07/2016,2.722,2.692,2.738,,,
19/07/2016,2.728,2.689,2.73,,,
20/07/2016,2.658,2.621,2.663,,,
21/07/2016,2.692,2.659,2.698,,,
22/07/2016,2.777,2.743,2.782,,,
25/07/2016,2.747,2.712,2.756,,,
26/07/2016,2.712,2.677,2.722,,,
27/07/2016,2.672,2.66,2.709,,,
28/07/2016,2.873,2.909,3.059,,,
29/07/2016,2.876,2.917,3.076,,,
1/08/2016,2.771,2.818,2.98,,,
2/08/2016,2.733,2.783,2.943,,,
3/08/2016,2.839,2.881,3.034,,,
4/08/2016,2.834,2.877,3.022,,,
5/08/2016,2.772,2.809,2.965,,,
8/08/2016,2.748,2.779,2.943,,,
9/08/2016,2.615,2.659,2.844,,,
10/08/2016,2.561,2.616,2.801,,,
11/08/2016,2.551,2.607,2.792,,,
12/08/2016,2.586,2.626,2.804,,,
15/08/2016,2.59,2.629,2.811,,,
16/08/2016,2.617,2.657,2.833,,,
17/08/2016,2.619,2.659,2.832,,,
18/08/2016,2.674,2.712,2.873,,,
19/08/2016,2.584,2.619,2.781,,,
22/08/2016,2.679,2.701,2.838,,,
23/08/2016,2.761,2.794,2.924,,,
24/08/2016,2.796,2.835,2.967,,,
25/08/2016,2.846,2.885,3.01,,,
26/08/2016,2.871,2.913,3.03,,,
29/08/2016,2.853,2.896,3.011,,,
30/08/2016,2.827,2.949,3.157,,,
31/08/2016,2.887,3.003,3.203,,,
1/09/2016,2.792,2.908,3.113,,,
2/09/2016,2.792,2.898,3.101,,,
6/09/2016,2.717,2.842,3.059,,,
7/09/2016,2.676,2.811,3.046,,,
8/09/2016,2.806,2.917,3.144,,,
9/09/2016,2.797,2.89,3.119,,,
12/09/2016,2.915,2.986,3.179,,,
13/09/2016,2.909,2.989,3.176,,,
14/09/2016,2.889,2.969,3.173,,,
15/09/2016,2.927,3.002,3.191,,,
16/09/2016,2.948,3.021,3.211,,,
19/09/2016,2.934,3.005,3.197,,,
20/09/2016,3.047,3.109,3.291,,,
21/09/2016,3.057,3.132,3.321,,,
22/09/2016,2.99,3.061,3.268,,,
23/09/2016,2.955,3.013,3.22,,,
26/09/2016,2.997,3.055,3.25,,,
27/09/2016,2.996,3.05,3.242,,,
28/09/2016,2.952,3.002,3.199,,,
29/09/2016,2.959,3.161,3.292,,,
30/09/2016,2.906,3.132,3.268,,,
3/10/2016,2.923,3.17,3.306,,,
4/10/2016,2.964,3.183,3.317,,,
5/10/2016,3.041,3.26,3.391,,,
6/10/2016,3.049,3.282,3.41,,,
7/10/2016,3.193,3.391,3.519,,,
10/10/2016,3.275,3.454,3.577,,,
11/10/2016,3.237,3.429,3.556,,,
12/10/2016,3.21,3.41,3.538,,,
13/10/2016,3.341,3.532,3.654,,,
14/10/2016,3.285,3.503,3.628,,,
17/10/2016,3.244,3.481,3.615,,,
18/10/2016,3.263,3.505,3.639,,,
19/10/2016,3.17,3.434,3.57,,,
20/10/2016,3.141,3.434,3.569,,,
21/10/2016,2.993,3.361,3.504,,,
24/10/2016,2.831,3.319,3.465,,,
25/10/2016,2.774,3.149,3.316,,,
26/10/2016,2.731,3.036,3.187,,,
27/10/2016,2.764,3.068,3.237,,,
28/10/2016,3.105,3.263,3.284,,,
31/10/2016,3.026,3.195,3.223,,,
1/11/2016,2.902,3.078,3.106,,,
2/11/2016,2.792,2.978,3.004,,,
3/11/2016,2.769,2.949,2.98,,,
4/11/2016,2.767,2.937,2.967,,,
7/11/2016,2.816,2.978,3.011,,,
8/11/2016,2.633,2.81,2.854,,,
9/11/2016,2.69,2.859,2.898,,,
10/11/2016,2.632,2.811,2.858,,,
11/11/2016,2.619,2.85,2.898,,,
14/11/2016,2.749,2.937,2.974,,,
15/11/2016,2.709,2.885,2.931,,,
16/11/2016,2.764,2.92,2.96,,,
17/11/2016,2.703,2.875,2.921,,,
18/11/2016,2.843,2.98,3.017,,,
21/11/2016,2.95,3.077,3.111,,,
22/11/2016,2.982,3.1,3.124,,,
23/11/2016,3.026,3.147,3.176,,,
25/11/2016,3.085,3.202,3.234,,,
28/11/2016,3.232,3.32,3.346,,,
29/11/2016,3.315,3.341,3.319,,,
30/11/2016,3.352,3.359,3.328,,,
1/12/2016,3.505,3.509,3.462,,,
2/12/2016,3.436,3.44,3.407,,,
5/12/2016,3.654,3.641,3.598,,,
6/12/2016,3.635,3.626,3.58,,,
7/12/2016,3.603,3.589,3.55,,,
8/12/2016,3.695,3.676,3.631,,,
9/12/2016,3.746,3.741,3.691,,,
12/12/2016,3.507,3.51,3.486,,,
13/12/2016,3.474,3.475,3.456,,,
14/12/2016,3.54,3.558,3.536,,,
15/12/2016,3.434,3.47,3.457,,,
16/12/2016,3.415,3.449,3.436,,,
19/12/2016,3.392,3.431,3.423,,,
20/12/2016,3.263,3.297,3.284,,,
21/12/2016,3.542,3.567,3.527,,,
22/12/2016,3.538,3.563,3.533,,,
23/12/2016,3.662,3.678,3.632,,,
27/12/2016,3.761,3.766,3.708,,,
28/12/2016,3.93,3.898,3.825,,,
29/12/2016,3.802,3.754,3.605,,,
30/12/2016,3.724,3.684,3.566,,,
3/01/2017,3.327,3.317,3.281,,,
4/01/2017,3.267,3.249,3.211,,,
5/01/2017,3.273,3.268,3.226,,,
6/01/2017,3.285,3.288,3.256,,,
9/01/2017,3.103,3.113,3.106,,,
10/01/2017,3.278,3.275,3.259,,,
11/01/2017,3.224,3.217,3.212,,,
12/01/2017,3.386,3.367,3.352,,,
13/01/2017,3.419,3.396,3.384,,,
17/01/2017,3.412,3.405,3.41,,,
18/01/2017,3.302,3.294,3.309,,,
19/01/2017,3.368,3.36,3.371,,,
20/01/2017,3.204,3.211,3.226,,,
23/01/2017,3.243,3.257,3.281,,,
24/01/2017,3.279,3.295,3.317,,,
25/01/2017,3.332,3.346,3.366,,,
26/01/2017,3.382,3.397,3.41,,,
27/01/2017,3.391,3.358,3.38,,,
30/01/2017,3.232,3.271,3.305,,,
31/01/2017,3.117,3.165,3.208,,,
1/02/2017,3.168,3.214,3.254,,,
2/02/2017,3.187,3.245,3.29,,,
3/02/2017,3.063,3.116,3.159,,,
6/02/2017,3.05,3.117,3.169,,,
7/02/2017,3.13,3.192,3.246,,,
8/02/2017,3.126,3.196,3.255,,,
9/02/2017,3.141,3.209,3.272,,,
10/02/2017,3.034,3.117,3.189,,,
13/02/2017,2.944,3.032,3.108,,,
14/02/2017,2.905,3.005,3.084,,,
15/02/2017,2.925,3.037,3.113,,,
16/02/2017,2.854,2.971,3.042,,,
17/02/2017,2.834,2.951,3.02,,,
21/02/2017,2.564,2.691,2.785,,,
22/02/2017,2.592,2.701,2.78,,,
23/02/2017,2.617,2.749,2.822,,,
24/02/2017,2.627,2.787,2.868,,,
27/02/2017,2.693,2.779,2.857,,,
28/02/2017,2.774,2.87,2.953,,,
1/03/2017,2.799,2.909,2.999,,,
2/03/2017,2.804,2.914,3.009,,,
3/03/2017,2.827,2.939,3.028,,,
6/03/2017,2.901,2.984,3.056,,,
7/03/2017,2.824,2.921,3.008,,,
8/03/2017,2.901,2.981,3.058,,,
9/03/2017,2.974,3.046,3.118,,,
10/03/2017,3.008,3.074,3.142,,,
13/03/2017,3.043,3.107,3.171,,,
14/03/2017,2.938,2.993,3.06,,,
15/03/2017,2.981,3.04,3.1,,,
16/03/2017,2.902,2.967,3.037,,,
17/03/2017,2.948,3.004,3.072,,,
20/03/2017,3.041,3.098,3.164,,,
21/03/2017,3.093,3.155,3.219,,,
22/03/2017,3.011,3.073,3.145,,,
23/03/2017,3.051,3.131,3.206,,,
24/03/2017,3.076,3.153,3.228,,,
27/03/2017,3.052,3.131,3.207,,,
28/03/2017,3.096,3.177,3.251,,,
29/03/2017,3.175,3.231,3.299,,,
30/03/2017,3.191,3.257,3.317,,,
31/03/2017,3.19,3.254,3.316,,,
3/04/2017,3.128,3.204,3.273,,,
4/04/2017,3.293,3.365,3.43,,,
5/04/2017,3.266,3.344,3.416,,,
6/04/2017,3.331,3.401,3.47,,,
7/04/2017,3.261,3.331,3.402,,,
10/04/2017,3.238,3.309,3.38,,,
11/04/2017,3.15,3.224,3.296,,,
12/04/2017,3.187,3.262,3.332,,,
13/04/2017,3.227,3.307,3.376,,,
17/04/2017,3.163,3.251,3.327,,,
18/04/2017,3.145,3.236,3.314,,,
19/04/2017,3.185,3.276,3.353,,,
20/04/2017,3.159,3.25,3.329,,,
21/04/2017,3.101,3.192,3.27,,,
24/04/2017,3.066,3.16,3.243,,,
25/04/2017,3.043,3.165,3.25,,,
26/04/2017,3.142,3.271,3.35,,,
27/04/2017,3.239,3.32,3.351,,,
28/04/2017,3.276,3.353,3.38,,,
1/05/2017,3.215,3.293,3.317,,,
2/05/2017,3.195,3.274,3.302,,,
3/05/2017,3.228,3.309,3.337,,,
4/05/2017,3.186,3.271,3.305,,,
5/05/2017,3.266,3.35,3.382,,,
8/05/2017,3.172,3.257,3.291,,,
9/05/2017,3.227,3.315,3.349,,,
10/05/2017,3.292,3.38,3.412,,,
11/05/2017,3.376,3.461,3.49,,,
12/05/2017,3.424,3.498,3.521,,,
15/05/2017,3.349,3.429,3.456,,,
16/05/2017,3.23,3.315,3.349,,,
17/05/2017,3.192,3.283,3.32,,,
18/05/2017,3.182,3.28,3.32,,,
19/05/2017,3.256,3.353,3.39,,,
22/05/2017,3.33,3.424,3.459,,,
23/05/2017,3.219,3.312,3.352,,,
24/05/2017,3.209,3.3,3.342,,,
25/05/2017,3.184,3.275,3.317,,,
26/05/2017,3.236,3.31,3.345,,,
30/05/2017,3.145,3.181,3.167,,,
31/05/2017,3.071,3.109,3.095,,,
1/06/2017,3.008,3.047,3.034,,,
2/06/2017,2.999,3.041,3.03,,,
5/06/2017,2.982,3.024,3.014,,,
6/06/2017,3.042,3.076,3.062,,,
7/06/2017,3.02,3.054,3.045,,,
8/06/2017,3.028,3.062,3.053,,,
9/06/2017,3.039,3.071,3.056,,,
12/06/2017,3.024,3.054,3.038,,,
13/06/2017,2.966,2.989,2.972,,,
14/06/2017,2.933,2.953,2.937,,,
15/06/2017,3.056,3.078,3.064,,,
16/06/2017,3.037,3.06,3.047,,,
19/06/2017,2.894,2.917,2.91,,,
20/06/2017,2.907,2.93,2.928,,,
21/06/2017,2.893,2.915,2.914,,,
22/06/2017,2.894,2.915,2.913,,,
23/06/2017,2.929,2.951,2.949,,,
26/06/2017,3.027,3.049,3.043,,,
27/06/2017,3.037,3.064,3.059,,,
28/06/2017,3.067,3.094,3.087,,,
29/06/2017,3.042,3.037,3.065,,,
30/06/2017,3.035,3.031,3.058,,,
3/07/2017,2.951,2.953,2.984,,,
5/07/2017,2.84,2.837,2.865,,,
6/07/2017,2.888,2.881,2.908,,,
7/07/2017,2.864,2.857,2.886,,,
10/07/2017,2.929,2.924,2.955,,,
11/07/2017,3.047,3.038,3.066,,,
12/07/2017,2.985,2.975,3.006,,,
13/07/2017,2.961,2.948,2.981,,,
14/07/2017,2.98,2.971,3.004,,,
17/07/2017,3.02,3.007,3.04,,,
18/07/2017,3.088,3.073,3.104,,,
19/07/2017,3.066,3.055,3.088,,,
20/07/2017,3.043,3.033,3.066,,,
21/07/2017,2.97,2.961,2.998,,,
24/07/2017,2.899,2.882,2.917,,,
25/07/2017,2.944,2.931,2.963,,,
26/07/2017,2.924,2.914,2.952,,,
27/07/2017,2.969,2.967,3.003,,,
28/07/2017,2.941,2.981,3.063,,,
31/07/2017,2.794,2.834,2.92,,,
1/08/2017,2.819,2.855,2.936,,,
2/08/2017,2.811,2.851,2.936,,,
3/08/2017,2.8,2.844,2.933,,,
4/08/2017,2.774,2.817,2.906,,,
7/08/2017,2.801,2.84,2.926,,,
8/08/2017,2.822,2.86,2.941,,,
9/08/2017,2.883,2.92,2.993,,,
10/08/2017,2.985,3.017,3.076,,,
11/08/2017,2.983,3.009,3.068,,,
14/08/2017,2.959,2.989,3.059,,,
15/08/2017,2.935,2.965,3.04,,,
16/08/2017,2.89,2.925,3.005,,,
17/08/2017,2.929,2.966,3.045,,,
18/08/2017,2.893,2.93,3.008,,,
21/08/2017,2.962,2.992,3.06,,,
22/08/2017,2.939,2.968,3.037,,,
23/08/2017,2.928,2.96,3.033,,,
24/08/2017,2.949,2.982,3.053,,,
25/08/2017,2.892,2.924,2.997,,,
28/08/2017,2.925,2.961,3.03,,,
29/08/2017,2.961,2.983,3.053,,,
30/08/2017,2.939,3.014,3.155,,,
31/08/2017,3.04,3.102,3.232,,,
1/09/2017,3.07,3.136,3.27,,,
5/09/2017,2.972,3.044,3.189,,,
6/09/2017,3,3.069,3.216,,,
7/09/2017,2.981,3.053,3.203,,,
8/09/2017,2.89,2.965,3.123,,,
11/09/2017,2.95,3.019,3.178,,,
12/09/2017,3.001,3.067,3.221,,,
13/09/2017,3.058,3.118,3.266,,,
14/09/2017,3.07,3.127,3.271,,,
15/09/2017,3.024,3.085,3.236,,,
18/09/2017,3.146,3.195,3.337,,,
19/09/2017,3.122,3.175,3.319,,,
20/09/2017,3.094,3.149,3.291,,,
21/09/2017,2.946,3.007,3.163,,,
22/09/2017,2.959,3.021,3.18,,,
25/09/2017,2.919,2.988,3.151,,,
26/09/2017,2.918,3,3.159,,,
27/09/2017,2.974,3.061,3.218,,,
28/09/2017,3.017,3.184,3.298,,,
29/09/2017,3.007,3.181,3.295,,,
2/10/2017,2.916,3.106,3.234,,,
3/10/2017,2.895,3.085,3.217,,,
4/10/2017,2.94,3.122,3.247,,,
5/10/2017,2.923,3.103,3.23,,,
6/10/2017,2.863,3.046,3.17,,,
9/10/2017,2.833,3.018,3.14,,,
10/10/2017,2.891,3.071,3.189,,,
11/10/2017,2.889,3.066,3.181,,,
12/10/2017,2.989,3.144,3.251,,,
13/10/2017,3,3.16,3.271,,,
16/10/2017,2.946,3.108,3.227,,,
17/10/2017,2.962,3.128,3.248,,,
18/10/2017,2.854,3.065,3.194,,,
19/10/2017,2.873,3.086,3.218,,,
20/10/2017,2.915,3.113,3.241,,,
23/10/2017,2.991,3.156,3.28,,,
24/10/2017,2.974,3.135,3.257,,,
25/10/2017,2.919,3.082,3.203,,,
26/10/2017,2.89,3.051,3.175,,,
27/10/2017,2.752,2.964,3.102,,,
30/10/2017,2.966,3.1,3.103,,,
31/10/2017,2.896,3.026,3.03,,,
1/11/2017,2.893,3.017,3.024,,,
2/11/2017,2.935,3.051,3.058,,,
3/11/2017,2.984,3.097,3.102,,,
6/11/2017,3.134,3.232,3.231,,,
7/11/2017,3.152,3.251,3.252,,,
8/11/2017,3.175,3.272,3.275,,,
9/11/2017,3.2,3.297,3.298,,,
10/11/2017,3.213,3.306,3.308,,,
13/11/2017,3.167,3.262,3.265,,,
14/11/2017,3.102,3.203,3.205,,,
15/11/2017,3.08,3.179,3.18,,,
16/11/2017,3.053,3.153,3.155,,,
17/11/2017,3.097,3.191,3.19,,,
20/11/2017,3.047,3.14,3.141,,,
21/11/2017,3.017,3.11,3.11,,,
22/11/2017,2.968,3.059,3.064,,,
24/11/2017,2.813,2.916,2.929,,,
27/11/2017,2.928,3.017,3.023,,,
28/11/2017,3.074,3.128,3.131,,,
29/11/2017,3.179,3.179,3.137,,,
30/11/2017,3.025,3.032,2.999,,,
1/12/2017,3.061,3.063,3.025,,,
4/12/2017,2.985,2.988,2.955,,,
5/12/2017,2.914,2.92,2.894,,,
6/12/2017,2.922,2.924,2.898,,,
7/12/2017,2.763,2.782,2.761,,,
8/12/2017,2.772,2.792,2.767,,,
11/12/2017,2.828,2.847,2.816,,,
12/12/2017,2.678,2.694,2.67,,,
13/12/2017,2.715,2.732,2.704,,,
14/12/2017,2.684,2.704,2.678,,,
15/12/2017,2.612,2.635,2.61,,,
18/12/2017,2.745,2.755,2.72,,,
19/12/2017,2.692,2.697,2.665,,,
20/12/2017,2.637,2.636,2.604,,,
21/12/2017,2.598,2.592,2.559,,,
22/12/2017,2.667,2.658,2.622,,,
26/12/2017,2.643,2.654,2.631,,,
27/12/2017,2.738,2.732,2.699,,,
28/12/2017,2.914,2.878,2.722,,,
29/12/2017,2.953,2.906,2.749,,,
2/01/2018,3.056,2.973,2.793,,,
3/01/2018,3.008,2.931,2.777,,,
4/01/2018,2.88,2.813,2.696,,,
5/01/2018,2.795,2.745,2.65,,,
8/01/2018,2.835,2.772,2.676,,,
9/01/2018,2.923,2.852,2.724,,,
10/01/2018,2.906,2.822,2.709,,,
11/01/2018,3.084,2.925,2.77,,,
12/01/2018,3.2,2.993,2.789,,,
16/01/2018,3.129,2.962,2.781,,,
17/01/2018,3.232,3.024,2.814,,,
18/01/2018,3.189,2.988,2.81,,,
19/01/2018,3.185,2.941,2.787,,,
22/01/2018,3.224,2.931,2.792,,,
23/01/2018,3.444,3.039,2.849,,,
24/01/2018,3.509,3.08,2.876,,,
25/01/2018,3.447,3.099,2.901,,,
26/01/2018,3.505,3.175,2.929,,,
29/01/2018,3.631,3.167,2.939,,,
30/01/2018,3.195,2.965,2.939,,,
31/01/2018,2.995,2.86,2.854,,,
1/02/2018,2.856,2.793,2.796,,,
2/02/2018,2.846,2.792,2.797,,,
5/02/2018,2.747,2.726,2.737,,,
6/02/2018,2.759,2.723,2.735,,,
7/02/2018,2.702,2.692,2.708,,,
8/02/2018,2.697,2.685,2.704,,,
9/02/2018,2.584,2.597,2.627,,,
12/02/2018,2.552,2.579,2.612,,,
13/02/2018,2.594,2.623,2.654,,,
14/02/2018,2.587,2.63,2.658,,,
15/02/2018,2.58,2.62,2.651,,,
16/02/2018,2.558,2.598,2.632,,,
20/02/2018,2.616,2.649,2.678,,,
21/02/2018,2.659,2.681,2.706,,,
22/02/2018,2.634,2.676,2.704,,,
23/02/2018,2.625,2.657,2.686,,,
26/02/2018,2.639,2.686,2.711,,,
27/02/2018,2.683,2.712,2.746,,,
28/02/2018,2.667,2.696,2.735,,,
1/03/2018,2.698,2.729,2.768,,,
2/03/2018,2.695,2.727,2.767,,,
5/03/2018,2.704,2.738,2.778,,,
6/03/2018,2.749,2.778,2.816,,,
7/03/2018,2.777,2.806,2.847,,,
8/03/2018,2.756,2.787,2.833,,,
9/03/2018,2.732,2.759,2.806,,,
12/03/2018,2.778,2.8,2.846,,,
13/03/2018,2.786,2.809,2.856,,,
14/03/2018,2.731,2.759,2.809,,,
15/03/2018,2.681,2.712,2.765,,,
16/03/2018,2.688,2.716,2.77,,,
19/03/2018,2.651,2.678,2.736,,,
20/03/2018,2.675,2.704,2.76,,,
21/03/2018,2.638,2.667,2.724,,,
22/03/2018,2.617,2.656,2.715,,,
23/03/2018,2.591,2.633,2.692,,,
26/03/2018,2.618,2.657,2.716,,,
27/03/2018,2.691,2.714,2.766,,,
28/03/2018,2.698,2.751,2.808,,,
29/03/2018,2.733,2.778,2.832,,,
2/04/2018,2.683,2.732,2.787,,,
3/04/2018,2.697,2.745,2.801,,,
4/04/2018,2.718,2.766,2.823,,,
5/04/2018,2.675,2.729,2.791,,,
6/04/2018,2.701,2.747,2.804,,,
9/04/2018,2.693,2.731,2.78,,,
10/04/2018,2.656,2.694,2.747,,,
11/04/2018,2.675,2.709,2.757,,,
12/04/2018,2.686,2.717,2.761,,,
13/04/2018,2.735,2.764,2.805,,,
16/04/2018,2.752,2.784,2.827,,,
17/04/2018,2.738,2.77,2.815,,,
18/04/2018,2.739,2.768,2.814,,,
19/04/2018,2.66,2.695,2.743,,,
20/04/2018,2.739,2.767,2.808,,,
23/04/2018,2.74,2.775,2.812,,,
24/04/2018,2.781,2.813,2.849,,,
25/04/2018,2.786,2.807,2.844,,,
26/04/2018,2.821,2.839,2.873,,,
27/04/2018,2.771,2.811,2.82,,,
30/04/2018,2.763,2.8,2.807,,,
1/05/2018,2.802,2.837,2.841,,,
2/05/2018,2.754,2.791,2.797,,,
3/05/2018,2.726,2.759,2.764,,,
4/05/2018,2.711,2.741,2.746,,,
7/05/2018,2.741,2.767,2.772,,,
8/05/2018,2.732,2.76,2.767,,,
9/05/2018,2.737,2.76,2.767,,,
10/05/2018,2.814,2.828,2.836,,,
11/05/2018,2.806,2.825,2.836,,,
14/05/2018,2.842,2.859,2.869,,,
15/05/2018,2.836,2.854,2.864,,,
16/05/2018,2.815,2.837,2.85,,,
17/05/2018,2.859,2.886,2.898,,,
18/05/2018,2.847,2.879,2.893,,,
21/05/2018,2.81,2.85,2.869,,,
22/05/2018,2.908,2.936,2.952,,,
23/05/2018,2.914,2.955,2.973,,,
24/05/2018,2.94,2.971,2.988,,,
25/05/2018,2.939,2.963,2.983,,,
29/05/2018,2.875,2.903,2.923,,,
30/05/2018,2.885,2.905,2.891,,,
31/05/2018,2.952,2.965,2.944,,,
1/06/2018,2.962,2.976,2.955,,,
4/06/2018,2.93,2.943,2.925,,,
5/06/2018,2.89,2.907,2.892,,,
6/06/2018,2.896,2.909,2.895,,,
7/06/2018,2.93,2.939,2.924,,,
8/06/2018,2.89,2.894,2.876,,,
11/06/2018,2.949,2.941,2.911,,,
12/06/2018,2.939,2.929,2.902,,,
13/06/2018,2.963,2.948,2.92,,,
14/06/2018,2.965,2.958,2.935,,,
15/06/2018,3.022,3.015,2.99,,,
18/06/2018,2.951,2.951,2.932,,,
19/06/2018,2.9,2.904,2.884,,,
20/06/2018,2.964,2.965,2.944,,,
21/06/2018,2.975,2.972,2.947,,,
22/06/2018,2.945,2.945,2.92,,,
25/06/2018,2.923,2.921,2.898,,,
26/06/2018,2.939,2.931,2.907,,,
27/06/2018,2.996,2.981,2.951,,,
28/06/2018,2.94,2.919,2.927,,,
29/06/2018,2.924,2.901,2.908,,,
2/07/2018,2.862,2.844,2.857,,,
3/07/2018,2.87,2.846,2.856,,,
5/07/2018,2.837,2.812,2.822,,,
6/07/2018,2.858,2.826,2.834,,,
9/07/2018,2.828,2.796,2.805,,,
10/07/2018,2.788,2.758,2.77,,,
11/07/2018,2.829,2.797,2.809,,,
12/07/2018,2.797,2.766,2.78,,,
13/07/2018,2.752,2.724,2.74,,,
16/07/2018,2.759,2.73,2.742,,,
17/07/2018,2.74,2.707,2.72,,,
18/07/2018,2.721,2.689,2.705,,,
19/07/2018,2.769,2.736,2.751,,,
20/07/2018,2.757,2.728,2.746,,,
23/07/2018,2.721,2.695,2.715,,,
24/07/2018,2.732,2.719,2.739,,,
25/07/2018,2.775,2.755,2.773,,,
26/07/2018,2.78,2.762,2.78,,,
27/07/2018,2.822,2.782,2.8,,,
30/07/2018,2.797,2.817,2.866,,,
31/07/2018,2.782,2.798,2.843,,,
1/08/2018,2.758,2.77,2.811,,,
2/08/2018,2.816,2.822,2.857,,,
3/08/2018,2.853,2.862,2.898,,,
6/08/2018,2.86,2.866,2.903,,,
7/08/2018,2.897,2.9,2.935,,,
8/08/2018,2.949,2.955,2.989,,,
9/08/2018,2.955,2.959,2.992,,,
10/08/2018,2.944,2.949,2.982,,,
13/08/2018,2.93,2.936,2.971,,,
14/08/2018,2.959,2.966,3.002,,,
15/08/2018,2.94,2.948,2.985,,,
16/08/2018,2.908,2.913,2.95,,,
17/08/2018,2.946,2.949,2.986,,,
20/08/2018,2.941,2.932,2.966,,,
21/08/2018,2.98,2.964,2.991,,,
22/08/2018,2.956,2.944,2.975,,,
23/08/2018,2.964,2.953,2.986,,,
24/08/2018,2.917,2.913,2.946,,,
27/08/2018,2.876,2.869,2.899,,,
28/08/2018,2.852,2.845,2.873,,,
29/08/2018,2.895,2.863,2.89,,,
30/08/2018,2.874,2.901,2.988,,,
31/08/2018,2.916,2.939,3.029,,,
4/09/2018,2.823,2.842,2.937,,,
5/09/2018,2.795,2.813,2.907,,,
6/09/2018,2.772,2.791,2.885,,,
7/09/2018,2.776,2.79,2.878,,,
10/09/2018,2.804,2.808,2.895,,,
11/09/2018,2.828,2.827,2.913,,,
12/09/2018,2.829,2.82,2.91,,,
13/09/2018,2.817,2.8,2.89,,,
14/09/2018,2.767,2.751,2.843,,,
17/09/2018,2.814,2.779,2.862,,,
18/09/2018,2.933,2.896,2.961,,,
19/09/2018,2.908,2.882,2.951,,,
20/09/2018,2.976,2.964,3.031,,,
21/09/2018,2.977,2.974,3.045,,,
24/09/2018,3.038,3.029,3.097,,,
25/09/2018,3.082,3.058,3.129,,,
26/09/2018,3.021,2.98,3.062,,,
27/09/2018,3.056,3.135,3.214,,,
28/09/2018,3.008,3.091,3.169,,,
1/10/2018,3.094,3.172,3.244,,,
2/10/2018,3.166,3.239,3.312,,,
3/10/2018,3.23,3.297,3.37,,,
4/10/2018,3.165,3.221,3.288,,,
5/10/2018,3.143,3.188,3.253,,,
8/10/2018,3.267,3.289,3.333,,,
9/10/2018,3.266,3.298,3.361,,,
10/10/2018,3.284,3.332,3.404,,,
11/10/2018,3.222,3.279,3.352,,,
12/10/2018,3.161,3.226,3.306,,,
15/10/2018,3.242,3.31,3.389,,,
16/10/2018,3.239,3.301,3.374,,,
17/10/2018,3.32,3.369,3.439,,,
18/10/2018,3.198,3.25,3.325,,,
19/10/2018,3.25,3.309,3.385,,,
22/10/2018,3.138,3.214,3.29,,,
23/10/2018,3.212,3.283,3.353,,,
24/10/2018,3.166,3.227,3.29,,,
25/10/2018,3.202,3.256,3.317,,,
26/10/2018,3.185,3.225,3.29,,,
29/10/2018,3.185,3.198,3.261,,,
30/10/2018,3.187,3.244,3.163,,,
31/10/2018,3.261,3.302,3.21,,,
1/11/2018,3.237,3.275,3.173,,,
2/11/2018,3.284,3.31,3.192,,,
5/11/2018,3.567,3.575,3.407,,,
6/11/2018,3.555,3.583,3.436,,,
7/11/2018,3.555,3.569,3.428,,,
8/11/2018,3.543,3.553,3.414,,,
9/11/2018,3.719,3.721,3.566,,,
12/11/2018,3.788,3.8,3.66,,,
13/11/2018,4.101,4.147,4.019,,,
14/11/2018,4.837,4.898,4.77,,,
15/11/2018,4.038,4.043,3.897,,,
16/11/2018,4.272,4.291,4.148,,,
19/11/2018,4.7,4.712,4.572,,,
20/11/2018,4.523,4.521,4.386,,,
21/11/2018,4.451,4.477,4.368,,,
23/11/2018,4.308,4.355,4.262,,,
26/11/2018,4.248,4.299,4.184,,,
27/11/2018,4.262,4.292,4.161,,,
28/11/2018,4.715,4.699,4.538,,,
29/11/2018,4.646,4.482,4.156,,,
30/11/2018,4.612,4.419,4.014,,,
3/12/2018,4.339,4.157,3.768,,,
4/12/2018,4.457,4.305,3.937,,,
5/12/2018,4.469,4.33,4.006,,,
6/12/2018,4.327,4.217,3.924,,,
7/12/2018,4.488,4.378,4.155,,,
10/12/2018,4.545,4.36,4.136,,,
11/12/2018,4.407,4.258,4.041,,,
12/12/2018,4.136,4.035,3.853,,,
13/12/2018,4.124,4.027,3.856,,,
14/12/2018,3.827,3.753,3.606,,,
17/12/2018,3.528,3.453,3.308,,,
18/12/2018,3.838,3.742,3.558,,,
19/12/2018,3.726,3.653,3.506,,,
20/12/2018,3.583,3.526,3.38,,,
21/12/2018,3.816,3.75,3.544,,,
24/12/2018,3.467,3.423,3.261,,,
26/12/2018,3.543,3.458,3.283,,,
27/12/2018,3.642,3.546,3.353,,,
28/12/2018,3.303,3.148,2.818,,,
31/12/2018,2.94,2.851,2.683,,,
2/01/2019,2.958,2.829,2.627,,,
3/01/2019,2.945,2.812,2.614,,,
4/01/2019,3.044,2.905,2.688,,,
7/01/2019,2.944,2.847,2.677,,,
8/01/2019,2.967,2.835,2.695,,,
9/01/2019,2.984,2.84,2.706,,,
10/01/2019,2.969,2.813,2.706,,,
11/01/2019,3.099,2.945,2.769,,,
14/01/2019,3.591,3.289,2.905,,,
15/01/2019,3.501,3.249,2.846,,,
16/01/2019,3.384,3.147,2.833,,,
17/01/2019,3.413,3.174,2.85,,,
18/01/2019,3.482,3.239,2.883,,,
22/01/2019,3.04,2.972,2.817,,,
23/01/2019,2.98,2.922,2.79,,,
24/01/2019,3.099,2.998,2.844,,,
25/01/2019,3.178,3.072,2.884,,,
28/01/2019,2.911,2.873,2.807,,,
29/01/2019,2.95,2.903,2.847,,,
30/01/2019,2.854,2.808,2.813,,,
31/01/2019,2.814,2.765,2.772,,,
1/02/2019,2.734,2.699,2.709,,,
4/02/2019,2.66,2.642,2.656,,,
5/02/2019,2.662,2.65,2.665,,,
6/02/2019,2.662,2.657,2.671,,,
7/02/2019,2.551,2.572,2.601,,,
8/02/2019,2.583,2.604,2.634,,,
11/02/2019,2.642,2.659,2.686,,,
12/02/2019,2.688,2.705,2.731,,,
13/02/2019,2.575,2.621,2.652,,,
14/02/2019,2.573,2.61,2.639,,,
15/02/2019,2.625,2.656,2.682,,,
19/02/2019,2.662,2.697,2.721,,,
20/02/2019,2.636,2.669,2.693,,,
21/02/2019,2.697,2.724,2.744,,,
22/02/2019,2.717,2.739,2.759,,,
25/02/2019,2.836,2.815,2.826,,,
26/02/2019,2.855,2.796,2.811,,,
27/02/2019,2.799,2.813,2.85,,,
28/02/2019,2.812,2.823,2.863,,,
1/03/2019,2.859,2.863,2.901,,,
4/03/2019,2.857,2.857,2.895,,,
5/03/2019,2.884,2.884,2.918,,,
6/03/2019,2.841,2.85,2.887,,,
7/03/2019,2.866,2.872,2.91,,,
8/03/2019,2.865,2.87,2.912,,,
11/03/2019,2.772,2.785,2.834,,,
12/03/2019,2.784,2.797,2.848,,,
13/03/2019,2.82,2.834,2.883,,,
14/03/2019,2.855,2.86,2.905,,,
15/03/2019,2.795,2.802,2.852,,,
18/03/2019,2.85,2.856,2.905,,,
19/03/2019,2.874,2.872,2.915,,,
20/03/2019,2.82,2.825,2.872,,,
21/03/2019,2.821,2.827,2.877,,,
22/03/2019,2.753,2.767,2.821,,,
25/03/2019,2.755,2.774,2.825,,,
26/03/2019,2.74,2.751,2.803,,,
27/03/2019,2.713,2.719,2.771,,,
28/03/2019,2.712,2.761,2.816,,,
29/03/2019,2.662,2.713,2.772,,,
1/04/2019,2.708,2.749,2.802,,,
2/04/2019,2.684,2.722,2.775,,,
3/04/2019,2.677,2.715,2.764,,,
4/04/2019,2.643,2.686,2.739,,,
5/04/2019,2.664,2.706,2.765,,,
8/04/2019,2.708,2.748,2.806,,,
9/04/2019,2.699,2.739,2.798,,,
10/04/2019,2.7,2.742,2.801,,,
11/04/2019,2.664,2.708,2.766,,,
12/04/2019,2.66,2.704,2.764,,,
15/04/2019,2.59,2.633,2.696,,,
16/04/2019,2.572,2.617,2.681,,,
17/04/2019,2.517,2.559,2.623,,,
18/04/2019,2.49,2.535,2.599,,,
22/04/2019,2.524,2.558,2.616,,,
23/04/2019,2.455,2.499,2.557,,,
24/04/2019,2.462,2.5,2.558,,,
25/04/2019,2.514,2.548,2.602,,,
26/04/2019,2.566,2.58,2.63,,,
29/04/2019,2.593,2.64,2.663,,,
30/04/2019,2.575,2.617,2.641,,,
1/05/2019,2.62,2.658,2.676,,,
2/05/2019,2.589,2.624,2.643,,,
3/05/2019,2.567,2.6,2.616,,,
6/05/2019,2.524,2.56,2.578,,,
7/05/2019,2.537,2.573,2.593,,,
8/05/2019,2.61,2.646,2.666,,,
9/05/2019,2.595,2.631,2.652,,,
10/05/2019,2.619,2.655,2.674,,,
13/05/2019,2.621,2.653,2.671,,,
14/05/2019,2.659,2.689,2.705,,,
15/05/2019,2.601,2.634,2.651,,,
16/05/2019,2.639,2.674,2.689,,,
17/05/2019,2.631,2.664,2.68,,,
20/05/2019,2.673,2.699,2.714,,,
21/05/2019,2.613,2.641,2.656,,,
22/05/2019,2.543,2.559,2.574,,,
23/05/2019,2.578,2.592,2.604,,,
24/05/2019,2.598,2.611,2.621,,,
28/05/2019,2.582,2.584,2.593,,,
29/05/2019,2.633,2.624,2.632,,,
30/05/2019,2.547,2.557,2.549,,,
31/05/2019,2.454,2.46,2.45,,,
3/06/2019,2.403,2.403,2.392,,,
4/06/2019,2.416,2.419,2.411,,,
5/06/2019,2.378,2.38,2.372,,,
6/06/2019,2.324,2.324,2.315,,,
7/06/2019,2.337,2.331,2.317,,,
10/06/2019,2.357,2.35,2.335,,,
11/06/2019,2.399,2.393,2.377,,,
12/06/2019,2.386,2.381,2.365,,,
13/06/2019,2.325,2.322,2.312,,,
14/06/2019,2.387,2.381,2.371,,,
17/06/2019,2.386,2.373,2.359,,,
18/06/2019,2.328,2.311,2.296,,,
19/06/2019,2.276,2.263,2.245,,,
20/06/2019,2.185,2.166,2.146,,,
21/06/2019,2.186,2.169,2.143,,,
24/06/2019,2.303,2.284,2.256,,,
25/06/2019,2.308,2.286,2.26,,,
26/06/2019,2.291,2.268,2.244,,,
27/06/2019,2.324,2.298,2.325,,,
28/06/2019,2.308,2.282,2.311,,,
1/07/2019,2.267,2.242,2.276,,,
2/07/2019,2.24,2.217,2.249,,,
3/07/2019,2.29,2.263,2.292,,,
5/07/2019,2.418,2.389,2.415,,,
8/07/2019,2.403,2.384,2.415,,,
9/07/2019,2.425,2.416,2.454,,,
10/07/2019,2.444,2.433,2.47,,,
11/07/2019,2.416,2.401,2.436,,,
12/07/2019,2.453,2.434,2.464,,,
15/07/2019,2.408,2.386,2.418,,,
16/07/2019,2.306,2.286,2.314,,,
17/07/2019,2.304,2.278,2.304,,,
18/07/2019,2.287,2.263,2.29,,,
19/07/2019,2.251,2.228,2.256,,,
22/07/2019,2.312,2.293,2.319,,,
23/07/2019,2.3,2.275,2.301,,,
24/07/2019,2.22,2.202,2.227,,,
25/07/2019,2.244,2.227,2.253,,,
26/07/2019,2.169,2.15,2.177,,,
29/07/2019,2.141,2.116,2.139,,,
30/07/2019,2.137,2.16,2.252,,,
31/07/2019,2.233,2.25,2.33,,,
1/08/2019,2.202,2.212,2.293,,,
2/08/2019,2.121,2.13,2.213,,,
5/08/2019,2.07,2.083,2.169,,,
6/08/2019,2.111,2.124,2.204,,,
7/08/2019,2.083,2.099,2.184,,,
8/08/2019,2.128,2.146,2.228,,,
9/08/2019,2.119,2.133,2.214,,,
12/08/2019,2.105,2.117,2.194,,,
13/08/2019,2.147,2.159,2.232,,,
14/08/2019,2.143,2.154,2.228,,,
15/08/2019,2.232,2.237,2.304,,,
16/08/2019,2.2,2.207,2.273,,,
19/08/2019,2.21,2.213,2.272,,,
20/08/2019,2.218,2.219,2.279,,,
21/08/2019,2.17,2.177,2.239,,,
22/08/2019,2.159,2.163,2.222,,,
23/08/2019,2.152,2.156,2.212,,,
26/08/2019,2.23,2.233,2.285,,,
27/08/2019,2.202,2.192,2.245,,,
28/08/2019,2.251,2.222,2.274,,,
29/08/2019,2.296,2.342,2.512,,,
30/08/2019,2.285,2.324,2.485,,,
3/09/2019,2.358,2.397,2.55,,,
4/09/2019,2.445,2.492,2.631,,,
5/09/2019,2.435,2.491,2.641,,,
6/09/2019,2.496,2.551,2.699,,,
9/09/2019,2.585,2.625,2.768,,,
10/09/2019,2.58,2.62,2.78,,,
11/09/2019,2.552,2.589,2.751,,,
12/09/2019,2.574,2.605,2.758,,,
13/09/2019,2.614,2.653,2.8,,,
16/09/2019,2.681,2.725,2.867,,,
17/09/2019,2.668,2.7,2.84,,,
18/09/2019,2.637,2.665,2.803,,,
19/09/2019,2.538,2.569,2.726,,,
20/09/2019,2.534,2.555,2.705,,,
23/09/2019,2.527,2.555,2.701,,,
24/09/2019,2.503,2.525,2.681,,,
25/09/2019,2.502,2.518,2.668,,,
26/09/2019,2.428,2.443,2.596,,,
27/09/2019,2.404,2.565,2.681,,,
30/09/2019,2.33,2.504,2.622,,,
1/10/2019,2.283,2.48,2.611,,,
2/10/2019,2.247,2.451,2.584,,,
3/10/2019,2.329,2.5,2.621,,,
4/10/2019,2.352,2.524,2.648,,,
7/10/2019,2.303,2.5,2.63,,,
8/10/2019,2.288,2.491,2.623,,,
9/10/2019,2.234,2.436,2.568,,,
10/10/2019,2.218,2.417,2.548,,,
11/10/2019,2.214,2.457,2.591,,,
14/10/2019,2.28,2.498,2.622,,,
15/10/2019,2.339,2.532,2.647,,,
16/10/2019,2.303,2.495,2.612,,,
17/10/2019,2.318,2.516,2.633,,,
18/10/2019,2.32,2.517,2.635,,,
21/10/2019,2.238,2.441,2.566,,,
22/10/2019,2.272,2.449,2.568,,,
23/10/2019,2.282,2.427,2.532,,,
24/10/2019,2.316,2.465,2.567,,,
25/10/2019,2.3,2.459,2.561,,,
28/10/2019,2.446,2.555,2.647,,,
29/10/2019,2.597,2.639,2.724,,,
30/10/2019,2.691,2.781,2.737,,,
31/10/2019,2.633,2.732,2.697,,,
1/11/2019,2.714,2.802,2.762,,,
4/11/2019,2.821,2.898,2.849,,,
5/11/2019,2.862,2.94,2.886,,,
6/11/2019,2.828,2.907,2.858,,,
7/11/2019,2.772,2.859,2.817,,,
8/11/2019,2.789,2.873,2.822,,,
11/11/2019,2.637,2.728,2.687,,,
12/11/2019,2.621,2.714,2.668,,,
13/11/2019,2.6,2.692,2.65,,,
14/11/2019,2.647,2.719,2.666,,,
15/11/2019,2.688,2.75,2.695,,,
18/11/2019,2.566,2.63,2.585,,,
19/11/2019,2.51,2.576,2.529,,,
20/11/2019,2.559,2.611,2.562,,,
21/11/2019,2.567,2.622,2.569,,,
22/11/2019,2.665,2.71,2.655,,,
25/11/2019,2.531,2.584,2.541,,,
26/11/2019,2.47,2.533,2.501,,,
27/11/2019,2.501,2.47,2.383,,,
29/11/2019,2.281,2.262,2.198,,,
2/12/2019,2.329,2.308,2.242,,,
3/12/2019,2.441,2.405,2.307,,,
4/12/2019,2.399,2.374,2.288,,,
5/12/2019,2.427,2.398,2.312,,,
6/12/2019,2.334,2.319,2.249,,,
9/12/2019,2.232,2.234,2.193,,,
10/12/2019,2.264,2.263,2.218,,,
11/12/2019,2.243,2.243,2.2,,,
12/12/2019,2.328,2.32,2.271,,,
13/12/2019,2.296,2.282,2.228,,,
16/12/2019,2.341,2.326,2.265,,,
17/12/2019,2.319,2.303,2.244,,,
18/12/2019,2.286,2.264,2.211,,,
19/12/2019,2.273,2.265,2.207,,,
20/12/2019,2.328,2.31,2.24,,,
23/12/2019,2.214,2.217,2.166,,,
24/12/2019,2.172,2.187,2.138,,,
26/12/2019,2.294,2.285,2.213,,,
27/12/2019,2.158,2.231,2.173,,,
30/12/2019,2.186,2.157,2.149,,,
31/12/2019,2.189,2.158,2.149,,,
2/01/2020,2.122,2.093,2.098,,,
3/01/2020,2.13,2.112,2.113,,,
6/01/2020,2.135,2.134,2.135,,,
7/01/2020,2.162,2.153,2.146,,,
8/01/2020,2.141,2.134,2.135,,,
9/01/2020,2.166,2.148,2.15,,,
10/01/2020,2.202,2.168,2.164,,,
13/01/2020,2.182,2.158,2.163,,,
14/01/2020,2.187,2.151,2.154,,,
15/01/2020,2.12,2.083,2.097,,,
16/01/2020,2.077,2.046,2.064,,,
17/01/2020,2.003,1.985,2.011,,,
21/01/2020,1.895,1.889,1.93,,,
22/01/2020,1.905,1.9,1.935,,,
23/01/2020,1.926,1.904,1.94,,,
24/01/2020,1.893,1.87,1.908,,,
27/01/2020,1.902,1.878,1.915,,,
28/01/2020,1.934,1.908,1.945,,,
29/01/2020,1.877,1.865,1.909,,,
30/01/2020,1.829,1.872,1.933,,,
31/01/2020,1.841,1.886,1.946,,,
3/02/2020,1.819,1.862,1.918,,,
4/02/2020,1.872,1.902,1.952,,,
5/02/2020,1.861,1.887,1.937,,,
6/02/2020,1.862,1.887,1.94,,,
7/02/2020,1.858,1.892,1.951,,,
10/02/2020,1.766,1.804,1.869,,,
11/02/2020,1.788,1.823,1.882,,,
12/02/2020,1.844,1.874,1.929,,,
13/02/2020,1.826,1.856,1.913,,,
14/02/2020,1.837,1.856,1.904,,,
18/02/2020,1.981,1.971,2.006,,,
19/02/2020,1.955,1.971,2.008,,,
20/02/2020,1.92,1.931,1.974,,,
21/02/2020,1.905,1.917,1.959,,,
24/02/2020,1.827,1.843,1.89,,,
25/02/2020,1.847,1.851,1.896,,,
26/02/2020,1.821,1.837,1.88,,,
27/02/2020,1.752,1.8,1.868,,,
28/02/2020,1.684,1.732,1.799,,,
2/03/2020,1.756,1.797,1.858,,,
3/03/2020,1.8,1.838,1.897,,,
4/03/2020,1.827,1.865,1.925,,,
5/03/2020,1.772,1.813,1.876,,,
6/03/2020,1.708,1.748,1.816,,,
9/03/2020,1.778,1.819,1.895,,,
10/03/2020,1.936,1.985,2.055,,,
11/03/2020,1.878,1.921,1.995,,,
12/03/2020,1.841,1.885,1.965,,,
13/03/2020,1.869,1.901,1.968,,,
16/03/2020,1.815,1.853,1.917,,,
17/03/2020,1.729,1.769,1.852,,,
18/03/2020,1.604,1.647,1.74,,,
19/03/2020,1.654,1.726,1.821,,,
20/03/2020,1.604,1.675,1.765,,,
23/03/2020,1.602,1.673,1.782,,,
24/03/2020,1.653,1.729,1.836,,,
25/03/2020,1.659,1.714,1.826,,,
26/03/2020,1.637,1.689,1.802,,,
27/03/2020,1.634,1.671,1.775,,,
30/03/2020,1.69,1.794,1.931,,,
31/03/2020,1.64,1.756,1.912,,,
1/04/2020,1.587,1.712,1.886,,,
2/04/2020,1.552,1.672,1.847,,,
3/04/2020,1.621,1.738,1.919,,,
6/04/2020,1.731,1.844,1.989,,,
7/04/2020,1.852,1.949,2.063,,,
8/04/2020,1.783,1.896,2.052,,,
9/04/2020,1.733,1.863,2.06,,,
13/04/2020,1.724,1.879,2.078,,,
14/04/2020,1.65,1.826,2.026,,,
15/04/2020,1.598,1.748,1.946,,,
16/04/2020,1.686,1.845,2.035,,,
17/04/2020,1.753,1.903,2.074,,,
20/04/2020,1.924,2.049,2.231,,,
21/04/2020,1.821,1.984,2.175,,,
22/04/2020,1.939,2.053,2.236,,,
23/04/2020,1.815,1.942,2.155,,,
24/04/2020,1.746,1.895,2.128,,,
27/04/2020,1.819,1.916,2.153,,,
28/04/2020,1.794,1.948,2.17,,,
29/04/2020,1.869,2.091,2.196,,,
30/04/2020,1.949,2.17,2.275,,,
1/05/2020,1.89,2.134,2.242,,,
4/05/2020,1.993,2.23,2.33,,,
5/05/2020,2.134,2.312,2.388,,,
6/05/2020,1.944,2.171,2.254,,,
7/05/2020,1.894,2.127,2.202,,,
8/05/2020,1.823,2.077,2.153,,,
11/05/2020,1.826,2.085,2.16,,,
12/05/2020,1.72,1.965,2.053,,,
13/05/2020,1.616,1.856,1.957,,,
14/05/2020,1.681,1.884,1.985,,,
15/05/2020,1.646,1.833,1.935,,,
18/05/2020,1.783,1.959,2.05,,,
19/05/2020,1.83,1.985,2.064,,,
20/05/2020,1.771,1.909,1.997,,,
21/05/2020,1.71,1.852,1.933,,,
22/05/2020,1.731,1.881,1.958,,,
26/05/2020,1.793,1.945,2.019,,,
27/05/2020,1.722,1.886,1.972,,,
28/05/2020,1.827,1.919,1.975,,,
29/05/2020,1.849,1.94,1.988,,,
1/06/2020,1.774,1.871,1.924,,,
2/06/2020,1.777,1.876,1.935,,,
3/06/2020,1.821,1.915,1.969,,,
4/06/2020,1.822,1.917,1.968,,,
5/06/2020,1.782,1.886,1.941,,,
8/06/2020,1.789,1.892,1.947,,,
9/06/2020,1.767,1.863,1.918,,,
10/06/2020,1.78,1.87,1.925,,,
11/06/2020,1.813,1.9,1.954,,,
12/06/2020,1.731,1.815,1.865,,,
15/06/2020,1.669,1.76,1.814,,,
16/06/2020,1.614,1.701,1.756,,,
17/06/2020,1.638,1.727,1.784,,,
18/06/2020,1.638,1.728,1.784,,,
19/06/2020,1.669,1.748,1.799,,,
22/06/2020,1.664,1.738,1.787,,,
23/06/2020,1.637,1.691,1.74,,,
24/06/2020,1.597,1.661,1.723,,,
25/06/2020,1.482,1.546,1.612,,,
26/06/2020,1.495,1.544,1.605,,,
29/06/2020,1.709,1.754,1.863,,,
30/06/2020,1.751,1.789,1.887,,,
1/07/2020,1.671,1.721,1.84,,,
2/07/2020,1.734,1.785,1.884,,,
6/07/2020,1.83,1.893,1.983,,,
7/07/2020,1.876,1.939,2.028,,,
8/07/2020,1.824,1.876,1.97,,,
9/07/2020,1.779,1.821,1.922,,,
10/07/2020,1.805,1.847,1.943,,,
13/07/2020,1.739,1.797,1.899,,,
14/07/2020,1.746,1.787,1.891,,,
15/07/2020,1.778,1.818,1.917,,,
16/07/2020,1.723,1.776,1.879,,,
17/07/2020,1.718,1.765,1.876,,,
20/07/2020,1.641,1.684,1.808,,,
21/07/2020,1.675,1.714,1.837,,,
22/07/2020,1.681,1.718,1.838,,,
23/07/2020,1.785,1.835,1.952,,,
24/07/2020,1.808,1.867,1.994,,,
27/07/2020,1.734,1.786,1.932,,,
28/07/2020,1.8,1.864,2.012,,,
29/07/2020,1.854,1.93,2.079,,,
30/07/2020,1.829,1.991,2.465,,,
31/07/2020,1.799,1.957,2.418,,,
3/08/2020,2.101,2.239,2.612,,,
4/08/2020,2.193,2.334,2.669,,,
5/08/2020,2.191,2.331,2.675,,,
6/08/2020,2.165,2.305,2.654,,,
7/08/2020,2.238,2.376,2.72,,,
10/08/2020,2.153,2.287,2.64,,,
11/08/2020,2.171,2.311,2.67,,,
12/08/2020,2.152,2.297,2.672,,,
13/08/2020,2.182,2.324,2.699,,,
14/08/2020,2.356,2.495,2.811,,,
17/08/2020,2.339,2.476,2.803,,,
18/08/2020,2.417,2.556,2.87,,,
19/08/2020,2.426,2.563,2.868,,,
20/08/2020,2.352,2.503,2.827,,,
21/08/2020,2.448,2.573,2.866,,,
24/08/2020,2.513,2.616,2.875,,,
25/08/2020,2.489,2.596,2.853,,,
26/08/2020,2.461,2.574,2.825,,,
27/08/2020,2.579,2.71,2.943,,,
28/08/2020,2.657,2.916,3.208,,,
31/08/2020,2.63,2.92,3.254,,,
1/09/2020,2.527,2.901,3.266,,,
2/09/2020,2.486,2.931,3.288,,,
3/09/2020,2.487,2.927,3.259,,,
4/09/2020,2.588,2.987,3.276,,,
8/09/2020,2.4,2.892,3.235,,,
9/09/2020,2.406,2.873,3.241,,,
10/09/2020,2.323,2.798,3.186,,,
11/09/2020,2.269,2.744,3.165,,,
14/09/2020,2.31,2.74,3.16,,,
15/09/2020,2.362,2.741,3.158,,,
16/09/2020,2.267,2.664,3.12,,,
17/09/2020,2.042,2.577,3.097,,,
18/09/2020,2.048,2.633,3.154,,,
21/09/2020,1.835,2.71,3.186,,,
22/09/2020,1.834,2.597,3.134,,,
23/09/2020,2.125,2.794,3.229,,,
24/09/2020,2.248,2.899,3.343,,,
25/09/2020,2.139,2.807,3.277,,,
28/09/2020,2.101,2.795,3.271,,,
29/09/2020,2.561,3.118,3.259,,,
30/09/2020,2.527,3.117,3.267,,,
1/10/2020,2.527,3.062,3.204,,,
2/10/2020,2.438,2.991,3.138,,,
5/10/2020,2.615,3.161,3.293,,,
6/10/2020,2.52,3.096,3.239,,,
7/10/2020,2.606,3.149,3.294,,,
8/10/2020,2.627,3.149,3.299,,,
9/10/2020,2.741,3.204,3.347,,,
12/10/2020,2.881,3.271,3.401,,,
13/10/2020,2.855,3.247,3.379,,,
14/10/2020,2.636,3.189,3.332,,,
15/10/2020,2.775,3.261,3.396,,,
16/10/2020,2.773,3.271,3.405,,,
19/10/2020,2.795,3.28,3.414,,,
20/10/2020,2.913,3.26,3.391,,,
21/10/2020,3.023,3.348,3.471,,,
22/10/2020,3.007,3.272,3.397,,,
23/10/2020,2.971,3.195,3.322,,,
26/10/2020,3.024,3.253,3.371,,,
27/10/2020,3.019,3.311,3.424,,,
28/10/2020,2.996,3.291,3.411,,,
29/10/2020,3.301,3.417,3.364,,,
30/10/2020,3.354,3.469,3.416,,,
2/11/2020,3.244,3.375,3.332,,,
3/11/2020,3.059,3.195,3.159,,,
4/11/2020,3.046,3.177,3.14,,,
5/11/2020,2.942,3.084,3.058,,,
6/11/2020,2.888,3.031,3.005,,,
9/11/2020,2.859,2.999,2.974,,,
10/11/2020,2.949,3.073,3.041,,,
11/11/2020,3.031,3.151,3.116,,,
12/11/2020,2.976,3.094,3.057,,,
13/11/2020,2.995,3.122,3.083,,,
16/11/2020,2.697,2.864,2.847,,,
17/11/2020,2.692,2.844,2.826,,,
18/11/2020,2.712,2.838,2.818,,,
19/11/2020,2.592,2.72,2.703,,,
20/11/2020,2.65,2.77,2.755,,,
23/11/2020,2.711,2.823,2.806,,,
24/11/2020,2.775,2.9,2.877,,,
25/11/2020,2.896,2.961,2.936,,,
27/11/2020,2.843,2.832,2.776,,,
30/11/2020,2.882,2.865,2.799,,,
1/12/2020,2.88,2.868,2.806,,,
2/12/2020,2.78,2.778,2.723,,,
3/12/2020,2.507,2.515,2.476,,,
4/12/2020,2.575,2.586,2.551,,,
7/12/2020,2.406,2.433,2.432,,,
8/12/2020,2.399,2.422,2.419,,,
9/12/2020,2.442,2.456,2.452,,,
10/12/2020,2.553,2.57,2.565,,,
11/12/2020,2.591,2.603,2.597,,,
14/12/2020,2.682,2.678,2.66,,,
15/12/2020,2.682,2.68,2.662,,,
16/12/2020,2.677,2.681,2.665,,,
17/12/2020,2.636,2.637,2.619,,,
18/12/2020,2.7,2.681,2.662,,,
21/12/2020,2.705,2.689,2.67,,,
22/12/2020,2.78,2.749,2.726,,,
23/12/2020,2.608,2.588,2.571,,,
24/12/2020,2.518,2.512,2.498,,,
28/12/2020,2.305,2.326,2.329,,,
29/12/2020,2.467,2.444,2.439,,,
30/12/2020,2.422,2.422,2.447,,,
31/12/2020,2.539,2.526,2.538,,,
4/01/2021,2.581,2.561,2.582,,,
5/01/2021,2.702,2.673,2.688,,,
6/01/2021,2.716,2.684,2.69,,,
7/01/2021,2.729,2.691,2.696,,,
8/01/2021,2.7,2.656,2.659,,,
11/01/2021,2.747,2.703,2.701,,,
12/01/2021,2.753,2.707,2.699,,,
13/01/2021,2.727,2.689,2.688,,,
14/01/2021,2.666,2.63,2.633,,,
15/01/2021,2.737,2.696,2.695,,,
19/01/2021,2.546,2.529,2.554,,,
20/01/2021,2.539,2.533,2.562,,,
21/01/2021,2.491,2.497,2.536,,,
22/01/2021,2.446,2.456,2.503,,,
25/01/2021,2.602,2.598,2.633,,,
26/01/2021,2.656,2.636,2.663,,,
27/01/2021,2.76,2.702,2.72,,,
28/01/2021,2.664,2.675,2.702,,,
29/01/2021,2.564,2.592,2.625,,,
1/02/2021,2.85,2.821,2.837,,,
2/02/2021,2.845,2.818,2.842,,,
3/02/2021,2.789,2.772,2.799,,,
4/02/2021,2.935,2.889,2.904,,,
5/02/2021,2.863,2.841,2.867,,,
8/02/2021,2.882,2.862,2.892,,,
9/02/2021,2.835,2.823,2.86,,,
10/02/2021,2.911,2.879,2.91,,,
11/02/2021,2.868,2.836,2.864,,,
12/02/2021,2.912,2.876,2.9,,,
16/02/2021,3.129,2.983,2.995,,,
17/02/2021,3.219,3.032,3.04,,,
18/02/2021,3.082,2.97,2.977,,,
19/02/2021,3.069,2.991,3.001,,,
22/02/2021,2.953,2.936,2.96,,,
23/02/2021,2.879,2.857,2.885,,,
24/02/2021,2.854,2.795,2.822,,,
25/02/2021,2.777,2.809,2.86,,,
26/02/2021,2.771,2.809,2.862,,,
1/03/2021,2.777,2.818,2.872,,,
2/03/2021,2.839,2.875,2.924,,,
3/03/2021,2.816,2.849,2.895,,,
4/03/2021,2.746,2.781,2.829,,,
5/03/2021,2.701,2.739,2.793,,,
8/03/2021,2.664,2.698,2.755,,,
9/03/2021,2.662,2.696,2.752,,,
10/03/2021,2.692,2.728,2.785,,,
11/03/2021,2.668,2.703,2.76,,,
12/03/2021,2.6,2.636,2.695,,,
15/03/2021,2.484,2.523,2.586,,,
16/03/2021,2.562,2.597,2.654,,,
17/03/2021,2.528,2.555,2.613,,,
18/03/2021,2.481,2.511,2.57,,,
19/03/2021,2.535,2.566,2.624,,,
22/03/2021,2.582,2.619,2.674,,,
23/03/2021,2.508,2.554,2.615,,,
24/03/2021,2.518,2.568,2.63,,,
25/03/2021,2.57,2.616,2.676,,,
26/03/2021,2.557,2.619,2.679,,,
29/03/2021,2.586,2.653,2.708,,,
30/03/2021,2.623,2.681,2.741,,,
31/03/2021,2.608,2.667,2.732,,,
1/04/2021,2.639,2.697,2.761,,,
2/04/2021,2.639,2.697,2.761,,,
5/04/2021,2.511,2.582,2.657,,,
6/04/2021,2.456,2.536,2.618,,,
7/04/2021,2.52,2.597,2.674,,,
8/04/2021,2.522,2.607,2.691,,,
9/04/2021,2.526,2.605,2.691,,,
12/04/2021,2.561,2.643,2.73,,,
13/04/2021,2.619,2.696,2.779,,,
14/04/2021,2.618,2.693,2.775,,,
15/04/2021,2.658,2.73,2.805,,,
16/04/2021,2.68,2.754,2.829,,,
19/04/2021,2.749,2.818,2.885,,,
20/04/2021,2.727,2.803,2.874,,,
21/04/2021,2.692,2.776,2.846,,,
22/04/2021,2.749,2.831,2.898,,,
23/04/2021,2.73,2.818,2.884,,,
26/04/2021,2.79,2.874,2.935,,,
27/04/2021,2.873,2.942,2.995,,,
28/04/2021,2.925,2.96,3.011,,,
29/04/2021,2.911,2.961,2.973,,,
30/04/2021,2.931,2.978,2.989,,,
3/05/2021,2.966,3.014,3.022,,,
4/05/2021,2.967,3.012,3.02,,,
5/05/2021,2.938,2.982,2.992,,,
6/05/2021,2.928,2.974,2.984,,,
7/05/2021,2.958,3.004,3.011,,,
10/05/2021,2.932,2.978,2.986,,,
11/05/2021,2.955,2.999,3.007,,,
12/05/2021,2.969,3.018,3.026,,,
13/05/2021,2.973,3.025,3.036,,,
14/05/2021,2.961,3.018,3.029,,,
17/05/2021,3.109,3.164,3.17,,,
18/05/2021,3.012,3.078,3.091,,,
19/05/2021,2.964,3.028,3.041,,,
20/05/2021,2.925,2.991,3.007,,,
21/05/2021,2.906,2.977,2.996,,,
24/05/2021,2.886,2.96,2.979,,,
25/05/2021,2.913,2.974,2.993,,,
26/05/2021,2.984,3.027,3.045,,,
27/05/2021,2.958,2.978,2.975,,,
28/05/2021,2.986,3.007,3.002,,,
1/06/2021,3.104,3.126,3.118,,,
2/06/2021,3.075,3.094,3.086,,,
3/06/2021,3.041,3.059,3.052,,,
4/06/2021,3.097,3.114,3.105,,,
7/06/2021,3.07,3.089,3.082,,,
8/06/2021,3.128,3.14,3.132,,,
9/06/2021,3.129,3.144,3.137,,,
10/06/2021,3.149,3.166,3.158,,,
11/06/2021,3.296,3.311,3.301,,,
14/06/2021,3.352,3.367,3.354,,,
15/06/2021,3.24,3.256,3.244,,,
16/06/2021,3.251,3.271,3.259,,,
17/06/2021,3.253,3.275,3.26,,,
18/06/2021,3.215,3.236,3.222,,,
21/06/2021,3.191,3.215,3.201,,,
22/06/2021,3.258,3.277,3.262,,,
23/06/2021,3.333,3.352,3.333,,,
24/06/2021,3.418,3.437,3.415,,,
25/06/2021,3.496,3.52,3.5,,,
28/06/2021,3.617,3.593,3.572,,,
29/06/2021,3.63,3.606,3.606,,,
30/06/2021,3.65,3.624,3.619,,,
1/07/2021,3.661,3.632,3.623,,,
2/07/2021,3.7,3.668,3.659,,,
6/07/2021,3.637,3.608,3.603,,,
7/07/2021,3.596,3.574,3.576,,,
8/07/2021,3.688,3.667,3.668,,,
9/07/2021,3.674,3.657,3.66,,,
12/07/2021,3.749,3.732,3.732,,,
13/07/2021,3.696,3.682,3.684,,,
14/07/2021,3.66,3.648,3.655,,,
15/07/2021,3.614,3.601,3.61,,,
16/07/2021,3.674,3.658,3.664,,,
19/07/2021,3.779,3.754,3.751,,,
20/07/2021,3.876,3.852,3.849,,,
21/07/2021,3.959,3.938,3.935,,,
22/07/2021,4.003,3.982,3.976,,,
23/07/2021,4.06,4.042,4.034,,,
26/07/2021,4.102,4.082,4.076,,,
27/07/2021,3.971,3.942,3.939,,,
28/07/2021,4.044,3.967,3.969,,,
29/07/2021,4.059,4.06,4.119,,,
30/07/2021,3.914,3.92,3.982,,,
2/08/2021,3.935,3.938,3.998,,,
3/08/2021,4.027,4.032,4.089,,,
4/08/2021,4.158,4.163,4.221,,,
5/08/2021,4.14,4.148,4.21,,,
6/08/2021,4.14,4.154,4.219,,,
9/08/2021,4.06,4.075,4.143,,,
10/08/2021,4.089,4.103,4.172,,,
11/08/2021,4.059,4.071,4.143,,,
12/08/2021,3.933,3.948,4.021,,,
13/08/2021,3.861,3.875,3.949,,,
16/08/2021,3.946,3.96,4.033,,,
17/08/2021,3.837,3.851,3.925,,,
18/08/2021,3.852,3.866,3.939,,,
19/08/2021,3.83,3.844,3.909,,,
20/08/2021,3.851,3.866,3.932,,,
23/08/2021,3.945,3.96,4.024,,,
24/08/2021,3.896,3.916,3.982,,,
25/08/2021,3.897,3.925,3.995,,,
26/08/2021,4.184,4.211,4.261,,,
27/08/2021,4.37,4.388,4.434,,,
30/08/2021,4.305,4.359,4.448,,,
31/08/2021,4.377,4.425,4.515,,,
1/09/2021,4.615,4.663,4.749,,,
2/09/2021,4.641,4.692,4.78,,,
3/09/2021,4.712,4.762,4.85,,,
7/09/2021,4.568,4.615,4.704,,,
8/09/2021,4.914,4.962,5.046,,,
9/09/2021,5.031,5.072,5.158,,,
10/09/2021,4.938,4.973,5.067,,,
13/09/2021,5.231,5.273,5.366,,,
14/09/2021,5.26,5.305,5.398,,,
15/09/2021,5.46,5.507,5.604,,,
16/09/2021,5.335,5.382,5.492,,,
17/09/2021,5.105,5.146,5.258,,,
20/09/2021,4.985,5.022,5.132,,,
21/09/2021,4.805,4.842,4.953,,,
22/09/2021,4.805,4.855,4.969,,,
23/09/2021,4.976,5.043,5.157,,,
24/09/2021,5.14,5.2,5.315,,,
27/09/2021,5.706,5.731,5.839,,,
28/09/2021,5.841,5.88,5.985,,,
29/09/2021,5.477,5.595,5.675,,,
30/09/2021,5.867,5.991,6.073,,,
1/10/2021,5.619,5.763,5.853,,,
4/10/2021,5.766,5.906,5.999,,,
5/10/2021,6.312,6.432,6.522,,,
6/10/2021,5.675,5.803,5.888,,,
7/10/2021,5.677,5.817,5.91,,,
8/10/2021,5.565,5.71,5.806,,,
11/10/2021,5.345,5.502,5.597,,,
12/10/2021,5.505,5.663,5.761,,,
13/10/2021,5.59,5.753,5.854,,,
14/10/2021,5.687,5.837,5.936,,,
15/10/2021,5.41,5.6,5.708,,,
18/10/2021,4.989,5.236,5.346,,,
19/10/2021,5.088,5.35,5.465,,,
20/10/2021,5.17,5.447,5.562,,,
21/10/2021,5.115,5.346,5.461,,,
22/10/2021,5.28,5.461,5.565,,,
25/10/2021,5.898,6.056,6.149,,,
26/10/2021,5.882,6.003,6.093,,,
27/10/2021,6.202,6.198,6.277,,,
28/10/2021,5.782,5.871,5.76,,,
29/10/2021,5.426,5.529,5.433,,,
1/11/2021,5.186,5.305,5.202,,,
2/11/2021,5.542,5.64,5.522,,,
3/11/2021,5.67,5.78,5.655,,,
4/11/2021,5.716,5.826,5.692,,,
5/11/2021,5.516,5.626,5.494,,,
8/11/2021,5.427,5.505,5.367,,,
9/11/2021,4.979,5.07,4.959,,,
10/11/2021,4.88,4.974,4.861,,,
11/11/2021,5.149,5.245,5.116,,,
12/11/2021,4.791,4.88,4.775,,,
15/11/2021,5.017,5.104,4.991,,,
16/11/2021,5.177,5.27,5.152,,,
17/11/2021,4.816,4.914,4.824,,,
18/11/2021,4.902,4.995,4.904,,,
19/11/2021,5.065,5.145,5.052,,,
22/11/2021,4.789,4.861,4.769,,,
23/11/2021,4.967,5.035,4.941,,,
24/11/2021,5.068,5.114,5.017,,,
26/11/2021,5.447,5.477,5.364,,,
29/11/2021,4.854,4.768,4.521,,,
30/11/2021,4.567,4.506,4.28,,,
1/12/2021,4.258,4.188,4.014,,,
2/12/2021,4.056,3.997,3.846,,,
3/12/2021,4.132,4.073,3.921,,,
6/12/2021,3.657,3.625,3.525,,,
7/12/2021,3.708,3.674,3.585,,,
8/12/2021,3.815,3.774,3.658,,,
9/12/2021,3.814,3.784,3.686,,,
10/12/2021,3.925,3.889,3.788,,,
13/12/2021,3.794,3.761,3.673,,,
14/12/2021,3.747,3.713,3.619,,,
15/12/2021,3.802,3.761,3.668,,,
16/12/2021,3.766,3.715,3.618,,,
17/12/2021,3.69,3.639,3.534,,,
20/12/2021,3.834,3.758,3.642,,,
21/12/2021,3.869,3.774,3.644,,,
22/12/2021,3.976,3.86,3.713,,,
23/12/2021,3.731,3.63,3.514,,,
27/12/2021,4.06,3.942,3.782,,,
28/12/2021,4.055,3.885,3.742,,,
29/12/2021,4.024,3.85,3.696,,,
30/12/2021,3.561,3.435,3.4,,,
31/12/2021,3.73,3.557,3.507,,,
3/01/2022,3.815,3.678,3.635,,,
4/01/2022,3.717,3.582,3.549,,,
5/01/2022,3.882,3.71,3.666,,,
6/01/2022,3.812,3.67,3.627,,,
7/01/2022,3.916,3.726,3.667,,,
10/01/2022,4.079,3.834,3.767,,,
11/01/2022,4.249,3.968,3.881,,,
12/01/2022,4.857,4.327,4.134,,,
13/01/2022,4.27,4.005,3.938,,,
14/01/2022,4.262,4.081,4.007,,,
18/01/2022,4.283,4.048,3.983,,,
19/01/2022,4.031,3.845,3.826,,,
20/01/2022,3.802,3.649,3.648,,,
21/01/2022,3.999,3.782,3.746,,,
24/01/2022,4.027,3.875,3.842,,,
25/01/2022,4.053,3.894,3.883,,,
26/01/2022,4.277,4.036,4.011,,,
27/01/2022,6.265,4.283,4.207,,,
28/01/2022,4.639,4.473,4.485,,,
31/01/2022,4.874,4.675,4.66,,,
1/02/2022,4.751,4.573,4.578,,,
2/02/2022,5.501,5.044,5.038,,,
3/02/2022,4.888,4.72,4.725,,,
4/02/2022,4.572,4.492,4.511,,,
7/02/2022,4.232,4.198,4.221,,,
8/02/2022,4.248,4.218,4.245,,,
9/02/2022,4.009,3.98,4.009,,,
10/02/2022,3.959,3.943,3.977,,,
11/02/2022,3.941,3.935,3.97,,,
14/02/2022,4.195,4.16,4.189,,,
15/02/2022,4.306,4.241,4.267,,,
16/02/2022,4.717,4.572,4.582,,,
17/02/2022,4.486,4.43,4.455,,,
18/02/2022,4.431,4.377,4.398,,,
22/02/2022,4.498,4.461,4.483,,,
23/02/2022,4.623,4.593,4.605,,,
24/02/2022,4.568,4.641,4.656,,,
25/02/2022,4.47,4.485,4.528,,,
28/02/2022,4.402,4.42,4.461,,,
1/03/2022,4.573,4.598,4.64,,,
2/03/2022,4.762,4.787,4.826,,,
3/03/2022,4.722,4.736,4.771,,,
4/03/2022,5.016,5.036,5.071,,,
7/03/2022,4.833,4.858,4.901,,,
8/03/2022,4.527,4.563,4.611,,,
9/03/2022,4.526,4.561,4.61,,,
10/03/2022,4.631,4.669,4.72,,,
11/03/2022,4.725,4.766,4.819,,,
14/03/2022,4.658,4.702,4.752,,,
15/03/2022,4.568,4.617,4.67,,,
16/03/2022,4.748,4.784,4.829,,,
17/03/2022,4.99,5.021,5.063,,,
18/03/2022,4.863,4.902,4.946,,,
21/03/2022,4.9,4.934,4.975,,,
22/03/2022,5.187,5.227,5.268,,,
23/03/2022,5.232,5.274,5.316,,,
24/03/2022,5.401,5.446,5.487,,,
25/03/2022,5.571,5.611,5.651,,,
28/03/2022,5.508,5.538,5.582,,,
29/03/2022,5.336,5.33,5.381,,,
30/03/2022,5.605,5.658,5.714,,,
31/03/2022,5.642,5.701,5.756,,,
1/04/2022,5.72,5.795,5.857,,,
4/04/2022,5.712,5.793,5.858,,,
5/04/2022,6.032,6.108,6.17,,,
6/04/2022,6.029,6.107,6.172,,,
7/04/2022,6.359,6.436,6.499,,,
8/04/2022,6.278,6.356,6.42,,,
11/04/2022,6.643,6.723,6.787,,,
12/04/2022,6.68,6.763,6.829,,,
13/04/2022,6.997,7.096,7.173,,,
14/04/2022,7.3,7.423,7.501,,,
18/04/2022,7.82,7.958,8.042,,,
19/04/2022,7.176,7.277,7.352,,,
20/04/2022,6.937,7.065,7.158,,,
21/04/2022,6.957,7.096,7.189,,,
22/04/2022,6.534,6.663,6.753,,,
25/04/2022,6.669,6.805,6.891,,,
26/04/2022,6.85,6.978,7.068,,,
27/04/2022,7.267,7.339,7.436,,,
28/04/2022,6.888,6.994,6.997,,,
29/04/2022,7.244,7.355,7.354,,,
2/05/2022,7.475,7.566,7.566,,,
3/05/2022,7.954,8.025,8.015,,,
4/05/2022,8.415,8.472,8.461,,,
5/05/2022,8.783,8.841,8.823,,,
6/05/2022,8.043,8.128,8.11,,,
9/05/2022,7.026,7.106,7.091,,,
10/05/2022,7.385,7.467,7.446,,,
11/05/2022,7.64,7.727,7.708,,,
12/05/2022,7.739,7.835,7.822,,,
13/05/2022,7.663,7.765,7.754,,,
16/05/2022,7.956,8.053,8.04,,,
17/05/2022,8.304,8.394,8.38,,,
18/05/2022,8.368,8.455,8.444,,,
19/05/2022,8.308,8.4,8.39,,,
20/05/2022,8.083,8.178,8.171,,,
23/05/2022,8.744,8.827,8.813,,,
24/05/2022,8.796,8.836,8.822,,,
25/05/2022,8.971,8.993,8.972,,,
26/05/2022,8.908,8.895,8.88,,,
27/05/2022,8.727,8.712,8.673,,,
31/05/2022,8.145,8.138,8.097,,,
1/06/2022,8.696,8.686,8.643,,,
2/06/2022,8.485,8.474,8.437,,,
3/06/2022,8.523,8.51,8.473,,,
6/06/2022,9.322,9.306,9.26,,,
7/06/2022,9.293,9.278,9.234,,,
8/06/2022,8.699,8.679,8.649,,,
9/06/2022,8.963,8.978,8.958,,,
10/06/2022,8.85,8.867,8.847,,,
13/06/2022,8.609,8.619,8.592,,,
14/06/2022,7.189,7.18,7.164,,,
15/06/2022,7.42,7.406,7.37,,,
16/06/2022,7.464,7.438,7.393,,,
17/06/2022,6.944,6.906,6.861,,,
21/06/2022,6.808,6.783,6.743,,,
22/06/2022,6.858,6.872,6.835,,,
23/06/2022,6.239,6.283,6.28,,,
24/06/2022,6.22,6.281,6.258,,,
27/06/2022,6.501,6.546,6.54,,,
28/06/2022,6.551,6.57,6.557,,,
29/06/2022,6.498,6.493,6.519,,,
30/06/2022,5.424,5.392,5.409,,,
1/07/2022,5.73,5.712,5.729,,,
5/07/2022,5.523,5.487,5.495,,,
6/07/2022,5.51,5.482,5.493,,,
7/07/2022,6.297,6.262,6.253,,,
8/07/2022,6.034,5.967,5.963,,,
11/07/2022,6.426,6.319,6.301,,,
12/07/2022,6.163,6.021,6.003,,,
13/07/2022,6.689,6.589,6.574,,,
14/07/2022,6.6,6.511,6.504,,,
15/07/2022,7.016,6.926,6.917,,,
18/07/2022,7.479,7.382,7.367,,,
19/07/2022,7.264,7.15,7.13,,,
20/07/2022,8.007,7.899,7.87,,,
21/07/2022,7.932,7.815,7.784,,,
22/07/2022,8.299,8.195,8.167,,,
25/07/2022,8.727,8.571,8.552,,,
26/07/2022,8.993,8.825,8.794,,,
27/07/2022,8.687,8.554,8.526,,,
28/07/2022,8.134,8.118,8.199,,,
29/07/2022,8.229,8.208,8.283,,,
1/08/2022,8.283,8.26,8.33,,,
2/08/2022,7.706,7.698,7.775,,,
3/08/2022,8.266,8.262,8.331,,,
4/08/2022,8.122,8.114,8.184,,,
5/08/2022,8.064,8.051,8.12,,,
8/08/2022,7.589,7.578,7.653,,,
9/08/2022,7.833,7.825,7.902,,,
10/08/2022,8.202,8.193,8.272,,,
11/08/2022,8.874,8.863,8.939,,,
12/08/2022,8.768,8.744,8.816,,,
15/08/2022,8.728,8.712,8.788,,,
16/08/2022,9.329,9.311,9.37,,,
17/08/2022,9.244,9.228,9.297,,,
18/08/2022,9.188,9.17,9.242,,,
19/08/2022,9.336,9.315,9.385,,,
22/08/2022,9.68,9.647,9.71,,,
23/08/2022,9.193,9.155,9.225,,,
24/08/2022,9.33,9.3,9.369,,,
25/08/2022,9.375,9.344,9.419,,,
26/08/2022,9.296,9.269,9.332,,,
29/08/2022,9.353,9.336,9.4,,,
30/08/2022,9.042,9.103,9.24,,,
31/08/2022,9.127,9.189,9.326,,,
1/09/2022,9.262,9.33,9.479,,,
2/09/2022,8.786,8.85,8.997,,,
6/09/2022,8.145,8.212,8.367,,,
7/09/2022,7.842,7.901,8.035,,,
8/09/2022,7.915,7.971,8.102,,,
9/09/2022,7.996,8.044,8.183,,,
12/09/2022,8.249,8.287,8.42,,,
13/09/2022,8.284,8.334,8.477,,,
14/09/2022,9.114,9.167,9.31,,,
15/09/2022,8.324,8.372,8.522,,,
16/09/2022,7.764,7.811,7.966,,,
19/09/2022,7.752,7.804,7.966,,,
20/09/2022,7.717,7.772,7.932,,,
21/09/2022,7.779,7.827,7.99,,,
22/09/2022,7.089,7.193,7.378,,,
23/09/2022,6.828,6.992,7.203,,,
26/09/2022,6.903,7.014,7.235,,,
27/09/2022,6.651,6.76,6.99,,,
28/09/2022,6.868,6.955,7.2,,,
29/09/2022,6.874,7.142,7.32,,,
30/09/2022,6.766,7.065,7.247,,,
3/10/2022,6.47,6.803,6.989,,,
4/10/2022,6.837,7.174,7.32,,,
5/10/2022,6.93,7.236,7.385,,,
6/10/2022,6.972,7.242,7.383,,,
7/10/2022,6.748,7.047,7.203,,,
10/10/2022,6.435,6.784,6.974,,,
11/10/2022,6.596,6.928,7.114,,,
12/10/2022,6.435,6.766,6.953,,,
13/10/2022,6.741,7.053,7.242,,,
14/10/2022,6.453,6.827,7.043,,,
17/10/2022,5.999,6.479,6.714,,,
18/10/2022,5.745,6.237,6.493,,,
19/10/2022,5.462,5.928,6.212,,,
20/10/2022,5.358,5.838,6.111,,,
21/10/2022,4.959,5.472,5.754,,,
24/10/2022,5.199,5.753,6.034,,,
25/10/2022,5.613,6.166,6.427,,,
26/10/2022,5.606,6.119,6.387,,,
27/10/2022,5.186,5.875,6.136,,,
28/10/2022,5.684,5.953,5.794,,,
31/10/2022,6.355,6.607,6.379,,,
1/11/2022,5.714,6.08,5.899,,,
2/11/2022,6.268,6.589,6.373,,,
3/11/2022,5.975,6.33,6.138,,,
4/11/2022,6.4,6.754,6.529,,,
7/11/2022,6.944,7.244,6.936,,,
8/11/2022,6.138,6.524,6.266,,,
9/11/2022,5.865,6.225,5.969,,,
10/11/2022,6.239,6.613,6.346,,,
11/11/2022,5.879,6.263,6.022,,,
14/11/2022,5.933,6.299,6.05,,,
15/11/2022,6.034,6.395,6.143,,,
16/11/2022,6.2,6.607,6.353,,,
17/11/2022,6.369,6.744,6.491,,,
18/11/2022,6.303,6.716,6.483,,,
21/11/2022,6.776,7.223,6.962,,,
22/11/2022,6.779,7.406,7.17,,,
23/11/2022,7.308,7.708,7.486,,,
25/11/2022,7.024,7.33,7.135,,,
28/11/2022,6.712,7.196,7.018,,,
29/11/2022,7.235,7.084,6.356,,,
30/11/2022,6.93,6.818,6.178,,,
1/12/2022,6.738,6.631,5.999,,,
2/12/2022,6.281,6.169,5.582,,,
5/12/2022,5.577,5.484,5.024,,,
6/12/2022,5.469,5.378,4.943,,,
7/12/2022,5.723,5.617,5.192,,,
8/12/2022,5.962,5.82,5.359,,,
9/12/2022,6.245,6.082,5.565,,,
12/12/2022,6.587,6.416,5.785,,,
13/12/2022,6.935,6.733,6.071,,,
14/12/2022,6.43,6.22,5.62,,,
15/12/2022,6.97,6.589,5.82,,,
16/12/2022,6.6,6.303,5.602,,,
19/12/2022,5.851,5.71,5.253,,,
20/12/2022,5.326,5.216,4.82,,,
21/12/2022,5.332,5.238,4.815,,,
22/12/2022,4.999,4.928,4.433,,,
23/12/2022,5.079,4.98,4.419,,,
27/12/2022,5.282,5.118,4.482,,,
28/12/2022,4.709,4.685,4.194,,,
29/12/2022,4.559,4.117,3.925,,,
30/12/2022,4.475,4.104,3.917,,,
3/01/2023,3.988,3.641,3.55,,,
4/01/2023,4.172,3.78,3.678,,,
5/01/2023,3.72,3.426,3.358,,,
6/01/2023,3.71,3.392,3.313,,,
9/01/2023,3.91,3.563,3.486,,,
10/01/2023,3.639,3.314,3.251,,,
11/01/2023,3.671,3.346,3.292,,,
12/01/2023,3.695,3.355,3.306,,,
13/01/2023,3.419,3.196,3.165,,,
17/01/2023,3.586,3.253,3.218,,,
18/01/2023,3.311,3.111,3.086,,,
19/01/2023,3.275,3.124,3.114,,,
20/01/2023,3.174,3.036,3.03,,,
23/01/2023,3.447,3.222,3.195,,,
24/01/2023,3.258,3.057,3.057,,,
25/01/2023,3.067,2.915,2.927,,,
26/01/2023,2.944,2.848,2.871,,,
27/01/2023,3.109,2.849,2.878,,,
30/01/2023,2.677,2.731,2.821,,,
31/01/2023,2.684,2.741,2.843,,,
1/02/2023,2.468,2.536,2.675,,,
2/02/2023,2.456,2.522,2.657,,,
3/02/2023,2.41,2.48,2.625,,,
6/02/2023,2.457,2.535,2.673,,,
7/02/2023,2.584,2.664,2.818,,,
8/02/2023,2.396,2.477,2.646,,,
9/02/2023,2.43,2.492,2.661,,,
10/02/2023,2.514,2.607,2.778,,,
13/02/2023,2.405,2.499,2.685,,,
14/02/2023,2.567,2.652,2.805,,,
15/02/2023,2.471,2.555,2.709,,,
16/02/2023,2.389,2.485,2.638,,,
17/02/2023,2.275,2.352,2.496,,,
21/02/2023,2.073,2.177,2.316,,,
22/02/2023,2.174,2.298,2.44,,,
23/02/2023,2.314,2.432,2.59,,,
24/02/2023,2.451,2.548,2.701,,,
27/02/2023,2.731,2.853,3.024,,,
28/02/2023,2.747,2.863,3.036,,,
1/03/2023,2.811,2.943,3.126,,,
2/03/2023,2.765,2.899,3.092,,,
3/03/2023,3.009,3.141,3.323,,,
6/03/2023,2.572,2.73,2.928,,,
7/03/2023,2.687,2.84,3.06,,,
8/03/2023,2.551,2.713,2.95,,,
9/03/2023,2.543,2.683,2.922,,,
10/03/2023,2.43,2.559,2.799,,,
13/03/2023,2.606,2.726,2.967,,,
14/03/2023,2.573,2.69,2.918,,,
15/03/2023,2.439,2.546,2.759,,,
16/03/2023,2.514,2.626,2.837,,,
17/03/2023,2.338,2.446,2.662,,,
20/03/2023,2.223,2.331,2.556,,,
21/03/2023,2.348,2.485,2.721,,,
22/03/2023,2.171,2.307,2.547,,,
23/03/2023,2.154,2.283,2.528,,,
24/03/2023,2.216,2.361,2.598,,,
27/03/2023,2.088,2.215,2.458,,,
28/03/2023,2.03,2.147,2.386,,,
29/03/2023,1.991,2.184,2.448,,,
30/03/2023,2.104,2.358,2.639,,,
31/03/2023,2.216,2.465,2.732,,,
3/04/2023,2.097,2.333,2.586,,,
4/04/2023,2.106,2.344,2.597,,,
5/04/2023,2.155,2.381,2.624,,,
6/04/2023,2.011,2.238,2.491,,,
7/04/2023,2.011,2.238,2.491,,,
10/04/2023,2.172,2.361,2.601,,,
11/04/2023,2.186,2.351,2.571,,,
12/04/2023,2.093,2.267,2.489,,,
13/04/2023,2.007,2.197,2.431,,,
14/04/2023,2.114,2.305,2.545,,,
17/04/2023,2.275,2.444,2.652,,,
18/04/2023,2.366,2.517,2.715,,,
19/04/2023,2.222,2.395,2.589,,,
20/04/2023,2.249,2.427,2.625,,,
21/04/2023,2.233,2.408,2.597,,,
24/04/2023,2.273,2.471,2.668,,,
25/04/2023,2.307,2.437,2.628,,,
26/04/2023,2.117,2.305,2.495,,,
27/04/2023,2.355,2.548,2.617,,,
28/04/2023,2.41,2.578,2.645,,,
1/05/2023,2.318,2.498,2.566,,,
2/05/2023,2.214,2.417,2.495,,,
3/05/2023,2.17,2.36,2.436,,,
4/05/2023,2.101,2.297,2.375,,,
5/05/2023,2.137,2.321,2.404,,,
8/05/2023,2.238,2.412,2.498,,,
9/05/2023,2.267,2.427,2.511,,,
10/05/2023,2.191,2.336,2.419,,,
11/05/2023,2.19,2.345,2.43,,,
12/05/2023,2.266,2.438,2.529,,,
15/05/2023,2.375,2.542,2.624,,,
16/05/2023,2.376,2.534,2.609,,,
17/05/2023,2.365,2.509,2.584,,,
18/05/2023,2.592,2.715,2.787,,,
19/05/2023,2.585,2.707,2.772,,,
22/05/2023,2.4,2.551,2.623,,,
23/05/2023,2.321,2.489,2.565,,,
24/05/2023,2.398,2.566,2.643,,,
25/05/2023,2.307,2.476,2.559,,,
26/05/2023,2.181,2.417,2.505,,,
30/05/2023,2.327,2.416,2.415,,,
31/05/2023,2.266,2.358,2.358,,,
1/06/2023,2.158,2.273,2.277,,,
2/06/2023,2.172,2.299,2.316,,,
5/06/2023,2.245,2.366,2.384,,,
6/06/2023,2.262,2.381,2.402,,,
7/06/2023,2.329,2.433,2.448,,,
8/06/2023,2.352,2.434,2.44,,,
9/06/2023,2.254,2.331,2.338,,,
12/06/2023,2.266,2.336,2.348,,,
13/06/2023,2.34,2.407,2.416,,,
14/06/2023,2.342,2.413,2.416,,,
15/06/2023,2.533,2.609,2.606,,,
16/06/2023,2.632,2.721,2.715,,,
20/06/2023,2.492,2.57,2.557,,,
21/06/2023,2.597,2.677,2.666,,,
22/06/2023,2.608,2.704,2.694,,,
23/06/2023,2.729,2.843,2.824,,,
26/06/2023,2.791,2.892,2.868,,,
27/06/2023,2.763,2.789,2.755,,,
28/06/2023,2.603,2.668,2.646,,,
29/06/2023,2.701,2.691,2.772,,,
30/06/2023,2.798,2.774,2.847,,,
3/07/2023,2.709,2.702,2.784,,,
5/07/2023,2.657,2.643,2.73,,,
6/07/2023,2.609,2.599,2.69,,,
7/07/2023,2.582,2.57,2.66,,,
10/07/2023,2.669,2.641,2.729,,,
11/07/2023,2.731,2.692,2.778,,,
12/07/2023,2.632,2.597,2.683,,,
13/07/2023,2.545,2.534,2.628,,,
14/07/2023,2.539,2.53,2.631,,,
17/07/2023,2.512,2.504,2.606,,,
18/07/2023,2.629,2.618,2.718,,,
19/07/2023,2.603,2.585,2.684,,,
20/07/2023,2.757,2.731,2.823,,,
21/07/2023,2.713,2.707,2.809,,,
24/07/2023,2.685,2.688,2.792,,,
25/07/2023,2.73,2.747,2.858,,,
26/07/2023,2.665,2.693,2.809,,,
27/07/2023,2.492,2.595,2.714,,,
28/07/2023,2.638,2.753,3.176,,,
31/07/2023,2.634,2.741,3.143,,,
1/08/2023,2.56,2.672,3.075,,,
2/08/2023,2.477,2.586,2.998,,,
3/08/2023,2.565,2.67,3.063,,,
4/08/2023,2.577,2.681,3.075,,,
7/08/2023,2.725,2.813,3.177,,,
8/08/2023,2.777,2.864,3.243,,,
9/08/2023,2.959,3.053,3.445,,,
10/08/2023,2.763,2.87,3.301,,,
11/08/2023,2.77,2.882,3.344,,,
14/08/2023,2.795,2.898,3.364,,,
15/08/2023,2.659,2.781,3.287,,,
16/08/2023,2.592,2.726,3.215,,,
17/08/2023,2.621,2.755,3.243,,,
18/08/2023,2.551,2.691,3.166,,,
21/08/2023,2.632,2.743,3.193,,,
22/08/2023,2.56,2.652,3.106,,,
23/08/2023,2.497,2.592,3.044,,,
24/08/2023,2.519,2.636,3.093,,,
25/08/2023,2.54,2.657,3.135,,,
28/08/2023,2.579,2.665,3.106,,,
29/08/2023,2.556,2.662,3.062,,,
30/08/2023,2.796,3.181,3.613,,,
31/08/2023,2.768,3.147,3.611,,,
1/09/2023,2.765,3.111,3.548,,,
5/09/2023,2.582,2.991,3.453,,,
6/09/2023,2.51,2.943,3.425,,,
7/09/2023,2.579,2.958,3.421,,,
8/09/2023,2.605,2.966,3.44,,,
11/09/2023,2.608,2.937,3.408,,,
12/09/2023,2.743,3.015,3.445,,,
13/09/2023,2.68,2.987,3.436,,,
14/09/2023,2.708,2.983,3.411,,,
15/09/2023,2.644,2.932,3.345,,,
18/09/2023,2.728,3.001,3.4,,,
19/09/2023,2.848,3.026,3.384,,,
20/09/2023,2.733,2.921,3.316,,,
21/09/2023,2.61,2.84,3.267,,,
22/09/2023,2.637,2.879,3.297,,,
25/09/2023,2.639,2.906,3.341,,,
26/09/2023,2.656,2.845,3.258,,,
27/09/2023,2.764,2.899,3.29,,,
28/09/2023,2.945,3.34,3.593,,,
29/09/2023,2.929,3.312,3.565,,,
2/10/2023,2.84,3.233,3.492,,,
3/10/2023,2.949,3.313,3.563,,,
4/10/2023,2.962,3.32,3.571,,,
5/10/2023,3.166,3.511,3.745,,,
6/10/2023,3.338,3.641,3.877,,,
9/10/2023,3.376,3.631,3.846,,,
10/10/2023,3.382,3.659,3.887,,,
11/10/2023,3.377,3.658,3.889,,,
12/10/2023,3.344,3.639,3.875,,,
13/10/2023,3.236,3.584,3.823,,,
16/10/2023,3.109,3.479,3.721,,,
17/10/2023,3.079,3.468,3.707,,,
18/10/2023,3.056,3.463,3.706,,,
19/10/2023,2.957,3.326,3.576,,,
20/10/2023,2.899,3.258,3.508,,,
23/10/2023,2.926,3.273,3.512,,,
24/10/2023,2.971,3.322,3.564,,,
25/10/2023,3.01,3.376,3.62,,,
26/10/2023,3.214,3.477,3.707,,,
27/10/2023,3.164,3.483,3.718,,,
30/10/2023,3.352,3.589,3.524,,,
31/10/2023,3.575,3.813,3.746,,,
1/11/2023,3.494,3.753,3.69,,,
2/11/2023,3.472,3.75,3.689,,,
3/11/2023,3.515,3.795,3.734,,,
6/11/2023,3.264,3.564,3.513,,,
7/11/2023,3.14,3.463,3.415,,,
8/11/2023,3.106,3.389,3.338,,,
9/11/2023,3.041,3.333,3.289,,,
10/11/2023,3.033,3.284,3.233,,,
13/11/2023,3.197,3.4,3.343,,,
14/11/2023,3.106,3.316,3.261,,,
15/11/2023,3.19,3.362,3.308,,,
16/11/2023,3.062,3.239,3.189,,,
17/11/2023,2.96,3.131,3.085,,,
20/11/2023,2.882,3.05,3.008,,,
21/11/2023,2.846,2.993,2.947,,,
22/11/2023,2.897,3.033,2.983,,,
24/11/2023,2.855,2.999,2.949,,,
27/11/2023,2.794,2.946,2.898,,,
28/11/2023,2.706,2.837,2.798,,,
29/11/2023,2.804,2.769,2.642,,,
30/11/2023,2.802,2.763,2.637,,,
1/12/2023,2.814,2.773,2.641,,,
4/12/2023,2.694,2.651,2.527,,,
5/12/2023,2.71,2.667,2.533,,,
6/12/2023,2.569,2.517,2.383,,,
7/12/2023,2.585,2.52,2.4,,,
8/12/2023,2.581,2.504,2.377,,,
11/12/2023,2.431,2.35,2.233,,,
12/12/2023,2.311,2.24,2.138,,,
13/12/2023,2.335,2.292,2.201,,,
14/12/2023,2.392,2.347,2.26,,,
15/12/2023,2.491,2.425,2.318,,,
18/12/2023,2.503,2.416,2.309,,,
19/12/2023,2.492,2.366,2.234,,,
20/12/2023,2.447,2.347,2.208,,,
21/12/2023,2.572,2.459,2.298,,,
22/12/2023,2.61,2.49,2.316,,,
26/12/2023,2.55,2.419,2.255,,,
27/12/2023,2.619,2.437,2.286,,,
28/12/2023,2.557,2.377,2.351,,,
29/12/2023,2.514,2.327,2.304,,,
2/01/2024,2.568,2.386,2.358,,,
3/01/2024,2.668,2.448,2.415,,,
4/01/2024,2.821,2.559,2.512,,,
5/01/2024,2.893,2.621,2.569,,,
8/01/2024,2.98,2.598,2.552,,,
9/01/2024,3.19,2.697,2.641,,,
10/01/2024,3.039,2.562,2.529,,,
11/01/2024,3.097,2.54,2.512,,,
12/01/2024,3.313,2.617,2.577,,,
16/01/2024,2.9,2.477,2.453,,,
17/01/2024,2.87,2.496,2.475,,,
18/01/2024,2.697,2.413,2.407,,,
19/01/2024,2.519,2.252,2.267,,,
22/01/2024,2.419,2.125,2.144,,,
23/01/2024,2.45,2.167,2.2,,,
24/01/2024,2.641,2.262,2.277,,,
25/01/2024,2.571,2.18,2.201,,,
26/01/2024,2.712,2.175,2.2,,,
29/01/2024,2.49,2.054,2.089,,,
30/01/2024,2.077,2.104,2.201,,,
31/01/2024,2.1,2.121,2.209,,,
1/02/2024,2.05,2.064,2.156,,,
2/02/2024,2.079,2.086,2.171,,,
5/02/2024,2.082,2.074,2.154,,,
6/02/2024,2.009,2.007,2.09,,,
7/02/2024,1.967,1.98,2.069,,,
8/02/2024,1.917,1.948,2.049,,,
9/02/2024,1.847,1.885,1.992,,,
12/02/2024,1.768,1.8,1.918,,,
13/02/2024,1.689,1.742,1.866,,,
14/02/2024,1.609,1.665,1.776,,,
15/02/2024,1.581,1.647,1.767,,,
16/02/2024,1.609,1.68,1.81,,,
20/02/2024,1.576,1.646,1.761,,,
21/02/2024,1.773,1.863,1.994,,,
22/02/2024,1.732,1.832,1.972,,,
23/02/2024,1.603,1.699,1.847,,,
26/02/2024,1.659,1.744,1.891,,,
27/02/2024,1.615,1.808,1.965,,,
28/02/2024,1.885,2.052,2.285,,,
29/02/2024,1.86,2.008,2.249,,,
1/03/2024,1.835,1.975,2.212,,,
4/03/2024,1.916,2.073,2.312,,,
5/03/2024,1.957,2.095,2.332,,,
6/03/2024,1.929,2.072,2.301,,,
7/03/2024,1.818,1.952,2.192,,,
8/03/2024,1.805,1.923,2.17,,,
11/03/2024,1.759,1.862,2.117,,,
12/03/2024,1.714,1.823,2.083,,,
13/03/2024,1.658,1.784,2.055,,,
14/03/2024,1.741,1.862,2.123,,,
15/03/2024,1.655,1.789,2.038,,,
18/03/2024,1.703,1.833,2.089,,,
19/03/2024,1.744,1.876,2.109,,,
20/03/2024,1.699,1.845,2.074,,,
21/03/2024,1.683,1.831,2.055,,,
22/03/2024,1.659,1.812,2.032,,,
25/03/2024,1.615,1.789,2.016,,,
26/03/2024,1.575,1.788,2.016,,,
27/03/2024,1.718,1.953,2.293,,,
28/03/2024,1.763,1.997,2.34,,,
1/04/2024,1.837,2.074,2.405,,,
2/04/2024,1.862,2.105,2.43,,,
3/04/2024,1.841,2.067,2.386,,,
4/04/2024,1.774,1.997,2.324,,,
5/04/2024,1.785,2.01,2.339,,,
8/04/2024,1.844,2.051,2.39,,,
9/04/2024,1.872,2.064,2.375,,,
10/04/2024,1.885,2.074,2.376,,,
11/04/2024,1.764,2,2.319,,,
12/04/2024,1.77,2.029,2.35,,,
15/04/2024,1.691,1.946,2.274,,,
16/04/2024,1.732,1.988,2.323,,,
17/04/2024,1.712,1.962,2.294,,,
18/04/2024,1.757,1.986,2.311,,,
19/04/2024,1.752,1.988,2.315,,,
22/04/2024,1.791,2.065,2.378,,,
23/04/2024,1.812,2.094,2.41,,,
24/04/2024,1.653,1.979,2.32,,,
25/04/2024,1.638,1.986,2.342,,,
26/04/2024,1.614,1.923,2.284,,,
29/04/2024,2.03,2.373,2.493,,,
30/04/2024,1.991,2.319,2.438,,,
1/05/2024,1.932,2.266,2.391,,,
2/05/2024,2.035,2.331,2.447,,,
3/05/2024,2.142,2.416,2.525,,,
6/05/2024,2.195,2.463,2.57,,,
7/05/2024,2.207,2.471,2.573,,,
8/05/2024,2.187,2.474,2.575,,,
9/05/2024,2.301,2.537,2.619,,,
10/05/2024,2.252,2.484,2.563,,,
13/05/2024,2.381,2.587,2.658,,,
14/05/2024,2.344,2.559,2.628,,,
15/05/2024,2.416,2.631,2.701,,,
16/05/2024,2.495,2.687,2.749,,,
17/05/2024,2.626,2.789,2.832,,,
20/05/2024,2.751,2.901,2.935,,,
21/05/2024,2.671,2.839,2.886,,,
22/05/2024,2.842,3.052,3.088,,,
23/05/2024,2.657,2.923,2.974,,,
24/05/2024,2.52,2.773,2.822,,,
28/05/2024,2.59,2.825,2.867,,,
29/05/2024,2.493,2.666,2.715,,,
30/05/2024,2.572,2.647,2.632,,,
31/05/2024,2.587,2.662,2.651,,,
3/06/2024,2.756,2.804,2.776,,,
4/06/2024,2.586,2.67,2.654,,,
5/06/2024,2.757,2.828,2.812,,,
6/06/2024,2.821,2.892,2.872,,,
7/06/2024,2.918,2.996,2.971,,,
10/06/2024,2.906,2.977,2.958,,,
11/06/2024,3.129,3.193,3.167,,,
12/06/2024,3.045,3.122,3.094,,,
13/06/2024,2.959,3.037,3.009,,,
14/06/2024,2.881,2.963,2.943,,,
17/06/2024,2.788,2.867,2.849,,,
18/06/2024,2.909,2.99,2.966,,,
20/06/2024,2.741,2.854,2.838,,,
21/06/2024,2.705,2.836,2.811,,,
24/06/2024,2.811,2.948,2.926,,,
25/06/2024,2.756,2.863,2.842,,,
26/06/2024,2.628,2.745,2.737,,,
27/06/2024,2.685,2.675,2.762,,,
28/06/2024,2.601,2.598,2.692,,,
1/07/2024,2.478,2.492,2.596,,,
2/07/2024,2.435,2.454,2.561,,,
3/07/2024,2.418,2.447,2.553,,,
5/07/2024,2.319,2.35,2.467,,,
8/07/2024,2.366,2.382,2.492,,,
9/07/2024,2.344,2.36,2.468,,,
10/07/2024,2.329,2.345,2.45,,,
11/07/2024,2.268,2.282,2.388,,,
12/07/2024,2.329,2.331,2.434,,,
15/07/2024,2.158,2.178,2.292,,,
16/07/2024,2.188,2.206,2.323,,,
17/07/2024,2.035,2.071,2.201,,,
18/07/2024,2.125,2.168,2.29,,,
19/07/2024,2.128,2.165,2.296,,,
22/07/2024,2.251,2.286,2.409,,,
23/07/2024,2.187,2.224,2.345,,,
24/07/2024,2.117,2.158,2.268,,,
25/07/2024,2.041,2.072,2.187,,,
26/07/2024,2.006,2.051,2.185,,,
29/07/2024,1.907,2.036,2.161,,,
30/07/2024,2.126,2.244,2.698,,,
31/07/2024,2.036,2.162,2.635,,,
1/08/2024,1.968,2.096,2.564,,,
2/08/2024,1.967,2.078,2.54,,,
5/08/2024,1.942,2.045,2.491,,,
6/08/2024,2.01,2.121,2.544,,,
7/08/2024,2.112,2.239,2.668,,,
8/08/2024,2.127,2.27,2.714,,,
9/08/2024,2.143,2.292,2.742,,,
12/08/2024,2.189,2.342,2.777,,,
13/08/2024,2.148,2.28,2.705,,,
14/08/2024,2.219,2.343,2.749,,,
15/08/2024,2.197,2.332,2.732,,,
16/08/2024,2.123,2.247,2.631,,,
19/08/2024,2.235,2.357,2.722,,,
20/08/2024,2.198,2.33,2.703,,,
21/08/2024,2.177,2.314,2.687,,,
22/08/2024,2.053,2.194,2.593,,,
23/08/2024,2.022,2.18,2.577,,,
26/08/2024,1.956,2.13,2.542,,,
27/08/2024,1.904,2.085,2.507,,,
28/08/2024,1.93,2.097,2.522,,,
29/08/2024,2.137,2.529,3.073,,,
30/08/2024,2.127,2.498,3.037,,,
3/09/2024,2.203,2.55,3.067,,,
4/09/2024,2.145,2.506,3.044,,,
5/09/2024,2.254,2.579,3.094,,,
6/09/2024,2.275,2.597,3.102,,,
9/09/2024,2.17,2.527,3.044,,,
10/09/2024,2.232,2.545,3.037,,,
11/09/2024,2.27,2.577,3.064,,,
12/09/2024,2.357,2.633,3.088,,,
13/09/2024,2.305,2.589,3.025,,,
16/09/2024,2.373,2.639,3.067,,,
17/09/2024,2.324,2.613,3.05,,,
18/09/2024,2.284,2.565,3.024,,,
19/09/2024,2.348,2.595,3.044,,,
20/09/2024,2.434,2.719,3.192,,,
23/09/2024,2.613,2.854,3.292,,,
24/09/2024,2.551,2.791,3.23,,,
25/09/2024,2.637,2.817,3.24,,,
26/09/2024,2.585,2.753,3.193,,,
27/09/2024,2.902,3.304,3.567,,,
30/09/2024,2.923,3.345,3.602,,,
1/10/2024,2.896,3.288,3.54,,,
2/10/2024,2.886,3.297,3.553,,,
3/10/2024,2.97,3.369,3.623,,,
4/10/2024,2.854,3.305,3.574,,,
7/10/2024,2.746,3.218,3.495,,,
8/10/2024,2.733,3.199,3.462,,,
9/10/2024,2.66,3.116,3.374,,,
10/10/2024,2.675,3.102,3.35,,,
11/10/2024,2.632,3.047,3.296,,,
14/10/2024,2.494,2.93,3.192,,,
15/10/2024,2.498,2.944,3.205,,,
16/10/2024,2.367,2.841,3.116,,,
17/10/2024,2.347,2.83,3.105,,,
18/10/2024,2.258,2.765,3.054,,,
21/10/2024,2.312,2.807,3.086,,,
22/10/2024,2.311,2.895,3.164,,,
23/10/2024,2.342,2.901,3.163,,,
24/10/2024,2.522,3.018,3.27,,,
25/10/2024,2.56,3.092,3.344,,,
28/10/2024,2.309,2.863,3.121,,,
29/10/2024,2.346,2.859,3.117,,,
30/10/2024,2.845,3.101,3.013,,,
31/10/2024,2.707,2.968,2.888,,,
1/11/2024,2.663,2.936,2.852,,,
4/11/2024,2.781,3.036,2.942,,,
5/11/2024,2.67,2.936,2.852,,,
6/11/2024,2.747,3.007,2.912,,,
7/11/2024,2.693,2.948,2.854,,,
8/11/2024,2.669,2.922,2.827,,,
11/11/2024,2.92,3.126,3.01,,,
12/11/2024,2.907,3.133,3.016,,,
13/11/2024,2.983,3.202,3.066,,,
14/11/2024,2.785,3.054,2.935,,,
15/11/2024,2.823,3.096,2.966,,,
18/11/2024,2.973,3.186,3.04,,,
19/11/2024,2.998,3.228,3.091,,,
20/11/2024,3.193,3.394,3.247,,,
21/11/2024,3.339,3.482,3.334,,,
22/11/2024,3.129,3.287,3.142,,,
25/11/2024,3.369,3.443,3.276,,,
26/11/2024,3.431,3.467,3.311,,,
27/11/2024,3.204,3.069,2.843,,,
29/11/2024,3.363,3.204,2.943,,,
2/12/2024,3.213,3.076,2.832,,,
3/12/2024,3.042,2.918,2.691,,,
4/12/2024,3.043,2.923,2.7,,,
5/12/2024,3.079,2.954,2.718,,,
6/12/2024,3.076,2.931,2.686,,,
9/12/2024,3.182,3.004,2.714,,,
10/12/2024,3.163,2.983,2.679,,,
11/12/2024,3.378,3.158,2.785,,,
12/12/2024,3.455,3.205,2.791,,,
13/12/2024,3.28,3.109,2.754,,,
16/12/2024,3.214,3.028,2.702,,,
17/12/2024,3.308,3.08,2.728,,,
18/12/2024,3.374,3.115,2.733,,,
19/12/2024,3.584,3.296,2.859,,,
20/12/2024,3.748,3.412,2.939,,,
23/12/2024,3.656,3.346,2.944,,,
24/12/2024,3.946,3.504,3.042,,,
26/12/2024,3.715,3.319,2.883,,,
27/12/2024,3.514,3.383,2.967,,,
30/12/2024,3.936,3.273,3.212,,,
31/12/2024,3.633,3.098,3.07,,,
2/01/2025,3.66,3.143,3.112,,,
3/01/2025,3.354,2.949,2.949,,,
6/01/2025,3.672,3.112,3.088,,,
7/01/2025,3.449,3.034,3.031,,,
8/01/2025,3.651,3.163,3.147,,,
9/01/2025,3.701,3.239,3.216,,,
10/01/2025,3.989,3.398,3.349,,,
13/01/2025,3.934,3.427,3.378,,,
14/01/2025,3.968,3.435,3.391,,,
15/01/2025,4.083,3.565,3.499,,,
16/01/2025,4.258,3.739,3.681,,,
17/01/2025,3.948,3.479,3.46,,,
21/01/2025,3.756,3.343,3.345,,,
22/01/2025,3.96,3.506,3.507,,,
23/01/2025,3.945,3.466,3.478,,,
24/01/2025,4.027,3.45,3.463,,,
27/01/2025,3.697,3.253,3.279,,,
28/01/2025,3.471,3.122,3.158,,,
29/01/2025,3.535,3.17,3.199,,,
30/01/2025,3.047,3.07,3.17,,,
31/01/2025,3.044,3.07,3.171,,,
3/02/2025,3.352,3.335,3.405,,,
4/02/2025,3.253,3.265,3.347,,,
5/02/2025,3.36,3.359,3.434,,,
6/02/2025,3.408,3.397,3.469,,,
7/02/2025,3.309,3.315,3.395,,,
10/02/2025,3.444,3.458,3.536,,,
11/02/2025,3.519,3.527,3.605,,,
12/02/2025,3.565,3.571,3.639,,,
13/02/2025,3.628,3.621,3.684,,,
14/02/2025,3.725,3.71,3.77,,,
18/02/2025,4.007,3.977,4.035,,,
19/02/2025,4.28,4.205,4.247,,,
20/02/2025,4.152,4.086,4.131,,,
21/02/2025,4.234,4.129,4.157,,,
24/02/2025,3.994,3.982,4.028,,,
25/02/2025,4.174,4.13,4.176,,,
26/02/2025,3.906,3.959,4.019,,,
27/02/2025,3.934,3.984,4.131,,,
28/02/2025,3.834,3.896,4.044,,,
3/03/2025,4.122,4.176,4.309,,,
4/03/2025,4.35,4.408,4.542,,,
5/03/2025,4.45,4.504,4.65,,,
6/03/2025,4.302,4.358,4.513,,,
7/03/2025,4.399,4.454,4.6,,,
10/03/2025,4.491,4.544,4.692,,,
11/03/2025,4.453,4.504,4.649,,,
12/03/2025,4.084,4.138,4.283,,,
13/03/2025,4.111,4.183,4.348,,,
14/03/2025,4.104,4.172,4.334,,,
17/03/2025,4.018,4.086,4.252,,,
18/03/2025,4.052,4.109,4.262,,,
19/03/2025,4.247,4.313,4.455,,,
20/03/2025,3.975,4.038,4.198,,,
21/03/2025,3.98,4.024,4.182,,,
24/03/2025,3.914,3.954,4.115,,,
25/03/2025,3.84,3.877,4.047,,,
26/03/2025,3.861,3.872,4.024,,,
27/03/2025,3.95,3.925,4.072,,,
28/03/2025,4.065,4.185,4.401,,,
31/03/2025,4.119,4.257,4.474,,,
1/04/2025,3.951,4.096,4.316,,,
2/04/2025,4.055,4.19,4.398,,,
3/04/2025,4.138,4.257,4.452,,,
4/04/2025,3.837,3.945,4.133,,,
7/04/2025,3.655,3.745,3.91,,,
8/04/2025,3.465,3.563,3.732,,,
9/04/2025,3.816,3.933,4.107,,,
10/04/2025,3.557,3.665,3.834,,,
11/04/2025,3.527,3.649,3.838,,,
14/04/2025,3.325,3.462,3.663,,,
15/04/2025,3.329,3.475,3.691,,,
16/04/2025,3.247,3.408,3.657,,,
17/04/2025,3.245,3.41,3.663,,,
21/04/2025,3.016,3.177,3.439,,,
22/04/2025,3.007,3.141,3.394,,,
23/04/2025,3.022,3.164,3.432,,,
24/04/2025,2.93,3.097,3.389,,,
25/04/2025,2.937,3.114,3.394,,,
28/04/2025,3.17,3.343,3.602,,,
29/04/2025,3.386,3.674,3.758,,,
30/04/2025,3.326,3.635,3.732,,,
1/05/2025,3.479,3.797,3.892,,,
2/05/2025,3.63,3.95,4.04,,,
5/05/2025,3.55,3.873,3.965,,,
6/05/2025,3.463,3.817,3.913,,,
7/05/2025,3.621,3.947,4.026,,,
8/05/2025,3.592,3.933,4.018,,,
9/05/2025,3.795,4.096,4.167,,,
12/05/2025,3.646,3.977,4.047,,,
13/05/2025,3.647,3.978,4.057,,,
14/05/2025,3.492,3.825,3.917,,,
15/05/2025,3.362,3.717,3.811,,,
16/05/2025,3.334,3.692,3.788,,,
19/05/2025,3.113,3.452,3.525,,,
20/05/2025,3.427,3.767,3.84,,,
21/05/2025,3.368,3.737,3.818,,,
22/05/2025,3.253,3.639,3.716,,,
23/05/2025,3.334,3.725,3.799,,,
27/05/2025,3.398,3.744,3.807,,,
28/05/2025,3.204,3.557,3.632,,,
29/05/2025,3.522,3.603,3.585,,,
30/05/2025,3.447,3.523,3.508,,,
2/06/2025,3.694,3.768,3.751,,,
3/06/2025,3.722,3.797,3.773,,,
4/06/2025,3.716,3.784,3.762,,,
5/06/2025,3.677,3.755,3.735,,,
6/06/2025,3.784,3.862,3.837,,,
9/06/2025,3.635,3.72,3.7,,,
10/06/2025,3.533,3.631,3.62,,,
11/06/2025,3.507,3.612,3.601,,,
12/06/2025,3.492,3.597,3.586,,,
13/06/2025,3.581,3.682,3.671,,,
16/06/2025,3.748,3.844,3.826,,,
17/06/2025,3.851,3.949,3.933,,,
18/06/2025,3.989,4.077,4.051,,,
20/06/2025,3.847,3.949,3.932,,,
23/06/2025,3.698,3.81,3.802,,,
24/06/2025,3.537,3.655,3.651,,,
25/06/2025,3.406,3.569,3.582,,,
26/06/2025,3.261,3.526,3.551,,,
27/06/2025,3.739,3.754,3.855,,,
30/06/2025,3.456,3.49,3.593,,,
1/07/2025,3.415,3.443,3.548,,,
2/07/2025,3.488,3.511,3.619,,,
3/07/2025,3.409,3.431,3.532,,,
7/07/2025,3.412,3.436,3.541,,,
8/07/2025,3.34,3.37,3.481,,,
9/07/2025,3.214,3.251,3.373,,,
10/07/2025,3.337,3.366,3.49,,,
11/07/2025,3.314,3.352,3.48,,,
14/07/2025,3.466,3.501,3.623,,,
15/07/2025,3.523,3.558,3.678,,,
16/07/2025,3.551,3.585,3.705,,,
17/07/2025,3.542,3.577,3.69,,,
18/07/2025,3.565,3.599,3.708,,,
21/07/2025,3.325,3.356,3.448,,,
22/07/2025,3.252,3.287,3.381,,,
23/07/2025,3.077,3.119,3.222,,,
24/07/2025,3.094,3.147,3.256,,,
25/07/2025,3.11,3.158,3.258,,,
28/07/2025,2.988,3.066,3.174,,,
29/07/2025,3.081,3.142,3.247,,,
30/07/2025,3.045,3.151,3.534,,,
31/07/2025,3.106,3.201,3.567,,,
1/08/2025,3.083,3.188,3.574,,,
4/08/2025,2.932,3.037,3.43,,,
5/08/2025,3.01,3.108,3.484,,,
6/08/2025,3.077,3.176,3.551,,,
7/08/2025,3.067,3.168,3.553,,,
8/08/2025,2.99,3.085,3.477,,,
11/08/2025,2.954,3.053,3.45,,,
12/08/2025,2.808,2.911,3.323,,,
13/08/2025,2.828,2.932,3.323,,,
14/08/2025,2.841,2.952,3.313,,,
15/08/2025,2.916,3.019,3.369,,,
18/08/2025,2.89,2.992,3.328,,,
19/08/2025,2.766,2.862,3.214,,,
20/08/2025,2.752,2.842,3.184,,,
21/08/2025,2.826,2.914,3.247,,,
22/08/2025,2.698,2.8,3.162,,,
25/08/2025,2.696,2.807,3.147,,,
26/08/2025,2.717,2.79,3.13,,,
27/08/2025,2.867,2.886,3.213,,,
28/08/2025,2.944,3.261,3.816,,,
29/08/2025,2.997,3.333,3.914,,,
2/09/2025,3.009,3.335,3.9,,,
3/09/2025,3.064,3.376,3.926,,,
4/09/2025,3.074,3.373,3.927,,,
5/09/2025,3.048,3.328,3.871,,,
8/09/2025,3.09,3.352,3.898,,,
9/09/2025,3.117,3.365,3.914,,,
10/09/2025,3.029,3.302,3.877,,,
11/09/2025,2.934,3.223,3.842,,,
12/09/2025,2.941,3.207,3.811,,,
15/09/2025,3.043,3.3,3.877,,,
16/09/2025,3.103,3.355,3.942,,,
17/09/2025,3.1,3.362,3.964,,,
18/09/2025,2.939,3.234,3.861,,,
19/09/2025,2.888,3.19,3.834,,,
22/09/2025,2.806,3.097,3.741,,,
23/09/2025,2.853,3.14,3.744,,,
24/09/2025,2.858,3.133,3.745,,,
25/09/2025,2.904,3.195,3.81,,,
26/09/2025,2.835,3.206,3.84,,,
29/09/2025,3.267,3.884,4.19,,,
30/09/2025,3.303,3.88,4.177,,,
1/10/2025,3.476,4.058,4.342,,,
2/10/2025,3.442,4.092,4.393,,,
3/10/2025,3.324,4.032,4.346,,,
6/10/2025,3.357,4.012,4.332,,,
7/10/2025,3.498,4.123,4.423,,,
8/10/2025,3.333,3.999,4.31,,,
9/10/2025,3.269,3.914,4.236,,,
10/10/2025,3.106,3.793,4.125,,,
13/10/2025,3.118,3.775,4.114,,,
14/10/2025,3.028,3.69,4.023,,,
15/10/2025,3.016,3.67,3.989,,,
16/10/2025,2.938,3.635,3.947,,,
17/10/2025,3.008,3.741,4.054,,,
20/10/2025,3.397,4.035,4.317,,,
21/10/2025,3.474,4.088,4.365,,,
22/10/2025,3.45,4.06,4.325,,,
23/10/2025,3.344,4.032,4.317,,,
24/10/2025,3.304,3.995,4.273,,,
27/10/2025,3.442,3.997,4.271,,,
28/10/2025,3.345,3.867,4.141,,,
29/10/2025,3.376,3.815,4.095,,,
30/10/2025,3.956,4.205,3.992,,,
31/10/2025,4.124,4.369,4.13,,,
3/11/2025,4.266,4.501,4.247,,,
4/11/2025,4.343,4.573,4.309,,,
5/11/2025,4.232,4.463,4.201,,,
6/11/2025,4.357,4.571,4.279,,,
7/11/2025,4.315,4.539,4.259,,,
10/11/2025,4.338,4.56,4.271,,,
11/11/2025,4.565,4.764,4.42,,,
12/11/2025,4.533,4.744,4.423,,,
13/11/2025,4.646,4.843,4.496,,,
14/11/2025,4.566,4.772,4.436,,,
17/11/2025,4.361,4.593,4.301,,,
18/11/2025,4.371,4.593,4.268,,,
19/11/2025,4.55,4.753,4.397,,,
20/11/2025,4.474,4.667,4.322,,,
21/11/2025,4.58,4.743,4.392,,,
24/11/2025,4.549,4.672,4.32,,,
25/11/2025,4.424,4.481,4.131,,,
26/11/2025,4.558,4.189,3.688,,,
28/11/2025,4.85,4.418,3.823,,,
1/12/2025,4.921,4.485,3.853,,,
2/12/2025,4.84,4.448,3.856,,,
3/12/2025,4.995,4.627,4.035,,,
4/12/2025,5.063,4.708,4.113,,,
5/12/2025,5.289,4.869,4.23,,,
8/12/2025,4.912,4.471,3.862,,,
9/12/2025,4.574,4.214,3.685,,,
10/12/2025,4.595,4.242,3.706,,,
11/12/2025,4.231,3.971,3.576,,,
12/12/2025,4.113,3.809,3.399,,,
15/12/2025,4.012,3.747,3.334,,,
16/12/2025,3.886,3.651,3.255,,,
17/12/2025,4.024,3.774,3.333,,,
18/12/2025,3.908,3.648,3.201,,,
19/12/2025,3.984,3.666,3.189,,,
22/12/2025,3.965,3.571,3.062,,,
23/12/2025,4.408,3.896,3.284,,,
24/12/2025,4.242,3.76,3.21,,,
26/12/2025,4.366,3.877,3.306,,,
29/12/2025,4.687,3.986,3.362,,,
30/12/2025,3.972,3.348,3.336,,,
31/12/2025,3.686,3.13,3.153,,,
2/01/2026,3.618,3.043,3.052,,,
5/01/2026,3.523,2.893,2.9,,,
6/01/2026,3.35,2.828,2.849,,,
7/01/2026,3.525,2.913,2.926,,,
8/01/2026,3.407,2.818,2.837,,,
9/01/2026,3.169,2.634,2.674,,,
12/01/2026,3.409,2.852,2.869,,,
13/01/2026,3.419,2.882,2.898,,,
14/01/2026,3.12,2.719,2.739,,,
15/01/2026,3.128,2.669,2.7,,,
16/01/2026,3.103,2.698,2.722,,,
20/01/2026,3.907,3.234,3.2,,,
21/01/2026,4.875,3.535,3.442,,,
22/01/2026,5.045,3.578,3.473,,,
23/01/2026,5.275,3.609,3.501,,,
26/01/2026,6.8,3.898,3.657,,,
27/01/2026,6.954,3.82,3.67,,,
28/01/2026,7.46,3.732,3.59,,,
29/01/2026,3.918,3.707,3.723,,,
30/01/2026,4.354,4.027,4.008,,,
2/02/2026,3.237,3.173,3.195,,,
3/02/2026,3.311,3.193,3.208,,,
4/02/2026,3.465,3.308,3.313,,,
5/02/2026,3.509,3.331,3.338,,,
6/02/2026,3.422,3.23,3.247,,,
9/02/2026,3.138,3.048,3.077,,,
10/02/2026,3.115,3.026,3.052,,,
11/02/2026,3.159,3.076,3.093,,,
12/02/2026,3.217,3.085,3.099,,,
13/02/2026,3.243,3.104,3.117,,,
17/02/2026,3.031,2.938,2.96,,,
18/02/2026,3.011,2.933,2.952,,,
19/02/2026,2.996,2.946,2.968,,,
20/02/2026,3.047,2.984,3.004,,,
23/02/2026,2.985,2.921,2.943,,,
24/02/2026,2.915,2.831,2.853,,,
25/02/2026,2.969,2.868,2.887,,,
26/02/2026,2.827,2.854,3.037,,,
27/02/2026,2.859,2.881,3.063,,,
2/03/2026,2.96,2.985,3.151,,,
3/03/2026,3.054,3.075,3.228,,,
4/03/2026,2.917,2.94,3.111,,,
5/03/2026,3.003,3.023,3.191,,,
6/03/2026,3.186,3.2,3.351,,,
9/03/2026,3.12,3.128,3.279,,,
10/03/2026,3.02,3.03,3.183,,,
11/03/2026,3.209,3.212,3.347,,,
12/03/2026,3.233,3.227,3.352,,,
13/03/2026,3.131,3.125,3.254,,,
16/03/2026,3.023,3.011,3.138,,,
17/03/2026,3.033,3.009,3.138,,,
18/03/2026,3.065,3.033,3.162,,,
19/03/2026,3.166,3.126,3.243,,,
20/03/2026,3.095,3.064,3.19,,,
23/03/2026,2.891,2.874,3.008,,,
24/03/2026,2.943,2.912,3.038,,,
25/03/2026,2.952,2.912,3.043,,,
26/03/2026,2.999,2.928,3.059,,,
27/03/2026,3.095,3.025,3.162,,,
30/03/2026,2.887,3.035,3.293,,,
31/03/2026,2.884,3.006,3.233,,,
1/04/2026,2.819,2.939,3.169,,,
2/04/2026,2.8,2.924,3.163,,,
3/04/2026,2.8,2.924,3.163,,,
6/04/2026,2.811,2.937,3.178,,,
7/04/2026,2.87,2.986,3.226,,,
8/04/2026,2.724,2.86,3.127,,,
9/04/2026,2.67,2.814,3.108,,,
10/04/2026,2.648,2.806,3.109,,,
13/04/2026,2.627,2.791,3.099,,,
14/04/2026,2.599,2.76,3.06,,,
15/04/2026,2.61,2.767,3.059,,,
16/04/2026,2.647,2.791,3.079,,,
17/04/2026,2.674,2.815,3.101,,,
20/04/2026,2.689,2.831,3.111,,,
21/04/2026,2.697,2.842,3.117,,,
22/04/2026,2.722,2.861,3.133,,,
23/04/2026,2.614,2.76,3.051,,,
24/04/2026,2.523,2.683,2.983,,,
27/04/2026,2.55,2.729,3.024,,,
28/04/2026,2.559,2.691,2.99,,,
29/04/2026,2.647,2.945,3.024,,,
30/04/2026,2.767,3.044,3.113,,,
1/05/2026,2.78,3.075,3.142,,,
4/05/2026,2.867,3.159,3.231,,,
5/05/2026,2.788,3.072,3.14,,,
6/05/2026,2.73,3.009,3.08,,,
7/05/2026,2.769,3.023,3.092,,,
8/05/2026,2.757,3.007,3.077,,,
11/05/2026,2.91,3.128,3.179,,,
12/05/2026,2.843,3.054,3.102,,,
13/05/2026,2.864,3.062,3.104,,,
14/05/2026,2.894,3.092,3.134,,,
15/05/2026,2.96,3.124,3.166,,,
18/05/2026,3.024,3.188,3.236,,,
19/05/2026,3.114,3.284,3.327,,,
20/05/2026,3.004,3.155,3.19,,,
21/05/2026,3.018,3.156,3.189,,,
22/05/2026,2.907,3.021,3.048,,,
26/05/2026,2.894,3.01,3.034,,,
27/05/2026,3.04,3.095,3.117,,,
28/05/2026,3.285,3.311,3.268,,,
29/05/2026,3.29,3.318,3.28,,,
1/06/2026,3.179,3.211,3.177,,,
2/06/2026,3.167,3.193,3.156,,,
3/06/2026,3.214,3.245,3.21,,,
4/06/2026,3.336,3.37,3.331,,,
5/06/2026,3.229,3.27,3.244,,,
8/06/2026,3.147,3.196,3.176,,,
9/06/2026,3.14,3.184,3.164,,,
10/06/2026,3.185,3.23,3.207,,,
11/06/2026,3.087,3.132,3.107,,,
12/06/2026,3.12,3.157,3.126,,,
15/06/2026,3.147,3.169,3.132,,,
16/06/2026,3.239,3.257,3.218,,,
17/06/2026,3.145,3.181,3.147,,,
18/06/2026,3.233,3.276,3.234,,,
22/06/2026,3.253,3.279,3.234,,,
23/06/2026,3.147,3.184,3.142,,,
24/06/2026,3.221,3.261,3.218,,,
25/06/2026,3.343,3.295,3.247,,,
26/06/2026,3.231,3.279,3.226,,,
29/06/2026,3.181,3.128,3.158,,,
30/06/2026,3.275,3.194,3.213,,,
1/07/2026,3.22,3.142,3.164,,,
2/07/2026,3.196,3.106,3.123,,,
6/07/2026,3.245,3.126,3.121,,,
7/07/2026,3.265,3.171,3.164,,,
8/07/2026,3.212,3.132,3.141,,,
9/07/2026,3.012,2.958,2.981,,,
10/07/2026,2.94,2.895,2.924,,,
13/07/2026,2.897,2.861,2.893,,,
14/07/2026,2.904,2.867,2.895,,,
15/07/2026,2.924,2.889,2.911,,,
16/07/2026,2.858,2.823,2.854,,,
17/07/2026,2.911,2.876,2.905,,,
20/07/2026,2.86,2.837,2.874,,,
21/07/2026,2.865,2.839,2.873,,,
22/07/2026,2.925,2.898,2.926,,,
23/07/2026,2.916,2.92,2.95,,,
24/07/2026,2.871,2.888,2.919,,,
27/07/2026,2.767,2.788,2.823,,,
28/07/2026,2.662,2.701,2.744,,,
29/07/2026,2.725,2.722,2.769,,,
30/07/2026,2.758,2.799,3.019,,,
31/07/2026,2.747,2.787,3.004,,,
3/08/2026,2.781,2.824,3.043,,,
4/08/2026,2.682,2.728,2.952,,,
5/08/2026,2.688,2.736,2.964,,,
6/08/2026,2.64,2.688,2.916,,,
7/08/2026,2.662,2.721,2.966,,,
10/08/2026,2.794,2.852,3.092,,,
11/08/2026,2.767,2.83,3.076,,,
12/08/2026,2.804,2.862,3.091,,,
13/08/2026,2.727,2.785,2.994,,,
14/08/2026,2.733,2.785,2.986,,,
17/08/2026,2.69,2.729,2.921,,,
18/08/2026,2.776,2.803,2.99,,,
19/08/2026,2.814,2.826,3.002,,,
20/08/2026,2.733,2.76,2.925,,,
21/08/2026,2.773,2.811,2.974,,,
24/08/2026,2.782,2.835,3.003,,,
25/08/2026,2.77,2.821,2.988,,,
26/08/2026,2.842,2.874,3.029,,,
27/08/2026,2.907,2.914,3.071,,,
28/08/2026,2.888,3.035,3.525,,,
31/08/2026,2.935,3.064,3.518,,,
1/09/2026,2.904,3.034,3.493,,,
2/09/2026,2.956,3.09,3.552,,,
3/09/2026,2.913,3.037,3.501,,,
4/09/2026,2.975,3.095,3.529,,,
8/09/2026,2.916,3.041,3.511,,,
9/09/2026,2.88,3.015,3.486,,,
9/03/2026,98.96,93.72,88.95,,,
10/03/2026,87.8,85.27,82.6,,,
11/03/2026,91.98,89.35,86.71,,,
12/03/2026,100.46,96.63,92.88,,,
13/03/2026,103.14,98.91,94.67,,,
16/03/2026,100.21,96.04,91.76,,,
17/03/2026,103.42,99.39,95.02,,,
18/03/2026,107.38,102.92,98.16,,,
19/03/2026,108.65,103.78,98.46,,,
20/03/2026,112.19,106.41,100.33,,,
23/03/2026,99.94,95.92,91.68,,,
24/03/2026,104.49,100.23,95.6,,,
25/03/2026,102.22,97.26,92.93,,,
26/03/2026,108.01,101.89,96.68,,,
27/03/2026,112.57,105.32,98.73,,,
30/03/2026,112.78,107.39,100.29,,,
31/03/2026,118.35,103.97,96.17,,,
1/04/2026,101.16,93.5,87.82,,,
2/04/2026,109.03,99.44,91.43,,,
6/04/2026,109.77,100.12,92.24,,,
7/04/2026,109.27,100.06,92.77,,,
8/04/2026,94.75,90.26,86.52,,,
9/04/2026,95.92,90.47,86.55,,,
10/04/2026,95.2,90.28,86.82,,,
13/04/2026,99.36,93.47,89.78,,,
14/04/2026,94.79,90.42,87.32,,,
15/04/2026,94.93,90.81,88.02,,,
16/04/2026,99.39,93.57,89.83,,,
17/04/2026,90.38,86.51,83.86,,,
20/04/2026,95.48,90.43,87.2,,,
21/04/2026,98.48,93.24,89.46,,,
22/04/2026,101.91,96.18,91.83,,,
23/04/2026,105.07,99.35,94.57,,,
24/04/2026,105.33,99.13,94.28,,,
27/04/2026,108.23,101.69,96.76,,,
28/04/2026,111.26,104.4,98.83,,,
29/04/2026,118.03,110.44,103.48,,,
30/04/2026,114.01,110.4,103.39,,,
1/05/2026,108.17,101.91,96.88,,,
4/05/2026,114.44,107.92,102.53,,,
5/05/2026,109.87,104.89,100.23,,,
6/05/2026,101.27,97.08,93.29,,,
7/05/2026,100.06,96.38,93.06,,,
8/05/2026,101.29,97.57,94.37,,,
11/05/2026,104.21,100.39,96.95,,,
12/05/2026,107.77,103.83,100.03,,,
13/05/2026,105.63,101.6,97.74,,,
14/05/2026,105.72,101.38,97.33,,,
15/05/2026,109.26,104.74,100.32,,,
18/05/2026,112.1,107.48,102.77,,,
19/05/2026,111.28,106.71,102.01,,,
20/05/2026,105.02,101.04,97.02,,,
21/05/2026,102.58,99.5,96,,,
22/05/2026,103.54,100.21,96.64,,,
25/05/2026,96.14,93.42,90.82,,,
26/05/2026,99.58,96.67,93.69,,,
27/05/2026,94.29,92.25,90,,,
28/05/2026,93.71,92.7,90.82,,,
29/05/2026,92.05,91.12,89.11,,,
1/06/2026,94.98,92.44,90.03,,,
2/06/2026,96,93.49,91.05,,,
3/06/2026,97.81,95.14,92.44,,,
4/06/2026,95.03,92.51,90.02,,,
5/06/2026,93.09,90.86,88.61,,,
8/06/2026,94.25,92.25,90.2,,,
9/06/2026,91.45,89.9,88.23,,,
10/06/2026,93.1,91.47,89.76,,,
11/06/2026,90.38,89.11,87.71,,,
12/06/2026,87.33,86.12,84.78,,,
15/06/2026,83.17,82.24,81.24,,,
16/06/2026,78.96,78.67,78.13,,,
17/06/2026,79.55,79.23,78.55,,,
18/06/2026,79.85,79.51,78.82,,,
19/06/2026,80.57,80.05,79.28,,,
22/06/2026,77.9,77.52,76.97,,,
23/06/2026,77.08,76.8,76.39,,,
24/06/2026,73.74,73.87,73.66,,,
25/06/2026,75.26,75.5,75.27,,,
26/06/2026,71.99,72.6,72.54,,,
29/06/2026,73.15,73.91,73.82,,,
30/06/2026,72.92,72.95,73.03,,,
1/07/2026,71.57,72,72.15,,,
2/07/2026,71.8,72.17,72.32,,,
3/07/2026,72.12,72.32,72.39,,,
6/07/2026,71.99,72.24,72.4,,,
7/07/2026,74.16,74.12,74.03,,,
8/07/2026,78.02,77.57,77.03,,,
9/07/2026,76.3,76.2,75.87,,,
10/07/2026,76.01,76.03,75.8,,,
13/07/2026,83.3,82.71,81.85,,,
14/07/2026,84.73,83.32,82.02,,,
15/07/2026,84.95,83.47,82.14,,,
16/07/2026,84.23,82.96,81.77,,,
17/07/2026,88.1,86.32,84.58,,,
20/07/2026,89.22,87.14,85.09,,,
21/07/2026,91.01,88.52,86.04,,,
22/07/2026,94.07,90.18,87.17,,,
23/07/2026,100.69,94.26,89.98,,,
24/07/2026,96.78,91.68,88.07,,,
27/07/2026,88.36,85.87,83.67,,,
28/07/2026,84.09,82.08,80.19,,,
29/07/2026,90.74,88.09,85.42,,,
30/07/2026,89.03,86.88,83.88,,,
31/07/2026,90.12,87.93,84.58,,,
3/08/2026,83.77,81.09,79.22,,,
4/08/2026,79.36,77.93,76.81,,,
5/08/2026,79.45,77.86,76.62,,,
6/08/2026,82.49,80.46,78.79,,,
7/08/2026,83.55,81.65,79.99,,,
10/08/2026,87.72,85.89,84.08,,,
11/08/2026,88.91,86.62,84.45,,,
12/08/2026,88.98,86.82,84.68,,,
13/08/2026,87.07,85.22,83.33,,,
14/08/2026,88.52,86.57,84.39,,,
17/08/2026,90.87,89.03,86.87,,,
18/08/2026,91.02,89.45,87.41,,,
19/08/2026,91.62,89.79,87.39,,,
20/08/2026,93.78,91.97,89.26,,,
21/08/2026,94.39,92.67,89.99,,,
24/08/2026,92.17,90.54,88.1,,,
25/08/2026,88.58,87.27,85.22,,,
26/08/2026,87.84,86.94,85.09,,,
27/08/2026,89.7,88.52,86.34,,,
28/08/2026,89.31,88.1,86.12,,,
31/08/2026,90.49,88.37,86.15,,,
1/09/2026,94.65,91.57,88.67,,,
2/09/2026,95.63,92.09,88.98,,,
3/09/2026,95.52,91.63,88.32,,,
4/09/2026,96.28,92.32,89.15,,,
7/09/2026,97,93.16,89.94,,,
8/09/2026,97.92,94.38,91.3,,,
,,,,,,
