Date,SI1,SI2,SI3,,,
3/01/2005,6.507,6.543,6.579,,,
4/01/2005,6.452,6.488,6.524,,,
5/01/2005,6.535,6.57,6.605,,,
6/01/2005,6.455,6.49,6.525,,,
7/01/2005,6.45,6.483,6.518,,,
10/01/2005,6.45,6.485,6.52,,,
11/01/2005,6.638,6.674,6.709,,,
12/01/2005,6.743,6.78,6.816,,,
13/01/2005,6.745,6.782,6.818,,,
14/01/2005,6.6,6.632,6.669,,,
18/01/2005,6.655,6.692,6.729,,,
19/01/2005,6.625,6.662,6.699,,,
20/01/2005,6.558,6.595,6.632,,,
21/01/2005,6.81,6.849,6.886,,,
24/01/2005,6.86,6.898,6.935,,,
25/01/2005,6.685,6.723,6.761,,,
26/01/2005,6.805,6.843,6.88,,,
27/01/2005,6.82,6.858,6.896,,,
28/01/2005,6.795,6.834,6.872,,,
31/01/2005,6.747,6.786,6.824,,,
1/02/2005,6.73,6.769,6.807,,,
2/02/2005,6.75,6.789,6.827,,,
3/02/2005,6.677,6.716,6.753,,,
4/02/2005,6.64,6.68,6.711,,,
7/02/2005,6.555,6.593,6.631,,,
8/02/2005,6.557,6.596,6.634,,,
9/02/2005,6.59,6.628,6.666,,,
10/02/2005,6.965,7.004,7.042,,,
11/02/2005,7.21,7.25,7.29,,,
14/02/2005,7.34,7.381,7.422,,,
15/02/2005,7.36,7.402,7.444,,,
16/02/2005,7.255,7.297,7.338,,,
17/02/2005,7.37,7.412,7.453,,,
18/02/2005,7.39,7.43,7.501,,,
22/02/2005,7.52,7.565,7.607,,,
23/02/2005,7.443,7.488,7.53,,,
24/02/2005,7.383,7.429,7.471,,,
25/02/2005,7.291,7.337,7.378,,,
28/02/2005,7.359,7.395,7.437,,,
1/03/2005,7.229,7.265,7.307,,,
2/03/2005,7.307,7.343,7.385,,,
3/03/2005,7.229,7.265,7.307,,,
4/03/2005,7.349,7.385,7.425,,,
7/03/2005,7.359,7.395,7.435,,,
8/03/2005,7.502,7.538,7.579,,,
9/03/2005,7.604,7.64,7.681,,,
10/03/2005,7.492,7.527,7.57,,,
11/03/2005,7.535,7.57,7.614,,,
14/03/2005,7.38,7.41,7.454,,,
15/03/2005,7.377,7.407,7.451,,,
16/03/2005,7.425,7.452,7.496,,,
17/03/2005,7.385,7.407,7.45,,,
18/03/2005,7.377,7.397,7.439,,,
21/03/2005,7.097,7.112,7.154,,,
22/03/2005,7.07,7.078,7.12,,,
23/03/2005,6.977,6.985,7.027,,,
24/03/2005,6.933,6.938,6.98,,,
28/03/2005,6.91,6.91,6.952,,,
29/03/2005,7.012,6.982,7.025,,,
30/03/2005,7.147,7.191,7.237,,,
31/03/2005,7.18,7.224,7.27,,,
1/04/2005,7,7.044,7.09,,,
4/04/2005,7.024,7.069,7.115,,,
5/04/2005,7.043,7.088,7.134,,,
6/04/2005,7.12,7.165,7.211,,,
7/04/2005,7.075,7.12,7.166,,,
8/04/2005,7.165,7.21,7.256,,,
11/04/2005,7.255,7.301,7.347,,,
12/04/2005,7.155,7.201,7.247,,,
13/04/2005,7.225,7.271,7.317,,,
14/04/2005,7.06,7.106,7.152,,,
15/04/2005,7.022,7.068,7.114,,,
18/04/2005,7.045,7.09,7.136,,,
19/04/2005,7.25,7.295,7.341,,,
20/04/2005,7.337,7.382,7.428,,,
21/04/2005,7.217,7.262,7.308,,,
22/04/2005,7.275,7.321,7.367,,,
25/04/2005,7.26,7.306,7.351,,,
26/04/2005,7.255,7.302,7.346,,,
27/04/2005,7.135,7.181,7.225,,,
28/04/2005,6.907,6.948,6.992,,,
29/04/2005,6.903,6.94,6.985,,,
2/05/2005,6.84,6.875,6.921,,,
3/05/2005,6.851,6.883,6.929,,,
4/05/2005,6.982,7.013,7.056,,,
5/05/2005,7.05,7.063,7.098,,,
6/05/2005,6.952,6.965,6.999,,,
9/05/2005,7.067,7.08,7.112,,,
10/05/2005,7.1,7.115,7.156,,,
11/05/2005,7.08,7.095,7.137,,,
12/05/2005,6.948,6.965,7.009,,,
13/05/2005,6.925,6.94,6.984,,,
16/05/2005,6.935,6.958,6.998,,,
17/05/2005,7.025,7.045,7.077,,,
18/05/2005,7.185,7.205,7.239,,,
19/05/2005,7.12,7.14,7.176,,,
20/05/2005,6.935,6.955,6.993,,,
23/05/2005,6.95,6.97,7.006,,,
24/05/2005,6.988,7.003,7.04,,,
25/05/2005,7.123,7.138,7.176,,,
26/05/2005,7.152,7.162,7.2,,,
27/05/2005,7.31,7.349,7.389,,,
31/05/2005,7.452,7.495,7.525,,,
1/06/2005,7.52,7.558,7.58,,,
2/06/2005,7.545,7.584,7.605,,,
3/06/2005,7.51,7.55,7.574,,,
6/06/2005,7.54,7.58,7.608,,,
7/06/2005,7.445,7.487,7.523,,,
8/06/2005,7.475,7.519,7.559,,,
9/06/2005,7.27,7.315,7.359,,,
10/06/2005,7.288,7.333,7.377,,,
13/06/2005,7.265,7.31,7.355,,,
14/06/2005,7.28,7.326,7.374,,,
15/06/2005,7.33,7.376,7.426,,,
16/06/2005,7.37,7.416,7.466,,,
17/06/2005,7.335,7.381,7.431,,,
20/06/2005,7.302,7.348,7.401,,,
21/06/2005,7.292,7.338,7.395,,,
22/06/2005,7.258,7.305,7.363,,,
23/06/2005,7.273,7.321,7.38,,,
24/06/2005,7.28,7.329,7.386,,,
27/06/2005,7.242,7.29,7.34,,,
28/06/2005,7.096,7.14,7.192,,,
29/06/2005,7.057,7.105,7.16,,,
30/06/2005,7.028,7.075,7.13,,,
1/07/2005,6.851,6.895,6.953,,,
5/07/2005,6.83,6.87,6.933,,,
6/07/2005,6.916,6.955,7.016,,,
7/07/2005,6.949,6.985,7.045,,,
8/07/2005,6.994,7.03,7.091,,,
11/07/2005,7.069,7.105,7.166,,,
12/07/2005,7.048,7.085,7.148,,,
13/07/2005,7.033,7.07,7.134,,,
14/07/2005,6.961,6.995,7.058,,,
15/07/2005,6.956,6.99,7.052,,,
18/07/2005,6.974,7.005,7.067,,,
19/07/2005,6.954,6.985,7.048,,,
20/07/2005,7.038,7.068,7.129,,,
21/07/2005,7.106,7.135,7.196,,,
22/07/2005,7.086,7.115,7.178,,,
25/07/2005,7.113,7.14,7.203,,,
26/07/2005,6.993,7.018,7.085,,,
27/07/2005,7.015,7.04,7.108,,,
28/07/2005,7.2,7.268,7.315,,,
29/07/2005,7.262,7.329,7.368,,,
1/08/2005,7.305,7.372,7.413,,,
2/08/2005,7.262,7.333,7.374,,,
3/08/2005,7.307,7.378,7.421,,,
4/08/2005,7.252,7.324,7.37,,,
5/08/2005,7.158,7.232,7.278,,,
8/08/2005,7.015,7.089,7.139,,,
9/08/2005,7.035,7.109,7.163,,,
10/08/2005,7.078,7.152,7.206,,,
11/08/2005,7.183,7.258,7.311,,,
12/08/2005,7.09,7.165,7.218,,,
15/08/2005,6.965,7.04,7.096,,,
16/08/2005,7.043,7.118,7.174,,,
17/08/2005,6.993,7.068,7.126,,,
18/08/2005,6.998,7.073,7.135,,,
19/08/2005,7.008,7.083,7.144,,,
22/08/2005,7.06,7.135,7.196,,,
23/08/2005,6.968,7.042,7.104,,,
24/08/2005,6.922,6.993,7.055,,,
25/08/2005,6.832,6.901,6.963,,,
26/08/2005,6.742,6.806,6.868,,,
29/08/2005,6.73,6.795,6.857,,,
30/08/2005,6.691,6.765,6.828,,,
31/08/2005,6.781,6.855,6.918,,,
1/09/2005,6.966,7.038,7.097,,,
2/09/2005,7.008,7.075,7.134,,,
6/09/2005,7.031,7.098,7.157,,,
7/09/2005,7.051,7.118,7.17,,,
8/09/2005,6.966,7.028,7.084,,,
9/09/2005,7.003,7.065,7.122,,,
12/09/2005,6.998,7.06,7.117,,,
13/09/2005,6.943,7.005,7.064,,,
14/09/2005,6.986,7.045,7.104,,,
15/09/2005,7.019,7.078,7.136,,,
16/09/2005,7.229,7.288,7.345,,,
19/09/2005,7.338,7.398,7.45,,,
20/09/2005,7.315,7.375,7.427,,,
21/09/2005,7.355,7.415,7.469,,,
22/09/2005,7.353,7.415,7.47,,,
23/09/2005,7.273,7.335,7.39,,,
26/09/2005,7.307,7.365,7.42,,,
27/09/2005,7.271,7.328,7.383,,,
28/09/2005,7.347,7.403,7.457,,,
29/09/2005,7.555,7.608,7.627,,,
30/09/2005,7.512,7.565,7.581,,,
3/10/2005,7.455,7.509,7.524,,,
4/10/2005,7.425,7.481,7.499,,,
5/10/2005,7.478,7.535,7.556,,,
6/10/2005,7.595,7.651,7.668,,,
7/10/2005,7.77,7.825,7.841,,,
10/10/2005,7.845,7.9,7.916,,,
11/10/2005,7.875,7.929,7.944,,,
12/10/2005,7.838,7.895,7.913,,,
13/10/2005,7.735,7.793,7.813,,,
14/10/2005,7.862,7.927,7.95,,,
17/10/2005,7.875,7.94,7.963,,,
18/10/2005,7.835,7.903,7.927,,,
19/10/2005,7.64,7.711,7.741,,,
20/10/2005,7.655,7.728,7.762,,,
21/10/2005,7.695,7.769,7.804,,,
24/10/2005,7.708,7.783,7.811,,,
25/10/2005,7.825,7.901,7.929,,,
26/10/2005,7.863,7.939,7.967,,,
27/10/2005,7.84,7.917,7.946,,,
28/10/2005,7.82,7.898,7.928,,,
31/10/2005,7.58,7.661,7.692,,,
1/11/2005,7.47,7.551,7.59,,,
2/11/2005,7.56,7.641,7.678,,,
3/11/2005,7.623,7.704,7.741,,,
4/11/2005,7.573,7.655,7.695,,,
7/11/2005,7.605,7.689,7.731,,,
8/11/2005,7.625,7.709,7.752,,,
9/11/2005,7.678,7.763,7.806,,,
10/11/2005,7.705,7.789,7.832,,,
11/11/2005,7.76,7.844,7.887,,,
14/11/2005,7.782,7.867,7.91,,,
15/11/2005,7.787,7.872,7.915,,,
16/11/2005,8.002,8.088,8.13,,,
17/11/2005,8.102,8.189,8.231,,,
18/11/2005,8.067,8.156,8.198,,,
21/11/2005,8.133,8.226,8.27,,,
22/11/2005,8.17,8.268,8.312,,,
23/11/2005,8.13,8.229,8.275,,,
28/11/2005,8.353,8.457,8.504,,,
29/11/2005,8.296,8.405,8.455,,,
30/11/2005,8.28,8.385,8.435,,,
1/12/2005,8.499,8.602,8.65,,,
2/12/2005,8.544,8.647,8.695,,,
5/12/2005,8.632,8.735,8.786,,,
6/12/2005,8.692,8.792,8.846,,,
7/12/2005,8.778,8.877,8.936,,,
8/12/2005,8.894,8.99,9.049,,,
9/12/2005,9,9.095,9.157,,,
12/12/2005,8.792,8.882,8.948,,,
13/12/2005,8.497,8.585,8.651,,,
14/12/2005,8.377,8.465,8.525,,,
15/12/2005,8.549,8.635,8.696,,,
16/12/2005,8.521,8.6,8.661,,,
19/12/2005,8.567,8.645,8.706,,,
20/12/2005,8.312,8.395,8.458,,,
21/12/2005,8.353,8.435,8.498,,,
22/12/2005,8.502,8.578,8.641,,,
23/12/2005,8.569,8.645,8.708,,,
27/12/2005,8.742,8.812,8.876,,,
28/12/2005,8.865,8.935,9.002,,,
29/12/2005,8.882,8.952,9.02,,,
30/12/2005,8.89,8.96,9.03,,,
3/01/2006,9.16,9.23,9.3,,,
4/01/2006,9.17,9.24,9.31,,,
5/01/2006,8.872,8.942,9.012,,,
6/01/2006,9.173,9.244,9.314,,,
9/01/2006,9.283,9.355,9.426,,,
10/01/2006,9.015,9.088,9.158,,,
11/01/2006,9.065,9.139,9.21,,,
12/01/2006,9.06,9.136,9.208,,,
13/01/2006,9.165,9.242,9.316,,,
17/01/2006,9.073,9.151,9.227,,,
18/01/2006,8.873,8.949,9.025,,,
19/01/2006,9.108,9.185,9.262,,,
20/01/2006,8.93,9.006,9.085,,,
23/01/2006,9.073,9.15,9.23,,,
24/01/2006,9.228,9.305,9.38,,,
25/01/2006,9.51,9.588,9.66,,,
26/01/2006,9.605,9.68,9.745,,,
27/01/2006,9.605,9.673,9.73,,,
30/01/2006,9.775,9.842,9.883,,,
31/01/2006,9.885,9.964,10.015,,,
1/02/2006,9.795,9.876,9.931,,,
2/02/2006,9.877,9.958,10.015,,,
3/02/2006,9.76,9.841,9.904,,,
6/02/2006,9.758,9.84,9.908,,,
7/02/2006,9.41,9.494,9.57,,,
8/02/2006,9.44,9.523,9.601,,,
9/02/2006,9.66,9.74,9.816,,,
10/02/2006,9.38,9.463,9.541,,,
13/02/2006,9.118,9.2,9.281,,,
14/02/2006,9.315,9.397,9.475,,,
15/02/2006,9.215,9.294,9.365,,,
16/02/2006,9.37,9.449,9.507,,,
17/02/2006,9.42,9.5,9.553,,,
21/02/2006,9.545,9.626,9.679,,,
22/02/2006,9.575,9.66,9.705,,,
23/02/2006,9.467,9.556,9.597,,,
24/02/2006,9.733,9.825,9.877,,,
27/02/2006,9.602,9.695,9.75,,,
28/02/2006,9.72,9.805,9.857,,,
1/03/2006,9.71,9.79,9.851,,,
2/03/2006,10.128,10.208,10.264,,,
3/03/2006,10.161,10.235,10.291,,,
6/03/2006,9.953,10.025,10.083,,,
7/03/2006,10.035,10.107,10.167,,,
8/03/2006,9.777,9.845,9.915,,,
9/03/2006,9.903,9.97,10.04,,,
10/03/2006,9.895,9.96,10.032,,,
13/03/2006,10.093,10.157,10.229,,,
14/03/2006,10.182,10.245,10.318,,,
15/03/2006,10.287,10.35,10.421,,,
16/03/2006,10.281,10.342,10.414,,,
17/03/2006,10.306,10.365,10.435,,,
20/03/2006,10.307,10.362,10.432,,,
21/03/2006,10.516,10.565,10.63,,,
22/03/2006,10.446,10.495,10.558,,,
23/03/2006,10.643,10.69,10.755,,,
24/03/2006,10.688,10.735,10.791,,,
27/03/2006,10.848,10.895,10.962,,,
28/03/2006,10.826,10.87,10.944,,,
29/03/2006,11.073,11.115,11.19,,,
30/03/2006,11.66,11.742,11.762,,,
31/03/2006,11.52,11.613,11.641,,,
3/04/2006,11.765,11.858,11.886,,,
4/04/2006,11.73,11.828,11.865,,,
5/04/2006,11.705,11.805,11.847,,,
6/04/2006,12.045,12.147,12.185,,,
7/04/2006,12.07,12.171,12.206,,,
10/04/2006,12.56,12.667,12.702,,,
11/04/2006,12.6,12.717,12.757,,,
12/04/2006,12.663,12.785,12.825,,,
13/04/2006,12.855,12.979,13.029,,,
17/04/2006,13.365,13.494,13.559,,,
18/04/2006,13.785,13.918,13.983,,,
19/04/2006,14.522,14.666,14.74,,,
20/04/2006,12.525,12.649,12.743,,,
21/04/2006,12.965,13.092,13.186,,,
24/04/2006,11.775,11.892,11.986,,,
25/04/2006,12.56,12.683,12.777,,,
26/04/2006,12.815,12.939,13.033,,,
27/04/2006,12.47,12.59,12.682,,,
28/04/2006,13.51,13.63,13.712,,,
1/05/2006,13.852,13.965,14.037,,,
2/05/2006,14.11,14.21,14.285,,,
3/05/2006,13.704,13.795,13.873,,,
4/05/2006,13.735,13.825,13.908,,,
5/05/2006,13.792,13.89,13.973,,,
8/05/2006,13.677,13.77,13.856,,,
9/05/2006,14.374,14.465,14.55,,,
10/05/2006,14.191,14.28,14.365,,,
11/05/2006,14.846,14.935,15.01,,,
12/05/2006,14.146,14.235,14.318,,,
15/05/2006,13.246,13.335,13.423,,,
16/05/2006,13.452,13.54,13.627,,,
17/05/2006,13.157,13.24,13.329,,,
18/05/2006,12.437,12.52,12.613,,,
19/05/2006,12.277,12.36,12.459,,,
22/05/2006,12.355,12.43,12.529,,,
23/05/2006,13.1,13.17,13.273,,,
24/05/2006,12.45,12.515,12.621,,,
25/05/2006,12.54,12.6,12.707,,,
26/05/2006,12.675,12.73,12.837,,,
30/05/2006,13.07,13.178,13.242,,,
31/05/2006,12.455,12.568,12.655,,,
1/06/2006,11.905,12.017,12.117,,,
2/06/2006,12.085,12.192,12.275,,,
5/06/2006,12.295,12.405,12.497,,,
6/06/2006,11.845,11.953,12.051,,,
7/06/2006,11.89,11.996,12.091,,,
8/06/2006,11.075,11.178,11.273,,,
9/06/2006,11.21,11.31,11.405,,,
12/06/2006,11.065,11.165,11.265,,,
13/06/2006,9.625,9.716,9.823,,,
14/06/2006,9.735,9.827,9.928,,,
15/06/2006,9.97,10.061,10.154,,,
16/06/2006,10.13,10.221,10.314,,,
19/06/2006,9.97,10.062,10.155,,,
20/06/2006,10.27,10.363,10.454,,,
21/06/2006,10.42,10.514,10.6,,,
22/06/2006,10.21,10.307,10.398,,,
23/06/2006,10.285,10.382,10.477,,,
26/06/2006,10.24,10.34,10.437,,,
27/06/2006,10.195,10.299,10.4,,,
28/06/2006,10.155,10.242,10.343,,,
29/06/2006,10.333,10.42,10.521,,,
30/06/2006,10.833,10.92,11.023,,,
3/07/2006,10.833,10.92,11.023,,,
5/07/2006,11.335,11.415,11.516,,,
6/07/2006,11.507,11.585,11.686,,,
7/07/2006,11.325,11.405,11.52,,,
10/07/2006,11.03,11.11,11.24,,,
11/07/2006,11.47,11.55,11.678,,,
12/07/2006,11.475,11.555,11.683,,,
13/07/2006,11.405,11.485,11.618,,,
14/07/2006,11.45,11.53,11.665,,,
17/07/2006,11.01,11.09,11.227,,,
18/07/2006,10.455,10.525,10.652,,,
19/07/2006,11.055,11.125,11.252,,,
20/07/2006,11.005,11.065,11.193,,,
21/07/2006,10.785,10.845,10.976,,,
24/07/2006,10.87,10.92,11.051,,,
25/07/2006,10.895,10.945,11.082,,,
26/07/2006,11.03,11.08,11.221,,,
27/07/2006,11.34,11.39,11.531,,,
28/07/2006,11.365,11.507,11.633,,,
31/07/2006,11.37,11.521,11.652,,,
1/08/2006,11.74,11.888,12.008,,,
2/08/2006,12.245,12.39,12.502,,,
3/08/2006,12.09,12.242,12.355,,,
4/08/2006,12.485,12.639,12.741,,,
7/08/2006,12.265,12.426,12.534,,,
8/08/2006,12.26,12.425,12.537,,,
9/08/2006,12.57,12.736,12.851,,,
10/08/2006,12.105,12.271,12.388,,,
11/08/2006,11.885,12.051,12.172,,,
14/08/2006,12.16,12.326,12.449,,,
15/08/2006,12.085,12.252,12.375,,,
16/08/2006,12.285,12.456,12.585,,,
17/08/2006,11.995,12.164,12.297,,,
18/08/2006,12.03,12.199,12.332,,,
21/08/2006,12.345,12.52,12.651,,,
22/08/2006,12.265,12.437,12.569,,,
23/08/2006,12.515,12.694,12.829,,,
24/08/2006,12.31,12.487,12.622,,,
25/08/2006,12.37,12.547,12.682,,,
28/08/2006,12.025,12.197,12.332,,,
29/08/2006,12.15,12.322,12.456,,,
30/08/2006,12.498,12.67,12.802,,,
31/08/2006,12.9,13.03,13.165,,,
1/09/2006,12.955,13.07,13.205,,,
5/09/2006,13.005,13.14,13.273,,,
6/09/2006,13.065,13.2,13.334,,,
7/09/2006,12.563,12.695,12.829,,,
8/09/2006,12.163,12.295,12.428,,,
11/09/2006,11.108,11.24,11.371,,,
12/09/2006,11.025,11.14,11.275,,,
13/09/2006,11.085,11.2,11.337,,,
14/09/2006,10.835,10.95,11.087,,,
15/09/2006,10.76,10.875,11.012,,,
18/09/2006,11.175,11.29,11.428,,,
19/09/2006,10.83,10.945,11.082,,,
20/09/2006,11.027,11.14,11.278,,,
21/09/2006,11.137,11.245,11.382,,,
22/09/2006,11.202,11.31,11.447,,,
25/09/2006,11.217,11.325,11.463,,,
26/09/2006,11.395,11.495,11.64,,,
27/09/2006,11.6,11.7,11.847,,,
28/09/2006,11.735,11.882,11.964,,,
29/09/2006,11.54,11.686,11.768,,,
2/10/2006,11.64,11.786,11.867,,,
3/10/2006,11.045,11.191,11.272,,,
4/10/2006,10.795,10.937,11.019,,,
5/10/2006,11.07,11.216,11.298,,,
6/10/2006,11.175,11.32,11.402,,,
9/10/2006,11.42,11.567,11.649,,,
10/10/2006,11.22,11.367,11.449,,,
11/10/2006,11.33,11.482,11.567,,,
12/10/2006,11.38,11.536,11.621,,,
13/10/2006,11.68,11.838,11.923,,,
16/10/2006,11.91,12.07,12.155,,,
17/10/2006,11.78,11.94,12.025,,,
18/10/2006,11.82,11.98,12.062,,,
19/10/2006,12.16,12.326,12.413,,,
20/10/2006,11.965,12.13,12.217,,,
23/10/2006,11.67,11.831,11.918,,,
24/10/2006,11.85,12.012,12.099,,,
25/10/2006,11.89,12.052,12.142,,,
26/10/2006,12.24,12.408,12.499,,,
27/10/2006,12.08,12.247,12.337,,,
30/10/2006,12.25,12.419,12.511,,,
31/10/2006,12.27,12.439,12.531,,,
1/11/2006,12.475,12.647,12.741,,,
2/11/2006,12.65,12.824,12.92,,,
3/11/2006,12.635,12.811,12.915,,,
6/11/2006,12.76,12.937,13.041,,,
7/11/2006,12.675,12.855,12.965,,,
8/11/2006,12.55,12.729,12.839,,,
9/11/2006,13.05,13.229,13.339,,,
10/11/2006,13.115,13.295,13.405,,,
13/11/2006,12.885,13.065,13.175,,,
14/11/2006,12.89,13.071,13.185,,,
15/11/2006,12.945,13.127,13.241,,,
16/11/2006,12.945,13.129,13.247,,,
17/11/2006,12.8,12.981,13.099,,,
20/11/2006,12.74,12.922,13.039,,,
21/11/2006,13.085,13.272,13.392,,,
22/11/2006,13.04,13.228,13.35,,,
24/11/2006,13.04,13.228,13.35,,,
27/11/2006,13.49,13.686,13.816,,,
28/11/2006,13.62,13.812,13.938,,,
29/11/2006,13.566,13.76,13.886,,,
30/11/2006,13.925,14.115,14.238,,,
1/12/2006,14.006,14.19,14.311,,,
4/12/2006,14.061,14.245,14.362,,,
5/12/2006,13.845,14.025,14.14,,,
6/12/2006,13.615,13.795,13.908,,,
7/12/2006,13.861,14.035,14.149,,,
8/12/2006,13.719,13.895,14.007,,,
11/12/2006,13.85,14.025,14.137,,,
12/12/2006,13.813,13.98,14.094,,,
13/12/2006,13.747,13.915,14.032,,,
14/12/2006,13.785,13.95,14.073,,,
15/12/2006,12.823,12.98,13.1,,,
18/12/2006,12.382,12.525,12.64,,,
19/12/2006,12.57,12.71,12.825,,,
20/12/2006,12.51,12.645,12.76,,,
21/12/2006,12.358,12.49,12.607,,,
22/12/2006,12.508,12.635,12.747,,,
26/12/2006,12.603,12.725,12.838,,,
27/12/2006,12.803,12.925,13.04,,,
28/12/2006,12.94,13.058,13.173,,,
29/12/2006,12.935,13.053,13.168,,,
2/01/2007,12.935,13.053,13.168,,,
3/01/2007,12.67,12.788,12.908,,,
4/01/2007,12.835,12.953,13.07,,,
5/01/2007,12.23,12.343,12.457,,,
8/01/2007,12.36,12.473,12.586,,,
9/01/2007,12.595,12.709,12.822,,,
10/01/2007,12.445,12.56,12.673,,,
11/01/2007,12.46,12.576,12.69,,,
12/01/2007,12.88,12.995,13.106,,,
16/01/2007,12.625,12.74,12.851,,,
17/01/2007,12.89,13.006,13.115,,,
18/01/2007,12.685,12.801,12.91,,,
19/01/2007,12.92,13.03,13.146,,,
22/01/2007,13,13.119,13.23,,,
23/01/2007,13.26,13.38,13.491,,,
24/01/2007,13.273,13.394,13.505,,,
25/01/2007,13.49,13.613,13.725,,,
26/01/2007,13.375,13.499,13.611,,,
29/01/2007,13.25,13.375,13.49,,,
30/01/2007,13.375,13.5,13.615,,,
31/01/2007,13.57,13.698,13.813,,,
1/02/2007,13.725,13.854,13.974,,,
2/02/2007,13.375,13.502,13.62,,,
5/02/2007,13.56,13.688,13.81,,,
6/02/2007,13.675,13.803,13.925,,,
7/02/2007,13.71,13.841,13.965,,,
8/02/2007,13.77,13.902,14.028,,,
9/02/2007,13.89,14.01,14.173,,,
12/02/2007,13.715,13.846,13.972,,,
13/02/2007,13.915,14.048,14.174,,,
14/02/2007,13.965,14.098,14.224,,,
15/02/2007,13.962,14.094,14.218,,,
16/02/2007,13.99,14.125,14.248,,,
20/02/2007,13.83,13.963,14.088,,,
21/02/2007,14.273,14.407,14.532,,,
22/02/2007,14.25,14.388,14.513,,,
23/02/2007,14.57,14.715,14.855,,,
26/02/2007,14.69,14.832,14.958,,,
27/02/2007,14.545,14.69,14.816,,,
28/02/2007,14.1,14.235,14.361,,,
1/03/2007,13.53,13.65,13.774,,,
2/03/2007,12.875,12.96,13.081,,,
5/03/2007,12.64,12.75,12.868,,,
6/03/2007,12.877,12.985,13.104,,,
7/03/2007,13,13.105,13.225,,,
8/03/2007,13.017,13.12,13.242,,,
9/03/2007,12.87,13.005,13.12,,,
12/03/2007,12.985,13.085,13.207,,,
13/03/2007,12.863,12.96,13.081,,,
14/03/2007,12.74,12.83,12.948,,,
15/03/2007,12.987,13.075,13.195,,,
16/03/2007,13.127,13.215,13.335,,,
19/03/2007,13.147,13.233,13.356,,,
20/03/2007,13.285,13.37,13.494,,,
21/03/2007,13.237,13.32,13.445,,,
22/03/2007,13.403,13.48,13.607,,,
23/03/2007,13.152,13.227,13.354,,,
26/03/2007,13.34,13.41,13.538,,,
27/03/2007,13.21,13.28,13.407,,,
28/03/2007,13.387,13.455,13.583,,,
29/03/2007,13.34,13.467,13.605,,,
30/03/2007,13.45,13.579,13.697,,,
2/04/2007,13.35,13.477,13.595,,,
3/04/2007,13.43,13.557,13.677,,,
4/04/2007,13.62,13.75,13.872,,,
5/04/2007,13.74,13.873,13.996,,,
9/04/2007,13.81,13.945,14.068,,,
10/04/2007,13.93,14.066,14.19,,,
11/04/2007,13.89,14.024,14.147,,,
12/04/2007,13.855,13.99,14.113,,,
13/04/2007,14.09,14.226,14.352,,,
16/04/2007,14.08,14.215,14.341,,,
17/04/2007,14.02,14.154,14.28,,,
18/04/2007,13.975,14.107,14.233,,,
19/04/2007,13.735,13.865,13.991,,,
20/04/2007,13.955,14.089,14.216,,,
23/04/2007,14.05,14.184,14.313,,,
24/04/2007,13.782,13.916,14.045,,,
25/04/2007,13.765,13.897,14.026,,,
26/04/2007,13.325,13.455,13.581,,,
27/04/2007,13.443,13.575,13.703,,,
30/04/2007,13.445,13.575,13.704,,,
1/05/2007,13.245,13.37,13.497,,,
2/05/2007,13.214,13.335,13.461,,,
3/05/2007,13.393,13.51,13.637,,,
4/05/2007,13.415,13.53,13.659,,,
7/05/2007,13.527,13.64,13.769,,,
8/05/2007,13.489,13.6,13.728,,,
9/05/2007,13.361,13.47,13.598,,,
10/05/2007,13.04,13.14,13.265,,,
11/05/2007,13.21,13.305,13.432,,,
14/05/2007,13.142,13.235,13.361,,,
15/05/2007,13.226,13.315,13.441,,,
16/05/2007,12.843,12.93,13.055,,,
17/05/2007,12.806,12.883,13.008,,,
18/05/2007,12.926,13.003,13.128,,,
21/05/2007,13.057,13.13,13.257,,,
22/05/2007,12.919,12.99,13.116,,,
23/05/2007,13.035,13.105,13.233,,,
24/05/2007,12.852,12.92,13.046,,,
25/05/2007,12.935,13,13.127,,,
29/05/2007,13.158,13.223,13.352,,,
30/05/2007,13.22,13.349,13.529,,,
31/05/2007,13.47,13.602,13.785,,,
1/06/2007,13.74,13.874,14.06,,,
4/06/2007,13.745,13.879,14.068,,,
5/06/2007,13.812,13.947,14.135,,,
6/06/2007,13.717,13.851,14.036,,,
7/06/2007,13.48,13.613,13.798,,,
8/06/2007,13.04,13.171,13.354,,,
11/06/2007,13.275,13.406,13.593,,,
12/06/2007,13.09,13.22,13.405,,,
13/06/2007,13.06,13.189,13.373,,,
14/06/2007,13.165,13.295,13.481,,,
15/06/2007,13.26,13.39,13.575,,,
18/06/2007,13.235,13.366,13.551,,,
19/06/2007,13.325,13.456,13.64,,,
20/06/2007,13.25,13.38,13.565,,,
21/06/2007,13.09,13.219,13.4,,,
22/06/2007,13.02,13.149,13.331,,,
25/06/2007,12.877,13.006,13.187,,,
26/06/2007,12.28,12.401,12.575,,,
27/06/2007,12.21,12.329,12.503,,,
28/06/2007,12.379,12.505,12.682,,,
29/06/2007,12.353,12.473,12.652,,,
2/07/2007,12.622,12.74,12.92,,,
3/07/2007,12.569,12.685,12.863,,,
5/07/2007,12.469,12.58,12.758,,,
6/07/2007,12.648,12.757,12.936,,,
9/07/2007,12.714,12.82,13,,,
10/07/2007,12.867,12.975,13.155,,,
11/07/2007,12.869,12.975,13.154,,,
12/07/2007,13.078,13.18,13.36,,,
13/07/2007,13.011,13.11,13.29,,,
16/07/2007,12.968,13.065,13.244,,,
17/07/2007,12.923,13.018,13.197,,,
18/07/2007,13.198,13.29,13.471,,,
19/07/2007,13.285,13.375,13.556,,,
20/07/2007,13.315,13.403,13.585,,,
23/07/2007,13.244,13.33,13.513,,,
24/07/2007,13.359,13.443,13.628,,,
25/07/2007,13.068,13.15,13.33,,,
26/07/2007,12.878,12.95,13.125,,,
27/07/2007,12.643,12.715,12.889,,,
30/07/2007,12.903,13.079,13.25,,,
31/07/2007,13.017,13.197,13.37,,,
1/08/2007,12.955,13.136,13.309,,,
2/08/2007,12.995,13.177,13.351,,,
3/08/2007,13.158,13.341,13.517,,,
6/08/2007,13.033,13.214,13.388,,,
7/08/2007,13.095,13.28,13.455,,,
8/08/2007,13.17,13.358,13.535,,,
9/08/2007,12.705,12.887,13.058,,,
10/08/2007,12.87,13.053,13.226,,,
13/08/2007,12.855,13.04,13.213,,,
14/08/2007,12.748,12.933,13.106,,,
15/08/2007,12.555,12.735,12.907,,,
16/08/2007,11.495,11.656,11.811,,,
17/08/2007,11.8,11.967,12.123,,,
20/08/2007,11.735,11.9,12.054,,,
21/08/2007,11.51,11.67,11.821,,,
22/08/2007,11.565,11.729,11.882,,,
23/08/2007,11.64,11.798,11.951,,,
24/08/2007,11.94,12.098,12.253,,,
27/08/2007,11.765,11.924,12.078,,,
28/08/2007,11.765,11.924,12.079,,,
29/08/2007,11.845,12.007,12.162,,,
30/08/2007,11.791,11.96,12.115,,,
31/08/2007,12.063,12.23,12.388,,,
4/09/2007,12.281,12.448,12.609,,,
5/09/2007,12.19,12.355,12.516,,,
6/09/2007,12.365,12.533,12.697,,,
7/09/2007,12.592,12.76,12.923,,,
10/09/2007,12.532,12.7,12.863,,,
11/09/2007,12.667,12.835,13.001,,,
12/09/2007,12.625,12.793,12.96,,,
13/09/2007,12.514,12.68,12.847,,,
14/09/2007,12.544,12.705,12.872,,,
17/09/2007,12.739,12.9,13.07,,,
18/09/2007,12.767,12.925,13.096,,,
19/09/2007,12.956,13.105,13.273,,,
20/09/2007,13.321,13.47,13.643,,,
21/09/2007,13.474,13.62,13.793,,,
24/09/2007,13.497,13.64,13.815,,,
25/09/2007,13.482,13.62,13.794,,,
26/09/2007,13.416,13.545,13.719,,,
27/09/2007,13.645,13.82,13.927,,,
28/09/2007,13.92,14.098,14.208,,,
1/10/2007,13.855,14.033,14.144,,,
2/10/2007,13.45,13.624,13.733,,,
3/10/2007,13.47,13.645,13.755,,,
4/10/2007,13.5,13.675,13.786,,,
5/10/2007,13.49,13.667,13.779,,,
8/10/2007,13.36,13.536,13.647,,,
9/10/2007,13.583,13.761,13.874,,,
10/10/2007,13.668,13.847,13.961,,,
11/10/2007,13.985,14.166,14.282,,,
12/10/2007,13.903,14.084,14.199,,,
15/10/2007,13.855,14.036,14.19,,,
16/10/2007,13.658,13.88,13.97,,,
17/10/2007,13.75,13.93,14.04,,,
18/10/2007,13.803,13.984,14.095,,,
19/10/2007,13.635,13.812,13.918,,,
22/10/2007,13.555,13.73,13.836,,,
23/10/2007,13.65,13.826,13.933,,,
24/10/2007,13.59,13.764,13.87,,,
25/10/2007,13.905,14.081,14.187,,,
26/10/2007,14.28,14.458,14.565,,,
29/10/2007,14.43,14.609,14.717,,,
30/10/2007,14.328,14.507,14.613,,,
31/10/2007,14.438,14.618,14.727,,,
1/11/2007,14.325,14.506,14.615,,,
2/11/2007,14.599,14.783,14.895,,,
5/11/2007,14.785,14.974,15.09,,,
6/11/2007,15.38,15.576,15.696,,,
7/11/2007,15.325,15.523,15.645,,,
8/11/2007,15.515,15.713,15.831,,,
9/11/2007,15.545,15.745,15.863,,,
12/11/2007,14.762,14.953,15.068,,,
13/11/2007,14.61,14.801,14.914,,,
14/11/2007,15.065,15.262,15.381,,,
15/11/2007,14.435,14.615,14.74,,,
16/11/2007,14.51,14.7,14.812,,,
19/11/2007,14.16,14.349,14.461,,,
20/11/2007,14.5,14.695,14.812,,,
21/11/2007,14.42,14.614,14.726,,,
23/11/2007,14.735,14.932,15.046,,,
26/11/2007,14.83,15.031,15.148,,,
27/11/2007,14.485,14.683,14.796,,,
28/11/2007,14.335,14.533,14.646,,,
29/11/2007,14.237,14.445,14.558,,,
30/11/2007,13.963,14.165,14.278,,,
3/12/2007,14.011,14.21,14.323,,,
4/12/2007,14.271,14.465,14.58,,,
5/12/2007,14.27,14.46,14.574,,,
6/12/2007,14.44,14.625,14.742,,,
7/12/2007,14.325,14.505,14.624,,,
10/12/2007,14.674,14.85,14.972,,,
11/12/2007,14.695,14.865,14.986,,,
12/12/2007,14.655,14.825,14.946,,,
13/12/2007,14.072,14.237,14.354,,,
14/12/2007,13.826,13.983,14.099,,,
17/12/2007,13.826,13.98,14.095,,,
18/12/2007,14.014,14.165,14.28,,,
19/12/2007,14.073,14.222,14.337,,,
20/12/2007,14.196,14.34,14.455,,,
21/12/2007,14.346,14.488,14.606,,,
24/12/2007,14.52,14.66,14.78,,,
26/12/2007,14.695,14.835,14.958,,,
27/12/2007,14.678,14.818,14.94,,,
28/12/2007,14.895,15.017,15.125,,,
31/12/2007,14.92,15.042,15.149,,,
2/01/2008,15.29,15.414,15.52,,,
3/01/2008,15.5,15.624,15.73,,,
4/01/2008,15.462,15.585,15.69,,,
7/01/2008,15.29,15.411,15.515,,,
8/01/2008,15.815,15.939,16.046,,,
9/01/2008,15.84,15.962,16.065,,,
10/01/2008,16.275,16.398,16.497,,,
11/01/2008,16.37,16.489,16.583,,,
14/01/2008,16.425,16.541,16.63,,,
15/01/2008,16.3,16.415,16.503,,,
16/01/2008,15.895,16.003,16.09,,,
17/01/2008,16.01,16.118,16.204,,,
18/01/2008,16.215,16.324,16.409,,,
22/01/2008,16.105,16.204,16.276,,,
23/01/2008,15.97,16.059,16.126,,,
24/01/2008,16.333,16.425,16.497,,,
25/01/2008,16.49,16.582,16.657,,,
28/01/2008,16.75,16.843,16.918,,,
29/01/2008,16.8,16.893,16.968,,,
30/01/2008,16.76,16.852,16.928,,,
31/01/2008,16.995,17.089,17.165,,,
1/02/2008,16.87,16.964,17.039,,,
4/02/2008,16.78,16.875,16.95,,,
5/02/2008,16.345,16.439,16.512,,,
6/02/2008,16.55,16.645,16.717,,,
7/02/2008,16.775,16.871,16.942,,,
8/02/2008,17.11,17.208,17.281,,,
11/02/2008,17.47,17.571,17.647,,,
12/02/2008,17.25,17.35,17.425,,,
13/02/2008,17.353,17.454,17.529,,,
14/02/2008,17.255,17.356,17.432,,,
15/02/2008,17.118,17.22,17.295,,,
19/02/2008,17.508,17.613,17.692,,,
20/02/2008,17.76,17.867,17.948,,,
21/02/2008,17.95,18.06,18.143,,,
22/02/2008,18.035,18.148,18.231,,,
25/02/2008,18.085,18.202,18.29,,,
26/02/2008,18.72,18.841,18.933,,,
27/02/2008,19.21,19.333,19.428,,,
28/02/2008,19.63,19.71,19.807,,,
29/02/2008,19.808,19.915,20.01,,,
3/03/2008,20.073,20.18,20.279,,,
4/03/2008,19.738,19.84,19.936,,,
5/03/2008,20.685,20.785,20.885,,,
6/03/2008,20.131,20.225,20.322,,,
7/03/2008,20.158,20.25,20.346,,,
10/03/2008,19.698,19.785,19.88,,,
11/03/2008,19.676,19.763,19.86,,,
12/03/2008,19.911,19.995,20.091,,,
13/03/2008,20.339,20.42,20.518,,,
14/03/2008,20.574,20.655,20.75,,,
17/03/2008,20.222,20.3,20.39,,,
18/03/2008,19.89,19.96,20.049,,,
19/03/2008,18.395,18.445,18.532,,,
20/03/2008,16.805,16.85,16.933,,,
24/03/2008,17.067,17.11,17.193,,,
25/03/2008,17.762,17.8,17.887,,,
26/03/2008,18.346,18.383,18.476,,,
27/03/2008,18.513,18.55,18.643,,,
28/03/2008,17.94,18.031,18.097,,,
31/03/2008,17.31,17.4,17.462,,,
1/04/2008,16.89,16.981,17.043,,,
2/04/2008,17.18,17.274,17.345,,,
3/04/2008,17.48,17.578,17.652,,,
4/04/2008,17.755,17.854,17.929,,,
7/04/2008,18.12,18.222,18.304,,,
8/04/2008,17.708,17.809,17.889,,,
9/04/2008,18.2,18.304,18.384,,,
10/04/2008,18.043,18.147,18.229,,,
11/04/2008,17.69,17.796,17.876,,,
14/04/2008,17.79,17.895,17.979,,,
15/04/2008,17.85,17.956,18.04,,,
16/04/2008,18.325,18.435,18.523,,,
17/04/2008,18.305,18.419,18.516,,,
18/04/2008,17.82,17.937,18.036,,,
21/04/2008,17.36,17.474,17.569,,,
22/04/2008,17.71,17.824,17.92,,,
23/04/2008,17.165,17.276,17.371,,,
24/04/2008,16.66,16.768,16.865,,,
25/04/2008,16.85,16.958,17.055,,,
28/04/2008,17.013,17.123,17.219,,,
29/04/2008,16.54,16.64,16.734,,,
30/04/2008,16.502,16.593,16.685,,,
1/05/2008,16.121,16.205,16.293,,,
2/05/2008,16.381,16.465,16.554,,,
5/05/2008,16.746,16.83,16.921,,,
6/05/2008,16.78,16.86,16.95,,,
7/05/2008,16.617,16.695,16.786,,,
8/05/2008,16.794,16.87,16.959,,,
9/05/2008,16.843,16.91,16.999,,,
12/05/2008,17.158,17.225,17.315,,,
13/05/2008,16.763,16.828,16.919,,,
14/05/2008,16.55,16.613,16.704,,,
15/05/2008,16.627,16.685,16.774,,,
16/05/2008,16.904,16.96,17.049,,,
19/05/2008,16.974,17.028,17.119,,,
20/05/2008,17.671,17.725,17.818,,,
21/05/2008,17.998,18.05,18.145,,,
22/05/2008,17.975,18.025,18.124,,,
23/05/2008,18.241,18.29,18.389,,,
27/05/2008,17.425,17.465,17.563,,,
28/05/2008,17.38,17.415,17.511,,,
29/05/2008,16.515,16.61,16.74,,,
30/05/2008,16.865,16.961,17.09,,,
2/06/2008,16.91,17.006,17.135,,,
3/06/2008,16.835,16.932,17.061,,,
4/06/2008,16.94,17.038,17.167,,,
5/06/2008,17.17,17.27,17.402,,,
6/06/2008,17.43,17.534,17.67,,,
9/06/2008,17.21,17.313,17.454,,,
10/06/2008,16.635,16.738,16.883,,,
11/06/2008,16.855,16.958,17.103,,,
12/06/2008,16.485,16.588,16.733,,,
13/06/2008,16.56,16.663,16.808,,,
16/06/2008,17.232,17.338,17.488,,,
17/06/2008,17.075,17.181,17.329,,,
18/06/2008,17.34,17.446,17.594,,,
19/06/2008,17.47,17.578,17.728,,,
20/06/2008,17.397,17.505,17.655,,,
23/06/2008,16.79,16.896,17.046,,,
24/06/2008,16.633,16.739,16.888,,,
25/06/2008,16.503,16.607,16.755,,,
26/06/2008,17.125,17.22,17.366,,,
27/06/2008,17.62,17.71,17.856,,,
30/06/2008,17.42,17.51,17.654,,,
1/07/2008,18.2,18.29,18.437,,,
2/07/2008,18.337,18.425,18.574,,,
3/07/2008,18.285,18.37,18.518,,,
7/07/2008,17.838,17.92,18.066,,,
8/07/2008,17.88,17.955,18.101,,,
9/07/2008,18.1,18.175,18.325,,,
10/07/2008,18.245,18.32,18.471,,,
11/07/2008,18.745,18.82,18.975,,,
14/07/2008,19.175,19.25,19.407,,,
15/07/2008,18.941,19.013,19.169,,,
16/07/2008,18.735,18.805,18.96,,,
17/07/2008,18.667,18.735,18.892,,,
18/07/2008,18.135,18.2,18.355,,,
21/07/2008,18.362,18.425,18.582,,,
22/07/2008,17.945,18.005,18.161,,,
23/07/2008,17.4,17.458,17.61,,,
24/07/2008,17.246,17.298,17.448,,,
25/07/2008,17.325,17.375,17.525,,,
28/07/2008,17.417,17.465,17.615,,,
29/07/2008,17.33,17.375,17.524,,,
30/07/2008,17.465,17.611,17.763,,,
31/07/2008,17.79,17.939,18.087,,,
1/08/2008,17.52,17.668,17.815,,,
4/08/2008,17.14,17.285,17.43,,,
5/08/2008,16.572,16.713,16.855,,,
6/08/2008,16.505,16.646,16.785,,,
7/08/2008,16.257,16.398,16.535,,,
8/08/2008,15.33,15.466,15.597,,,
11/08/2008,14.62,14.75,14.878,,,
12/08/2008,14.485,14.614,14.738,,,
13/08/2008,14.845,14.978,15.106,,,
14/08/2008,14.23,14.36,14.486,,,
15/08/2008,12.815,12.93,13.045,,,
18/08/2008,13.1,13.217,13.332,,,
19/08/2008,13.105,13.22,13.333,,,
20/08/2008,13.04,13.153,13.267,,,
21/08/2008,13.727,13.843,13.51,,,
22/08/2008,13.477,13.59,13.706,,,
25/08/2008,13.37,13.479,13.593,,,
26/08/2008,13.575,13.678,13.791,,,
27/08/2008,13.47,13.568,13.681,,,
28/08/2008,13.604,13.705,13.818,,,
29/08/2008,13.607,13.707,13.818,,,
2/09/2008,13.05,13.145,13.252,,,
3/09/2008,12.86,12.947,13.051,,,
4/09/2008,12.856,12.94,13.044,,,
5/09/2008,12.245,12.325,12.425,,,
8/09/2008,11.99,12.065,12.162,,,
9/09/2008,11.64,11.715,11.809,,,
10/09/2008,10.817,10.89,10.978,,,
11/09/2008,10.49,10.555,10.639,,,
12/09/2008,10.735,10.795,10.881,,,
15/09/2008,11.075,11.135,11.215,,,
16/09/2008,10.462,10.517,10.591,,,
17/09/2008,11.62,11.675,11.747,,,
18/09/2008,12.648,12.7,12.78,,,
19/09/2008,12.425,12.475,12.563,,,
22/09/2008,13.4,13.45,13.552,,,
23/09/2008,13.12,13.17,13.274,,,
24/09/2008,13.384,13.44,13.549,,,
25/09/2008,13.222,13.275,13.379,,,
26/09/2008,13.458,13.503,13.608,,,
29/09/2008,13.025,13.127,13.18,,,
30/09/2008,12.275,12.376,12.43,,,
1/10/2008,12.77,12.878,12.935,,,
2/10/2008,11.12,11.213,11.26,,,
3/10/2008,11.325,11.412,11.459,,,
6/10/2008,11.285,11.357,11.398,,,
7/10/2008,11.38,11.452,11.492,,,
8/10/2008,11.772,11.857,11.897,,,
9/10/2008,11.875,11.96,12.001,,,
10/10/2008,10.6,10.676,10.714,,,
13/10/2008,10.79,10.859,10.89,,,
14/10/2008,11.06,11.128,11.159,,,
15/10/2008,10.18,10.24,10.271,,,
16/10/2008,9.635,9.69,9.718,,,
17/10/2008,9.335,9.377,9.403,,,
20/10/2008,9.69,9.727,9.743,,,
21/10/2008,10.075,10.117,10.135,,,
22/10/2008,9.46,9.501,9.515,,,
23/10/2008,9.5,9.545,9.56,,,
24/10/2008,9.295,9.333,9.348,,,
27/10/2008,9.195,9.233,9.247,,,
28/10/2008,8.79,8.818,8.831,,,
29/10/2008,9.805,9.819,9.832,,,
30/10/2008,9.785,9.79,9.801,,,
31/10/2008,9.73,9.74,9.751,,,
3/11/2008,9.75,9.767,9.783,,,
4/11/2008,10.13,10.151,10.17,,,
5/11/2008,10.455,10.48,10.5,,,
6/11/2008,10.055,10.083,10.104,,,
7/11/2008,9.963,10.002,10.032,,,
10/11/2008,10.22,10.264,10.294,,,
11/11/2008,9.805,9.844,9.873,,,
12/11/2008,9.48,9.519,9.545,,,
13/11/2008,8.8,8.828,8.854,,,
14/11/2008,9.49,9.528,9.552,,,
17/11/2008,9.33,9.365,9.384,,,
18/11/2008,9.55,9.579,9.597,,,
19/11/2008,9.31,9.338,9.355,,,
20/11/2008,9.025,9.049,9.062,,,
21/11/2008,9.48,9.505,9.519,,,
24/11/2008,10.355,10.378,10.392,,,
25/11/2008,10.27,10.305,10.32,,,
26/11/2008,10.22,10.269,10.283,,,
28/11/2008,10.185,10.23,10.245,,,
1/12/2008,9.35,9.38,9.391,,,
2/12/2008,9.59,9.615,9.627,,,
3/12/2008,9.564,9.59,9.604,,,
4/12/2008,9.491,9.52,9.537,,,
5/12/2008,9.401,9.43,9.445,,,
8/12/2008,9.94,9.975,9.996,,,
9/12/2008,9.815,9.85,9.871,,,
10/12/2008,10.165,10.2,10.221,,,
11/12/2008,10.39,10.425,10.445,,,
12/12/2008,10.199,10.23,10.247,,,
15/12/2008,10.589,10.62,10.635,,,
16/12/2008,10.674,10.705,10.719,,,
17/12/2008,11.389,11.42,11.429,,,
18/12/2008,11.089,11.12,11.128,,,
19/12/2008,10.819,10.85,10.86,,,
22/12/2008,10.829,10.86,10.873,,,
23/12/2008,10.233,10.26,10.27,,,
24/12/2008,10.323,10.35,10.36,,,
26/12/2008,10.503,10.53,10.54,,,
29/12/2008,10.783,10.81,10.82,,,
30/12/2008,10.98,10.99,10.997,,,
31/12/2008,11.295,11.307,11.315,,,
2/01/2009,11.49,11.503,11.512,,,
5/01/2009,11.27,11.281,11.29,,,
6/01/2009,11.445,11.458,11.468,,,
7/01/2009,11.105,11.117,11.127,,,
8/01/2009,11.097,11.111,11.122,,,
9/01/2009,11.32,11.337,11.349,,,
12/01/2009,10.75,10.765,10.777,,,
13/01/2009,10.68,10.697,10.709,,,
14/01/2009,10.475,10.49,10.502,,,
15/01/2009,10.44,10.455,10.467,,,
16/01/2009,11.215,11.233,11.245,,,
20/01/2009,11.175,11.186,11.194,,,
21/01/2009,11.325,11.334,11.339,,,
22/01/2009,11.365,11.375,11.38,,,
23/01/2009,11.94,11.952,11.958,,,
26/01/2009,12.11,12.125,12.132,,,
27/01/2009,12.175,12.191,12.199,,,
28/01/2009,11.963,11.979,11.987,,,
29/01/2009,12.145,12.162,12.171,,,
30/01/2009,12.565,12.586,12.602,,,
2/02/2009,12.415,12.439,12.457,,,
3/02/2009,12.3,12.323,12.34,,,
4/02/2009,12.47,12.495,12.513,,,
5/02/2009,12.75,12.777,12.798,,,
6/02/2009,13.16,13.19,13.211,,,
9/02/2009,12.83,12.859,12.88,,,
10/02/2009,13.13,13.161,13.182,,,
11/02/2009,13.52,13.554,13.575,,,
12/02/2009,13.51,13.544,13.565,,,
13/02/2009,13.625,13.66,13.683,,,
17/02/2009,14.01,14.049,14.072,,,
18/02/2009,14.29,14.329,14.35,,,
19/02/2009,13.935,13.972,13.992,,,
20/02/2009,14.49,14.53,14.549,,,
23/02/2009,14.45,14.488,14.507,,,
24/02/2009,13.995,14.031,14.049,,,
25/02/2009,13.875,13.91,13.927,,,
26/02/2009,12.95,12.975,12.99,,,
27/02/2009,13.085,13.11,13.125,,,
2/03/2009,13.05,13.07,13.084,,,
3/03/2009,12.695,12.715,12.729,,,
4/03/2009,12.9,12.915,12.929,,,
5/03/2009,13.105,13.12,13.135,,,
6/03/2009,13.323,13.333,13.351,,,
9/03/2009,12.95,12.94,12.96,,,
10/03/2009,12.56,12.54,12.559,,,
11/03/2009,12.815,12.8,12.822,,,
12/03/2009,12.958,12.943,12.966,,,
13/03/2009,13.23,13.215,13.243,,,
16/03/2009,12.905,12.89,12.919,,,
17/03/2009,12.685,12.67,12.698,,,
18/03/2009,11.95,11.935,11.961,,,
19/03/2009,13.5,13.52,13.547,,,
20/03/2009,13.827,13.84,13.868,,,
23/03/2009,13.862,13.875,13.903,,,
24/03/2009,13.344,13.357,13.385,,,
25/03/2009,13.424,13.437,13.465,,,
26/03/2009,13.607,13.62,13.65,,,
27/03/2009,13.251,13.263,13.291,,,
30/03/2009,13.033,13.061,13.073,,,
31/03/2009,12.985,13.013,13.025,,,
1/04/2009,12.975,13.003,13.015,,,
2/04/2009,13.025,13.053,13.066,,,
3/04/2009,12.735,12.763,12.777,,,
6/04/2009,12.11,12.136,12.149,,,
7/04/2009,12.21,12.237,12.25,,,
8/04/2009,12.34,12.367,12.379,,,
9/04/2009,12.33,12.358,12.371,,,
13/04/2009,12.768,12.797,12.811,,,
14/04/2009,12.765,12.794,12.808,,,
15/04/2009,12.8,12.828,12.841,,,
16/04/2009,12.255,12.281,12.294,,,
17/04/2009,11.79,11.814,11.827,,,
20/04/2009,12.105,12.13,12.143,,,
21/04/2009,12.06,12.085,12.099,,,
22/04/2009,12.305,12.332,12.346,,,
23/04/2009,12.755,12.783,12.799,,,
24/04/2009,12.92,12.95,12.965,,,
27/04/2009,12.955,12.985,13,,,
28/04/2009,12.4,12.426,12.441,,,
29/04/2009,12.754,12.775,12.791,,,
30/04/2009,12.305,12.325,12.341,,,
1/05/2009,12.48,12.5,12.518,,,
4/05/2009,13.093,13.113,13.132,,,
5/05/2009,13.402,13.42,13.44,,,
6/05/2009,13.692,13.71,13.73,,,
7/05/2009,14.012,14.03,14.051,,,
8/05/2009,13.935,13.955,13.976,,,
11/05/2009,13.89,13.91,13.931,,,
12/05/2009,14.195,14.215,14.236,,,
13/05/2009,14,14.02,14.041,,,
14/05/2009,14.02,14.04,14.061,,,
15/05/2009,13.99,14.01,14.031,,,
18/05/2009,13.81,13.83,13.85,,,
19/05/2009,14.11,14.125,14.145,,,
20/05/2009,14.27,14.28,14.299,,,
21/05/2009,14.435,14.445,14.466,,,
22/05/2009,14.683,14.695,14.716,,,
26/05/2009,14.588,14.6,14.622,,,
27/05/2009,14.853,14.865,14.888,,,
28/05/2009,15.16,15.184,15.213,,,
29/05/2009,15.61,15.635,15.664,,,
1/06/2009,15.735,15.762,15.792,,,
2/06/2009,15.955,15.985,16.016,,,
3/06/2009,15.31,15.34,15.371,,,
4/06/2009,15.895,15.927,15.96,,,
5/06/2009,15.388,15.422,15.46,,,
8/06/2009,14.955,14.988,15.028,,,
9/06/2009,15.14,15.175,15.215,,,
10/06/2009,15.225,15.261,15.302,,,
11/06/2009,15.493,15.53,15.574,,,
12/06/2009,14.875,14.91,14.952,,,
15/06/2009,14.03,14.064,14.105,,,
16/06/2009,14.13,14.164,14.206,,,
17/06/2009,14.28,14.313,14.354,,,
18/06/2009,14.24,14.273,14.315,,,
19/06/2009,14.2,14.234,14.276,,,
22/06/2009,13.705,13.738,13.779,,,
23/06/2009,13.845,13.876,13.917,,,
24/06/2009,13.91,13.942,13.984,,,
25/06/2009,14.005,14.032,14.073,,,
26/06/2009,14.128,14.156,14.197,,,
29/06/2009,13.947,13.975,14.016,,,
30/06/2009,13.574,13.6,13.641,,,
1/07/2009,13.74,13.76,13.802,,,
2/07/2009,13.393,13.408,13.448,,,
6/07/2009,13.227,13.238,13.275,,,
7/07/2009,13.209,13.22,13.258,,,
8/07/2009,12.841,12.852,12.887,,,
9/07/2009,12.924,12.935,12.972,,,
10/07/2009,12.637,12.645,12.679,,,
13/07/2009,12.785,12.785,12.82,,,
14/07/2009,12.855,12.855,12.89,,,
15/07/2009,13.203,13.208,13.245,,,
16/07/2009,13.23,13.235,13.272,,,
17/07/2009,13.398,13.403,13.441,,,
20/07/2009,13.62,13.625,13.664,,,
21/07/2009,13.473,13.478,13.517,,,
22/07/2009,13.695,13.7,13.74,,,
23/07/2009,13.765,13.77,13.81,,,
24/07/2009,13.87,13.875,13.915,,,
27/07/2009,13.985,13.99,14.03,,,
28/07/2009,13.735,13.74,13.779,,,
29/07/2009,13.253,13.258,13.294,,,
30/07/2009,13.485,13.523,13.555,,,
31/07/2009,13.94,13.979,14.011,,,
3/08/2009,14.252,14.292,14.326,,,
4/08/2009,14.695,14.735,14.77,,,
5/08/2009,14.76,14.8,14.835,,,
6/08/2009,14.645,14.686,14.721,,,
7/08/2009,14.668,14.709,14.746,,,
10/08/2009,14.355,14.395,14.431,,,
11/08/2009,14.345,14.383,14.416,,,
12/08/2009,14.585,14.624,14.657,,,
13/08/2009,14.987,15.028,15.061,,,
14/08/2009,14.722,14.763,14.796,,,
17/08/2009,13.975,14.01,14.04,,,
18/08/2009,13.96,13.995,14.026,,,
19/08/2009,13.875,13.909,13.94,,,
20/08/2009,13.88,13.913,13.944,,,
21/08/2009,14.164,14.199,14.233,,,
24/08/2009,14.195,14.231,14.265,,,
25/08/2009,14.31,14.346,14.38,,,
26/08/2009,14.255,14.288,14.319,,,
27/08/2009,14.22,14.251,14.283,,,
28/08/2009,14.784,14.815,14.85,,,
31/08/2009,14.898,14.923,14.957,,,
1/09/2009,15.035,15.06,15.094,,,
2/09/2009,15.34,15.365,15.4,,,
3/09/2009,16.268,16.29,16.326,,,
4/09/2009,16.263,16.285,16.321,,,
8/09/2009,16.488,16.51,16.545,,,
9/09/2009,16.443,16.47,16.505,,,
10/09/2009,16.65,16.67,16.704,,,
11/09/2009,16.676,16.7,16.735,,,
14/09/2009,16.601,16.623,16.658,,,
15/09/2009,16.978,17,17.036,,,
16/09/2009,17.408,17.43,17.466,,,
17/09/2009,17.243,17.265,17.301,,,
18/09/2009,17.043,17.065,17.1,,,
21/09/2009,16.858,16.88,16.913,,,
22/09/2009,17.093,17.115,17.149,,,
23/09/2009,16.888,16.91,16.944,,,
24/09/2009,16.273,16.295,16.326,,,
25/09/2009,16.038,16.06,16.09,,,
28/09/2009,16.173,16.195,16.225,,,
29/09/2009,16.178,16.208,16.226,,,
30/09/2009,16.658,16.689,16.707,,,
1/10/2009,16.44,16.469,16.485,,,
2/10/2009,16.23,16.259,16.275,,,
5/10/2009,16.535,16.564,16.58,,,
6/10/2009,17.295,17.326,17.343,,,
7/10/2009,17.5,17.532,17.549,,,
8/10/2009,17.815,17.847,17.866,,,
9/10/2009,17.69,17.723,17.743,,,
12/10/2009,17.82,17.854,17.875,,,
13/10/2009,17.84,17.873,17.892,,,
14/10/2009,17.908,17.941,17.96,,,
15/10/2009,17.415,17.446,17.463,,,
16/10/2009,17.42,17.452,17.47,,,
19/10/2009,17.625,17.657,17.675,,,
20/10/2009,17.558,17.591,17.609,,,
21/10/2009,17.825,17.858,17.877,,,
22/10/2009,17.545,17.577,17.595,,,
23/10/2009,17.723,17.757,17.775,,,
26/10/2009,17.095,17.127,17.144,,,
27/10/2009,16.54,16.57,16.585,,,
28/10/2009,16.24,16.27,16.284,,,
29/10/2009,16.655,16.686,16.702,,,
30/10/2009,16.255,16.285,16.301,,,
2/11/2009,16.44,16.472,16.489,,,
3/11/2009,17.18,17.213,17.231,,,
4/11/2009,17.405,17.439,17.459,,,
5/11/2009,17.41,17.444,17.463,,,
6/11/2009,17.375,17.409,17.428,,,
9/11/2009,17.48,17.516,17.534,,,
10/11/2009,17.222,17.257,17.275,,,
11/11/2009,17.537,17.573,17.591,,,
12/11/2009,17.265,17.3,17.318,,,
13/11/2009,17.38,17.415,17.434,,,
16/11/2009,18.4,18.437,18.457,,,
17/11/2009,18.387,18.423,18.443,,,
18/11/2009,18.415,18.451,18.471,,,
19/11/2009,18.455,18.49,18.509,,,
20/11/2009,18.44,18.476,18.495,,,
23/11/2009,18.61,18.649,18.669,,,
24/11/2009,18.455,18.494,18.513,,,
25/11/2009,18.768,18.8,18.82,,,
27/11/2009,18.302,18.335,18.355,,,
30/11/2009,18.495,18.525,18.545,,,
1/12/2009,19.18,19.21,19.231,,,
2/12/2009,19.295,19.325,19.347,,,
3/12/2009,19.102,19.128,19.15,,,
4/12/2009,18.496,18.52,18.542,,,
7/12/2009,18.336,18.36,18.38,,,
8/12/2009,17.785,17.807,17.827,,,
9/12/2009,17.158,17.18,17.2,,,
10/12/2009,17.173,17.188,17.208,,,
11/12/2009,17.084,17.09,17.11,,,
14/12/2009,17.326,17.34,17.361,,,
15/12/2009,17.441,17.455,17.477,,,
16/12/2009,17.679,17.693,17.715,,,
17/12/2009,17.18,17.195,17.215,,,
18/12/2009,17.305,17.32,17.341,,,
21/12/2009,17.02,17.035,17.056,,,
22/12/2009,17.015,17.03,17.051,,,
23/12/2009,17.175,17.19,17.212,,,
24/12/2009,17.423,17.44,17.463,,,
28/12/2009,17.543,17.56,17.583,,,
29/12/2009,17.091,17.11,17.132,,,
30/12/2009,16.802,16.823,16.844,,,
31/12/2009,16.845,16.866,16.886,,,
4/01/2010,17.463,17.485,17.504,,,
5/01/2010,17.8,17.822,17.842,,,
6/01/2010,18.175,18.198,18.218,,,
7/01/2010,18.345,18.368,18.388,,,
8/01/2010,18.47,18.493,18.513,,,
11/01/2010,18.695,18.719,18.74,,,
12/01/2010,18.255,18.278,18.298,,,
13/01/2010,18.55,18.573,18.594,,,
14/01/2010,18.655,18.678,18.699,,,
15/01/2010,18.427,18.45,18.47,,,
19/01/2010,18.8,18.824,18.844,,,
20/01/2010,17.88,17.901,17.92,,,
21/01/2010,17.51,17.531,17.548,,,
22/01/2010,16.932,16.952,16.97,,,
25/01/2010,17.145,17.167,17.185,,,
26/01/2010,16.86,16.882,16.899,,,
27/01/2010,16.44,16.461,16.478,,,
28/01/2010,16.212,16.233,16.25,,,
29/01/2010,16.19,16.211,16.228,,,
1/02/2010,16.66,16.682,16.701,,,
2/02/2010,16.743,16.766,16.786,,,
3/02/2010,16.317,16.34,16.359,,,
4/02/2010,15.35,15.371,15.388,,,
5/02/2010,14.83,14.851,14.868,,,
8/02/2010,15.085,15.109,15.127,,,
9/02/2010,15.435,15.46,15.479,,,
10/02/2010,15.3,15.325,15.344,,,
11/02/2010,15.59,15.616,15.636,,,
12/02/2010,15.447,15.472,15.492,,,
16/02/2010,16.148,16.175,16.196,,,
17/02/2010,16.098,16.123,16.144,,,
18/02/2010,16.06,16.085,16.106,,,
19/02/2010,16.413,16.439,16.46,,,
22/02/2010,16.222,16.248,16.268,,,
23/02/2010,15.888,15.913,15.934,,,
24/02/2010,15.94,15.963,15.983,,,
25/02/2010,16.11,16.132,16.152,,,
26/02/2010,16.5,16.521,16.543,,,
1/03/2010,16.449,16.469,16.491,,,
2/03/2010,17.044,17.064,17.088,,,
3/03/2010,17.309,17.329,17.354,,,
4/03/2010,17.156,17.176,17.201,,,
5/03/2010,17.362,17.382,17.407,,,
8/03/2010,17.252,17.272,17.297,,,
9/03/2010,17.318,17.338,17.362,,,
10/03/2010,16.994,17.018,17.042,,,
11/03/2010,17.136,17.16,17.184,,,
12/03/2010,17.024,17.048,17.073,,,
15/03/2010,17.083,17.108,17.133,,,
16/03/2010,17.333,17.354,17.379,,,
17/03/2010,17.502,17.523,17.548,,,
18/03/2010,17.407,17.422,17.447,,,
19/03/2010,17.017,17.032,17.056,,,
22/03/2010,16.92,16.935,16.959,,,
23/03/2010,17.012,17.027,17.051,,,
24/03/2010,16.626,16.641,16.665,,,
25/03/2010,16.727,16.741,16.766,,,
26/03/2010,16.894,16.906,16.931,,,
29/03/2010,17.373,17.387,17.414,,,
30/03/2010,17.33,17.357,17.38,,,
31/03/2010,17.526,17.553,17.576,,,
1/04/2010,17.89,17.918,17.942,,,
5/04/2010,18.118,18.146,18.17,,,
6/04/2010,17.931,17.958,17.982,,,
7/04/2010,18.199,18.226,18.25,,,
8/04/2010,18.127,18.156,18.181,,,
9/04/2010,18.351,18.381,18.407,,,
12/04/2010,18.414,18.444,18.469,,,
13/04/2010,18.249,18.277,18.301,,,
14/04/2010,18.415,18.444,18.469,,,
15/04/2010,18.433,18.463,18.488,,,
16/04/2010,17.675,17.702,17.725,,,
19/04/2010,17.731,17.758,17.781,,,
20/04/2010,17.821,17.851,17.876,,,
21/04/2010,18.078,18.109,18.134,,,
22/04/2010,18.009,18.039,18.063,,,
23/04/2010,18.192,18.223,18.248,,,
26/04/2010,18.337,18.369,18.396,,,
27/04/2010,18.119,18.149,18.175,,,
28/04/2010,18.107,18.135,18.161,,,
29/04/2010,18.549,18.579,18.606,,,
30/04/2010,18.611,18.639,18.667,,,
3/05/2010,18.813,18.84,18.869,,,
4/05/2010,17.818,17.842,17.868,,,
5/05/2010,17.511,17.534,17.561,,,
6/05/2010,17.493,17.515,17.544,,,
7/05/2010,18.429,18.451,18.482,,,
10/05/2010,18.53,18.552,18.581,,,
11/05/2010,19.272,19.294,19.325,,,
12/05/2010,19.64,19.663,19.696,,,
13/05/2010,19.476,19.499,19.531,,,
14/05/2010,19.202,19.225,19.258,,,
17/05/2010,18.835,18.859,18.891,,,
18/05/2010,18.855,18.879,18.911,,,
19/05/2010,18.091,18.115,18.146,,,
20/05/2010,17.694,17.715,17.746,,,
21/05/2010,17.631,17.651,17.684,,,
24/05/2010,17.982,18,18.036,,,
25/05/2010,17.763,17.781,17.817,,,
26/05/2010,18.292,18.306,18.344,,,
27/05/2010,18.468,18.506,18.557,,,
28/05/2010,18.422,18.461,18.511,,,
1/06/2010,18.551,18.591,18.642,,,
2/06/2010,18.315,18.355,18.406,,,
3/06/2010,17.931,17.97,18.02,,,
4/06/2010,17.299,17.338,17.388,,,
7/06/2010,18.162,18.203,18.259,,,
8/06/2010,18.477,18.52,18.578,,,
9/06/2010,18.189,18.232,18.29,,,
10/06/2010,18.351,18.394,18.454,,,
11/06/2010,18.231,18.275,18.337,,,
14/06/2010,18.411,18.455,18.519,,,
15/06/2010,18.578,18.623,18.689,,,
16/06/2010,18.441,18.486,18.551,,,
17/06/2010,18.776,18.822,18.887,,,
18/06/2010,19.184,19.231,19.297,,,
21/06/2010,18.808,18.854,18.917,,,
22/06/2010,18.902,18.947,19.01,,,
23/06/2010,18.459,18.504,18.567,,,
24/06/2010,18.736,18.776,18.84,,,
25/06/2010,19.11,19.152,19.216,,,
28/06/2010,18.678,18.718,18.781,,,
29/06/2010,18.594,18.635,18.698,,,
30/06/2010,18.671,18.708,18.771,,,
1/07/2010,17.76,17.79,17.851,,,
2/07/2010,17.698,17.719,17.78,,,
6/07/2010,17.833,17.857,17.917,,,
7/07/2010,17.979,18,18.06,,,
8/07/2010,17.852,17.872,17.932,,,
9/07/2010,18.053,18.073,18.133,,,
12/07/2010,17.897,17.917,17.977,,,
13/07/2010,18.237,18.257,18.317,,,
14/07/2010,18.274,18.29,18.351,,,
15/07/2010,18.346,18.362,18.422,,,
16/07/2010,17.773,17.788,17.847,,,
19/07/2010,17.534,17.543,17.6,,,
20/07/2010,17.685,17.693,17.75,,,
21/07/2010,17.798,17.803,17.859,,,
22/07/2010,18.115,18.12,18.177,,,
23/07/2010,18.096,18.101,18.158,,,
26/07/2010,18.195,18.2,18.258,,,
27/07/2010,17.621,17.626,17.682,,,
28/07/2010,17.423,17.441,17.494,,,
29/07/2010,17.617,17.668,17.708,,,
30/07/2010,18.003,18.054,18.095,,,
2/08/2010,18.419,18.474,18.517,,,
3/08/2010,18.422,18.478,18.52,,,
4/08/2010,18.278,18.333,18.375,,,
5/08/2010,18.321,18.376,18.418,,,
6/08/2010,18.472,18.528,18.571,,,
9/08/2010,18.242,18.298,18.342,,,
10/08/2010,18.158,18.214,18.257,,,
11/08/2010,17.902,17.958,17.999,,,
12/08/2010,18.065,18.121,18.165,,,
13/08/2010,18.109,18.165,18.209,,,
16/08/2010,18.427,18.483,18.527,,,
17/08/2010,18.595,18.65,18.694,,,
18/08/2010,18.399,18.452,18.495,,,
19/08/2010,18.327,18.379,18.42,,,
20/08/2010,17.991,18.041,18.081,,,
23/08/2010,17.992,18.042,18.082,,,
24/08/2010,18.378,18.428,18.469,,,
25/08/2010,19.026,19.072,19.12,,,
26/08/2010,18.982,19.022,19.068,,,
27/08/2010,19.039,19.074,19.12,,,
30/08/2010,19.038,19.074,19.117,,,
31/08/2010,19.398,19.432,19.476,,,
1/09/2010,19.359,19.393,19.437,,,
2/09/2010,19.638,19.672,19.716,,,
3/09/2010,19.915,19.949,19.994,,,
7/09/2010,19.883,19.914,19.959,,,
8/09/2010,19.978,20.009,20.057,,,
9/09/2010,19.814,19.855,19.903,,,
10/09/2010,19.802,19.845,19.894,,,
13/09/2010,20.11,20.151,20.2,,,
14/09/2010,20.401,20.432,20.48,,,
15/09/2010,20.542,20.571,20.62,,,
16/09/2010,20.745,20.771,20.821,,,
17/09/2010,20.79,20.816,20.866,,,
20/09/2010,20.777,20.803,20.853,,,
21/09/2010,20.62,20.64,20.689,,,
22/09/2010,21.036,21.055,21.105,,,
23/09/2010,21.194,21.213,21.263,,,
24/09/2010,21.383,21.399,21.451,,,
27/09/2010,21.455,21.471,21.523,,,
28/09/2010,21.688,21.707,21.758,,,
29/09/2010,21.952,22.004,22.031,,,
30/09/2010,21.821,21.872,21.899,,,
1/10/2010,22.06,22.112,22.14,,,
4/10/2010,22.036,22.088,22.114,,,
5/10/2010,22.737,22.79,22.818,,,
6/10/2010,23.043,23.096,23.124,,,
7/10/2010,22.584,22.636,22.663,,,
8/10/2010,23.105,23.158,23.187,,,
11/10/2010,23.349,23.403,23.433,,,
12/10/2010,23.147,23.201,23.231,,,
13/10/2010,23.932,23.987,24.018,,,
14/10/2010,24.435,24.49,24.523,,,
15/10/2010,24.288,24.344,24.377,,,
18/10/2010,24.413,24.469,24.502,,,
19/10/2010,23.78,23.835,23.867,,,
20/10/2010,23.864,23.919,23.95,,,
21/10/2010,23.139,23.193,23.223,,,
22/10/2010,23.118,23.172,23.203,,,
25/10/2010,23.544,23.6,23.631,,,
26/10/2010,23.83,23.887,23.919,,,
27/10/2010,23.404,23.461,23.493,,,
28/10/2010,23.875,23.932,23.964,,,
29/10/2010,24.564,24.622,24.655,,,
1/11/2010,24.552,24.611,24.644,,,
2/11/2010,24.836,24.896,24.931,,,
3/11/2010,24.436,24.496,24.531,,,
4/11/2010,26.043,26.107,26.144,,,
5/11/2010,26.748,26.818,26.861,,,
8/11/2010,27.432,27.506,27.553,,,
9/11/2010,28.906,28.987,29.039,,,
10/11/2010,26.865,26.941,26.99,,,
11/11/2010,27.405,27.485,27.536,,,
12/11/2010,25.942,26.016,26.061,,,
15/11/2010,26.092,26.167,26.213,,,
16/11/2010,25.233,25.306,25.349,,,
17/11/2010,25.511,25.585,25.63,,,
18/11/2010,26.834,26.909,26.957,,,
19/11/2010,27.179,27.254,27.302,,,
22/11/2010,27.461,27.536,27.585,,,
23/11/2010,27.572,27.647,27.696,,,
24/11/2010,27.528,27.603,27.654,,,
26/11/2010,26.699,26.772,26.823,,,
29/11/2010,27.148,27.193,27.242,,,
30/11/2010,28.185,28.212,28.263,,,
1/12/2010,28.388,28.413,28.463,,,
2/12/2010,28.542,28.572,28.62,,,
3/12/2010,29.241,29.271,29.319,,,
6/12/2010,29.705,29.735,29.784,,,
7/12/2010,29.748,29.777,29.827,,,
8/12/2010,28.224,28.252,28.301,,,
9/12/2010,28.789,28.817,28.867,,,
10/12/2010,28.576,28.605,28.654,,,
13/12/2010,29.599,29.624,29.676,,,
14/12/2010,29.759,29.788,29.84,,,
15/12/2010,29.225,29.253,29.306,,,
16/12/2010,28.757,28.782,28.834,,,
17/12/2010,29.113,29.133,29.183,,,
20/12/2010,29.335,29.355,29.405,,,
21/12/2010,29.376,29.394,29.444,,,
22/12/2010,29.367,29.385,29.436,,,
23/12/2010,29.31,29.328,29.38,,,
27/12/2010,29.235,29.255,29.307,,,
28/12/2010,30.297,30.323,30.377,,,
29/12/2010,30.679,30.704,30.758,,,
30/12/2010,30.513,30.566,30.615,,,
31/12/2010,30.937,30.991,31.04,,,
3/01/2011,31.125,31.179,31.229,,,
4/01/2011,29.508,29.559,29.604,,,
5/01/2011,29.198,29.248,29.295,,,
6/01/2011,29.126,29.174,29.22,,,
7/01/2011,28.671,28.718,28.763,,,
10/01/2011,28.861,28.909,28.955,,,
11/01/2011,29.499,29.547,29.591,,,
12/01/2011,29.545,29.593,29.637,,,
13/01/2011,29.263,29.309,29.353,,,
14/01/2011,28.32,28.364,28.405,,,
18/01/2011,28.912,28.957,28.999,,,
19/01/2011,28.801,28.827,28.845,,,
20/01/2011,27.473,27.497,27.512,,,
21/01/2011,27.427,27.451,27.465,,,
24/01/2011,27.321,27.343,27.355,,,
25/01/2011,26.805,26.824,26.833,,,
26/01/2011,27.128,27.149,27.159,,,
27/01/2011,27.031,27.054,27.065,,,
28/01/2011,27.919,27.936,27.946,,,
31/01/2011,28.169,28.19,28.2,,,
1/02/2011,28.514,28.537,28.549,,,
2/02/2011,28.289,28.312,28.324,,,
3/02/2011,28.728,28.748,28.757,,,
4/02/2011,29.059,29.08,29.091,,,
7/02/2011,29.343,29.367,29.383,,,
8/02/2011,30.271,30.297,30.312,,,
9/02/2011,30.276,30.301,30.317,,,
10/02/2011,30.094,30.119,30.137,,,
11/02/2011,29.995,30.019,30.034,,,
14/02/2011,30.534,30.559,30.576,,,
15/02/2011,30.696,30.721,30.738,,,
16/02/2011,30.629,30.644,30.652,,,
17/02/2011,31.57,31.581,31.584,,,
18/02/2011,32.296,32.285,32.276,,,
22/02/2011,32.862,32.856,32.847,,,
23/02/2011,33.298,33.304,33.29,,,
24/02/2011,33.166,33.18,33.17,,,
25/02/2011,32.898,32.923,32.921,,,
28/02/2011,33.804,33.82,33.814,,,
1/03/2011,34.416,34.427,34.422,,,
2/03/2011,34.825,34.835,34.837,,,
3/03/2011,34.313,34.327,34.329,,,
4/03/2011,35.317,35.327,35.324,,,
7/03/2011,35.855,35.865,35.865,,,
8/03/2011,35.653,35.658,35.663,,,
9/03/2011,36.043,36.047,36.052,,,
10/03/2011,35.064,35.066,35.069,,,
11/03/2011,35.933,35.935,35.939,,,
14/03/2011,35.825,35.84,35.845,,,
15/03/2011,34.116,34.117,34.122,,,
16/03/2011,34.471,34.472,34.48,,,
17/03/2011,34.26,34.258,34.264,,,
18/03/2011,35.06,35.058,35.072,,,
21/03/2011,36.002,36.001,36.016,,,
22/03/2011,36.271,36.269,36.286,,,
23/03/2011,37.202,37.198,37.214,,,
24/03/2011,37.388,37.375,37.393,,,
25/03/2011,37.058,37.049,37.069,,,
28/03/2011,37.097,37.088,37.11,,,
29/03/2011,36.977,36.987,37.009,,,
30/03/2011,37.511,37.535,37.551,,,
31/03/2011,37.888,37.913,37.931,,,
1/04/2011,37.732,37.757,37.773,,,
4/04/2011,38.494,38.519,38.534,,,
5/04/2011,39.183,39.21,39.226,,,
6/04/2011,39.387,39.414,39.432,,,
7/04/2011,39.552,39.581,39.6,,,
8/04/2011,40.608,40.637,40.658,,,
11/04/2011,40.612,40.642,40.664,,,
12/04/2011,40.066,40.095,40.118,,,
13/04/2011,40.237,40.268,40.292,,,
14/04/2011,41.664,41.694,41.717,,,
15/04/2011,42.571,42.599,42.616,,,
18/04/2011,42.956,42.98,42.994,,,
19/04/2011,43.913,43.927,43.929,,,
20/04/2011,44.461,44.477,44.479,,,
21/04/2011,46.059,46.077,46.079,,,
25/04/2011,47.149,47.173,47.178,,,
26/04/2011,45.05,45.079,45.089,,,
27/04/2011,45.958,45.987,45.996,,,
28/04/2011,47.52,47.541,47.554,,,
29/04/2011,48.584,48.599,48.609,,,
2/05/2011,46.078,46.084,46.097,,,
3/05/2011,42.576,42.585,42.597,,,
4/05/2011,39.383,39.388,39.396,,,
5/05/2011,36.231,36.24,36.244,,,
6/05/2011,35.283,35.287,35.294,,,
9/05/2011,37.11,37.116,37.125,,,
10/05/2011,38.48,38.486,38.497,,,
11/05/2011,35.509,35.515,35.528,,,
12/05/2011,34.793,34.797,34.812,,,
13/05/2011,35.011,35.013,35.027,,,
16/05/2011,34.129,34.132,34.147,,,
17/05/2011,33.488,33.491,33.506,,,
18/05/2011,35.094,35.097,35.114,,,
19/05/2011,34.927,34.932,34.95,,,
20/05/2011,35.082,35.087,35.105,,,
23/05/2011,34.901,34.904,34.923,,,
24/05/2011,36.121,36.128,36.148,,,
25/05/2011,37.64,37.642,37.663,,,
26/05/2011,37.326,37.33,37.351,,,
27/05/2011,37.863,37.884,37.904,,,
31/05/2011,38.305,38.329,38.351,,,
1/06/2011,37.694,37.717,37.737,,,
2/06/2011,36.202,36.224,36.244,,,
3/06/2011,36.191,36.211,36.229,,,
6/06/2011,36.782,36.804,36.822,,,
7/06/2011,37.046,37.069,37.087,,,
8/06/2011,36.62,36.643,36.661,,,
9/06/2011,37.424,37.447,37.465,,,
10/06/2011,36.327,36.349,36.368,,,
13/06/2011,34.737,34.745,34.761,,,
14/06/2011,35.411,35.423,35.439,,,
15/06/2011,35.41,35.421,35.434,,,
16/06/2011,35.559,35.572,35.585,,,
17/06/2011,35.748,35.759,35.772,,,
20/06/2011,36.071,36.084,36.098,,,
21/06/2011,36.379,36.393,36.408,,,
22/06/2011,36.739,36.754,36.771,,,
23/06/2011,35.002,35.016,35.032,,,
24/06/2011,34.638,34.65,34.664,,,
27/06/2011,33.585,33.597,33.612,,,
28/06/2011,33.638,33.652,33.667,,,
29/06/2011,34.75,34.769,34.789,,,
30/06/2011,34.812,34.832,34.851,,,
1/07/2011,33.694,33.705,33.724,,,
5/07/2011,35.402,35.41,35.43,,,
6/07/2011,35.911,35.916,35.936,,,
7/07/2011,36.528,36.536,36.553,,,
8/07/2011,36.536,36.543,36.56,,,
11/07/2011,35.689,35.698,35.714,,,
12/07/2011,35.629,35.634,35.65,,,
13/07/2011,38.148,38.151,38.168,,,
14/07/2011,38.689,38.694,38.714,,,
15/07/2011,39.063,39.071,39.091,,,
18/07/2011,40.333,40.342,40.366,,,
19/07/2011,40.211,40.221,40.245,,,
20/07/2011,39.546,39.558,39.581,,,
21/07/2011,38.937,38.947,38.969,,,
22/07/2011,40.113,40.122,40.145,,,
25/07/2011,40.354,40.361,40.386,,,
26/07/2011,40.691,40.698,40.723,,,
27/07/2011,40.553,40.568,40.593,,,
28/07/2011,39.794,39.82,39.821,,,
29/07/2011,40.106,40.131,40.132,,,
1/08/2011,39.309,39.334,39.336,,,
2/08/2011,40.092,40.118,40.121,,,
3/08/2011,41.758,41.787,41.796,,,
4/08/2011,39.431,39.46,39.471,,,
5/08/2011,38.211,38.241,38.254,,,
8/08/2011,39.38,39.413,39.43,,,
9/08/2011,37.883,37.918,37.934,,,
10/08/2011,39.327,39.362,39.374,,,
11/08/2011,38.669,38.704,38.717,,,
12/08/2011,39.114,39.147,39.158,,,
15/08/2011,39.307,39.337,39.349,,,
16/08/2011,39.819,39.848,39.861,,,
17/08/2011,40.351,40.378,40.39,,,
18/08/2011,40.688,40.716,40.727,,,
19/08/2011,42.432,42.467,42.479,,,
22/08/2011,43.325,43.365,43.38,,,
23/08/2011,42.291,42.33,42.345,,,
24/08/2011,39.162,39.201,39.213,,,
25/08/2011,40.745,40.793,40.804,,,
26/08/2011,40.952,41.001,41.013,,,
29/08/2011,40.546,40.601,40.616,,,
30/08/2011,41.398,41.464,41.483,,,
31/08/2011,41.699,41.768,41.79,,,
1/09/2011,41.482,41.532,41.555,,,
2/09/2011,43.02,43.069,43.092,,,
6/09/2011,41.818,41.868,41.891,,,
7/09/2011,41.572,41.631,41.654,,,
8/09/2011,42.479,42.53,42.558,,,
9/09/2011,41.573,41.624,41.654,,,
12/09/2011,40.164,40.217,40.25,,,
13/09/2011,41.123,41.193,41.231,,,
14/09/2011,40.469,40.533,40.567,,,
15/09/2011,39.453,39.501,39.531,,,
16/09/2011,40.781,40.831,40.864,,,
19/09/2011,39.11,39.163,39.196,,,
20/09/2011,40.081,40.137,40.171,,,
21/09/2011,40.42,40.469,40.5,,,
22/09/2011,36.538,36.578,36.609,,,
23/09/2011,30.051,30.101,30.13,,,
26/09/2011,29.927,29.976,30.005,,,
27/09/2011,31.497,31.536,31.571,,,
28/09/2011,30.085,30.134,30.173,,,
29/09/2011,30.522,30.561,30.576,,,
30/09/2011,30.083,30.124,30.139,,,
3/10/2011,30.795,30.833,30.849,,,
4/10/2011,29.839,29.877,29.896,,,
5/10/2011,30.352,30.39,30.408,,,
6/10/2011,32.005,32.044,32.062,,,
7/10/2011,30.993,31.031,31.049,,,
10/10/2011,31.98,32.02,32.04,,,
11/10/2011,31.998,32.038,32.058,,,
12/10/2011,32.789,32.833,32.854,,,
13/10/2011,31.667,31.71,31.731,,,
14/10/2011,32.173,32.216,32.238,,,
17/10/2011,31.821,31.864,31.885,,,
18/10/2011,31.831,31.874,31.897,,,
19/10/2011,31.277,31.317,31.333,,,
20/10/2011,30.281,30.32,30.336,,,
21/10/2011,31.193,31.231,31.247,,,
24/10/2011,31.644,31.684,31.7,,,
25/10/2011,33.052,33.091,33.105,,,
26/10/2011,33.31,33.35,33.366,,,
27/10/2011,35.112,35.157,35.174,,,
28/10/2011,35.288,35.333,35.351,,,
31/10/2011,34.354,34.401,34.42,,,
1/11/2011,32.731,32.777,32.798,,,
2/11/2011,33.943,33.992,34.016,,,
3/11/2011,34.498,34.548,34.574,,,
4/11/2011,34.084,34.135,34.165,,,
7/11/2011,34.828,34.885,34.917,,,
8/11/2011,35.153,35.215,35.248,,,
9/11/2011,34.361,34.424,34.459,,,
10/11/2011,34.106,34.169,34.203,,,
11/11/2011,34.682,34.751,34.785,,,
14/11/2011,34.024,34.092,34.125,,,
15/11/2011,34.456,34.526,34.56,,,
16/11/2011,33.822,33.894,33.931,,,
17/11/2011,31.497,31.569,31.606,,,
18/11/2011,32.417,32.489,32.525,,,
21/11/2011,31.116,31.187,31.222,,,
22/11/2011,32.951,33.031,33.069,,,
23/11/2011,31.884,31.964,32.002,,,
25/11/2011,31.014,31.092,31.128,,,
28/11/2011,32.161,32.242,32.278,,,
29/11/2011,31.853,31.95,31.986,,,
30/11/2011,32.731,32.804,32.839,,,
1/12/2011,32.695,32.759,32.795,,,
2/12/2011,32.621,32.686,32.725,,,
5/12/2011,32.306,32.372,32.411,,,
6/12/2011,32.672,32.744,32.785,,,
7/12/2011,32.555,32.627,32.673,,,
8/12/2011,31.467,31.538,31.586,,,
9/12/2011,32.173,32.253,32.306,,,
12/12/2011,30.935,31.002,31.054,,,
13/12/2011,31.195,31.26,31.315,,,
14/12/2011,28.881,28.935,28.989,,,
15/12/2011,29.225,29.274,29.331,,,
16/12/2011,29.615,29.671,29.727,,,
19/12/2011,28.822,28.874,28.93,,,
20/12/2011,29.496,29.536,29.591,,,
21/12/2011,29.198,29.249,29.303,,,
22/12/2011,29.001,29.047,29.096,,,
23/12/2011,29.046,29.084,29.133,,,
27/12/2011,28.697,28.74,28.789,,,
28/12/2011,27.192,27.234,27.282,,,
29/12/2011,27.315,27.358,27.394,,,
30/12/2011,27.915,27.96,27.997,,,
3/01/2012,29.572,29.622,29.659,,,
4/01/2012,29.097,29.141,29.174,,,
5/01/2012,29.296,29.336,29.366,,,
6/01/2012,28.683,28.724,28.755,,,
9/01/2012,28.782,28.824,28.857,,,
10/01/2012,29.815,29.861,29.9,,,
11/01/2012,29.89,29.938,29.978,,,
12/01/2012,30.124,30.173,30.213,,,
13/01/2012,29.522,29.569,29.607,,,
17/01/2012,30.135,30.186,30.224,,,
18/01/2012,30.543,30.594,30.634,,,
19/01/2012,30.509,30.56,30.597,,,
20/01/2012,31.675,31.727,31.765,,,
23/01/2012,32.27,32.323,32.365,,,
24/01/2012,31.975,32.026,32.065,,,
25/01/2012,33.121,33.175,33.214,,,
26/01/2012,33.743,33.798,33.84,,,
27/01/2012,33.79,33.845,33.888,,,
30/01/2012,33.527,33.583,33.628,,,
31/01/2012,33.262,33.319,33.364,,,
1/02/2012,33.807,33.868,33.917,,,
2/02/2012,34.175,34.234,34.28,,,
3/02/2012,33.749,33.81,33.858,,,
6/02/2012,33.75,33.811,33.861,,,
7/02/2012,34.194,34.258,34.309,,,
8/02/2012,33.704,33.767,33.816,,,
9/02/2012,33.917,33.981,34.03,,,
10/02/2012,33.604,33.668,33.717,,,
13/02/2012,33.722,33.786,33.835,,,
14/02/2012,33.348,33.412,33.462,,,
15/02/2012,33.408,33.474,33.526,,,
16/02/2012,33.37,33.437,33.489,,,
17/02/2012,33.216,33.282,33.334,,,
21/02/2012,34.429,34.5,34.554,,,
22/02/2012,34.254,34.328,34.382,,,
23/02/2012,35.556,35.636,35.693,,,
24/02/2012,35.338,35.42,35.478,,,
27/02/2012,35.524,35.604,35.662,,,
28/02/2012,37.14,37.205,37.264,,,
29/02/2012,34.583,34.642,34.699,,,
1/03/2012,35.611,35.661,35.718,,,
2/03/2012,34.481,34.525,34.581,,,
5/03/2012,33.651,33.695,33.753,,,
6/03/2012,32.741,32.783,32.84,,,
7/03/2012,33.543,33.585,33.644,,,
8/03/2012,33.789,33.831,33.891,,,
9/03/2012,34.175,34.212,34.272,,,
12/03/2012,33.374,33.413,33.472,,,
13/03/2012,33.544,33.581,33.64,,,
14/03/2012,32.147,32.181,32.236,,,
15/03/2012,32.693,32.726,32.779,,,
16/03/2012,32.573,32.604,32.654,,,
19/03/2012,32.926,32.955,33.009,,,
20/03/2012,31.805,31.834,31.886,,,
21/03/2012,32.199,32.227,32.281,,,
22/03/2012,31.319,31.345,31.395,,,
23/03/2012,32.248,32.272,32.327,,,
26/03/2012,32.726,32.75,32.806,,,
27/03/2012,32.601,32.616,32.672,,,
28/03/2012,31.816,31.831,31.885,,,
29/03/2012,31.992,32.048,32.097,,,
30/03/2012,32.484,32.544,32.595,,,
2/04/2012,33.098,33.158,33.212,,,
3/04/2012,33.265,33.326,33.382,,,
4/04/2012,31.044,31.101,31.154,,,
5/04/2012,31.73,31.79,31.845,,,
9/04/2012,31.524,31.586,31.642,,,
10/04/2012,31.679,31.742,31.799,,,
11/04/2012,31.521,31.584,31.643,,,
12/04/2012,32.525,32.59,32.649,,,
13/04/2012,31.39,31.454,31.512,,,
16/04/2012,31.373,31.439,31.498,,,
17/04/2012,31.674,31.741,31.801,,,
18/04/2012,31.487,31.553,31.613,,,
19/04/2012,31.779,31.847,31.906,,,
20/04/2012,31.651,31.72,31.78,,,
23/04/2012,30.531,30.599,30.657,,,
24/04/2012,30.746,30.815,30.874,,,
25/04/2012,30.356,30.425,30.482,,,
26/04/2012,31.207,31.276,31.334,,,
27/04/2012,31.347,31.411,31.471,,,
30/04/2012,30.959,31.016,31.076,,,
1/05/2012,30.877,30.93,30.99,,,
2/05/2012,30.592,30.645,30.704,,,
3/05/2012,29.959,30.01,30.067,,,
4/05/2012,30.38,30.432,30.489,,,
7/05/2012,30.072,30.122,30.179,,,
8/05/2012,29.414,29.459,29.517,,,
9/05/2012,29.197,29.241,29.3,,,
10/05/2012,29.136,29.178,29.236,,,
11/05/2012,28.858,28.89,28.947,,,
14/05/2012,28.319,28.353,28.408,,,
15/05/2012,28.054,28.08,28.133,,,
16/05/2012,27.17,27.196,27.249,,,
17/05/2012,27.996,28.02,28.074,,,
18/05/2012,28.694,28.715,28.77,,,
21/05/2012,28.304,28.321,28.375,,,
22/05/2012,28.165,28.179,28.233,,,
23/05/2012,27.508,27.519,27.571,,,
24/05/2012,28.142,28.157,28.209,,,
25/05/2012,28.37,28.386,28.438,,,
29/05/2012,27.767,27.791,27.842,,,
30/05/2012,27.983,28.036,28.097,,,
31/05/2012,27.757,27.812,27.873,,,
1/06/2012,28.512,28.567,28.63,,,
4/06/2012,28.007,28.062,28.125,,,
5/06/2012,28.405,28.463,28.53,,,
6/06/2012,29.488,29.548,29.618,,,
7/06/2012,28.529,28.587,28.658,,,
8/06/2012,28.471,28.529,28.6,,,
11/06/2012,28.616,28.677,28.748,,,
12/06/2012,28.949,29.014,29.088,,,
13/06/2012,28.941,29.007,29.082,,,
14/06/2012,28.407,28.472,28.546,,,
15/06/2012,28.74,28.805,28.879,,,
18/06/2012,28.671,28.737,28.812,,,
19/06/2012,28.368,28.433,28.508,,,
20/06/2012,28.389,28.453,28.526,,,
21/06/2012,26.839,26.9,26.973,,,
22/06/2012,26.661,26.724,26.799,,,
25/06/2012,27.52,27.587,27.665,,,
26/06/2012,27.038,27.103,27.181,,,
27/06/2012,26.942,27,27.077,,,
28/06/2012,26.247,26.291,26.367,,,
29/06/2012,27.58,27.612,27.69,,,
2/07/2012,27.468,27.499,27.579,,,
3/07/2012,28.243,28.28,28.36,,,
5/07/2012,27.638,27.672,27.75,,,
6/07/2012,26.889,26.92,26.995,,,
9/07/2012,27.411,27.444,27.52,,,
10/07/2012,26.851,26.882,26.958,,,
11/07/2012,26.995,27.023,27.101,,,
12/07/2012,27.136,27.161,27.239,,,
13/07/2012,27.344,27.369,27.449,,,
16/07/2012,27.297,27.321,27.4,,,
17/07/2012,27.292,27.316,27.395,,,
18/07/2012,27.071,27.095,27.174,,,
19/07/2012,27.194,27.217,27.295,,,
20/07/2012,27.279,27.302,27.381,,,
23/07/2012,27.019,27.042,27.121,,,
24/07/2012,26.79,26.811,26.89,,,
25/07/2012,27.445,27.466,27.547,,,
26/07/2012,27.431,27.446,27.527,,,
27/07/2012,27.478,27.498,27.579,,,
30/07/2012,28.033,28.114,28.174,,,
31/07/2012,27.914,27.994,28.054,,,
1/08/2012,27.535,27.614,27.673,,,
2/08/2012,26.995,27.074,27.133,,,
3/08/2012,27.801,27.882,27.943,,,
6/08/2012,27.863,27.943,28.005,,,
7/08/2012,28.086,28.167,28.231,,,
8/08/2012,28.075,28.158,28.225,,,
9/08/2012,28.097,28.18,28.249,,,
10/08/2012,28.062,28.146,28.216,,,
13/08/2012,27.767,27.851,27.922,,,
14/08/2012,27.763,27.847,27.917,,,
15/08/2012,27.812,27.896,27.966,,,
16/08/2012,28.212,28.298,28.368,,,
17/08/2012,28.002,28.087,28.158,,,
20/08/2012,28.593,28.678,28.749,,,
21/08/2012,29.428,29.514,29.585,,,
22/08/2012,29.556,29.641,29.712,,,
23/08/2012,30.456,30.542,30.613,,,
24/08/2012,30.621,30.709,30.78,,,
27/08/2012,31.048,31.137,31.205,,,
28/08/2012,30.875,30.963,31.031,,,
29/08/2012,30.837,30.922,30.992,,,
30/08/2012,30.367,30.446,30.516,,,
31/08/2012,31.37,31.442,31.509,,,
4/09/2012,32.348,32.411,32.479,,,
5/09/2012,32.272,32.329,32.396,,,
6/09/2012,32.619,32.674,32.742,,,
7/09/2012,33.633,33.69,33.76,,,
10/09/2012,33.574,33.633,33.705,,,
11/09/2012,33.509,33.566,33.639,,,
12/09/2012,33.233,33.292,33.365,,,
13/09/2012,34.716,34.778,34.853,,,
14/09/2012,34.603,34.656,34.734,,,
17/09/2012,34.298,34.367,34.446,,,
18/09/2012,34.644,34.718,34.797,,,
19/09/2012,34.519,34.588,34.667,,,
20/09/2012,34.618,34.682,34.76,,,
21/09/2012,34.567,34.638,34.717,,,
24/09/2012,33.921,33.984,34.062,,,
25/09/2012,33.886,33.948,34.024,,,
26/09/2012,33.883,33.94,34.017,,,
27/09/2012,34.666,34.744,34.782,,,
28/09/2012,34.577,34.655,34.691,,,
1/10/2012,34.952,35.031,35.068,,,
2/10/2012,34.669,34.748,34.784,,,
3/10/2012,34.69,34.769,34.805,,,
4/10/2012,35.101,35.18,35.217,,,
5/10/2012,34.572,34.651,34.688,,,
8/10/2012,34.017,34.095,34.132,,,
9/10/2012,33.985,34.063,34.1,,,
10/10/2012,34.109,34.187,34.224,,,
11/10/2012,34.082,34.16,34.197,,,
12/10/2012,33.669,33.747,33.784,,,
15/10/2012,32.743,32.82,32.856,,,
16/10/2012,32.959,33.037,33.074,,,
17/10/2012,33.232,33.311,33.348,,,
18/10/2012,32.868,32.946,32.983,,,
19/10/2012,32.097,32.173,32.21,,,
22/10/2012,32.252,32.328,32.365,,,
23/10/2012,31.793,31.868,31.904,,,
24/10/2012,31.62,31.692,31.727,,,
25/10/2012,32.078,32.148,32.183,,,
26/10/2012,32.036,32.106,32.141,,,
29/10/2012,31.745,31.816,31.852,,,
30/10/2012,31.816,31.89,31.927,,,
31/10/2012,32.316,32.391,32.428,,,
1/11/2012,32.248,32.323,32.36,,,
2/11/2012,30.857,30.929,30.965,,,
5/11/2012,31.128,31.202,31.238,,,
6/11/2012,32.034,32.111,32.149,,,
7/11/2012,31.661,31.74,31.779,,,
8/11/2012,32.24,32.321,32.361,,,
9/11/2012,32.599,32.684,32.725,,,
12/11/2012,32.522,32.607,32.649,,,
13/11/2012,32.487,32.572,32.613,,,
14/11/2012,32.88,32.965,33.006,,,
15/11/2012,32.674,32.759,32.8,,,
16/11/2012,32.37,32.452,32.492,,,
19/11/2012,33.189,33.274,33.316,,,
20/11/2012,32.93,33.017,33.06,,,
21/11/2012,33.35,33.439,33.484,,,
23/11/2012,34.116,34.206,34.252,,,
26/11/2012,34.137,34.229,34.275,,,
27/11/2012,33.981,34.074,34.121,,,
28/11/2012,33.684,33.77,33.817,,,
29/11/2012,34.348,34.431,34.479,,,
30/11/2012,33.204,33.279,33.327,,,
3/12/2012,33.681,33.759,33.809,,,
4/12/2012,32.734,32.808,32.857,,,
5/12/2012,32.883,32.957,33.007,,,
6/12/2012,33.039,33.114,33.164,,,
7/12/2012,33.053,33.131,33.181,,,
10/12/2012,33.3,33.377,33.427,,,
11/12/2012,32.941,33.017,33.068,,,
12/12/2012,33.707,33.782,33.834,,,
13/12/2012,32.28,32.355,32.405,,,
14/12/2012,32.223,32.299,32.35,,,
17/12/2012,32.206,32.28,32.331,,,
18/12/2012,31.595,31.669,31.719,,,
19/12/2012,31.045,31.116,31.166,,,
20/12/2012,29.612,29.678,29.726,,,
21/12/2012,30.142,30.203,30.253,,,
24/12/2012,29.839,29.897,29.947,,,
26/12/2012,29.983,30.035,30.085,,,
27/12/2012,30.184,30.24,30.291,,,
28/12/2012,29.975,30.026,30.07,,,
31/12/2012,30.227,30.279,30.325,,,
2/01/2013,31.007,31.061,31.108,,,
3/01/2013,30.72,30.774,30.82,,,
4/01/2013,29.946,30.001,30.049,,,
7/01/2013,30.082,30.136,30.183,,,
8/01/2013,30.465,30.52,30.568,,,
9/01/2013,30.249,30.303,30.35,,,
10/01/2013,30.918,30.974,31.023,,,
11/01/2013,30.408,30.464,30.513,,,
14/01/2013,31.11,31.168,31.218,,,
15/01/2013,31.529,31.588,31.639,,,
16/01/2013,31.542,31.6,31.651,,,
17/01/2013,31.81,31.869,31.919,,,
18/01/2013,31.932,31.991,32.042,,,
22/01/2013,32.177,32.236,32.287,,,
23/01/2013,32.439,32.497,32.548,,,
24/01/2013,31.722,31.778,31.827,,,
25/01/2013,31.206,31.262,31.31,,,
28/01/2013,30.78,30.837,30.886,,,
29/01/2013,31.184,31.243,31.292,,,
30/01/2013,32.177,32.237,32.287,,,
31/01/2013,31.351,31.41,31.46,,,
1/02/2013,31.958,32.018,32.067,,,
4/02/2013,31.716,31.776,31.825,,,
5/02/2013,31.875,31.935,31.985,,,
6/02/2013,31.877,31.938,31.987,,,
7/02/2013,31.403,31.464,31.513,,,
8/02/2013,31.441,31.502,31.552,,,
11/02/2013,30.91,30.971,31.021,,,
12/02/2013,31.019,31.08,31.13,,,
13/02/2013,30.869,30.932,30.982,,,
14/02/2013,30.353,30.415,30.464,,,
15/02/2013,29.849,29.909,29.959,,,
19/02/2013,29.422,29.482,29.533,,,
20/02/2013,28.622,28.681,28.731,,,
21/02/2013,28.699,28.761,28.812,,,
22/02/2013,28.46,28.52,28.571,,,
25/02/2013,28.987,29.047,29.1,,,
26/02/2013,29.26,29.32,29.374,,,
27/02/2013,28.943,28.985,29.04,,,
28/02/2013,28.395,28.432,28.486,,,
1/03/2013,28.451,28.49,28.546,,,
4/03/2013,28.457,28.496,28.552,,,
5/03/2013,28.563,28.604,28.66,,,
6/03/2013,28.76,28.803,28.86,,,
7/03/2013,28.767,28.808,28.866,,,
8/03/2013,28.909,28.948,29.007,,,
11/03/2013,28.812,28.853,28.912,,,
12/03/2013,29.131,29.171,29.231,,,
13/03/2013,28.922,28.958,29.017,,,
14/03/2013,28.772,28.807,28.865,,,
15/03/2013,28.817,28.851,28.91,,,
18/03/2013,28.841,28.874,28.932,,,
19/03/2013,28.81,28.843,28.901,,,
20/03/2013,28.783,28.817,28.875,,,
21/03/2013,29.179,29.212,29.27,,,
22/03/2013,28.666,28.698,28.756,,,
25/03/2013,28.785,28.815,28.874,,,
26/03/2013,28.644,28.679,28.737,,,
27/03/2013,28.612,28.671,28.728,,,
28/03/2013,28.323,28.382,28.44,,,
1/04/2013,27.944,28.004,28.063,,,
2/04/2013,27.248,27.306,27.364,,,
3/04/2013,26.797,26.856,26.915,,,
4/04/2013,26.767,26.828,26.888,,,
5/04/2013,27.22,27.283,27.344,,,
8/04/2013,27.138,27.202,27.264,,,
9/04/2013,27.881,27.947,28.011,,,
10/04/2013,27.653,27.718,27.782,,,
11/04/2013,27.697,27.763,27.827,,,
12/04/2013,26.331,26.393,26.455,,,
15/04/2013,23.361,23.401,23.451,,,
16/04/2013,23.628,23.667,23.711,,,
17/04/2013,23.307,23.349,23.392,,,
18/04/2013,23.245,23.293,23.341,,,
19/04/2013,22.96,23.01,23.059,,,
22/04/2013,23.324,23.374,23.424,,,
23/04/2013,22.817,22.866,22.914,,,
24/04/2013,22.833,22.878,22.924,,,
25/04/2013,24.14,24.182,24.229,,,
26/04/2013,23.758,23.788,23.835,,,
29/04/2013,24.122,24.166,24.215,,,
30/04/2013,24.144,24.185,24.234,,,
1/05/2013,23.305,23.343,23.39,,,
2/05/2013,23.79,23.83,23.878,,,
3/05/2013,23.975,24.014,24.063,,,
6/05/2013,23.918,23.955,24.004,,,
7/05/2013,23.771,23.806,23.854,,,
8/05/2013,23.892,23.927,23.976,,,
9/05/2013,23.879,23.911,23.959,,,
10/05/2013,23.632,23.658,23.705,,,
13/05/2013,23.67,23.696,23.744,,,
14/05/2013,23.355,23.379,23.426,,,
15/05/2013,22.643,22.658,22.704,,,
16/05/2013,22.643,22.659,22.706,,,
17/05/2013,22.339,22.352,22.399,,,
20/05/2013,22.568,22.582,22.629,,,
21/05/2013,22.442,22.455,22.501,,,
22/05/2013,22.458,22.472,22.517,,,
23/05/2013,22.494,22.508,22.553,,,
24/05/2013,22.482,22.496,22.541,,,
28/05/2013,22.18,22.193,22.238,,,
29/05/2013,22.445,22.453,22.498,,,
30/05/2013,22.69,22.736,22.803,,,
31/05/2013,22.243,22.288,22.355,,,
3/06/2013,22.721,22.767,22.834,,,
4/06/2013,22.409,22.457,22.524,,,
5/06/2013,22.472,22.521,22.59,,,
6/06/2013,22.707,22.756,22.826,,,
7/06/2013,21.743,21.792,21.861,,,
10/06/2013,21.925,21.975,22.044,,,
11/06/2013,21.646,21.696,21.765,,,
12/06/2013,21.796,21.846,21.916,,,
13/06/2013,21.583,21.63,21.7,,,
14/06/2013,21.954,22.001,22.07,,,
17/06/2013,21.758,21.805,21.873,,,
18/06/2013,21.677,21.724,21.791,,,
19/06/2013,21.623,21.671,21.738,,,
20/06/2013,19.823,19.865,19.93,,,
21/06/2013,19.959,20.001,20.065,,,
24/06/2013,19.493,19.523,19.58,,,
25/06/2013,19.526,19.552,19.599,,,
26/06/2013,18.587,18.613,18.658,,,
27/06/2013,18.533,18.553,18.598,,,
28/06/2013,19.451,19.47,19.519,,,
1/07/2013,19.56,19.578,19.629,,,
2/07/2013,19.298,19.309,19.359,,,
3/07/2013,19.689,19.7,19.751,,,
5/07/2013,18.726,18.736,18.785,,,
8/07/2013,19.025,19.038,19.087,,,
9/07/2013,19.125,19.138,19.188,,,
10/07/2013,19.151,19.165,19.216,,,
11/07/2013,19.943,19.956,20.006,,,
12/07/2013,19.779,19.792,19.841,,,
15/07/2013,19.826,19.839,19.889,,,
16/07/2013,19.923,19.935,19.984,,,
17/07/2013,19.409,19.42,19.467,,,
18/07/2013,19.376,19.389,19.436,,,
19/07/2013,19.448,19.46,19.506,,,
22/07/2013,20.498,20.509,20.557,,,
23/07/2013,20.246,20.254,20.301,,,
24/07/2013,20.014,20.02,20.067,,,
25/07/2013,20.147,20.154,20.201,,,
26/07/2013,19.765,19.771,19.818,,,
29/07/2013,19.854,19.864,19.911,,,
30/07/2013,19.68,19.727,19.776,,,
31/07/2013,19.628,19.675,19.722,,,
1/08/2013,19.624,19.672,19.721,,,
2/08/2013,19.912,19.961,20.01,,,
5/08/2013,19.72,19.77,19.819,,,
6/08/2013,19.523,19.572,19.622,,,
7/08/2013,19.508,19.557,19.606,,,
8/08/2013,20.193,20.244,20.293,,,
9/08/2013,20.407,20.459,20.508,,,
12/08/2013,21.339,21.394,21.44,,,
13/08/2013,21.343,21.397,21.443,,,
14/08/2013,21.787,21.837,21.884,,,
15/08/2013,22.935,22.985,23.034,,,
16/08/2013,23.322,23.372,23.421,,,
19/08/2013,23.166,23.215,23.263,,,
20/08/2013,23.071,23.118,23.166,,,
21/08/2013,22.963,23.009,23.056,,,
22/08/2013,23.035,23.08,23.127,,,
23/08/2013,23.738,23.781,23.827,,,
26/08/2013,24.01,24.055,24.101,,,
27/08/2013,24.651,24.7,24.746,,,
28/08/2013,24.391,24.439,24.485,,,
29/08/2013,24.09,24.14,24.186,,,
30/08/2013,23.463,23.513,23.559,,,
3/09/2013,24.382,24.429,24.476,,,
4/09/2013,23.369,23.415,23.461,,,
5/09/2013,23.206,23.255,23.301,,,
6/09/2013,23.842,23.891,23.937,,,
9/09/2013,23.668,23.717,23.766,,,
10/09/2013,22.966,23.016,23.063,,,
11/09/2013,23.121,23.172,23.22,,,
12/09/2013,22.099,22.149,22.197,,,
13/09/2013,21.67,21.72,21.768,,,
16/09/2013,21.963,22.009,22.057,,,
17/09/2013,21.735,21.784,21.832,,,
18/09/2013,21.514,21.564,21.611,,,
19/09/2013,23.242,23.292,23.342,,,
20/09/2013,21.876,21.927,21.976,,,
23/09/2013,21.805,21.857,21.905,,,
24/09/2013,21.539,21.586,21.634,,,
25/09/2013,21.838,21.886,21.935,,,
26/09/2013,21.72,21.766,21.814,,,
27/09/2013,21.831,21.879,21.904,,,
30/09/2013,21.708,21.756,21.78,,,
1/10/2013,21.175,21.222,21.246,,,
2/10/2013,21.897,21.945,21.971,,,
3/10/2013,21.786,21.834,21.86,,,
4/10/2013,21.752,21.801,21.827,,,
7/10/2013,22.386,22.435,22.463,,,
8/10/2013,22.443,22.493,22.521,,,
9/10/2013,21.891,21.94,21.968,,,
10/10/2013,21.896,21.946,21.974,,,
11/10/2013,21.259,21.307,21.335,,,
14/10/2013,21.354,21.402,21.431,,,
15/10/2013,21.191,21.239,21.268,,,
16/10/2013,21.365,21.415,21.444,,,
17/10/2013,21.947,21.997,22.025,,,
18/10/2013,21.913,21.963,21.991,,,
21/10/2013,22.278,22.329,22.358,,,
22/10/2013,22.79,22.841,22.871,,,
23/10/2013,22.617,22.667,22.697,,,
24/10/2013,22.822,22.872,22.902,,,
25/10/2013,22.639,22.69,22.719,,,
28/10/2013,22.538,22.589,22.619,,,
29/10/2013,22.492,22.543,22.573,,,
30/10/2013,22.983,23.034,23.064,,,
31/10/2013,21.867,21.917,21.946,,,
1/11/2013,21.837,21.886,21.915,,,
4/11/2013,21.7,21.75,21.778,,,
5/11/2013,21.636,21.687,21.714,,,
6/11/2013,21.768,21.822,21.85,,,
7/11/2013,21.657,21.713,21.742,,,
8/11/2013,21.317,21.375,21.404,,,
11/11/2013,21.282,21.342,21.373,,,
12/11/2013,20.778,20.837,20.868,,,
13/11/2013,20.442,20.497,20.527,,,
14/11/2013,20.722,20.774,20.804,,,
15/11/2013,20.727,20.777,20.807,,,
18/11/2013,20.357,20.402,20.43,,,
19/11/2013,20.334,20.377,20.405,,,
20/11/2013,20.058,20.103,20.132,,,
21/11/2013,19.934,19.976,20.005,,,
22/11/2013,19.862,19.901,19.929,,,
25/11/2013,19.882,19.926,19.955,,,
26/11/2013,19.848,19.893,19.923,,,
27/11/2013,19.633,19.682,19.713,,,
29/11/2013,19.981,20.033,20.066,,,
2/12/2013,19.233,19.289,19.321,,,
3/12/2013,19.011,19.065,19.098,,,
4/12/2013,19.774,19.83,19.864,,,
5/12/2013,19.514,19.57,19.604,,,
6/12/2013,19.465,19.523,19.559,,,
9/12/2013,19.644,19.701,19.737,,,
10/12/2013,20.256,20.315,20.353,,,
11/12/2013,20.298,20.356,20.395,,,
12/12/2013,19.402,19.453,19.491,,,
13/12/2013,19.559,19.604,19.642,,,
16/12/2013,20.049,20.101,20.14,,,
17/12/2013,19.792,19.84,19.878,,,
18/12/2013,20.014,20.059,20.096,,,
19/12/2013,19.143,19.186,19.221,,,
20/12/2013,19.418,19.453,19.489,,,
23/12/2013,19.378,19.413,19.448,,,
24/12/2013,19.453,19.484,19.519,,,
26/12/2013,19.885,19.916,19.951,,,
27/12/2013,20.013,20.049,20.085,,,
30/12/2013,19.615,19.651,19.684,,,
31/12/2013,19.37,19.405,19.438,,,
2/01/2014,20.128,20.164,20.197,,,
3/01/2014,20.211,20.248,20.282,,,
6/01/2014,20.103,20.14,20.174,,,
7/01/2014,19.787,19.823,19.856,,,
8/01/2014,19.539,19.575,19.607,,,
9/01/2014,19.683,19.719,19.751,,,
10/01/2014,20.223,20.26,20.292,,,
13/01/2014,20.385,20.423,20.456,,,
14/01/2014,20.282,20.32,20.353,,,
15/01/2014,20.134,20.172,20.205,,,
16/01/2014,20.054,20.09,20.123,,,
17/01/2014,20.304,20.341,20.375,,,
21/01/2014,19.87,19.906,19.939,,,
22/01/2014,19.839,19.876,19.909,,,
23/01/2014,20.01,20.047,20.081,,,
24/01/2014,19.765,19.802,19.835,,,
27/01/2014,19.793,19.83,19.863,,,
28/01/2014,19.503,19.54,19.573,,,
29/01/2014,19.552,19.589,19.621,,,
30/01/2014,19.126,19.163,19.195,,,
31/01/2014,19.12,19.156,19.186,,,
3/02/2014,19.409,19.445,19.475,,,
4/02/2014,19.422,19.457,19.488,,,
5/02/2014,19.805,19.841,19.871,,,
6/02/2014,19.928,19.966,19.998,,,
7/02/2014,19.936,19.975,20.008,,,
10/02/2014,20.112,20.152,20.186,,,
11/02/2014,20.153,20.192,20.226,,,
12/02/2014,20.341,20.375,20.407,,,
13/02/2014,20.395,20.429,20.461,,,
14/02/2014,21.421,21.456,21.487,,,
18/02/2014,21.898,21.933,21.963,,,
19/02/2014,21.85,21.883,21.912,,,
20/02/2014,21.684,21.717,21.745,,,
21/02/2014,21.782,21.815,21.841,,,
24/02/2014,22.051,22.089,22.118,,,
25/02/2014,21.963,22.001,22.031,,,
26/02/2014,21.254,21.289,21.319,,,
27/02/2014,21.314,21.352,21.383,,,
28/02/2014,21.204,21.241,21.273,,,
3/03/2014,21.448,21.485,21.517,,,
4/03/2014,21.188,21.222,21.254,,,
5/03/2014,21.239,21.271,21.303,,,
6/03/2014,21.542,21.574,21.606,,,
7/03/2014,20.897,20.928,20.959,,,
10/03/2014,20.879,20.91,20.943,,,
11/03/2014,20.784,20.815,20.848,,,
12/03/2014,21.328,21.358,21.393,,,
13/03/2014,21.169,21.198,21.232,,,
14/03/2014,21.384,21.413,21.448,,,
17/03/2014,21.249,21.275,21.31,,,
18/03/2014,20.836,20.862,20.896,,,
19/03/2014,20.8,20.826,20.86,,,
20/03/2014,20.404,20.43,20.464,,,
21/03/2014,20.286,20.31,20.344,,,
24/03/2014,20.043,20.067,20.101,,,
25/03/2014,19.955,19.979,20.014,,,
26/03/2014,19.759,19.78,19.815,,,
27/03/2014,19.69,19.708,19.743,,,
28/03/2014,19.79,19.826,19.854,,,
31/03/2014,19.752,19.789,19.817,,,
1/04/2014,19.688,19.725,19.754,,,
2/04/2014,20.05,20.087,20.116,,,
3/04/2014,19.805,19.843,19.872,,,
4/04/2014,19.946,19.985,20.016,,,
7/04/2014,19.907,19.946,19.978,,,
8/04/2014,20.057,20.091,20.123,,,
9/04/2014,19.77,19.803,19.834,,,
10/04/2014,20.091,20.125,20.157,,,
11/04/2014,19.946,19.979,20.011,,,
14/04/2014,20.01,20.043,20.075,,,
15/04/2014,19.489,19.52,19.551,,,
16/04/2014,19.634,19.665,19.695,,,
17/04/2014,19.596,19.629,19.659,,,
21/04/2014,19.351,19.381,19.412,,,
22/04/2014,19.361,19.388,19.418,,,
23/04/2014,19.438,19.467,19.497,,,
24/04/2014,19.688,19.714,19.743,,,
25/04/2014,19.691,19.718,19.746,,,
28/04/2014,19.588,19.619,19.649,,,
29/04/2014,19.488,19.538,19.571,,,
30/04/2014,19.119,19.174,19.206,,,
1/05/2014,18.989,19.043,19.076,,,
2/05/2014,19.492,19.546,19.58,,,
5/05/2014,19.52,19.571,19.605,,,
6/05/2014,19.598,19.645,19.679,,,
7/05/2014,19.298,19.342,19.376,,,
8/05/2014,19.094,19.138,19.172,,,
9/05/2014,19.077,19.121,19.154,,,
12/05/2014,19.5,19.543,19.576,,,
13/05/2014,19.504,19.547,19.581,,,
14/05/2014,19.735,19.775,19.808,,,
15/05/2014,19.447,19.484,19.517,,,
16/05/2014,19.292,19.329,19.362,,,
19/05/2014,19.322,19.353,19.387,,,
20/05/2014,19.367,19.399,19.434,,,
21/05/2014,19.307,19.338,19.374,,,
22/05/2014,19.49,19.52,19.557,,,
23/05/2014,19.388,19.418,19.455,,,
27/05/2014,19.039,19.067,19.102,,,
28/05/2014,19.035,19.059,19.094,,,
29/05/2014,19.014,19.052,19.1,,,
30/05/2014,18.682,18.719,18.766,,,
2/06/2014,18.739,18.776,18.824,,,
3/06/2014,18.763,18.8,18.848,,,
4/06/2014,18.792,18.83,18.878,,,
5/06/2014,19.083,19.122,19.17,,,
6/06/2014,18.991,19.031,19.081,,,
9/06/2014,19.066,19.108,19.159,,,
10/06/2014,19.168,19.21,19.261,,,
11/06/2014,19.172,19.213,19.263,,,
12/06/2014,19.533,19.573,19.623,,,
13/06/2014,19.655,19.699,19.751,,,
16/06/2014,19.715,19.759,19.811,,,
17/06/2014,19.732,19.776,19.828,,,
18/06/2014,19.778,19.821,19.872,,,
19/06/2014,20.648,20.692,20.743,,,
20/06/2014,20.949,20.994,21.045,,,
23/06/2014,20.916,20.964,21.015,,,
24/06/2014,21.043,21.097,21.15,,,
25/06/2014,21.116,21.171,21.227,,,
26/06/2014,21.108,21.162,21.219,,,
27/06/2014,21.077,21.134,21.192,,,
30/06/2014,21.007,21.056,21.115,,,
1/07/2014,21.067,21.117,21.177,,,
2/07/2014,21.254,21.302,21.364,,,
3/07/2014,21.089,21.137,21.199,,,
7/07/2014,20.966,21.014,21.076,,,
8/07/2014,20.967,21.013,21.074,,,
9/07/2014,21.022,21.068,21.131,,,
10/07/2014,21.459,21.508,21.57,,,
11/07/2014,21.411,21.461,21.523,,,
14/07/2014,20.864,20.914,20.974,,,
15/07/2014,20.842,20.889,20.947,,,
16/07/2014,20.727,20.775,20.832,,,
17/07/2014,21.086,21.134,21.192,,,
18/07/2014,20.838,20.886,20.944,,,
21/07/2014,20.966,21.012,21.07,,,
22/07/2014,20.965,21.008,21.066,,,
23/07/2014,20.952,20.995,21.054,,,
24/07/2014,20.376,20.415,20.472,,,
25/07/2014,20.588,20.636,20.694,,,
28/07/2014,20.526,20.567,20.626,,,
29/07/2014,20.546,20.583,20.644,,,
30/07/2014,20.597,20.659,20.718,,,
31/07/2014,20.412,20.474,20.532,,,
1/08/2014,20.371,20.434,20.492,,,
4/08/2014,20.233,20.299,20.358,,,
5/08/2014,19.833,19.899,19.957,,,
6/08/2014,20.024,20.093,20.153,,,
7/08/2014,19.99,20.059,20.118,,,
8/08/2014,19.941,20.007,20.066,,,
11/08/2014,20.095,20.161,20.221,,,
12/08/2014,19.905,19.97,20.03,,,
13/08/2014,19.845,19.909,19.969,,,
14/08/2014,19.906,19.971,20.03,,,
15/08/2014,19.525,19.59,19.649,,,
18/08/2014,19.635,19.7,19.759,,,
19/08/2014,19.412,19.476,19.535,,,
20/08/2014,19.497,19.567,19.626,,,
21/08/2014,19.415,19.487,19.546,,,
22/08/2014,19.386,19.459,19.518,,,
25/08/2014,19.358,19.431,19.49,,,
26/08/2014,19.386,19.459,19.518,,,
27/08/2014,19.405,19.475,19.533,,,
28/08/2014,19.534,19.609,19.667,,,
29/08/2014,19.398,19.492,19.551,,,
2/09/2014,19.071,19.152,19.21,,,
3/09/2014,19.108,19.189,19.247,,,
4/09/2014,19.064,19.138,19.194,,,
5/09/2014,19.082,19.156,19.211,,,
8/09/2014,18.887,18.961,19.017,,,
9/09/2014,18.844,18.92,18.976,,,
10/09/2014,18.856,18.926,18.982,,,
11/09/2014,18.533,18.599,18.652,,,
12/09/2014,18.546,18.606,18.656,,,
15/09/2014,18.556,18.62,18.669,,,
16/09/2014,18.656,18.721,18.77,,,
17/09/2014,18.663,18.734,18.783,,,
18/09/2014,18.452,18.517,18.566,,,
19/09/2014,17.781,17.844,17.89,,,
22/09/2014,17.699,17.774,17.819,,,
23/09/2014,17.713,17.779,17.822,,,
24/09/2014,17.643,17.702,17.741,,,
25/09/2014,17.379,17.438,17.479,,,
26/09/2014,17.477,17.537,17.58,,,
29/09/2014,17.567,17.609,17.632,,,
30/09/2014,17.057,17.097,17.119,,,
1/10/2014,17.259,17.299,17.32,,,
2/10/2014,17.047,17.088,17.112,,,
3/10/2014,16.826,16.867,16.891,,,
6/10/2014,17.225,17.267,17.292,,,
7/10/2014,17.24,17.282,17.307,,,
8/10/2014,17.064,17.107,17.13,,,
9/10/2014,17.418,17.463,17.486,,,
10/10/2014,17.303,17.35,17.373,,,
13/10/2014,17.345,17.394,17.418,,,
14/10/2014,17.403,17.453,17.478,,,
15/10/2014,17.464,17.514,17.539,,,
16/10/2014,17.437,17.489,17.515,,,
17/10/2014,17.331,17.384,17.411,,,
20/10/2014,17.354,17.407,17.434,,,
21/10/2014,17.549,17.605,17.632,,,
22/10/2014,17.231,17.287,17.314,,,
23/10/2014,17.158,17.214,17.241,,,
24/10/2014,17.182,17.241,17.27,,,
27/10/2014,17.161,17.22,17.249,,,
28/10/2014,17.226,17.286,17.315,,,
29/10/2014,17.264,17.325,17.354,,,
30/10/2014,16.42,16.479,16.507,,,
31/10/2014,16.106,16.163,16.189,,,
3/11/2014,16.201,16.257,16.282,,,
4/11/2014,15.953,16.008,16.032,,,
5/11/2014,15.439,15.49,15.513,,,
6/11/2014,15.413,15.464,15.486,,,
7/11/2014,15.714,15.766,15.787,,,
10/11/2014,15.671,15.724,15.746,,,
11/11/2014,15.678,15.731,15.753,,,
12/11/2014,15.623,15.671,15.691,,,
13/11/2014,15.621,15.671,15.692,,,
14/11/2014,16.314,16.364,16.388,,,
17/11/2014,16.057,16.108,16.132,,,
18/11/2014,16.174,16.225,16.248,,,
19/11/2014,16.294,16.35,16.373,,,
20/11/2014,16.137,16.193,16.217,,,
21/11/2014,16.395,16.459,16.482,,,
24/11/2014,16.376,16.435,16.46,,,
25/11/2014,16.553,16.611,16.639,,,
26/11/2014,16.548,16.606,16.635,,,
28/11/2014,15.489,15.556,15.583,,,
1/12/2014,16.648,16.692,16.718,,,
2/12/2014,16.408,16.456,16.483,,,
3/12/2014,16.359,16.412,16.44,,,
4/12/2014,16.52,16.575,16.605,,,
5/12/2014,16.196,16.258,16.29,,,
8/12/2014,16.216,16.276,16.308,,,
9/12/2014,17.081,17.134,17.168,,,
10/12/2014,17.133,17.187,17.219,,,
11/12/2014,17.059,17.112,17.144,,,
12/12/2014,17.019,17.057,17.085,,,
15/12/2014,16.527,16.563,16.591,,,
16/12/2014,15.715,15.752,15.779,,,
17/12/2014,15.891,15.928,15.958,,,
18/12/2014,15.894,15.934,15.965,,,
19/12/2014,15.991,16.03,16.061,,,
22/12/2014,15.649,15.688,15.719,,,
23/12/2014,15.73,15.767,15.798,,,
24/12/2014,15.673,15.71,15.741,,,
26/12/2014,16.112,16.147,16.18,,,
29/12/2014,15.744,15.779,15.811,,,
30/12/2014,16.276,16.308,16.337,,,
31/12/2014,15.599,15.632,15.662,,,
2/01/2015,15.768,15.801,15.83,,,
5/01/2015,16.213,16.245,16.274,,,
6/01/2015,16.637,16.669,16.696,,,
7/01/2015,16.544,16.575,16.603,,,
8/01/2015,16.385,16.416,16.443,,,
9/01/2015,16.419,16.45,16.479,,,
12/01/2015,16.564,16.597,16.626,,,
13/01/2015,17.156,17.19,17.218,,,
14/01/2015,16.988,17.021,17.049,,,
15/01/2015,17.102,17.135,17.162,,,
16/01/2015,17.75,17.785,17.814,,,
20/01/2015,17.956,17.991,18.02,,,
21/01/2015,18.193,18.228,18.256,,,
22/01/2015,18.36,18.395,18.424,,,
23/01/2015,18.3,18.336,18.366,,,
26/01/2015,17.983,18.019,18.049,,,
27/01/2015,18.084,18.122,18.152,,,
28/01/2015,18.088,18.128,18.159,,,
29/01/2015,16.773,16.81,16.84,,,
30/01/2015,17.208,17.248,17.277,,,
2/02/2015,17.251,17.292,17.322,,,
3/02/2015,17.321,17.364,17.396,,,
4/02/2015,17.395,17.439,17.472,,,
5/02/2015,17.196,17.241,17.275,,,
6/02/2015,16.694,16.738,16.773,,,
9/02/2015,17.07,17.115,17.15,,,
10/02/2015,16.873,16.918,16.953,,,
11/02/2015,16.761,16.804,16.839,,,
12/02/2015,16.794,16.836,16.871,,,
13/02/2015,17.294,17.337,17.374,,,
17/02/2015,16.378,16.42,16.458,,,
18/02/2015,16.265,16.31,16.347,,,
19/02/2015,16.381,16.428,16.465,,,
20/02/2015,16.273,16.32,16.357,,,
23/02/2015,16.254,16.299,16.336,,,
24/02/2015,16.188,16.233,16.269,,,
25/02/2015,16.43,16.474,16.511,,,
26/02/2015,16.583,16.624,16.661,,,
27/02/2015,16.513,16.558,16.596,,,
2/03/2015,16.407,16.451,16.49,,,
3/03/2015,16.258,16.296,16.335,,,
4/03/2015,16.132,16.158,16.196,,,
5/03/2015,16.132,16.158,16.196,,,
6/03/2015,15.784,15.807,15.845,,,
9/03/2015,15.755,15.776,15.815,,,
10/03/2015,15.613,15.633,15.671,,,
11/03/2015,15.345,15.365,15.402,,,
12/03/2015,15.493,15.516,15.552,,,
13/03/2015,15.477,15.494,15.529,,,
16/03/2015,15.601,15.617,15.653,,,
17/03/2015,15.562,15.578,15.613,,,
18/03/2015,15.525,15.541,15.577,,,
19/03/2015,16.098,16.114,16.152,,,
20/03/2015,16.867,16.883,16.923,,,
23/03/2015,16.872,16.891,16.931,,,
24/03/2015,16.963,16.983,17.022,,,
25/03/2015,16.98,17,17.04,,,
26/03/2015,17.122,17.14,17.18,,,
27/03/2015,17.052,17.069,17.111,,,
30/03/2015,16.674,16.716,16.751,,,
31/03/2015,16.598,16.64,16.675,,,
1/04/2015,17.059,17.102,17.137,,,
2/04/2015,16.701,16.744,16.779,,,
6/04/2015,17.11,17.154,17.19,,,
7/04/2015,16.84,16.883,16.919,,,
8/04/2015,16.454,16.497,16.533,,,
9/04/2015,16.176,16.22,16.256,,,
10/04/2015,16.382,16.426,16.464,,,
13/04/2015,16.291,16.335,16.373,,,
14/04/2015,16.161,16.204,16.242,,,
15/04/2015,16.279,16.323,16.363,,,
16/04/2015,16.284,16.329,16.368,,,
17/04/2015,16.229,16.273,16.313,,,
20/04/2015,15.889,15.929,15.969,,,
21/04/2015,16.008,16.048,16.088,,,
22/04/2015,15.796,15.836,15.876,,,
23/04/2015,15.829,15.871,15.91,,,
24/04/2015,15.636,15.68,15.72,,,
27/04/2015,16.394,16.439,16.481,,,
28/04/2015,16.591,16.63,16.671,,,
29/04/2015,16.67,16.702,16.742,,,
30/04/2015,16.124,16.153,16.192,,,
1/05/2015,16.111,16.135,16.174,,,
4/05/2015,16.418,16.441,16.48,,,
5/05/2015,16.557,16.579,16.619,,,
6/05/2015,16.484,16.506,16.545,,,
7/05/2015,16.272,16.297,16.336,,,
8/05/2015,16.442,16.465,16.503,,,
11/05/2015,16.298,16.314,16.352,,,
12/05/2015,16.51,16.526,16.565,,,
13/05/2015,17.207,17.221,17.26,,,
14/05/2015,17.449,17.465,17.505,,,
15/05/2015,17.545,17.563,17.603,,,
18/05/2015,17.712,17.732,17.772,,,
19/05/2015,17.05,17.071,17.11,,,
20/05/2015,17.092,17.113,17.153,,,
21/05/2015,17.111,17.132,17.172,,,
22/05/2015,17.03,17.051,17.091,,,
26/05/2015,16.734,16.746,16.786,,,
27/05/2015,16.638,16.647,16.687,,,
28/05/2015,16.669,16.709,16.752,,,
29/05/2015,16.701,16.741,16.786,,,
1/06/2015,16.68,16.721,16.767,,,
2/06/2015,16.799,16.841,16.888,,,
3/06/2015,16.48,16.522,16.571,,,
4/06/2015,16.103,16.145,16.194,,,
5/06/2015,15.984,16.027,16.079,,,
8/06/2015,15.959,16.002,16.054,,,
9/06/2015,15.957,16,16.053,,,
10/06/2015,15.959,16.003,16.057,,,
11/06/2015,15.96,16.003,16.057,,,
12/06/2015,15.825,15.87,15.925,,,
15/06/2015,16.083,16.126,16.181,,,
16/06/2015,15.965,16.004,16.059,,,
17/06/2015,15.947,15.985,16.04,,,
18/06/2015,16.153,16.192,16.246,,,
19/06/2015,16.109,16.146,16.2,,,
22/06/2015,16.142,16.177,16.23,,,
23/06/2015,15.737,15.772,15.824,,,
24/06/2015,15.853,15.89,15.944,,,
25/06/2015,15.808,15.841,15.893,,,
26/06/2015,15.735,15.768,15.821,,,
29/06/2015,15.664,15.695,15.749,,,
30/06/2015,15.551,15.581,15.636,,,
1/07/2015,15.552,15.577,15.633,,,
2/07/2015,15.537,15.562,15.618,,,
6/07/2015,15.726,15.753,15.809,,,
7/07/2015,14.95,14.969,15.022,,,
8/07/2015,15.147,15.163,15.214,,,
9/07/2015,15.345,15.361,15.414,,,
10/07/2015,15.468,15.481,15.535,,,
13/07/2015,15.436,15.457,15.512,,,
14/07/2015,15.295,15.315,15.37,,,
15/07/2015,15.028,15.048,15.102,,,
16/07/2015,14.964,14.984,15.04,,,
17/07/2015,14.82,14.834,14.889,,,
20/07/2015,14.745,14.758,14.813,,,
21/07/2015,14.769,14.785,14.84,,,
22/07/2015,14.714,14.73,14.783,,,
23/07/2015,14.683,14.701,14.754,,,
24/07/2015,14.477,14.488,14.539,,,
27/07/2015,14.594,14.605,14.655,,,
28/07/2015,14.631,14.642,14.691,,,
29/07/2015,14.734,14.743,14.791,,,
30/07/2015,14.696,14.744,14.793,,,
31/07/2015,14.745,14.792,14.839,,,
3/08/2015,14.515,14.562,14.608,,,
4/08/2015,14.557,14.604,14.651,,,
5/08/2015,14.553,14.601,14.649,,,
6/08/2015,14.677,14.726,14.776,,,
7/08/2015,14.821,14.872,14.923,,,
10/08/2015,15.292,15.343,15.394,,,
11/08/2015,15.284,15.335,15.386,,,
12/08/2015,15.476,15.528,15.58,,,
13/08/2015,15.399,15.449,15.5,,,
14/08/2015,15.213,15.263,15.314,,,
17/08/2015,15.298,15.348,15.399,,,
18/08/2015,14.79,14.834,14.884,,,
19/08/2015,15.179,15.222,15.271,,,
20/08/2015,15.517,15.562,15.611,,,
21/08/2015,15.301,15.348,15.396,,,
24/08/2015,14.762,14.798,14.844,,,
25/08/2015,14.61,14.651,14.697,,,
26/08/2015,14.041,14.078,14.123,,,
27/08/2015,14.417,14.437,14.483,,,
28/08/2015,14.535,14.549,14.596,,,
31/08/2015,14.577,14.586,14.633,,,
1/09/2015,14.613,14.62,14.668,,,
2/09/2015,14.661,14.667,14.715,,,
3/09/2015,14.702,14.707,14.755,,,
4/09/2015,14.544,14.549,14.597,,,
8/09/2015,14.75,14.755,14.803,,,
9/09/2015,14.568,14.576,14.623,,,
10/09/2015,14.634,14.645,14.692,,,
11/09/2015,14.49,14.505,14.551,,,
14/09/2015,14.357,14.363,14.41,,,
15/09/2015,14.319,14.326,14.373,,,
16/09/2015,14.878,14.885,14.932,,,
17/09/2015,14.975,14.984,15.031,,,
18/09/2015,15.154,15.163,15.21,,,
21/09/2015,15.216,15.221,15.268,,,
22/09/2015,14.75,14.756,14.803,,,
23/09/2015,14.78,14.789,14.837,,,
24/09/2015,15.125,15.13,15.179,,,
25/09/2015,15.106,15.111,15.16,,,
28/09/2015,14.538,14.538,14.586,,,
29/09/2015,14.573,14.621,14.652,,,
30/09/2015,14.518,14.566,14.596,,,
1/10/2015,14.511,14.558,14.588,,,
2/10/2015,15.263,15.31,15.339,,,
5/10/2015,15.708,15.756,15.786,,,
6/10/2015,15.984,16.031,16.061,,,
7/10/2015,16.094,16.142,16.171,,,
8/10/2015,15.766,15.813,15.844,,,
9/10/2015,15.818,15.866,15.898,,,
12/10/2015,15.864,15.913,15.946,,,
13/10/2015,15.907,15.956,15.989,,,
14/10/2015,16.117,16.166,16.197,,,
15/10/2015,16.164,16.213,16.243,,,
16/10/2015,16.114,16.163,16.193,,,
19/10/2015,15.841,15.89,15.919,,,
20/10/2015,15.917,15.965,15.994,,,
21/10/2015,15.71,15.757,15.786,,,
22/10/2015,15.837,15.884,15.913,,,
23/10/2015,15.827,15.874,15.903,,,
26/10/2015,15.905,15.953,15.983,,,
27/10/2015,15.863,15.911,15.941,,,
28/10/2015,16.293,16.341,16.372,,,
29/10/2015,15.55,15.598,15.629,,,
30/10/2015,15.567,15.615,15.646,,,
2/11/2015,15.408,15.456,15.486,,,
3/11/2015,15.239,15.287,15.317,,,
4/11/2015,15.058,15.106,15.136,,,
5/11/2015,14.983,15.032,15.063,,,
6/11/2015,14.691,14.74,14.772,,,
9/11/2015,14.413,14.462,14.494,,,
10/11/2015,14.356,14.402,14.432,,,
11/11/2015,14.263,14.303,14.333,,,
12/11/2015,14.225,14.26,14.289,,,
13/11/2015,14.204,14.23,14.26,,,
16/11/2015,14.222,14.252,14.284,,,
17/11/2015,14.171,14.201,14.231,,,
18/11/2015,14.081,14.115,14.145,,,
19/11/2015,14.222,14.253,14.283,,,
20/11/2015,14.096,14.126,14.156,,,
23/11/2015,14.032,14.061,14.09,,,
24/11/2015,14.159,14.188,14.218,,,
25/11/2015,14.158,14.175,14.205,,,
27/11/2015,14.008,14.048,14.078,,,
30/11/2015,14.05,14.086,14.117,,,
1/12/2015,14.055,14.083,14.113,,,
2/12/2015,13.979,14.009,14.039,,,
3/12/2015,14.053,14.077,14.108,,,
4/12/2015,14.505,14.528,14.561,,,
7/12/2015,14.307,14.332,14.365,,,
8/12/2015,14.091,14.116,14.148,,,
9/12/2015,14.164,14.189,14.221,,,
10/12/2015,14.085,14.11,14.142,,,
11/12/2015,13.859,13.884,13.916,,,
14/12/2015,13.666,13.695,13.726,,,
15/12/2015,13.74,13.77,13.801,,,
16/12/2015,14.218,14.248,14.281,,,
17/12/2015,13.683,13.703,13.734,,,
18/12/2015,14.08,14.096,14.128,,,
21/12/2015,14.301,14.315,14.348,,,
22/12/2015,14.302,14.314,14.345,,,
23/12/2015,14.277,14.287,14.319,,,
24/12/2015,14.369,14.379,14.411,,,
28/12/2015,13.873,13.884,13.916,,,
29/12/2015,13.917,13.928,13.96,,,
30/12/2015,13.842,13.874,13.908,,,
31/12/2015,13.803,13.834,13.867,,,
4/01/2016,13.841,13.872,13.904,,,
5/01/2016,13.971,14.002,14.034,,,
6/01/2016,13.976,14.006,14.037,,,
7/01/2016,14.344,14.374,14.405,,,
8/01/2016,13.918,13.948,13.98,,,
11/01/2016,13.866,13.893,13.923,,,
12/01/2016,13.751,13.779,13.81,,,
13/01/2016,14.156,14.185,14.214,,,
14/01/2016,13.748,13.776,13.804,,,
15/01/2016,13.896,13.923,13.95,,,
19/01/2016,14.121,14.147,14.175,,,
20/01/2016,14.16,14.184,14.21,,,
21/01/2016,14.094,14.118,14.143,,,
22/01/2016,14.057,14.08,14.104,,,
25/01/2016,14.254,14.28,14.305,,,
26/01/2016,14.564,14.587,14.61,,,
27/01/2016,14.459,14.482,14.507,,,
28/01/2016,14.232,14.257,14.282,,,
29/01/2016,14.243,14.267,14.291,,,
1/02/2016,14.343,14.369,14.395,,,
2/02/2016,14.289,14.315,14.34,,,
3/02/2016,14.734,14.761,14.786,,,
4/02/2016,14.85,14.877,14.902,,,
5/02/2016,14.778,14.804,14.829,,,
8/02/2016,15.426,15.451,15.476,,,
9/02/2016,15.449,15.473,15.498,,,
10/02/2016,15.282,15.302,15.326,,,
11/02/2016,15.794,15.813,15.836,,,
12/02/2016,15.79,15.812,15.837,,,
16/02/2016,15.334,15.358,15.383,,,
17/02/2016,15.377,15.402,15.427,,,
18/02/2016,15.432,15.461,15.488,,,
19/02/2016,15.373,15.404,15.431,,,
22/02/2016,15.184,15.221,15.248,,,
23/02/2016,15.24,15.28,15.308,,,
24/02/2016,15.297,15.332,15.359,,,
25/02/2016,15.17,15.199,15.227,,,
26/02/2016,14.689,14.714,14.743,,,
29/02/2016,14.896,14.918,14.948,,,
1/03/2016,14.733,14.756,14.786,,,
2/03/2016,15.003,15.022,15.055,,,
3/03/2016,15.131,15.146,15.18,,,
4/03/2016,15.681,15.694,15.729,,,
7/03/2016,15.623,15.633,15.668,,,
8/03/2016,15.384,15.39,15.423,,,
9/03/2016,15.355,15.366,15.398,,,
10/03/2016,15.546,15.549,15.583,,,
11/03/2016,15.607,15.605,15.639,,,
14/03/2016,15.518,15.521,15.555,,,
15/03/2016,15.255,15.261,15.293,,,
16/03/2016,15.214,15.219,15.252,,,
17/03/2016,16.022,16.033,16.067,,,
18/03/2016,15.806,15.811,15.844,,,
21/03/2016,15.841,15.847,15.882,,,
22/03/2016,15.877,15.885,15.922,,,
23/03/2016,15.263,15.272,15.309,,,
24/03/2016,15.191,15.199,15.236,,,
28/03/2016,15.194,15.19,15.228,,,
29/03/2016,15.237,15.233,15.271,,,
30/03/2016,15.211,15.249,15.286,,,
31/03/2016,15.464,15.502,15.538,,,
1/04/2016,15.046,15.083,15.119,,,
4/04/2016,14.944,14.982,15.018,,,
5/04/2016,15.116,15.155,15.191,,,
6/04/2016,15.054,15.092,15.127,,,
7/04/2016,15.158,15.196,15.231,,,
8/04/2016,15.384,15.422,15.457,,,
11/04/2016,15.976,16.014,16.05,,,
12/04/2016,16.222,16.26,16.297,,,
13/04/2016,16.325,16.364,16.401,,,
14/04/2016,16.173,16.211,16.248,,,
15/04/2016,16.313,16.352,16.389,,,
18/04/2016,16.253,16.293,16.331,,,
19/04/2016,16.972,17.014,17.054,,,
20/04/2016,17.135,17.183,17.225,,,
21/04/2016,17.09,17.141,17.185,,,
22/04/2016,16.9,16.95,16.994,,,
25/04/2016,17.009,17.059,17.102,,,
26/04/2016,17.11,17.159,17.202,,,
27/04/2016,17.289,17.335,17.379,,,
28/04/2016,17.553,17.588,17.63,,,
29/04/2016,17.789,17.819,17.864,,,
2/05/2016,17.656,17.682,17.73,,,
3/05/2016,17.474,17.499,17.546,,,
4/05/2016,17.277,17.301,17.348,,,
5/05/2016,17.302,17.327,17.374,,,
6/05/2016,17.507,17.527,17.574,,,
9/05/2016,17.07,17.089,17.135,,,
10/05/2016,17.075,17.092,17.139,,,
11/05/2016,17.302,17.319,17.368,,,
12/05/2016,17.087,17.103,17.152,,,
13/05/2016,17.115,17.132,17.181,,,
16/05/2016,17.142,17.154,17.203,,,
17/05/2016,17.235,17.25,17.298,,,
18/05/2016,17.12,17.132,17.18,,,
19/05/2016,16.479,16.493,16.54,,,
20/05/2016,16.519,16.532,16.58,,,
23/05/2016,16.41,16.423,16.472,,,
24/05/2016,16.238,16.254,16.303,,,
25/05/2016,16.255,16.261,16.311,,,
26/05/2016,16.338,16.343,16.393,,,
27/05/2016,16.269,16.319,16.385,,,
31/05/2016,15.994,16.043,16.11,,,
1/06/2016,15.927,15.977,16.044,,,
2/06/2016,16.025,16.075,16.141,,,
3/06/2016,16.365,16.415,16.48,,,
6/06/2016,16.447,16.497,16.563,,,
7/06/2016,16.394,16.444,16.511,,,
8/06/2016,16.985,17.036,17.104,,,
9/06/2016,17.268,17.32,17.391,,,
10/06/2016,17.33,17.382,17.453,,,
13/06/2016,17.443,17.495,17.566,,,
14/06/2016,17.424,17.475,17.545,,,
15/06/2016,17.503,17.553,17.624,,,
16/06/2016,17.607,17.658,17.728,,,
17/06/2016,17.411,17.461,17.53,,,
20/06/2016,17.514,17.567,17.636,,,
21/06/2016,17.319,17.374,17.444,,,
22/06/2016,17.312,17.367,17.437,,,
23/06/2016,17.353,17.41,17.481,,,
24/06/2016,17.789,17.839,17.909,,,
27/06/2016,17.744,17.786,17.855,,,
28/06/2016,17.843,17.889,17.958,,,
29/06/2016,18.362,18.407,18.478,,,
30/06/2016,18.582,18.623,18.694,,,
1/07/2016,19.544,19.588,19.663,,,
5/07/2016,19.866,19.907,19.983,,,
6/07/2016,20.16,20.203,20.281,,,
7/07/2016,19.798,19.838,19.916,,,
8/07/2016,20.058,20.099,20.177,,,
11/07/2016,20.264,20.304,20.384,,,
12/07/2016,20.13,20.171,20.254,,,
13/07/2016,20.37,20.413,20.498,,,
14/07/2016,20.281,20.322,20.407,,,
15/07/2016,20.125,20.165,20.25,,,
18/07/2016,20.044,20.075,20.16,,,
19/07/2016,19.975,20.007,20.091,,,
20/07/2016,19.582,19.613,19.696,,,
21/07/2016,19.784,19.815,19.9,,,
22/07/2016,19.657,19.689,19.774,,,
25/07/2016,19.615,19.647,19.733,,,
26/07/2016,19.655,19.683,19.771,,,
27/07/2016,19.965,19.995,20.084,,,
28/07/2016,20.192,20.283,20.373,,,
29/07/2016,20.347,20.443,20.537,,,
1/08/2016,20.5,20.604,20.704,,,
2/08/2016,20.701,20.81,20.915,,,
3/08/2016,20.471,20.58,20.683,,,
4/08/2016,20.443,20.553,20.657,,,
5/08/2016,19.817,19.93,20.034,,,
8/08/2016,19.805,19.921,20.029,,,
9/08/2016,19.85,19.969,20.081,,,
10/08/2016,20.17,20.291,20.405,,,
11/08/2016,20.02,20.142,20.257,,,
12/08/2016,19.703,19.824,19.937,,,
15/08/2016,19.847,19.965,20.075,,,
16/08/2016,19.874,19.992,20.102,,,
17/08/2016,19.648,19.766,19.876,,,
18/08/2016,19.74,19.868,19.983,,,
19/08/2016,19.317,19.449,19.566,,,
22/08/2016,18.859,18.998,19.117,,,
23/08/2016,18.922,19.065,19.186,,,
24/08/2016,18.556,18.688,18.806,,,
25/08/2016,18.489,18.615,18.728,,,
26/08/2016,18.651,18.745,18.854,,,
29/08/2016,18.768,18.859,18.967,,,
30/08/2016,18.577,18.673,18.781,,,
31/08/2016,18.622,18.707,18.814,,,
1/09/2016,18.857,18.943,19.048,,,
2/09/2016,19.276,19.366,19.471,,,
6/09/2016,20.049,20.138,20.247,,,
7/09/2016,19.759,19.848,19.956,,,
8/09/2016,19.591,19.678,19.785,,,
9/09/2016,19.282,19.368,19.475,,,
12/09/2016,18.915,19,19.105,,,
13/09/2016,18.89,18.975,19.08,,,
14/09/2016,18.982,19.066,19.171,,,
15/09/2016,18.959,19.041,19.146,,,
16/09/2016,18.781,18.862,18.966,,,
19/09/2016,19.206,19.29,19.395,,,
20/09/2016,19.195,19.277,19.382,,,
21/09/2016,19.686,19.768,19.874,,,
22/09/2016,20.02,20.099,20.209,,,
23/09/2016,19.733,19.81,19.921,,,
26/09/2016,19.516,19.596,19.711,,,
27/09/2016,19.087,19.165,19.28,,,
28/09/2016,19.044,19.121,19.238,,,
29/09/2016,19.188,19.305,19.379,,,
30/09/2016,19.214,19.329,19.403,,,
3/10/2016,18.868,18.982,19.055,,,
4/10/2016,17.775,17.882,17.953,,,
5/10/2016,17.695,17.802,17.873,,,
6/10/2016,17.345,17.451,17.522,,,
7/10/2016,17.38,17.487,17.558,,,
10/10/2016,17.659,17.769,17.841,,,
11/10/2016,17.509,17.618,17.688,,,
12/10/2016,17.505,17.615,17.684,,,
13/10/2016,17.458,17.571,17.638,,,
14/10/2016,17.441,17.555,17.622,,,
17/10/2016,17.474,17.589,17.656,,,
18/10/2016,17.638,17.758,17.828,,,
19/10/2016,17.663,17.782,17.85,,,
20/10/2016,17.549,17.666,17.733,,,
21/10/2016,17.493,17.61,17.677,,,
24/10/2016,17.604,17.719,17.785,,,
25/10/2016,17.78,17.895,17.959,,,
26/10/2016,17.626,17.739,17.801,,,
27/10/2016,17.639,17.754,17.81,,,
28/10/2016,17.796,17.912,17.969,,,
31/10/2016,17.796,17.914,17.972,,,
1/11/2016,18.418,18.541,18.603,,,
2/11/2016,18.693,18.819,18.883,,,
3/11/2016,18.416,18.542,18.608,,,
4/11/2016,18.371,18.499,18.567,,,
7/11/2016,18.151,18.277,18.345,,,
8/11/2016,18.356,18.481,18.548,,,
9/11/2016,18.378,18.499,18.565,,,
10/11/2016,18.737,18.851,18.916,,,
11/11/2016,17.382,17.478,17.54,,,
14/11/2016,16.893,16.99,17.051,,,
15/11/2016,17.043,17.143,17.206,,,
16/11/2016,16.927,17.03,17.093,,,
17/11/2016,16.772,16.875,16.941,,,
18/11/2016,16.624,16.721,16.787,,,
21/11/2016,16.521,16.621,16.687,,,
22/11/2016,16.632,16.735,16.801,,,
23/11/2016,16.391,16.485,16.55,,,
25/11/2016,16.47,16.554,16.619,,,
28/11/2016,16.583,16.675,16.742,,,
29/11/2016,16.661,16.74,16.807,,,
30/11/2016,16.406,16.482,16.547,,,
1/12/2016,16.427,16.506,16.571,,,
2/12/2016,16.753,16.832,16.897,,,
5/12/2016,16.824,16.899,16.96,,,
6/12/2016,16.74,16.81,16.869,,,
7/12/2016,17.203,17.275,17.335,,,
8/12/2016,17.025,17.096,17.155,,,
9/12/2016,16.897,16.967,17.026,,,
12/12/2016,17.116,17.187,17.245,,,
13/12/2016,16.911,16.977,17.034,,,
14/12/2016,17.152,17.221,17.277,,,
15/12/2016,15.897,15.958,16.01,,,
16/12/2016,16.153,16.215,16.267,,,
19/12/2016,16.026,16.089,16.141,,,
20/12/2016,16.054,16.117,16.169,,,
21/12/2016,15.918,15.979,16.032,,,
22/12/2016,15.815,15.871,15.922,,,
23/12/2016,15.704,15.759,15.81,,,
27/12/2016,15.929,15.989,16.04,,,
28/12/2016,15.988,16.038,16.09,,,
29/12/2016,16.218,16.273,16.324,,,
30/12/2016,15.989,16.042,16.092,,,
3/01/2017,16.409,16.463,16.512,,,
4/01/2017,16.552,16.607,16.657,,,
5/01/2017,16.637,16.692,16.742,,,
6/01/2017,16.519,16.574,16.624,,,
9/01/2017,16.683,16.739,16.793,,,
10/01/2017,16.848,16.909,16.968,,,
11/01/2017,16.828,16.892,16.955,,,
12/01/2017,16.825,16.889,16.951,,,
13/01/2017,16.765,16.826,16.887,,,
17/01/2017,17.148,17.209,17.271,,,
18/01/2017,17.274,17.335,17.396,,,
19/01/2017,17.002,17.06,17.119,,,
20/01/2017,17.032,17.091,17.15,,,
23/01/2017,17.186,17.247,17.307,,,
24/01/2017,17.185,17.245,17.305,,,
25/01/2017,16.98,17.04,17.099,,,
26/01/2017,16.85,16.911,16.97,,,
27/01/2017,17.136,17.198,17.258,,,
30/01/2017,17.152,17.217,17.279,,,
31/01/2017,17.543,17.61,17.672,,,
1/02/2017,17.45,17.517,17.58,,,
2/02/2017,17.429,17.497,17.561,,,
3/02/2017,17.479,17.547,17.611,,,
6/02/2017,17.693,17.761,17.825,,,
7/02/2017,17.756,17.825,17.889,,,
8/02/2017,17.705,17.774,17.839,,,
9/02/2017,17.741,17.808,17.873,,,
10/02/2017,17.933,17.999,18.063,,,
13/02/2017,17.821,17.888,17.953,,,
14/02/2017,17.889,17.958,18.024,,,
15/02/2017,17.963,18.033,18.1,,,
16/02/2017,18.074,18.146,18.214,,,
17/02/2017,18.03,18.103,18.171,,,
21/02/2017,18.001,18.074,18.143,,,
22/02/2017,17.95,18.022,18.091,,,
23/02/2017,18.117,18.185,18.252,,,
24/02/2017,18.339,18.406,18.474,,,
27/02/2017,18.354,18.417,18.483,,,
28/02/2017,18.42,18.469,18.535,,,
1/03/2017,18.443,18.489,18.555,,,
2/03/2017,17.705,17.748,17.813,,,
3/03/2017,17.697,17.74,17.806,,,
6/03/2017,17.725,17.773,17.84,,,
7/03/2017,17.492,17.536,17.601,,,
8/03/2017,17.257,17.298,17.363,,,
9/03/2017,16.993,17.036,17.101,,,
10/03/2017,16.883,16.923,16.988,,,
13/03/2017,16.935,16.972,17.037,,,
14/03/2017,16.888,16.923,16.989,,,
15/03/2017,16.888,16.923,16.989,,,
16/03/2017,17.296,17.33,17.4,,,
17/03/2017,17.379,17.413,17.483,,,
20/03/2017,17.403,17.438,17.509,,,
21/03/2017,17.55,17.583,17.655,,,
22/03/2017,17.545,17.578,17.651,,,
23/03/2017,17.563,17.593,17.666,,,
24/03/2017,17.72,17.748,17.821,,,
27/03/2017,18.08,18.108,18.182,,,
28/03/2017,18.225,18.252,18.327,,,
29/03/2017,18.228,18.252,18.327,,,
30/03/2017,18.206,18.281,18.35,,,
31/03/2017,18.256,18.332,18.4,,,
3/04/2017,18.212,18.288,18.356,,,
4/04/2017,18.323,18.399,18.467,,,
5/04/2017,18.187,18.262,18.33,,,
6/04/2017,18.246,18.321,18.39,,,
7/04/2017,18.151,18.227,18.296,,,
10/04/2017,17.915,17.99,18.059,,,
11/04/2017,18.254,18.329,18.398,,,
12/04/2017,18.3,18.375,18.445,,,
13/04/2017,18.51,18.585,18.655,,,
17/04/2017,18.514,18.59,18.661,,,
18/04/2017,18.272,18.35,18.421,,,
19/04/2017,18.162,18.24,18.313,,,
20/04/2017,18.018,18.098,18.172,,,
21/04/2017,17.856,17.937,18.012,,,
24/04/2017,17.858,17.932,18.008,,,
25/04/2017,17.591,17.659,17.735,,,
26/04/2017,17.363,17.431,17.507,,,
27/04/2017,17.265,17.334,17.408,,,
28/04/2017,17.191,17.262,17.336,,,
1/05/2017,16.78,16.842,16.913,,,
2/05/2017,16.769,16.831,16.902,,,
3/05/2017,16.487,16.546,16.616,,,
4/05/2017,16.244,16.303,16.373,,,
5/05/2017,16.215,16.274,16.344,,,
8/05/2017,16.199,16.258,16.328,,,
9/05/2017,16.008,16.067,16.136,,,
10/05/2017,16.151,16.207,16.277,,,
11/05/2017,16.209,16.265,16.334,,,
12/05/2017,16.346,16.402,16.471,,,
15/05/2017,16.561,16.603,16.672,,,
16/05/2017,16.693,16.747,16.818,,,
17/05/2017,16.852,16.906,16.978,,,
18/05/2017,16.621,16.67,16.742,,,
19/05/2017,16.75,16.796,16.867,,,
22/05/2017,17.143,17.191,17.262,,,
23/05/2017,17.091,17.139,17.21,,,
24/05/2017,17.077,17.117,17.189,,,
25/05/2017,17.152,17.193,17.266,,,
26/05/2017,17.283,17.323,17.398,,,
30/05/2017,17.427,17.502,17.603,,,
31/05/2017,17.406,17.481,17.581,,,
1/06/2017,17.281,17.356,17.456,,,
2/06/2017,17.525,17.6,17.7,,,
5/06/2017,17.581,17.657,17.757,,,
6/06/2017,17.71,17.787,17.886,,,
7/06/2017,17.62,17.697,17.799,,,
8/06/2017,17.414,17.49,17.593,,,
9/06/2017,17.223,17.299,17.404,,,
12/06/2017,16.944,17.017,17.123,,,
13/06/2017,16.767,16.839,16.946,,,
14/06/2017,17.136,17.208,17.315,,,
15/06/2017,16.716,16.782,16.888,,,
16/06/2017,16.661,16.721,16.826,,,
19/06/2017,16.502,16.565,16.672,,,
20/06/2017,16.417,16.476,16.583,,,
21/06/2017,16.374,16.434,16.54,,,
22/06/2017,16.509,16.573,16.679,,,
23/06/2017,16.647,16.707,16.812,,,
26/06/2017,16.572,16.631,16.736,,,
27/06/2017,16.588,16.651,16.756,,,
28/06/2017,16.727,16.791,16.896,,,
29/06/2017,16.586,16.654,16.759,,,
30/06/2017,16.568,16.627,16.732,,,
3/07/2017,16.037,16.092,16.196,,,
5/07/2017,15.842,15.896,15.998,,,
6/07/2017,15.927,15.983,16.085,,,
7/07/2017,15.371,15.425,15.525,,,
10/07/2017,15.577,15.629,15.728,,,
11/07/2017,15.697,15.745,15.842,,,
12/07/2017,15.839,15.887,15.985,,,
13/07/2017,15.642,15.691,15.787,,,
14/07/2017,15.884,15.933,16.029,,,
17/07/2017,16.05,16.099,16.196,,,
18/07/2017,16.222,16.268,16.365,,,
19/07/2017,16.251,16.297,16.393,,,
20/07/2017,16.299,16.345,16.441,,,
21/07/2017,16.41,16.457,16.553,,,
24/07/2017,16.398,16.443,16.54,,,
25/07/2017,16.497,16.542,16.64,,,
26/07/2017,16.415,16.459,16.556,,,
27/07/2017,16.529,16.573,16.67,,,
28/07/2017,16.695,16.793,16.891,,,
31/07/2017,16.786,16.884,16.984,,,
1/08/2017,16.764,16.862,16.961,,,
2/08/2017,16.733,16.83,16.93,,,
3/08/2017,16.63,16.725,16.824,,,
4/08/2017,16.252,16.344,16.44,,,
7/08/2017,16.251,16.339,16.433,,,
8/08/2017,16.389,16.475,16.566,,,
9/08/2017,16.863,16.948,17.037,,,
10/08/2017,17.065,17.152,17.243,,,
11/08/2017,17.07,17.156,17.247,,,
14/08/2017,17.122,17.208,17.298,,,
15/08/2017,16.714,16.801,16.891,,,
16/08/2017,16.94,17.026,17.116,,,
17/08/2017,17.053,17.14,17.231,,,
18/08/2017,17,17.087,17.179,,,
21/08/2017,17.015,17.096,17.187,,,
22/08/2017,16.982,17.06,17.15,,,
23/08/2017,17.046,17.126,17.215,,,
24/08/2017,16.963,17.046,17.137,,,
25/08/2017,17.049,17.132,17.223,,,
28/08/2017,17.441,17.529,17.622,,,
29/08/2017,17.426,17.516,17.608,,,
30/08/2017,17.404,17.503,17.597,,,
31/08/2017,17.48,17.575,17.667,,,
1/09/2017,17.719,17.816,17.909,,,
5/09/2017,17.845,17.941,18.035,,,
6/09/2017,17.816,17.91,18.004,,,
7/09/2017,18.016,18.116,18.209,,,
8/09/2017,18.027,18.123,18.217,,,
11/09/2017,17.807,17.902,17.997,,,
12/09/2017,17.795,17.89,17.987,,,
13/09/2017,17.772,17.867,17.967,,,
14/09/2017,17.698,17.789,17.891,,,
15/09/2017,17.611,17.701,17.803,,,
18/09/2017,17.071,17.156,17.255,,,
19/09/2017,17.195,17.279,17.377,,,
20/09/2017,17.251,17.334,17.431,,,
21/09/2017,16.937,17.018,17.113,,,
22/09/2017,16.903,16.984,17.079,,,
25/09/2017,17.059,17.147,17.242,,,
26/09/2017,16.804,16.883,16.977,,,
27/09/2017,16.748,16.827,16.922,,,
28/09/2017,16.847,16.942,17.007,,,
29/09/2017,16.676,16.771,16.837,,,
2/10/2017,16.654,16.75,16.815,,,
3/10/2017,16.65,16.745,16.808,,,
4/10/2017,16.624,16.719,16.782,,,
5/10/2017,16.638,16.732,16.795,,,
6/10/2017,16.79,16.885,16.949,,,
9/10/2017,16.971,17.066,17.13,,,
10/10/2017,17.207,17.304,17.37,,,
11/10/2017,17.133,17.23,17.296,,,
12/10/2017,17.266,17.364,17.43,,,
13/10/2017,17.411,17.509,17.574,,,
16/10/2017,17.369,17.465,17.529,,,
17/10/2017,17.041,17.136,17.2,,,
18/10/2017,16.997,17.092,17.156,,,
19/10/2017,17.255,17.351,17.414,,,
20/10/2017,17.078,17.174,17.237,,,
23/10/2017,17.075,17.172,17.236,,,
24/10/2017,16.966,17.063,17.127,,,
25/10/2017,16.925,17.023,17.087,,,
26/10/2017,16.811,16.909,16.973,,,
27/10/2017,16.752,16.85,16.912,,,
30/10/2017,16.847,16.945,17.007,,,
31/10/2017,16.693,16.79,16.852,,,
1/11/2017,17.176,17.274,17.337,,,
2/11/2017,17.137,17.234,17.297,,,
3/11/2017,16.834,16.93,16.993,,,
6/11/2017,17.235,17.332,17.395,,,
7/11/2017,16.94,17.037,17.102,,,
8/11/2017,17.138,17.235,17.3,,,
9/11/2017,16.975,17.071,17.135,,,
10/11/2017,16.871,16.965,17.028,,,
13/11/2017,17.047,17.141,17.205,,,
14/11/2017,17.073,17.167,17.231,,,
15/11/2017,16.971,17.066,17.13,,,
16/11/2017,17.072,17.168,17.232,,,
17/11/2017,17.373,17.471,17.537,,,
20/11/2017,16.842,16.941,17.006,,,
21/11/2017,16.96,17.062,17.128,,,
22/11/2017,17.112,17.216,17.284,,,
24/11/2017,16.992,17.093,17.163,,,
27/11/2017,17.02,17.119,17.188,,,
28/11/2017,16.822,16.918,16.986,,,
29/11/2017,16.457,16.561,16.631,,,
30/11/2017,16.382,16.474,16.544,,,
1/12/2017,16.297,16.388,16.458,,,
4/12/2017,16.284,16.373,16.443,,,
5/12/2017,15.973,16.068,16.138,,,
6/12/2017,15.868,15.955,16.024,,,
7/12/2017,15.715,15.802,15.87,,,
8/12/2017,15.736,15.823,15.892,,,
11/12/2017,15.697,15.785,15.854,,,
12/12/2017,15.582,15.668,15.736,,,
13/12/2017,15.784,15.869,15.938,,,
14/12/2017,15.85,15.934,16.003,,,
15/12/2017,15.978,16.063,16.132,,,
18/12/2017,16.12,16.205,16.274,,,
19/12/2017,16.066,16.153,16.223,,,
20/12/2017,16.188,16.275,16.351,,,
21/12/2017,16.152,16.239,16.314,,,
22/12/2017,16.357,16.444,16.519,,,
26/12/2017,16.52,16.604,16.679,,,
27/12/2017,16.619,16.756,16.832,,,
28/12/2017,16.923,16.998,17.071,,,
29/12/2017,17.145,17.221,17.294,,,
2/01/2018,17.206,17.282,17.353,,,
3/01/2018,17.267,17.344,17.417,,,
4/01/2018,17.269,17.346,17.422,,,
5/01/2018,17.285,17.365,17.445,,,
8/01/2018,17.144,17.224,17.304,,,
9/01/2018,17.01,17.09,17.171,,,
10/01/2018,17.035,17.116,17.199,,,
11/01/2018,16.966,17.047,17.13,,,
12/01/2018,17.141,17.224,17.311,,,
16/01/2018,17.189,17.274,17.362,,,
17/01/2018,17.166,17.251,17.34,,,
18/01/2018,16.954,17.039,17.128,,,
19/01/2018,17.036,17.12,17.208,,,
22/01/2018,16.989,17.075,17.164,,,
23/01/2018,16.913,16.999,17.088,,,
24/01/2018,17.489,17.577,17.668,,,
25/01/2018,17.615,17.703,17.795,,,
26/01/2018,17.441,17.527,17.617,,,
29/01/2018,17.127,17.213,17.303,,,
30/01/2018,17.058,17.144,17.235,,,
31/01/2018,17.241,17.33,17.422,,,
1/02/2018,17.155,17.244,17.336,,,
2/02/2018,16.709,16.795,16.887,,,
5/02/2018,16.671,16.757,16.849,,,
6/02/2018,16.58,16.666,16.757,,,
7/02/2018,16.238,16.322,16.41,,,
8/02/2018,16.341,16.425,16.512,,,
9/02/2018,16.139,16.221,16.308,,,
12/02/2018,16.57,16.651,16.737,,,
13/02/2018,16.528,16.609,16.694,,,
14/02/2018,16.878,16.959,17.044,,,
15/02/2018,16.796,16.879,16.966,,,
16/02/2018,16.712,16.796,16.884,,,
20/02/2018,16.438,16.513,16.599,,,
21/02/2018,16.617,16.678,16.768,,,
22/02/2018,16.587,16.638,16.728,,,
23/02/2018,16.484,16.549,16.64,,,
26/02/2018,16.55,16.622,16.713,,,
27/02/2018,16.346,16.434,16.527,,,
28/02/2018,16.324,16.407,16.499,,,
1/03/2018,16.2,16.276,16.367,,,
2/03/2018,16.392,16.466,16.559,,,
5/03/2018,16.338,16.412,16.503,,,
6/03/2018,16.715,16.784,16.872,,,
7/03/2018,16.428,16.494,16.582,,,
8/03/2018,16.436,16.5,16.588,,,
9/03/2018,16.546,16.608,16.699,,,
12/03/2018,16.471,16.536,16.626,,,
13/03/2018,16.559,16.627,16.717,,,
14/03/2018,16.467,16.537,16.626,,,
15/03/2018,16.353,16.422,16.507,,,
16/03/2018,16.202,16.272,16.357,,,
19/03/2018,16.255,16.325,16.41,,,
20/03/2018,16.125,16.185,16.27,,,
21/03/2018,16.357,16.419,16.506,,,
22/03/2018,16.328,16.387,16.474,,,
23/03/2018,16.53,16.582,16.671,,,
26/03/2018,16.632,16.684,16.774,,,
27/03/2018,16.489,16.541,16.631,,,
28/03/2018,16.253,16.341,16.44,,,
29/03/2018,16.268,16.354,16.452,,,
2/04/2018,16.672,16.759,16.857,,,
3/04/2018,16.392,16.474,16.57,,,
4/04/2018,16.254,16.333,16.428,,,
5/04/2018,16.355,16.434,16.526,,,
6/04/2018,16.362,16.442,16.534,,,
9/04/2018,16.529,16.605,16.693,,,
10/04/2018,16.596,16.664,16.748,,,
11/04/2018,16.768,16.834,16.919,,,
12/04/2018,16.473,16.539,16.625,,,
13/04/2018,16.658,16.723,16.811,,,
16/04/2018,16.677,16.738,16.824,,,
17/04/2018,16.787,16.845,16.93,,,
18/04/2018,17.248,17.315,17.401,,,
19/04/2018,17.239,17.305,17.391,,,
20/04/2018,17.163,17.221,17.307,,,
23/04/2018,16.587,16.658,16.745,,,
24/04/2018,16.703,16.787,16.874,,,
25/04/2018,16.502,16.577,16.666,,,
26/04/2018,16.491,16.567,16.657,,,
27/04/2018,16.406,16.497,16.584,,,
30/04/2018,16.312,16.401,16.486,,,
1/05/2018,16.039,16.127,16.211,,,
2/05/2018,16.291,16.375,16.459,,,
3/05/2018,16.362,16.447,16.532,,,
4/05/2018,16.434,16.519,16.605,,,
7/05/2018,16.413,16.495,16.582,,,
8/05/2018,16.388,16.472,16.56,,,
9/05/2018,16.458,16.539,16.628,,,
10/05/2018,16.68,16.759,16.849,,,
11/05/2018,16.676,16.752,16.842,,,
14/05/2018,16.57,16.645,16.733,,,
15/05/2018,16.194,16.269,16.355,,,
16/05/2018,16.297,16.371,16.458,,,
17/05/2018,16.413,16.481,16.568,,,
18/05/2018,16.387,16.455,16.541,,,
21/05/2018,16.452,16.52,16.603,,,
22/05/2018,16.508,16.575,16.658,,,
23/05/2018,16.338,16.405,16.49,,,
24/05/2018,16.621,16.687,16.772,,,
25/05/2018,16.481,16.546,16.631,,,
29/05/2018,16.305,16.373,16.459,,,
30/05/2018,16.544,16.63,16.764,,,
31/05/2018,16.458,16.543,16.676,,,
1/06/2018,16.441,16.527,16.659,,,
4/06/2018,16.431,16.516,16.649,,,
5/06/2018,16.543,16.627,16.758,,,
6/06/2018,16.694,16.774,16.9,,,
7/06/2018,16.815,16.893,17.019,,,
8/06/2018,16.741,16.819,16.946,,,
11/06/2018,16.952,17.031,17.159,,,
12/06/2018,16.891,16.97,17.098,,,
13/06/2018,16.991,17.071,17.199,,,
14/06/2018,17.262,17.342,17.47,,,
15/06/2018,16.48,16.557,16.68,,,
18/06/2018,16.44,16.516,16.637,,,
19/06/2018,16.323,16.396,16.518,,,
20/06/2018,16.309,16.382,16.503,,,
21/06/2018,16.326,16.404,16.524,,,
22/06/2018,16.459,16.539,16.661,,,
25/06/2018,16.328,16.407,16.528,,,
26/06/2018,16.25,16.331,16.449,,,
27/06/2018,16.151,16.237,16.355,,,
28/06/2018,15.951,16.041,16.159,,,
29/06/2018,16.104,16.198,16.316,,,
2/07/2018,15.744,15.835,15.95,,,
3/07/2018,15.952,16.043,16.158,,,
5/07/2018,16.008,16.097,16.212,,,
6/07/2018,15.981,16.069,16.184,,,
9/07/2018,16.053,16.139,16.256,,,
10/07/2018,16.003,16.087,16.204,,,
11/07/2018,15.732,15.817,15.933,,,
12/07/2018,15.898,15.977,16.094,,,
13/07/2018,15.739,15.815,15.931,,,
16/07/2018,15.735,15.812,15.927,,,
17/07/2018,15.546,15.617,15.729,,,
18/07/2018,15.503,15.574,15.684,,,
19/07/2018,15.34,15.402,15.508,,,
20/07/2018,15.49,15.549,15.652,,,
23/07/2018,15.368,15.425,15.525,,,
24/07/2018,15.463,15.52,15.618,,,
25/07/2018,15.533,15.589,15.688,,,
26/07/2018,15.438,15.495,15.594,,,
27/07/2018,15.436,15.493,15.591,,,
30/07/2018,15.537,15.635,15.74,,,
31/07/2018,15.559,15.659,15.767,,,
1/08/2018,15.452,15.555,15.664,,,
2/08/2018,15.385,15.484,15.589,,,
3/08/2018,15.462,15.562,15.668,,,
6/08/2018,15.348,15.446,15.551,,,
7/08/2018,15.373,15.472,15.58,,,
8/08/2018,15.432,15.53,15.639,,,
9/08/2018,15.462,15.561,15.673,,,
10/08/2018,15.295,15.393,15.505,,,
13/08/2018,14.982,15.079,15.189,,,
14/08/2018,15.053,15.15,15.26,,,
15/08/2018,14.454,14.549,14.656,,,
16/08/2018,14.713,14.808,14.913,,,
17/08/2018,14.631,14.725,14.83,,,
20/08/2018,14.67,14.762,14.863,,,
21/08/2018,14.766,14.86,14.963,,,
22/08/2018,14.75,14.85,14.953,,,
23/08/2018,14.542,14.642,14.744,,,
24/08/2018,14.794,14.901,15.006,,,
27/08/2018,14.859,14.972,15.078,,,
28/08/2018,14.774,14.899,15.009,,,
29/08/2018,14.697,14.81,14.92,,,
30/08/2018,14.477,14.594,14.705,,,
31/08/2018,14.438,14.557,14.667,,,
4/09/2018,14.061,14.18,14.284,,,
5/09/2018,14.118,14.22,14.322,,,
6/09/2018,14.075,14.181,14.282,,,
7/09/2018,14.067,14.17,14.271,,,
10/09/2018,14.079,14.181,14.286,,,
11/09/2018,14.052,14.153,14.26,,,
12/09/2018,14.192,14.293,14.402,,,
13/09/2018,14.143,14.244,14.355,,,
14/09/2018,14.042,14.142,14.251,,,
17/09/2018,14.122,14.223,14.334,,,
18/09/2018,14.084,14.185,14.295,,,
19/09/2018,14.189,14.28,14.385,,,
20/09/2018,14.215,14.305,14.41,,,
21/09/2018,14.269,14.359,14.464,,,
24/09/2018,14.251,14.341,14.445,,,
25/09/2018,14.398,14.493,14.6,,,
26/09/2018,14.305,14.401,14.508,,,
27/09/2018,14.29,14.395,14.472,,,
28/09/2018,14.712,14.82,14.898,,,
1/10/2018,14.507,14.614,14.694,,,
2/10/2018,14.693,14.801,14.881,,,
3/10/2018,14.67,14.779,14.86,,,
4/10/2018,14.59,14.701,14.784,,,
5/10/2018,14.649,14.767,14.852,,,
8/10/2018,14.329,14.446,14.529,,,
9/10/2018,14.4,14.517,14.601,,,
10/10/2018,14.326,14.444,14.528,,,
11/10/2018,14.606,14.726,14.81,,,
12/10/2018,14.635,14.754,14.835,,,
15/10/2018,14.727,14.847,14.928,,,
16/10/2018,14.701,14.819,14.899,,,
17/10/2018,14.663,14.782,14.862,,,
18/10/2018,14.604,14.722,14.8,,,
19/10/2018,14.65,14.765,14.845,,,
22/10/2018,14.587,14.702,14.783,,,
23/10/2018,14.793,14.914,14.996,,,
24/10/2018,14.676,14.795,14.876,,,
25/10/2018,14.63,14.75,14.831,,,
26/10/2018,14.7,14.82,14.901,,,
29/10/2018,14.442,14.562,14.644,,,
30/10/2018,14.462,14.581,14.663,,,
31/10/2018,14.282,14.399,14.484,,,
1/11/2018,14.777,14.898,14.981,,,
2/11/2018,14.756,14.878,14.964,,,
5/11/2018,14.647,14.771,14.858,,,
6/11/2018,14.5,14.624,14.71,,,
7/11/2018,14.569,14.694,14.782,,,
8/11/2018,14.423,14.547,14.638,,,
9/11/2018,14.14,14.261,14.354,,,
12/11/2018,14.011,14.134,14.229,,,
13/11/2018,13.977,14.098,14.193,,,
14/11/2018,14.08,14.203,14.298,,,
15/11/2018,14.263,14.386,14.479,,,
16/11/2018,14.382,14.509,14.602,,,
19/11/2018,14.403,14.527,14.619,,,
20/11/2018,14.269,14.389,14.48,,,
21/11/2018,14.502,14.625,14.719,,,
23/11/2018,14.243,14.367,14.462,,,
26/11/2018,14.205,14.343,14.438,,,
27/11/2018,14.084,14.221,14.313,,,
28/11/2018,14.325,14.455,14.546,,,
29/11/2018,14.273,14.402,14.492,,,
30/11/2018,14.094,14.217,14.307,,,
3/12/2018,14.381,14.499,14.591,,,
4/12/2018,14.521,14.64,14.732,,,
5/12/2018,14.463,14.582,14.673,,,
6/12/2018,14.39,14.509,14.597,,,
7/12/2018,14.572,14.696,14.782,,,
10/12/2018,14.478,14.605,14.691,,,
11/12/2018,14.499,14.628,14.713,,,
12/12/2018,14.725,14.851,14.935,,,
13/12/2018,14.729,14.855,14.938,,,
14/12/2018,14.513,14.637,14.722,,,
17/12/2018,14.639,14.759,14.844,,,
18/12/2018,14.585,14.701,14.787,,,
19/12/2018,14.702,14.818,14.904,,,
20/12/2018,14.753,14.869,14.956,,,
21/12/2018,14.583,14.702,14.788,,,
24/12/2018,14.701,14.82,14.905,,,
26/12/2018,15.004,15.123,15.212,,,
27/12/2018,15.191,15.31,15.398,,,
28/12/2018,15.436,15.521,15.606,,,
31/12/2018,15.54,15.626,15.711,,,
2/01/2019,15.649,15.735,15.819,,,
3/01/2019,15.797,15.885,15.974,,,
4/01/2019,15.786,15.876,15.966,,,
7/01/2019,15.756,15.846,15.935,,,
8/01/2019,15.713,15.806,15.898,,,
9/01/2019,15.735,15.831,15.92,,,
10/01/2019,15.643,15.739,15.829,,,
11/01/2019,15.656,15.751,15.841,,,
14/01/2019,15.686,15.781,15.871,,,
15/01/2019,15.62,15.711,15.801,,,
16/01/2019,15.638,15.729,15.82,,,
17/01/2019,15.536,15.628,15.718,,,
18/01/2019,15.399,15.489,15.579,,,
22/01/2019,15.325,15.415,15.503,,,
23/01/2019,15.38,15.471,15.559,,,
24/01/2019,15.3,15.392,15.479,,,
25/01/2019,15.699,15.791,15.88,,,
28/01/2019,15.765,15.858,15.948,,,
29/01/2019,15.839,15.933,16.025,,,
30/01/2019,15.927,16.021,16.113,,,
31/01/2019,16.072,16.166,16.257,,,
1/02/2019,15.931,16.026,16.118,,,
4/02/2019,15.886,15.984,16.076,,,
5/02/2019,15.836,15.935,16.027,,,
6/02/2019,15.701,15.8,15.892,,,
7/02/2019,15.713,15.811,15.906,,,
8/02/2019,15.809,15.907,16.004,,,
11/02/2019,15.69,15.788,15.886,,,
12/02/2019,15.69,15.788,15.884,,,
13/02/2019,15.652,15.748,15.844,,,
14/02/2019,15.528,15.622,15.717,,,
15/02/2019,15.743,15.84,15.935,,,
19/02/2019,15.967,16.067,16.162,,,
20/02/2019,16.177,16.281,16.375,,,
21/02/2019,15.801,15.906,16,,,
22/02/2019,15.914,16.012,16.106,,,
25/02/2019,15.83,15.928,16.024,,,
26/02/2019,15.832,15.926,16.021,,,
27/02/2019,15.672,15.766,15.863,,,
28/02/2019,15.538,15.634,15.73,,,
1/03/2019,15.169,15.256,15.35,,,
4/03/2019,15.017,15.105,15.199,,,
5/03/2019,15.02,15.105,15.2,,,
6/03/2019,15.003,15.085,15.179,,,
7/03/2019,14.96,15.04,15.133,,,
8/03/2019,15.272,15.349,15.442,,,
11/03/2019,15.197,15.274,15.367,,,
12/03/2019,15.338,15.413,15.506,,,
13/03/2019,15.381,15.456,15.55,,,
14/03/2019,15.101,15.171,15.263,,,
15/03/2019,15.253,15.324,15.418,,,
18/03/2019,15.251,15.322,15.416,,,
19/03/2019,15.301,15.372,15.466,,,
20/03/2019,15.245,15.318,15.411,,,
21/03/2019,15.372,15.437,15.53,,,
22/03/2019,15.345,15.407,15.5,,,
25/03/2019,15.507,15.567,15.66,,,
26/03/2019,15.371,15.429,15.522,,,
27/03/2019,15.239,15.298,15.392,,,
28/03/2019,14.973,15.065,15.155,,,
29/03/2019,15.11,15.204,15.295,,,
1/04/2019,15.099,15.194,15.287,,,
2/04/2019,15.061,15.153,15.246,,,
3/04/2019,15.102,15.194,15.287,,,
4/04/2019,15.084,15.175,15.266,,,
5/04/2019,15.086,15.177,15.27,,,
8/04/2019,15.216,15.308,15.403,,,
9/04/2019,15.211,15.304,15.398,,,
10/04/2019,15.244,15.336,15.43,,,
11/04/2019,14.867,14.957,15.05,,,
12/04/2019,14.963,15.053,15.145,,,
15/04/2019,14.975,15.062,15.154,,,
16/04/2019,14.915,14.998,15.089,,,
17/04/2019,14.939,15.018,15.107,,,
18/04/2019,14.955,15.038,15.127,,,
22/04/2019,14.975,15.058,15.147,,,
23/04/2019,14.791,14.865,14.955,,,
24/04/2019,14.916,14.996,15.084,,,
25/04/2019,14.879,14.96,15.047,,,
26/04/2019,15.005,15.088,15.174,,,
29/04/2019,14.844,14.933,15.019,,,
30/04/2019,14.9,14.984,15.069,,,
1/05/2019,14.645,14.729,14.815,,,
2/05/2019,14.54,14.617,14.699,,,
3/05/2019,14.907,14.978,15.062,,,
6/05/2019,14.857,14.927,15.01,,,
7/05/2019,14.86,14.926,15.009,,,
8/05/2019,14.792,14.862,14.944,,,
9/05/2019,14.707,14.773,14.853,,,
10/05/2019,14.726,14.79,14.87,,,
13/05/2019,14.713,14.777,14.857,,,
14/05/2019,14.752,14.812,14.892,,,
15/05/2019,14.752,14.812,14.889,,,
16/05/2019,14.479,14.539,14.615,,,
17/05/2019,14.348,14.388,14.466,,,
20/05/2019,14.409,14.445,14.523,,,
21/05/2019,14.373,14.41,14.487,,,
22/05/2019,14.414,14.449,14.527,,,
23/05/2019,14.577,14.613,14.692,,,
24/05/2019,14.52,14.555,14.636,,,
28/05/2019,14.281,14.32,14.401,,,
29/05/2019,14.372,14.411,14.488,,,
30/05/2019,14.491,14.569,14.679,,,
31/05/2019,14.567,14.646,14.756,,,
3/06/2019,14.74,14.819,14.926,,,
4/06/2019,14.769,14.845,14.953,,,
5/06/2019,14.791,14.862,14.969,,,
6/06/2019,14.905,14.978,15.084,,,
7/06/2019,15.031,15.107,15.218,,,
10/06/2019,14.639,14.713,14.824,,,
11/06/2019,14.74,14.815,14.925,,,
12/06/2019,14.753,14.827,14.934,,,
13/06/2019,14.892,14.964,15.069,,,
14/06/2019,14.803,14.878,14.984,,,
17/06/2019,14.829,14.902,15.008,,,
18/06/2019,14.993,15.067,15.17,,,
19/06/2019,14.958,15.032,15.135,,,
20/06/2019,15.492,15.568,15.669,,,
21/06/2019,15.29,15.37,15.473,,,
24/06/2019,15.377,15.461,15.56,,,
25/06/2019,15.3,15.383,15.49,,,
26/06/2019,15.294,15.375,15.481,,,
27/06/2019,15.205,15.294,15.4,,,
28/06/2019,15.253,15.341,15.447,,,
1/07/2019,15.106,15.193,15.301,,,
2/07/2019,15.154,15.238,15.351,,,
3/07/2019,15.252,15.336,15.45,,,
5/07/2019,14.918,15.001,15.118,,,
8/07/2019,14.972,15.05,15.167,,,
9/07/2019,15.068,15.147,15.264,,,
10/07/2019,15.147,15.226,15.344,,,
11/07/2019,15.067,15.146,15.264,,,
12/07/2019,15.161,15.236,15.354,,,
15/07/2019,15.29,15.365,15.482,,,
16/07/2019,15.6,15.678,15.795,,,
17/07/2019,15.893,15.971,16.086,,,
18/07/2019,16.12,16.198,16.315,,,
19/07/2019,16.117,16.195,16.315,,,
22/07/2019,16.34,16.411,16.531,,,
23/07/2019,16.405,16.476,16.597,,,
24/07/2019,16.554,16.626,16.75,,,
25/07/2019,16.339,16.411,16.536,,,
26/07/2019,16.325,16.397,16.525,,,
29/07/2019,16.368,16.44,16.569,,,
30/07/2019,16.558,16.688,16.81,,,
31/07/2019,16.405,16.533,16.655,,,
1/08/2019,16.18,16.309,16.432,,,
2/08/2019,16.27,16.4,16.52,,,
5/08/2019,16.393,16.523,16.64,,,
6/08/2019,16.445,16.575,16.692,,,
7/08/2019,17.196,17.33,17.447,,,
8/08/2019,16.936,17.071,17.186,,,
9/08/2019,16.931,17.069,17.185,,,
12/08/2019,17.071,17.208,17.323,,,
13/08/2019,16.985,17.125,17.246,,,
14/08/2019,17.28,17.422,17.54,,,
15/08/2019,17.214,17.353,17.469,,,
16/08/2019,17.122,17.263,17.378,,,
19/08/2019,16.94,17.076,17.191,,,
20/08/2019,17.148,17.286,17.401,,,
21/08/2019,17.151,17.29,17.405,,,
22/08/2019,17.04,17.178,17.291,,,
23/08/2019,17.413,17.554,17.668,,,
26/08/2019,17.641,17.785,17.902,,,
27/08/2019,18.153,18.298,18.416,,,
28/08/2019,18.318,18.456,18.577,,,
29/08/2019,18.167,18.323,18.448,,,
30/08/2019,18.185,18.342,18.467,,,
3/09/2019,19.079,19.237,19.367,,,
4/09/2019,19.391,19.547,19.682,,,
5/09/2019,18.656,18.807,18.942,,,
6/09/2019,17.968,18.119,18.253,,,
9/09/2019,18.019,18.167,18.299,,,
10/09/2019,18.041,18.186,18.318,,,
11/09/2019,18.031,18.17,18.303,,,
12/09/2019,18.041,18.177,18.311,,,
13/09/2019,17.436,17.569,17.703,,,
16/09/2019,17.901,18.026,18.16,,,
17/09/2019,18.016,18.14,18.274,,,
18/09/2019,17.795,17.919,18.052,,,
19/09/2019,17.773,17.884,18.017,,,
20/09/2019,17.738,17.849,17.981,,,
23/09/2019,18.6,18.711,18.846,,,
24/09/2019,18.517,18.628,18.764,,,
25/09/2019,17.962,18.073,18.208,,,
26/09/2019,17.801,17.912,18.047,,,
27/09/2019,17.652,17.787,17.863,,,
30/09/2019,16.998,17.13,17.206,,,
1/10/2019,17.302,17.434,17.508,,,
2/10/2019,17.683,17.816,17.89,,,
3/10/2019,17.676,17.808,17.881,,,
4/10/2019,17.625,17.757,17.831,,,
7/10/2019,17.54,17.674,17.748,,,
8/10/2019,17.7,17.835,17.908,,,
9/10/2019,17.81,17.947,18.019,,,
10/10/2019,17.602,17.739,17.812,,,
11/10/2019,17.544,17.681,17.754,,,
14/10/2019,17.71,17.847,17.919,,,
15/10/2019,17.384,17.52,17.592,,,
16/10/2019,17.427,17.564,17.637,,,
17/10/2019,17.612,17.752,17.825,,,
18/10/2019,17.578,17.719,17.792,,,
21/10/2019,17.602,17.745,17.818,,,
22/10/2019,17.5,17.644,17.718,,,
23/10/2019,17.58,17.726,17.804,,,
24/10/2019,17.804,17.953,18.032,,,
25/10/2019,17.926,18.077,18.157,,,
28/10/2019,17.876,18.029,18.109,,,
29/10/2019,17.831,17.984,18.062,,,
30/10/2019,17.867,18.02,18.099,,,
31/10/2019,18.067,18.22,18.303,,,
1/11/2019,18.052,18.206,18.293,,,
4/11/2019,18.066,18.22,18.308,,,
5/11/2019,17.568,17.718,17.806,,,
6/11/2019,17.598,17.749,17.837,,,
7/11/2019,17.01,17.157,17.245,,,
8/11/2019,16.823,16.969,17.053,,,
11/11/2019,16.802,16.948,17.033,,,
12/11/2019,16.692,16.835,16.916,,,
13/11/2019,16.913,17.057,17.14,,,
14/11/2019,17.028,17.172,17.254,,,
15/11/2019,16.948,17.092,17.171,,,
18/11/2019,17,17.143,17.22,,,
19/11/2019,17.118,17.265,17.344,,,
20/11/2019,17.115,17.261,17.339,,,
21/11/2019,17.065,17.211,17.289,,,
22/11/2019,17,17.147,17.224,,,
25/11/2019,16.886,17.03,17.111,,,
26/11/2019,17.045,17.188,17.271,,,
27/11/2019,16.912,17.055,17.142,,,
29/11/2019,16.969,17.106,17.193,,,
2/12/2019,16.836,16.966,17.054,,,
3/12/2019,17.125,17.248,17.336,,,
4/12/2019,16.797,16.916,17.003,,,
5/12/2019,16.942,17.059,17.146,,,
6/12/2019,16.481,16.596,16.682,,,
9/12/2019,16.532,16.642,16.729,,,
10/12/2019,16.596,16.702,16.79,,,
11/12/2019,16.744,16.849,16.938,,,
12/12/2019,16.845,16.949,17.038,,,
13/12/2019,16.912,17.012,17.1,,,
16/12/2019,17.019,17.113,17.201,,,
17/12/2019,16.978,17.072,17.16,,,
18/12/2019,16.953,17.049,17.136,,,
19/12/2019,17.058,17.154,17.242,,,
20/12/2019,17.128,17.224,17.312,,,
23/12/2019,17.403,17.499,17.588,,,
24/12/2019,17.757,17.853,17.942,,,
26/12/2019,17.894,17.99,18.077,,,
27/12/2019,17.849,17.943,18.031,,,
30/12/2019,18.001,18.089,18.169,,,
31/12/2019,17.921,18.009,18.089,,,
2/01/2020,18.046,18.134,18.213,,,
3/01/2020,18.151,18.24,18.319,,,
6/01/2020,18.179,18.267,18.346,,,
7/01/2020,18.393,18.48,18.562,,,
8/01/2020,18.167,18.256,18.336,,,
9/01/2020,17.936,18.025,18.105,,,
10/01/2020,18.105,18.193,18.273,,,
13/01/2020,17.996,18.084,18.164,,,
14/01/2020,17.742,17.827,17.906,,,
15/01/2020,17.988,18.072,18.15,,,
16/01/2020,17.939,18.024,18.102,,,
17/01/2020,18.073,18.158,18.236,,,
21/01/2020,17.808,17.892,17.97,,,
22/01/2020,17.828,17.911,17.989,,,
23/01/2020,17.829,17.911,17.988,,,
24/01/2020,18.113,18.194,18.272,,,
27/01/2020,18.056,18.138,18.215,,,
28/01/2020,17.458,17.539,17.615,,,
29/01/2020,17.487,17.568,17.644,,,
30/01/2020,17.992,18.072,18.147,,,
31/01/2020,18.012,18.091,18.165,,,
3/02/2020,17.67,17.75,17.826,,,
4/02/2020,17.561,17.641,17.716,,,
5/02/2020,17.602,17.683,17.758,,,
6/02/2020,17.818,17.899,17.974,,,
7/02/2020,17.692,17.773,17.848,,,
10/02/2020,17.785,17.868,17.943,,,
11/02/2020,17.597,17.677,17.751,,,
12/02/2020,17.497,17.578,17.652,,,
13/02/2020,17.619,17.701,17.775,,,
14/02/2020,17.734,17.815,17.887,,,
18/02/2020,18.15,18.233,18.306,,,
19/02/2020,18.311,18.395,18.468,,,
20/02/2020,18.319,18.404,18.477,,,
21/02/2020,18.53,18.613,18.686,,,
24/02/2020,18.876,18.96,19.033,,,
25/02/2020,18.191,18.268,18.345,,,
26/02/2020,17.834,17.914,17.99,,,
27/02/2020,17.658,17.735,17.811,,,
28/02/2020,16.387,16.457,16.525,,,
2/03/2020,16.679,16.739,16.804,,,
3/03/2020,17.129,17.188,17.25,,,
4/03/2020,17.187,17.246,17.305,,,
5/03/2020,17.342,17.393,17.447,,,
6/03/2020,17.214,17.263,17.315,,,
9/03/2020,17.001,17.054,17.094,,,
10/03/2020,16.906,16.955,16.998,,,
11/03/2020,16.729,16.776,16.818,,,
12/03/2020,15.961,16.005,16.041,,,
13/03/2020,14.456,14.5,14.534,,,
16/03/2020,12.772,12.816,12.845,,,
17/03/2020,12.469,12.495,12.527,,,
18/03/2020,11.735,11.772,11.805,,,
19/03/2020,12.097,12.134,12.174,,,
20/03/2020,12.349,12.385,12.425,,,
23/03/2020,13.225,13.261,13.312,,,
24/03/2020,14.229,14.257,14.263,,,
25/03/2020,14.837,14.873,14.855,,,
26/03/2020,14.64,14.676,14.685,,,
27/03/2020,14.498,14.534,14.583,,,
30/03/2020,14.132,14.179,14.221,,,
31/03/2020,14.156,14.191,14.232,,,
1/04/2020,13.984,14.024,14.064,,,
2/04/2020,14.654,14.686,14.724,,,
3/04/2020,14.494,14.523,14.555,,,
6/04/2020,15.169,15.208,15.232,,,
7/04/2020,15.48,15.532,15.558,,,
8/04/2020,15.205,15.268,15.301,,,
9/04/2020,16.053,16.242,16.272,,,
13/04/2020,15.537,15.737,15.772,,,
14/04/2020,16.13,16.341,16.35,,,
15/04/2020,15.505,15.654,15.663,,,
16/04/2020,15.622,15.766,15.775,,,
17/04/2020,15.295,15.445,15.463,,,
20/04/2020,15.614,15.75,15.76,,,
21/04/2020,14.876,14.991,15.017,,,
22/04/2020,15.335,15.503,15.531,,,
23/04/2020,15.357,15.526,15.545,,,
24/04/2020,15.263,15.445,15.464,,,
27/04/2020,15.21,15.341,15.379,,,
28/04/2020,15.171,15.328,15.38,,,
29/04/2020,15.16,15.315,15.385,,,
30/04/2020,14.898,14.973,15.079,,,
1/05/2020,14.863,14.938,15.035,,,
4/05/2020,14.722,14.796,14.884,,,
5/05/2020,15.057,15.11,15.201,,,
6/05/2020,14.987,15.015,15.103,,,
7/05/2020,15.562,15.59,15.664,,,
8/05/2020,15.74,15.778,15.835,,,
11/05/2020,15.636,15.68,15.754,,,
12/05/2020,15.687,15.709,15.777,,,
13/05/2020,15.663,15.671,15.729,,,
14/05/2020,16.136,16.156,16.209,,,
15/05/2020,17.046,17.07,17.121,,,
18/05/2020,17.464,17.468,17.53,,,
19/05/2020,17.892,17.901,17.956,,,
20/05/2020,18.002,18.031,18.082,,,
21/05/2020,17.335,17.364,17.424,,,
22/05/2020,17.664,17.693,17.763,,,
26/05/2020,17.565,17.595,17.674,,,
27/05/2020,17.686,17.757,17.838,,,
28/05/2020,17.967,18.05,18.147,,,
29/05/2020,18.499,18.584,18.679,,,
1/06/2020,18.827,18.951,19.089,,,
2/06/2020,18.26,18.388,18.545,,,
3/06/2020,17.958,18.09,18.249,,,
4/06/2020,18.061,18.206,18.36,,,
5/06/2020,17.479,17.668,17.885,,,
8/06/2020,17.893,18.098,18.317,,,
9/06/2020,17.794,17.986,18.193,,,
10/06/2020,17.796,17.973,18.17,,,
11/06/2020,17.889,18.061,18.263,,,
12/06/2020,17.482,17.642,17.834,,,
15/06/2020,17.399,17.552,17.739,,,
16/06/2020,17.652,17.798,17.988,,,
17/06/2020,17.775,17.934,18.122,,,
18/06/2020,17.508,17.67,17.855,,,
19/06/2020,17.847,18.022,18.207,,,
22/06/2020,17.902,18.074,18.258,,,
23/06/2020,18.063,18.239,18.421,,,
24/06/2020,17.67,17.811,18,,,
25/06/2020,17.895,18.051,18.232,,,
26/06/2020,18.035,18.168,18.343,,,
29/06/2020,17.98,18.064,18.235,,,
30/06/2020,18.541,18.637,18.803,,,
1/07/2020,18.133,18.218,18.406,,,
2/07/2020,18.244,18.322,18.511,,,
6/07/2020,18.504,18.582,18.774,,,
7/07/2020,18.628,18.699,18.898,,,
8/07/2020,19.081,19.161,19.347,,,
9/07/2020,18.882,18.962,19.15,,,
10/07/2020,18.983,19.053,19.231,,,
13/07/2020,19.709,19.788,19.963,,,
14/07/2020,19.451,19.53,19.701,,,
15/07/2020,19.685,19.761,19.933,,,
16/07/2020,19.497,19.573,19.747,,,
17/07/2020,19.685,19.764,19.961,,,
20/07/2020,20.124,20.192,20.388,,,
21/07/2020,21.497,21.557,21.756,,,
22/07/2020,23.083,23.144,23.364,,,
23/07/2020,22.945,22.988,23.208,,,
24/07/2020,22.808,22.85,23.08,,,
27/07/2020,24.476,24.501,24.747,,,
28/07/2020,24.266,24.3,24.551,,,
29/07/2020,24.293,24.321,24.589,,,
30/07/2020,23.362,23.626,23.883,,,
31/07/2020,24.216,24.469,24.712,,,
3/08/2020,24.417,24.652,24.881,,,
4/08/2020,26.028,26.268,26.5,,,
5/08/2020,26.89,27.141,27.401,,,
6/08/2020,28.4,28.679,28.955,,,
7/08/2020,27.54,27.797,28.042,,,
10/08/2020,29.261,29.483,29.703,,,
11/08/2020,26.049,26.25,26.452,,,
12/08/2020,25.979,26.179,26.378,,,
13/08/2020,27.718,27.929,28.09,,,
14/08/2020,26.089,26.258,26.423,,,
17/08/2020,27.667,27.834,27.997,,,
18/08/2020,28.075,28.243,28.424,,,
19/08/2020,27.34,27.486,27.657,,,
20/08/2020,27.147,27.301,27.461,,,
21/08/2020,26.732,26.877,27.024,,,
24/08/2020,26.607,26.768,26.931,,,
25/08/2020,26.273,26.426,26.577,,,
26/08/2020,27.449,27.604,27.793,,,
27/08/2020,27.025,27.198,27.377,,,
28/08/2020,27.61,27.79,27.956,,,
31/08/2020,28.437,28.594,28.756,,,
1/09/2020,28.486,28.645,28.805,,,
2/09/2020,27.249,27.395,27.565,,,
3/09/2020,26.735,26.875,27.038,,,
4/09/2020,26.576,26.712,26.873,,,
8/09/2020,26.864,26.991,27.152,,,
9/09/2020,26.955,27.083,27.239,,,
10/09/2020,27.163,27.291,27.445,,,
11/09/2020,26.739,26.857,27.016,,,
14/09/2020,27.229,27.355,27.518,,,
15/09/2020,27.346,27.464,27.622,,,
16/09/2020,27.355,27.476,27.63,,,
17/09/2020,26.985,27.1,27.254,,,
18/09/2020,27.028,27.129,27.283,,,
21/09/2020,24.299,24.387,24.533,,,
22/09/2020,24.442,24.523,24.663,,,
23/09/2020,23.014,23.105,23.237,,,
24/09/2020,23.118,23.196,23.317,,,
25/09/2020,23.017,23.093,23.216,,,
28/09/2020,23.528,23.604,23.722,,,
29/09/2020,24.445,24.56,24.654,,,
30/09/2020,23.494,23.627,23.724,,,
1/10/2020,24.254,24.382,24.477,,,
2/10/2020,24.029,24.162,24.251,,,
5/10/2020,24.56,24.696,24.786,,,
6/10/2020,23.921,24.057,24.142,,,
7/10/2020,23.896,24.037,24.179,,,
8/10/2020,23.876,24.02,24.131,,,
9/10/2020,25.108,25.261,25.398,,,
12/10/2020,25.271,25.433,25.574,,,
13/10/2020,24.129,24.295,24.434,,,
14/10/2020,24.395,24.567,24.699,,,
15/10/2020,24.224,24.388,24.5,,,
16/10/2020,24.405,24.569,24.683,,,
19/10/2020,24.698,24.861,24.978,,,
20/10/2020,24.98,25.137,25.256,,,
21/10/2020,25.241,25.397,25.512,,,
22/10/2020,24.709,24.863,24.984,,,
23/10/2020,24.675,24.83,24.936,,,
26/10/2020,24.42,24.572,24.674,,,
27/10/2020,24.57,24.725,24.822,,,
28/10/2020,23.359,23.509,23.609,,,
29/10/2020,23.36,23.511,23.616,,,
30/10/2020,23.646,23.799,23.9,,,
2/11/2020,24.033,24.186,24.295,,,
3/11/2020,24.334,24.488,24.586,,,
4/11/2020,23.893,24.034,24.122,,,
5/11/2020,25.191,25.331,25.412,,,
6/11/2020,25.662,25.811,25.9,,,
9/11/2020,23.701,23.839,23.919,,,
10/11/2020,24.462,24.602,24.687,,,
11/11/2020,24.267,24.406,24.484,,,
12/11/2020,24.306,24.446,24.526,,,
13/11/2020,24.775,24.907,24.993,,,
16/11/2020,24.802,24.917,24.999,,,
17/11/2020,24.651,24.766,24.842,,,
18/11/2020,24.448,24.558,24.636,,,
19/11/2020,24.048,24.164,24.237,,,
20/11/2020,24.363,24.491,24.561,,,
23/11/2020,23.633,23.757,23.823,,,
24/11/2020,23.3,23.41,23.489,,,
25/11/2020,23.362,23.446,23.519,,,
27/11/2020,22.553,22.639,22.711,,,
30/11/2020,22.534,22.593,22.661,,,
1/12/2020,24.033,24.09,24.155,,,
2/12/2020,24.025,24.08,24.142,,,
3/12/2020,24.087,24.137,24.197,,,
4/12/2020,24.203,24.253,24.316,,,
7/12/2020,24.741,24.794,24.856,,,
8/12/2020,24.684,24.736,24.791,,,
9/12/2020,23.93,23.99,24.042,,,
10/12/2020,24.031,24.094,24.139,,,
11/12/2020,24.032,24.092,24.135,,,
14/12/2020,23.985,24.047,24.093,,,
15/12/2020,24.581,24.644,24.691,,,
16/12/2020,24.985,25.052,25.104,,,
17/12/2020,26.1,26.181,26.234,,,
18/12/2020,25.949,26.033,26.083,,,
21/12/2020,26.278,26.379,26.431,,,
22/12/2020,25.434,25.535,25.588,,,
23/12/2020,25.824,25.921,25.976,,,
24/12/2020,25.811,25.908,25.964,,,
28/12/2020,26.46,26.539,26.596,,,
29/12/2020,26.138,26.217,26.276,,,
30/12/2020,26.573,26.633,26.696,,,
31/12/2020,26.412,26.473,26.533,,,
4/01/2021,27.364,27.434,27.512,,,
5/01/2021,27.64,27.711,27.792,,,
6/01/2021,27.042,27.112,27.192,,,
7/01/2021,27.261,27.33,27.402,,,
8/01/2021,24.637,24.699,24.773,,,
11/01/2021,25.284,25.343,25.412,,,
12/01/2021,25.435,25.495,25.567,,,
13/01/2021,25.572,25.629,25.699,,,
14/01/2021,25.802,25.861,25.93,,,
15/01/2021,24.866,24.919,24.989,,,
19/01/2021,25.32,25.373,25.44,,,
20/01/2021,25.766,25.817,25.876,,,
21/01/2021,25.854,25.901,25.962,,,
22/01/2021,25.556,25.603,25.657,,,
25/01/2021,25.484,25.534,25.59,,,
26/01/2021,25.538,25.589,25.644,,,
27/01/2021,25.389,25.442,25.495,,,
28/01/2021,25.922,25.968,26.014,,,
29/01/2021,26.914,26.953,26.995,,,
1/02/2021,29.418,29.364,29.361,,,
2/02/2021,26.402,26.431,26.446,,,
3/02/2021,26.889,26.918,26.956,,,
4/02/2021,26.234,26.271,26.297,,,
5/02/2021,27.019,27.058,27.067,,,
8/02/2021,27.576,27.602,27.608,,,
9/02/2021,27.402,27.439,27.449,,,
10/02/2021,27.078,27.12,27.132,,,
11/02/2021,27.047,27.091,27.11,,,
12/02/2021,27.328,27.368,27.377,,,
16/02/2021,27.325,27.368,27.374,,,
17/02/2021,27.315,27.357,27.363,,,
18/02/2021,27.078,27.118,27.134,,,
19/02/2021,27.254,27.293,27.316,,,
22/02/2021,28.085,28.131,28.161,,,
23/02/2021,27.688,27.742,27.772,,,
24/02/2021,27.859,27.928,27.954,,,
25/02/2021,27.637,27.685,27.716,,,
26/02/2021,26.402,26.44,26.47,,,
1/03/2021,26.647,26.678,26.706,,,
2/03/2021,26.85,26.879,26.907,,,
3/03/2021,26.357,26.387,26.416,,,
4/03/2021,25.434,25.461,25.495,,,
5/03/2021,25.257,25.287,25.318,,,
8/03/2021,25.24,25.269,25.293,,,
9/03/2021,26.148,26.183,26.21,,,
10/03/2021,26.102,26.13,26.155,,,
11/03/2021,26.162,26.193,26.216,,,
12/03/2021,25.88,25.911,25.934,,,
15/03/2021,26.253,26.288,26.316,,,
16/03/2021,25.974,26.003,26.031,,,
17/03/2021,26.03,26.058,26.086,,,
18/03/2021,26.321,26.351,26.378,,,
19/03/2021,26.292,26.321,26.348,,,
22/03/2021,25.741,25.769,25.795,,,
23/03/2021,25.2,25.227,25.257,,,
24/03/2021,25.201,25.231,25.264,,,
25/03/2021,25.022,25.047,25.081,,,
26/03/2021,25.092,25.114,25.152,,,
29/03/2021,24.747,24.771,24.81,,,
30/03/2021,24.137,24.177,24.209,,,
31/03/2021,24.532,24.572,24.609,,,
1/04/2021,24.948,24.983,25.02,,,
2/04/2021,24.948,24.983,25.02,,,
5/04/2021,24.78,24.816,24.855,,,
6/04/2021,25.227,25.263,25.302,,,
7/04/2021,25.247,25.282,25.312,,,
8/04/2021,25.585,25.618,25.653,,,
9/04/2021,25.325,25.359,25.389,,,
12/04/2021,24.867,24.901,24.931,,,
13/04/2021,25.426,25.462,25.491,,,
14/04/2021,25.524,25.559,25.59,,,
15/04/2021,25.964,25.998,26.026,,,
16/04/2021,26.105,26.14,26.169,,,
19/04/2021,25.837,25.873,25.902,,,
20/04/2021,25.84,25.875,25.904,,,
21/04/2021,26.57,26.606,26.632,,,
22/04/2021,26.18,26.219,26.247,,,
23/04/2021,26.075,26.114,26.142,,,
26/04/2021,26.209,26.247,26.276,,,
27/04/2021,26.41,26.45,26.484,,,
28/04/2021,26.085,26.118,26.151,,,
29/04/2021,26.053,26.085,26.115,,,
30/04/2021,25.853,25.873,25.9,,,
3/05/2021,26.943,26.96,26.988,,,
4/05/2021,26.539,26.558,26.583,,,
5/05/2021,26.502,26.522,26.548,,,
6/05/2021,27.462,27.477,27.503,,,
7/05/2021,27.462,27.477,27.502,,,
10/05/2021,27.479,27.492,27.517,,,
11/05/2021,27.657,27.667,27.69,,,
12/05/2021,27.231,27.244,27.267,,,
13/05/2021,27.044,27.059,27.083,,,
14/05/2021,27.353,27.365,27.39,,,
17/05/2021,28.26,28.274,28.298,,,
18/05/2021,28.314,28.333,28.358,,,
19/05/2021,28.008,28.025,28.047,,,
20/05/2021,28.052,28.067,28.091,,,
21/05/2021,27.473,27.486,27.51,,,
24/05/2021,27.887,27.905,27.932,,,
25/05/2021,28.037,28.056,28.086,,,
26/05/2021,27.853,27.877,27.907,,,
27/05/2021,27.94,27.971,28.008,,,
28/05/2021,28.014,28.045,28.082,,,
1/06/2021,28.102,28.134,28.175,,,
2/06/2021,28.204,28.235,28.278,,,
3/06/2021,27.477,27.506,27.549,,,
4/06/2021,27.896,27.926,27.969,,,
7/06/2021,28.018,28.05,28.094,,,
8/06/2021,27.731,27.762,27.808,,,
9/06/2021,28.002,28.032,28.078,,,
10/06/2021,28.031,28.062,28.106,,,
11/06/2021,28.146,28.18,28.224,,,
14/06/2021,28.039,28.074,28.119,,,
15/06/2021,27.693,27.73,27.774,,,
16/06/2021,27.812,27.848,27.892,,,
17/06/2021,25.856,25.892,25.936,,,
18/06/2021,25.969,26.009,26.054,,,
21/06/2021,26.025,26.065,26.114,,,
22/06/2021,25.857,25.898,25.951,,,
23/06/2021,26.111,26.152,26.207,,,
24/06/2021,26.05,26.089,26.142,,,
25/06/2021,26.087,26.126,26.178,,,
28/06/2021,26.223,26.254,26.302,,,
29/06/2021,25.872,25.901,25.946,,,
30/06/2021,26.165,26.194,26.239,,,
1/07/2021,26.075,26.1,26.141,,,
2/07/2021,26.481,26.501,26.544,,,
6/07/2021,26.154,26.174,26.22,,,
7/07/2021,26.11,26.129,26.178,,,
8/07/2021,25.967,25.987,26.032,,,
9/07/2021,26.211,26.234,26.279,,,
12/07/2021,26.217,26.239,26.282,,,
13/07/2021,26.115,26.14,26.185,,,
14/07/2021,26.246,26.271,26.316,,,
15/07/2021,26.375,26.394,26.438,,,
16/07/2021,25.777,25.795,25.844,,,
19/07/2021,25.126,25.144,25.193,,,
20/07/2021,24.977,24.995,25.043,,,
21/07/2021,25.238,25.255,25.303,,,
22/07/2021,25.365,25.381,25.428,,,
23/07/2021,25.218,25.233,25.28,,,
26/07/2021,25.295,25.318,25.368,,,
27/07/2021,24.632,24.649,24.701,,,
28/07/2021,24.856,24.877,24.931,,,
29/07/2021,25.782,25.835,25.887,,,
30/07/2021,25.547,25.6,25.651,,,
2/08/2021,25.575,25.628,25.68,,,
3/08/2021,25.582,25.633,25.684,,,
4/08/2021,25.461,25.512,25.563,,,
5/08/2021,25.292,25.342,25.393,,,
6/08/2021,24.326,24.377,24.429,,,
9/08/2021,23.269,23.319,23.37,,,
10/08/2021,23.392,23.442,23.493,,,
11/08/2021,23.488,23.539,23.591,,,
12/08/2021,23.116,23.169,23.222,,,
13/08/2021,23.779,23.832,23.886,,,
16/08/2021,23.791,23.839,23.894,,,
17/08/2021,23.659,23.707,23.76,,,
18/08/2021,23.422,23.47,23.523,,,
19/08/2021,23.23,23.279,23.332,,,
20/08/2021,23.112,23.16,23.211,,,
23/08/2021,23.656,23.703,23.755,,,
24/08/2021,23.894,23.937,23.981,,,
25/08/2021,23.775,23.822,23.87,,,
26/08/2021,23.55,23.596,23.642,,,
27/08/2021,24.062,24.11,24.158,,,
30/08/2021,23.96,24.006,24.054,,,
31/08/2021,23.96,24.006,24.059,,,
1/09/2021,24.177,24.221,24.274,,,
2/09/2021,23.875,23.918,23.969,,,
3/09/2021,24.762,24.802,24.852,,,
7/09/2021,24.334,24.373,24.421,,,
8/09/2021,24.012,24.056,24.105,,,
9/09/2021,24.133,24.177,24.226,,,
10/09/2021,23.855,23.9,23.949,,,
13/09/2021,23.753,23.796,23.846,,,
14/09/2021,23.842,23.885,23.936,,,
15/09/2021,23.759,23.801,23.85,,,
16/09/2021,22.752,22.794,22.842,,,
17/09/2021,22.295,22.337,22.385,,,
20/09/2021,22.163,22.204,22.253,,,
21/09/2021,22.573,22.611,22.66,,,
22/09/2021,22.869,22.907,22.957,,,
23/09/2021,22.642,22.679,22.727,,,
24/09/2021,22.388,22.425,22.473,,,
27/09/2021,22.657,22.694,22.742,,,
28/09/2021,22.43,22.467,22.514,,,
29/09/2021,21.485,21.53,21.562,,,
30/09/2021,22.047,22.09,22.117,,,
1/10/2021,22.536,22.578,22.61,,,
4/10/2021,22.644,22.688,22.721,,,
5/10/2021,22.608,22.654,22.688,,,
6/10/2021,22.532,22.581,22.615,,,
7/10/2021,22.658,22.707,22.743,,,
8/10/2021,22.705,22.755,22.791,,,
11/10/2021,22.665,22.715,22.751,,,
12/10/2021,22.514,22.564,22.599,,,
13/10/2021,23.17,23.221,23.254,,,
14/10/2021,23.477,23.527,23.56,,,
15/10/2021,23.349,23.399,23.431,,,
18/10/2021,23.264,23.313,23.345,,,
19/10/2021,23.883,23.93,23.96,,,
20/10/2021,24.445,24.491,24.518,,,
21/10/2021,24.17,24.216,24.247,,,
22/10/2021,24.449,24.498,24.531,,,
25/10/2021,24.592,24.64,24.67,,,
26/10/2021,24.088,24.136,24.168,,,
27/10/2021,24.191,24.241,24.275,,,
28/10/2021,24.12,24.168,24.186,,,
29/10/2021,23.949,23.992,24.011,,,
1/11/2021,24.073,24.119,24.139,,,
2/11/2021,23.507,23.552,23.568,,,
3/11/2021,23.231,23.276,23.285,,,
4/11/2021,23.911,23.956,23.976,,,
5/11/2021,24.157,24.206,24.239,,,
8/11/2021,24.542,24.593,24.627,,,
9/11/2021,24.318,24.369,24.403,,,
10/11/2021,24.772,24.823,24.855,,,
11/11/2021,25.301,25.354,25.388,,,
12/11/2021,25.346,25.398,25.434,,,
15/11/2021,25.105,25.16,25.195,,,
16/11/2021,24.944,24.999,25.034,,,
17/11/2021,25.167,25.223,25.257,,,
18/11/2021,24.9,24.96,24.994,,,
19/11/2021,24.781,24.844,24.88,,,
22/11/2021,24.297,24.362,24.4,,,
23/11/2021,23.435,23.492,23.528,,,
24/11/2021,23.496,23.536,23.571,,,
26/11/2021,23.107,23.135,23.169,,,
29/11/2021,22.799,22.852,22.887,,,
30/11/2021,22.765,22.815,22.849,,,
1/12/2021,22.299,22.339,22.373,,,
2/12/2021,22.28,22.316,22.348,,,
3/12/2021,22.445,22.481,22.512,,,
6/12/2021,22.228,22.263,22.295,,,
7/12/2021,22.487,22.523,22.554,,,
8/12/2021,22.39,22.432,22.462,,,
9/12/2021,21.974,22.013,22.043,,,
10/12/2021,22.16,22.195,22.225,,,
13/12/2021,22.29,22.328,22.359,,,
14/12/2021,21.887,21.924,21.953,,,
15/12/2021,21.508,21.545,21.574,,,
16/12/2021,22.455,22.485,22.515,,,
17/12/2021,22.507,22.533,22.563,,,
20/12/2021,22.275,22.291,22.321,,,
21/12/2021,22.502,22.529,22.56,,,
22/12/2021,22.792,22.819,22.85,,,
23/12/2021,22.931,22.94,22.971,,,
27/12/2021,22.979,22.989,23.019,,,
28/12/2021,23.111,23.121,23.151,,,
29/12/2021,22.848,22.858,22.888,,,
30/12/2021,23.06,23.091,23.124,,,
31/12/2021,23.352,23.381,23.414,,,
3/01/2022,22.81,22.84,22.876,,,
4/01/2022,23.056,23.086,23.12,,,
5/01/2022,23.17,23.202,23.237,,,
6/01/2022,22.19,22.221,22.258,,,
7/01/2022,22.409,22.443,22.481,,,
10/01/2022,22.462,22.497,22.538,,,
11/01/2022,22.812,22.848,22.889,,,
12/01/2022,23.207,23.243,23.285,,,
13/01/2022,23.162,23.199,23.241,,,
14/01/2022,22.918,22.954,22.994,,,
18/01/2022,23.492,23.528,23.569,,,
19/01/2022,24.231,24.267,24.31,,,
20/01/2022,24.716,24.752,24.795,,,
21/01/2022,24.32,24.357,24.4,,,
24/01/2022,23.8,23.837,23.881,,,
25/01/2022,23.896,23.934,23.98,,,
26/01/2022,23.807,23.846,23.89,,,
27/01/2022,22.676,22.714,22.758,,,
28/01/2022,22.301,22.34,22.383,,,
31/01/2022,22.393,22.432,22.479,,,
1/02/2022,22.595,22.635,22.681,,,
2/02/2022,22.707,22.748,22.792,,,
3/02/2022,22.375,22.417,22.464,,,
4/02/2022,22.475,22.517,22.564,,,
7/02/2022,23.076,23.119,23.165,,,
8/02/2022,23.2,23.243,23.294,,,
9/02/2022,23.341,23.386,23.441,,,
10/02/2022,23.522,23.569,23.631,,,
11/02/2022,23.369,23.42,23.48,,,
14/02/2022,23.848,23.897,23.957,,,
15/02/2022,23.342,23.39,23.441,,,
16/02/2022,23.605,23.654,23.713,,,
17/02/2022,23.875,23.922,23.983,,,
18/02/2022,23.992,24.038,24.101,,,
22/02/2022,24.311,24.356,24.416,,,
23/02/2022,24.553,24.598,24.657,,,
24/02/2022,24.687,24.71,24.763,,,
25/02/2022,23.997,24.017,24.073,,,
28/02/2022,24.361,24.366,24.418,,,
1/03/2022,25.534,25.541,25.59,,,
2/03/2022,25.183,25.19,25.243,,,
3/03/2022,25.205,25.212,25.266,,,
4/03/2022,25.782,25.789,25.831,,,
7/03/2022,25.713,25.72,25.75,,,
8/03/2022,26.888,26.895,26.879,,,
9/03/2022,25.757,25.816,25.791,,,
10/03/2022,26.202,26.256,26.232,,,
11/03/2022,26.106,26.16,26.154,,,
14/03/2022,25.244,25.298,25.305,,,
15/03/2022,25.123,25.158,25.167,,,
16/03/2022,24.67,24.71,24.736,,,
17/03/2022,25.584,25.616,25.643,,,
18/03/2022,25.055,25.087,25.127,,,
21/03/2022,25.282,25.313,25.358,,,
22/03/2022,24.885,24.904,24.956,,,
23/03/2022,25.17,25.189,25.242,,,
24/03/2022,25.9,25.92,25.954,,,
25/03/2022,25.595,25.615,25.667,,,
28/03/2022,25.176,25.196,25.251,,,
29/03/2022,24.716,24.736,24.797,,,
30/03/2022,25.113,25.179,25.248,,,
31/03/2022,25.133,25.202,25.285,,,
1/04/2022,24.654,24.722,24.801,,,
4/04/2022,24.59,24.664,24.743,,,
5/04/2022,24.534,24.613,24.693,,,
6/04/2022,24.458,24.538,24.62,,,
7/04/2022,24.735,24.819,24.904,,,
8/04/2022,24.823,24.908,24.996,,,
11/04/2022,24.987,25.062,25.149,,,
12/04/2022,25.735,25.812,25.899,,,
13/04/2022,26.03,26.113,26.197,,,
14/04/2022,25.7,25.785,25.868,,,
18/04/2022,26.15,26.236,26.316,,,
19/04/2022,25.391,25.478,25.556,,,
20/04/2022,25.271,25.355,25.433,,,
21/04/2022,24.621,24.702,24.783,,,
22/04/2022,24.259,24.318,24.397,,,
25/04/2022,23.67,23.73,23.798,,,
26/04/2022,23.544,23.59,23.656,,,
27/04/2022,23.46,23.505,23.57,,,
28/04/2022,23.129,23.181,23.252,,,
29/04/2022,23.04,23.085,23.156,,,
2/05/2022,22.544,22.584,22.657,,,
3/05/2022,22.621,22.665,22.747,,,
4/05/2022,22.362,22.402,22.496,,,
5/05/2022,22.4,22.443,22.54,,,
6/05/2022,22.325,22.367,22.462,,,
9/05/2022,21.782,21.82,21.918,,,
10/05/2022,21.39,21.424,21.518,,,
11/05/2022,21.55,21.575,21.673,,,
12/05/2022,20.757,20.773,20.866,,,
13/05/2022,20.984,21.001,21.09,,,
16/05/2022,21.535,21.551,21.64,,,
17/05/2022,21.737,21.75,21.839,,,
18/05/2022,21.533,21.544,21.637,,,
19/05/2022,21.898,21.908,22.002,,,
20/05/2022,21.669,21.674,21.768,,,
23/05/2022,21.723,21.723,21.816,,,
24/05/2022,22.063,22.063,22.156,,,
25/05/2022,21.86,21.87,21.963,,,
26/05/2022,21.941,21.965,22.059,,,
27/05/2022,22.096,22.191,22.367,,,
31/05/2022,21.688,21.781,21.949,,,
1/06/2022,21.915,22.007,22.173,,,
2/06/2022,22.275,22.366,22.525,,,
3/06/2022,21.908,21.999,22.156,,,
6/06/2022,22.092,22.187,22.35,,,
7/06/2022,22.178,22.275,22.449,,,
8/06/2022,22.094,22.19,22.364,,,
9/06/2022,21.817,21.91,22.088,,,
10/06/2022,21.931,22.024,22.207,,,
13/06/2022,21.255,21.348,21.534,,,
14/06/2022,20.954,21.042,21.227,,,
15/06/2022,21.42,21.502,21.682,,,
16/06/2022,21.885,21.975,22.15,,,
17/06/2022,21.587,21.681,21.859,,,
21/06/2022,21.768,21.851,22.018,,,
22/06/2022,21.421,21.497,21.664,,,
23/06/2022,21.042,21.091,21.247,,,
24/06/2022,21.125,21.159,21.311,,,
27/06/2022,21.168,21.187,21.355,,,
28/06/2022,20.806,20.872,21.044,,,
29/06/2022,20.668,20.738,20.901,,,
30/06/2022,20.282,20.352,20.507,,,
1/07/2022,19.597,19.667,19.824,,,
5/07/2022,19.052,19.121,19.275,,,
6/07/2022,19.085,19.159,19.308,,,
7/07/2022,19.122,19.188,19.352,,,
8/07/2022,19.167,19.236,19.405,,,
11/07/2022,19.067,19.132,19.297,,,
12/07/2022,18.899,18.958,19.121,,,
13/07/2022,19.138,19.194,19.357,,,
14/07/2022,18.169,18.225,18.386,,,
15/07/2022,18.548,18.594,18.741,,,
18/07/2022,18.791,18.84,18.963,,,
19/07/2022,18.67,18.713,18.848,,,
20/07/2022,18.639,18.668,18.808,,,
21/07/2022,18.687,18.719,18.857,,,
22/07/2022,18.585,18.617,18.76,,,
25/07/2022,18.294,18.328,18.474,,,
26/07/2022,18.487,18.535,18.686,,,
27/07/2022,18.553,18.6,18.75,,,
28/07/2022,19.868,20.018,20.162,,,
29/07/2022,20.197,20.344,20.504,,,
1/08/2022,20.362,20.512,20.673,,,
2/08/2022,20.139,20.292,20.466,,,
3/08/2022,19.894,20.045,20.226,,,
4/08/2022,20.122,20.275,20.472,,,
5/08/2022,19.842,19.994,20.185,,,
8/08/2022,20.614,20.764,20.96,,,
9/08/2022,20.482,20.631,20.814,,,
10/08/2022,20.742,20.889,21.052,,,
11/08/2022,20.349,20.499,20.677,,,
12/08/2022,20.698,20.845,21.028,,,
15/08/2022,20.272,20.412,20.589,,,
16/08/2022,20.085,20.204,20.377,,,
17/08/2022,19.731,19.845,20.007,,,
18/08/2022,19.464,19.569,19.736,,,
19/08/2022,19.069,19.176,19.344,,,
22/08/2022,18.878,18.98,19.141,,,
23/08/2022,19.026,19.121,19.287,,,
24/08/2022,18.907,18.974,19.147,,,
25/08/2022,19.12,19.161,19.303,,,
26/08/2022,18.746,18.825,18.984,,,
29/08/2022,18.557,18.67,18.835,,,
30/08/2022,18.159,18.287,18.446,,,
31/08/2022,17.762,17.882,18.036,,,
1/09/2022,17.551,17.666,17.819,,,
2/09/2022,17.776,17.881,18.017,,,
6/09/2022,17.795,17.908,18.041,,,
7/09/2022,18.137,18.26,18.385,,,
8/09/2022,18.33,18.442,18.574,,,
9/09/2022,18.658,18.767,18.901,,,
12/09/2022,19.755,19.86,20.003,,,
13/09/2022,19.39,19.491,19.636,,,
14/09/2022,19.471,19.569,19.724,,,
15/09/2022,19.175,19.269,19.419,,,
16/09/2022,19.296,19.381,19.525,,,
19/09/2022,19.273,19.358,19.511,,,
20/09/2022,19.102,19.183,19.341,,,
21/09/2022,19.411,19.48,19.634,,,
22/09/2022,19.548,19.617,19.764,,,
23/09/2022,18.841,18.91,19.053,,,
26/09/2022,18.406,18.48,18.619,,,
27/09/2022,18.257,18.337,18.478,,,
28/09/2022,18.796,18.88,19.023,,,
29/09/2022,18.712,18.858,18.968,,,
30/09/2022,19.039,19.184,19.292,,,
3/10/2022,20.589,20.728,20.831,,,
4/10/2022,21.099,21.239,21.354,,,
5/10/2022,20.544,20.693,20.819,,,
6/10/2022,20.66,20.828,20.95,,,
7/10/2022,20.255,20.444,20.571,,,
10/10/2022,19.615,19.805,19.938,,,
11/10/2022,19.487,19.683,19.818,,,
12/10/2022,18.938,19.141,19.28,,,
13/10/2022,18.918,19.124,19.266,,,
14/10/2022,18.071,18.277,18.415,,,
17/10/2022,18.719,18.919,19.048,,,
18/10/2022,18.6,18.78,18.897,,,
19/10/2022,18.359,18.528,18.643,,,
20/10/2022,18.689,18.859,18.979,,,
21/10/2022,19.066,19.234,19.347,,,
24/10/2022,19.189,19.362,19.475,,,
25/10/2022,19.349,19.532,19.655,,,
26/10/2022,19.486,19.669,19.785,,,
27/10/2022,19.494,19.678,19.807,,,
28/10/2022,19.147,19.323,19.45,,,
31/10/2022,19.119,19.296,19.42,,,
1/11/2022,19.667,19.828,19.945,,,
2/11/2022,19.594,19.747,19.85,,,
3/11/2022,19.43,19.578,19.675,,,
4/11/2022,20.784,20.9,20.998,,,
7/11/2022,20.919,21.072,21.208,,,
8/11/2022,21.502,21.657,21.801,,,
9/11/2022,21.327,21.478,21.621,,,
10/11/2022,21.702,21.853,22.007,,,
11/11/2022,21.667,21.822,21.983,,,
14/11/2022,22.113,22.267,22.421,,,
15/11/2022,21.518,21.694,21.848,,,
16/11/2022,21.524,21.726,21.882,,,
17/11/2022,20.975,21.164,21.271,,,
18/11/2022,20.997,21.196,21.342,,,
21/11/2022,20.872,21.062,21.215,,,
22/11/2022,21.049,21.229,21.368,,,
23/11/2022,21.367,21.526,21.642,,,
25/11/2022,21.43,21.609,21.722,,,
28/11/2022,20.915,21.125,21.262,,,
29/11/2022,21.204,21.436,21.587,,,
30/11/2022,21.55,21.781,21.931,,,
1/12/2022,22.637,22.841,22.993,,,
2/12/2022,23.038,23.25,23.408,,,
5/12/2022,22.199,22.417,22.576,,,
6/12/2022,22.123,22.335,22.496,,,
7/12/2022,22.71,22.922,23.094,,,
8/12/2022,23.063,23.246,23.421,,,
9/12/2022,23.535,23.717,23.887,,,
12/12/2022,23.22,23.403,23.572,,,
13/12/2022,23.801,23.99,24.155,,,
14/12/2022,23.946,24.136,24.305,,,
15/12/2022,23.128,23.305,23.476,,,
16/12/2022,23.151,23.328,23.497,,,
19/12/2022,23.029,23.199,23.358,,,
20/12/2022,24.094,24.271,24.43,,,
21/12/2022,24.035,24.194,24.354,,,
22/12/2022,23.476,23.622,23.779,,,
23/12/2022,23.764,23.92,24.072,,,
27/12/2022,24.04,24.217,24.37,,,
28/12/2022,23.663,23.84,24.003,,,
29/12/2022,24.25,24.411,24.585,,,
30/12/2022,24.04,24.207,24.385,,,
3/01/2023,24.236,24.407,24.599,,,
4/01/2023,23.964,24.139,24.33,,,
5/01/2023,23.424,23.6,23.794,,,
6/01/2023,23.982,24.164,24.362,,,
9/01/2023,23.871,24.062,24.26,,,
10/01/2023,23.665,23.857,24.055,,,
11/01/2023,23.481,23.669,23.87,,,
12/01/2023,24.004,24.194,24.397,,,
13/01/2023,24.372,24.561,24.765,,,
17/01/2023,24.068,24.259,24.445,,,
18/01/2023,23.647,23.836,24.013,,,
19/01/2023,23.87,24.061,24.25,,,
20/01/2023,23.935,24.125,24.308,,,
23/01/2023,23.554,23.746,23.943,,,
24/01/2023,23.749,23.943,24.148,,,
25/01/2023,23.941,24.141,24.351,,,
26/01/2023,24.02,24.221,24.421,,,
27/01/2023,23.622,23.822,24.022,,,
30/01/2023,23.733,23.936,24.136,,,
31/01/2023,23.836,24.041,24.253,,,
1/02/2023,23.609,23.812,24.026,,,
2/02/2023,23.615,23.818,24.034,,,
3/02/2023,22.405,22.607,22.82,,,
6/02/2023,22.237,22.436,22.657,,,
7/02/2023,22.177,22.38,22.576,,,
8/02/2023,22.42,22.621,22.819,,,
9/02/2023,22.143,22.34,22.532,,,
10/02/2023,22.075,22.265,22.465,,,
13/02/2023,21.852,22.042,22.239,,,
14/02/2023,21.873,22.06,22.236,,,
15/02/2023,21.572,21.749,21.93,,,
16/02/2023,21.71,21.875,22.06,,,
17/02/2023,21.715,21.861,22.037,,,
21/02/2023,21.89,22.027,22.212,,,
22/02/2023,21.677,21.816,21.997,,,
23/02/2023,21.306,21.438,21.616,,,
24/02/2023,20.81,20.936,21.111,,,
27/02/2023,20.67,20.793,20.972,,,
28/02/2023,20.961,21.071,21.25,,,
1/03/2023,20.959,21.095,21.276,,,
2/03/2023,20.766,20.901,21.076,,,
3/03/2023,21.093,21.238,21.411,,,
6/03/2023,20.984,21.135,21.321,,,
7/03/2023,20.054,20.199,20.383,,,
8/03/2023,20.005,20.151,20.331,,,
9/03/2023,20.025,20.165,20.345,,,
10/03/2023,20.375,20.506,20.686,,,
13/03/2023,21.793,21.923,22.092,,,
14/03/2023,21.929,22.04,22.214,,,
15/03/2023,21.774,21.882,22.058,,,
16/03/2023,21.588,21.692,21.87,,,
17/03/2023,22.351,22.462,22.642,,,
20/03/2023,22.533,22.646,22.821,,,
21/03/2023,22.324,22.425,22.605,,,
22/03/2023,22.675,22.786,22.968,,,
23/03/2023,23.144,23.256,23.443,,,
24/03/2023,23.247,23.339,23.528,,,
27/03/2023,23.054,23.145,23.335,,,
28/03/2023,23.324,23.42,23.61,,,
29/03/2023,23.376,23.466,23.658,,,
30/03/2023,23.989,24.182,24.379,,,
31/03/2023,24.156,24.35,24.549,,,
3/04/2023,24.021,24.22,24.424,,,
4/04/2023,25.101,25.306,25.507,,,
5/04/2023,25.037,25.248,25.454,,,
6/04/2023,25.093,25.299,25.5,,,
7/04/2023,25.093,25.299,25.5,,,
10/04/2023,24.912,25.126,25.34,,,
11/04/2023,25.186,25.405,25.621,,,
12/04/2023,25.458,25.676,25.888,,,
13/04/2023,25.925,26.143,26.36,,,
14/04/2023,25.46,25.684,25.902,,,
17/04/2023,25.088,25.307,25.526,,,
18/04/2023,25.263,25.484,25.703,,,
19/04/2023,25.371,25.59,25.809,,,
20/04/2023,25.373,25.595,25.816,,,
21/04/2023,25.058,25.28,25.503,,,
24/04/2023,25.311,25.524,25.752,,,
25/04/2023,24.882,25.088,25.305,,,
26/04/2023,24.876,25.071,25.283,,,
27/04/2023,24.983,25.209,25.427,,,
28/04/2023,24.999,25.226,25.444,,,
1/05/2023,25.009,25.23,25.444,,,
2/05/2023,25.404,25.619,25.83,,,
3/05/2023,25.476,25.681,25.892,,,
4/05/2023,26.035,26.227,26.443,,,
5/05/2023,25.743,25.93,26.144,,,
8/05/2023,25.636,25.834,26.046,,,
9/05/2023,25.698,25.898,26.113,,,
10/05/2023,25.461,25.658,25.875,,,
11/05/2023,24.255,24.424,24.648,,,
12/05/2023,23.992,24.154,24.371,,,
15/05/2023,24.127,24.291,24.502,,,
16/05/2023,23.737,23.893,24.101,,,
17/05/2023,23.752,23.897,24.106,,,
18/05/2023,23.495,23.633,23.845,,,
19/05/2023,23.92,24.06,24.273,,,
22/05/2023,23.715,23.861,24.075,,,
23/05/2023,23.474,23.624,23.836,,,
24/05/2023,23.115,23.24,23.456,,,
25/05/2023,22.786,22.91,23.124,,,
26/05/2023,23.24,23.36,23.574,,,
30/05/2023,23.239,23.455,23.771,,,
31/05/2023,23.587,23.806,24.135,,,
1/06/2023,23.987,24.207,24.528,,,
2/06/2023,23.747,23.966,24.299,,,
5/06/2023,23.635,23.855,24.184,,,
6/06/2023,23.67,23.889,24.216,,,
7/06/2023,23.529,23.749,24.066,,,
8/06/2023,24.348,24.567,24.878,,,
9/06/2023,24.41,24.629,24.941,,,
12/06/2023,24.059,24.275,24.594,,,
13/06/2023,23.822,24.039,24.364,,,
14/06/2023,24.105,24.323,24.654,,,
15/06/2023,23.947,24.158,24.487,,,
16/06/2023,24.126,24.339,24.666,,,
20/06/2023,23.234,23.445,23.778,,,
21/06/2023,22.81,23.019,23.348,,,
22/06/2023,22.467,22.67,22.999,,,
23/06/2023,22.354,22.549,22.878,,,
26/06/2023,22.826,23.024,23.351,,,
27/06/2023,22.96,23.148,23.469,,,
28/06/2023,22.889,23.084,23.399,,,
29/06/2023,22.591,22.798,23.112,,,
30/06/2023,22.81,23.02,23.337,,,
3/07/2023,22.896,23.112,23.433,,,
5/07/2023,23.197,23.402,23.725,,,
6/07/2023,22.686,22.89,23.215,,,
7/07/2023,23.092,23.289,23.617,,,
10/07/2023,23.151,23.345,23.678,,,
11/07/2023,23.086,23.281,23.611,,,
12/07/2023,24.119,24.31,24.643,,,
13/07/2023,24.768,24.949,25.282,,,
14/07/2023,25.014,25.194,25.531,,,
17/07/2023,24.844,25.018,25.361,,,
18/07/2023,25.084,25.256,25.604,,,
19/07/2023,25.219,25.387,25.736,,,
20/07/2023,24.805,24.962,25.31,,,
21/07/2023,24.698,24.855,25.204,,,
24/07/2023,24.436,24.581,24.934,,,
25/07/2023,24.68,24.824,25.186,,,
26/07/2023,24.825,24.97,25.333,,,
27/07/2023,24.236,24.367,24.726,,,
28/07/2023,24.495,24.859,25.232,,,
31/07/2023,24.972,25.335,25.706,,,
1/08/2023,24.326,24.688,25.064,,,
2/08/2023,23.872,24.234,24.61,,,
3/08/2023,23.697,24.059,24.432,,,
4/08/2023,23.716,24.082,24.452,,,
7/08/2023,23.232,23.595,23.964,,,
8/08/2023,22.807,23.157,23.519,,,
9/08/2023,22.731,23.07,23.424,,,
10/08/2023,22.821,23.164,23.526,,,
11/08/2023,22.743,23.082,23.448,,,
14/08/2023,22.708,23.034,23.384,,,
15/08/2023,22.656,22.973,23.317,,,
16/08/2023,22.535,22.856,23.198,,,
17/08/2023,22.715,23.042,23.391,,,
18/08/2023,22.733,23.06,23.41,,,
21/08/2023,23.34,23.659,24.008,,,
22/08/2023,23.45,23.763,24.109,,,
23/08/2023,24.392,24.71,25.054,,,
24/08/2023,24.23,24.575,24.923,,,
25/08/2023,24.234,24.583,24.933,,,
28/08/2023,24.252,24.605,24.965,,,
29/08/2023,24.788,25.139,25.5,,,
30/08/2023,24.734,25.104,25.465,,,
31/08/2023,24.472,24.812,25.176,,,
1/09/2023,24.232,24.562,24.926,,,
5/09/2023,23.558,23.873,24.234,,,
6/09/2023,23.206,23.503,23.865,,,
7/09/2023,22.95,23.24,23.593,,,
8/09/2023,22.892,23.174,23.527,,,
11/09/2023,23.103,23.383,23.736,,,
12/09/2023,23.127,23.402,23.753,,,
13/09/2023,22.912,23.181,23.534,,,
14/09/2023,22.748,22.994,23.344,,,
15/09/2023,23.126,23.386,23.735,,,
18/09/2023,23.232,23.498,23.84,,,
19/09/2023,23.194,23.456,23.798,,,
20/09/2023,23.579,23.836,24.181,,,
21/09/2023,23.444,23.687,24.027,,,
22/09/2023,23.596,23.844,24.186,,,
25/09/2023,23.145,23.385,23.728,,,
26/09/2023,22.95,23.196,23.537,,,
27/09/2023,22.477,22.724,23.059,,,
28/09/2023,22.741,23.078,23.314,,,
29/09/2023,22.45,22.792,23.032,,,
2/10/2023,21.421,21.753,21.989,,,
3/10/2023,21.377,21.706,21.933,,,
4/10/2023,21.146,21.469,21.699,,,
5/10/2023,21.019,21.339,21.558,,,
6/10/2023,21.723,22.052,22.282,,,
9/10/2023,21.924,22.259,22.492,,,
10/10/2023,21.953,22.29,22.524,,,
11/10/2023,22.133,22.473,22.711,,,
12/10/2023,21.959,22.296,22.532,,,
13/10/2023,22.895,23.229,23.467,,,
16/10/2023,22.765,23.095,23.335,,,
17/10/2023,23.024,23.352,23.587,,,
18/10/2023,23.099,23.432,23.671,,,
19/10/2023,23.031,23.367,23.608,,,
20/10/2023,23.504,23.849,24.094,,,
23/10/2023,23.21,23.555,23.797,,,
24/10/2023,23.116,23.46,23.704,,,
25/10/2023,23.007,23.352,23.594,,,
26/10/2023,22.908,23.252,23.493,,,
27/10/2023,22.887,23.23,23.472,,,
30/10/2023,23.396,23.739,23.981,,,
31/10/2023,22.952,23.292,23.533,,,
1/11/2023,22.79,23.127,23.367,,,
2/11/2023,22.846,23.184,23.424,,,
3/11/2023,23.285,23.623,23.864,,,
6/11/2023,23.234,23.575,23.815,,,
7/11/2023,22.589,22.923,23.162,,,
8/11/2023,22.728,23.058,23.29,,,
9/11/2023,22.905,23.242,23.48,,,
10/11/2023,22.281,22.619,22.852,,,
13/11/2023,22.358,22.694,22.928,,,
14/11/2023,23.132,23.466,23.699,,,
15/11/2023,23.538,23.877,24.112,,,
16/11/2023,23.933,24.277,24.512,,,
17/11/2023,23.852,24.201,24.44,,,
20/11/2023,23.614,23.959,24.198,,,
21/11/2023,23.869,24.221,24.457,,,
22/11/2023,23.688,24.033,24.272,,,
24/11/2023,24.341,24.692,24.937,,,
27/11/2023,24.681,25.038,25.283,,,
28/11/2023,24.935,25.302,25.547,,,
29/11/2023,25.072,25.443,25.688,,,
30/11/2023,25.293,25.66,25.903,,,
1/12/2023,25.499,25.857,26.099,,,
4/12/2023,24.555,24.907,25.15,,,
5/12/2023,24.201,24.546,24.786,,,
6/12/2023,23.889,24.228,24.468,,,
7/12/2023,23.732,24.059,24.299,,,
8/12/2023,22.971,23.276,23.516,,,
11/12/2023,22.773,23.058,23.289,,,
12/12/2023,22.728,23.016,23.246,,,
13/12/2023,22.639,22.921,23.145,,,
14/12/2023,24.096,24.386,24.612,,,
15/12/2023,23.87,24.154,24.381,,,
18/12/2023,23.831,24.107,24.336,,,
19/12/2023,24.04,24.321,24.55,,,
20/12/2023,24.347,24.631,24.86,,,
21/12/2023,24.307,24.585,24.816,,,
22/12/2023,24.29,24.565,24.799,,,
26/12/2023,24.144,24.396,24.63,,,
27/12/2023,24.375,24.641,24.877,,,
28/12/2023,24.372,24.611,24.84,,,
29/12/2023,24.086,24.321,24.549,,,
2/01/2024,23.953,24.189,24.417,,,
3/01/2024,23.157,23.385,23.604,,,
4/01/2024,23.187,23.417,23.64,,,
5/01/2024,23.315,23.544,23.766,,,
8/01/2024,23.31,23.539,23.758,,,
9/01/2024,23.091,23.321,23.542,,,
10/01/2024,23.066,23.296,23.513,,,
11/01/2024,22.705,22.934,23.149,,,
12/01/2024,23.329,23.558,23.768,,,
16/01/2024,23.093,23.318,23.532,,,
17/01/2024,22.669,22.89,23.103,,,
18/01/2024,22.807,23.029,23.24,,,
19/01/2024,22.711,22.933,23.147,,,
22/01/2024,22.296,22.515,22.728,,,
23/01/2024,22.462,22.679,22.891,,,
24/01/2024,22.889,23.108,23.318,,,
25/01/2024,22.927,23.148,23.357,,,
26/01/2024,22.872,23.095,23.305,,,
29/01/2024,23.251,23.474,23.684,,,
30/01/2024,23.225,23.45,23.661,,,
31/01/2024,23.169,23.392,23.597,,,
1/02/2024,23.236,23.457,23.662,,,
2/02/2024,22.796,23.016,23.226,,,
5/02/2024,22.422,22.64,22.85,,,
6/02/2024,22.478,22.697,22.907,,,
7/02/2024,22.36,22.576,22.787,,,
8/02/2024,22.636,22.851,23.062,,,
9/02/2024,22.594,22.809,23.023,,,
12/02/2024,22.767,22.982,23.197,,,
13/02/2024,22.154,22.365,22.583,,,
14/02/2024,22.387,22.599,22.815,,,
15/02/2024,22.951,23.166,23.382,,,
16/02/2024,23.475,23.686,23.902,,,
20/02/2024,23.136,23.351,23.563,,,
21/02/2024,22.874,23.094,23.305,,,
22/02/2024,22.784,23.003,23.216,,,
23/02/2024,22.982,23.189,23.408,,,
26/02/2024,22.526,22.735,22.954,,,
27/02/2024,22.532,22.757,22.972,,,
28/02/2024,22.41,22.636,22.852,,,
29/02/2024,22.666,22.885,23.102,,,
1/03/2024,23.15,23.364,23.58,,,
4/03/2024,23.779,23.991,24.214,,,
5/03/2024,23.763,23.984,24.206,,,
6/03/2024,24.272,24.493,24.717,,,
7/03/2024,24.37,24.578,24.801,,,
8/03/2024,24.339,24.549,24.773,,,
11/03/2024,24.512,24.715,24.94,,,
12/03/2024,24.194,24.394,24.62,,,
13/03/2024,24.959,25.156,25.393,,,
14/03/2024,24.874,25.06,25.296,,,
15/03/2024,25.2,25.381,25.62,,,
18/03/2024,25.091,25.265,25.506,,,
19/03/2024,24.964,25.135,25.375,,,
20/03/2024,24.933,25.104,25.344,,,
21/03/2024,24.849,25.007,25.248,,,
22/03/2024,24.692,24.843,25.084,,,
25/03/2024,24.745,24.891,25.134,,,
26/03/2024,24.483,24.623,24.866,,,
27/03/2024,24.752,24.995,25.232,,,
28/03/2024,24.916,25.159,25.399,,,
1/04/2024,25.073,25.318,25.558,,,
2/04/2024,25.923,26.173,26.427,,,
3/04/2024,27.06,27.321,27.581,,,
4/04/2024,27.247,27.511,27.776,,,
5/04/2024,27.503,27.777,28.05,,,
8/04/2024,27.807,28.083,28.362,,,
9/04/2024,27.984,28.261,28.541,,,
10/04/2024,28.052,28.33,28.612,,,
11/04/2024,28.25,28.527,28.81,,,
12/04/2024,28.33,28.607,28.897,,,
15/04/2024,28.717,28.992,29.281,,,
16/04/2024,28.376,28.654,28.938,,,
17/04/2024,28.4,28.679,28.963,,,
18/04/2024,28.38,28.663,28.945,,,
19/04/2024,28.844,29.128,29.41,,,
22/04/2024,27.245,27.521,27.8,,,
23/04/2024,27.362,27.638,27.913,,,
24/04/2024,27.346,27.622,27.902,,,
25/04/2024,27.353,27.633,27.917,,,
26/04/2024,27.252,27.535,27.821,,,
29/04/2024,27.373,27.66,27.942,,,
30/04/2024,26.391,26.654,26.935,,,
1/05/2024,26.489,26.748,27.028,,,
2/05/2024,26.583,26.829,27.109,,,
3/05/2024,26.445,26.69,26.972,,,
6/05/2024,27.369,27.614,27.898,,,
7/05/2024,27.303,27.544,27.831,,,
8/05/2024,27.361,27.601,27.891,,,
9/05/2024,28.132,28.365,28.657,,,
10/05/2024,28.275,28.506,28.799,,,
13/05/2024,28.221,28.443,28.736,,,
14/05/2024,28.485,28.702,28.994,,,
15/05/2024,29.514,29.729,30.017,,,
16/05/2024,29.665,29.876,30.173,,,
17/05/2024,31.047,31.259,31.571,,,
20/05/2024,32.205,32.426,32.761,,,
21/05/2024,31.868,32.078,32.412,,,
22/05/2024,31.295,31.496,31.828,,,
23/05/2024,30.284,30.455,30.779,,,
24/05/2024,30.33,30.499,30.827,,,
28/05/2024,31.971,32.137,32.479,,,
29/05/2024,32.203,32.373,32.716,,,
30/05/2024,31.534,31.872,32.326,,,
31/05/2024,30.44,30.767,31.214,,,
3/06/2024,30.784,31.112,31.563,,,
4/06/2024,29.617,29.935,30.38,,,
5/06/2024,30.073,30.395,30.838,,,
6/06/2024,31.367,31.698,32.147,,,
7/06/2024,29.44,29.761,30.203,,,
10/06/2024,29.874,30.195,30.643,,,
11/06/2024,29.231,29.548,29.988,,,
12/06/2024,30.267,30.591,31.027,,,
13/06/2024,29.066,29.381,29.816,,,
14/06/2024,29.472,29.79,30.218,,,
17/06/2024,29.391,29.709,30.139,,,
18/06/2024,29.564,29.883,30.314,,,
20/06/2024,30.821,31.148,31.586,,,
21/06/2024,29.614,29.942,30.379,,,
24/06/2024,29.525,29.849,30.286,,,
25/06/2024,28.868,29.193,29.625,,,
26/06/2024,28.93,29.256,29.679,,,
27/06/2024,28.918,29.256,29.684,,,
28/06/2024,29.237,29.56,29.99,,,
1/07/2024,29.3,29.613,30.044,,,
2/07/2024,29.353,29.658,30.092,,,
3/07/2024,30.548,30.842,31.295,,,
5/07/2024,31.388,31.689,32.146,,,
8/07/2024,30.618,30.913,31.37,,,
9/07/2024,30.772,31.056,31.511,,,
10/07/2024,30.727,31.014,31.47,,,
11/07/2024,31.394,31.671,32.131,,,
12/07/2024,30.886,31.162,31.621,,,
15/07/2024,30.672,30.936,31.392,,,
16/07/2024,31.195,31.458,31.92,,,
17/07/2024,30.137,30.377,30.83,,,
18/07/2024,29.995,30.224,30.672,,,
19/07/2024,29.088,29.299,29.741,,,
22/07/2024,29.124,29.321,29.756,,,
23/07/2024,29.132,29.331,29.765,,,
24/07/2024,29.116,29.316,29.752,,,
25/07/2024,27.807,27.975,28.386,,,
26/07/2024,27.86,28.02,28.436,,,
29/07/2024,27.703,27.866,28.28,,,
30/07/2024,28.525,28.945,29.353,,,
31/07/2024,28.938,29.367,29.778,,,
1/08/2024,28.477,28.899,29.311,,,
2/08/2024,28.392,28.802,29.177,,,
5/08/2024,27.207,27.596,27.958,,,
6/08/2024,27.216,27.603,27.957,,,
7/08/2024,26.944,27.331,27.694,,,
8/08/2024,27.606,28.002,28.361,,,
9/08/2024,27.588,27.982,28.343,,,
12/08/2024,28.008,28.409,28.78,,,
13/08/2024,27.786,28.188,28.565,,,
14/08/2024,27.339,27.734,28.104,,,
15/08/2024,28.418,28.828,29.205,,,
16/08/2024,28.849,29.264,29.647,,,
19/08/2024,29.304,29.732,30.122,,,
20/08/2024,29.519,29.953,30.352,,,
21/08/2024,29.535,29.971,30.367,,,
22/08/2024,29.047,29.471,29.856,,,
23/08/2024,29.82,30.256,30.654,,,
26/08/2024,30.007,30.453,30.852,,,
27/08/2024,29.98,30.426,30.824,,,
28/08/2024,29.201,29.628,30.02,,,
29/08/2024,29.557,29.989,30.387,,,
30/08/2024,28.731,29.143,29.533,,,
3/09/2024,27.951,28.344,28.717,,,
4/09/2024,28.167,28.557,28.928,,,
5/09/2024,28.72,29.099,29.471,,,
6/09/2024,27.808,28.183,28.547,,,
9/09/2024,28.291,28.651,29.024,,,
10/09/2024,28.257,28.614,28.982,,,
11/09/2024,28.563,28.928,29.294,,,
12/09/2024,29.743,30.107,30.495,,,
13/09/2024,30.699,31.074,31.464,,,
16/09/2024,30.771,31.135,31.52,,,
17/09/2024,30.619,30.979,31.362,,,
18/09/2024,30.341,30.687,31.065,,,
19/09/2024,31.094,31.423,31.804,,,
20/09/2024,31.176,31.505,31.887,,,
23/09/2024,30.767,31.085,31.464,,,
24/09/2024,32.111,32.43,32.816,,,
25/09/2024,31.698,32.018,32.404,,,
26/09/2024,32.025,32.341,32.737,,,
27/09/2024,31.816,32.2,32.425,,,
30/09/2024,31.458,31.843,32.074,,,
1/10/2024,31.742,32.136,32.377,,,
2/10/2024,31.92,32.319,32.561,,,
3/10/2024,32.464,32.871,33.111,,,
4/10/2024,32.394,32.815,33.071,,,
7/10/2024,32.004,32.423,32.682,,,
8/10/2024,30.6,31.004,31.255,,,
9/10/2024,30.67,31.074,31.326,,,
10/10/2024,31.24,31.655,31.909,,,
11/10/2024,31.755,32.178,32.436,,,
14/10/2024,31.316,31.737,31.994,,,
15/10/2024,31.756,32.178,32.436,,,
16/10/2024,31.974,32.397,32.656,,,
17/10/2024,31.774,32.196,32.457,,,
18/10/2024,33.234,33.672,33.942,,,
21/10/2024,34.078,34.53,34.811,,,
22/10/2024,35.041,35.507,35.796,,,
23/10/2024,33.839,34.29,34.571,,,
24/10/2024,33.795,34.251,34.534,,,
25/10/2024,33.779,34.236,34.518,,,
28/10/2024,34.001,34.46,34.743,,,
29/10/2024,34.441,34.907,35.196,,,
30/10/2024,34.075,34.534,34.823,,,
31/10/2024,32.796,33.239,33.519,,,
1/11/2024,32.681,33.124,33.409,,,
4/11/2024,32.609,33.052,33.333,,,
5/11/2024,32.775,33.22,33.503,,,
6/11/2024,31.331,31.76,32.031,,,
7/11/2024,31.855,32.292,32.568,,,
8/11/2024,31.449,31.886,32.163,,,
11/11/2024,30.613,31.036,31.31,,,
12/11/2024,30.759,31.188,31.462,,,
13/11/2024,30.663,31.09,31.364,,,
14/11/2024,30.569,30.991,31.26,,,
15/11/2024,30.432,30.855,31.123,,,
18/11/2024,31.224,31.652,31.922,,,
19/11/2024,31.262,31.693,31.963,,,
20/11/2024,31.005,31.434,31.704,,,
21/11/2024,30.943,31.379,31.648,,,
22/11/2024,31.338,31.776,32.046,,,
25/11/2024,30.239,30.661,30.926,,,
26/11/2024,30.405,30.832,31.096,,,
27/11/2024,30.111,30.556,30.817,,,
29/11/2024,30.685,31.108,31.369,,,
2/12/2024,30.449,30.864,31.123,,,
3/12/2024,31.077,31.492,31.753,,,
4/12/2024,31.505,31.915,32.169,,,
5/12/2024,31.134,31.536,31.793,,,
6/12/2024,31.186,31.588,31.848,,,
9/12/2024,32.216,32.611,32.87,,,
10/12/2024,32.363,32.747,32.991,,,
11/12/2024,32.562,32.967,33.191,,,
12/12/2024,31.228,31.619,31.862,,,
13/12/2024,30.655,31.028,31.283,,,
16/12/2024,30.697,31.057,31.315,,,
17/12/2024,30.573,30.921,31.179,,,
18/12/2024,30.41,30.74,31.004,,,
19/12/2024,29.094,29.411,29.672,,,
20/12/2024,29.66,29.958,30.217,,,
23/12/2024,29.888,30.189,30.454,,,
24/12/2024,29.974,30.283,30.549,,,
26/12/2024,30.047,30.389,30.668,,,
27/12/2024,29.655,29.968,30.25,,,
30/12/2024,29.412,29.708,30.006,,,
31/12/2024,29.242,29.555,29.86,,,
2/01/2025,29.9,30.199,30.498,,,
3/01/2025,30.065,30.347,30.632,,,
6/01/2025,30.583,30.864,31.136,,,
7/01/2025,30.686,30.986,31.284,,,
8/01/2025,30.69,30.991,31.291,,,
9/01/2025,31.015,31.304,31.601,,,
10/01/2025,31.314,31.595,31.888,,,
13/01/2025,30.309,30.588,30.867,,,
14/01/2025,30.351,30.638,30.927,,,
15/01/2025,31.531,31.815,32.095,,,
16/01/2025,31.725,32.018,32.306,,,
17/01/2025,31.141,31.447,31.748,,,
21/01/2025,31.496,31.807,32.108,,,
22/01/2025,31.42,31.728,32.031,,,
23/01/2025,30.842,31.16,31.458,,,
24/01/2025,31.185,31.505,31.801,,,
27/01/2025,30.414,30.737,31.038,,,
28/01/2025,30.882,31.206,31.504,,,
29/01/2025,31.393,31.708,32.008,,,
30/01/2025,32.493,32.809,33.105,,,
31/01/2025,32.265,32.571,32.855,,,
3/02/2025,32.526,32.821,33.083,,,
4/02/2025,33.022,33.318,33.596,,,
5/02/2025,32.976,33.267,33.538,,,
6/02/2025,32.626,32.929,33.209,,,
7/02/2025,32.443,32.753,33.048,,,
10/02/2025,32.491,32.803,33.107,,,
11/02/2025,32.322,32.636,32.95,,,
12/02/2025,32.785,33.098,33.417,,,
13/02/2025,32.726,33.04,33.364,,,
14/02/2025,32.855,33.177,33.494,,,
18/02/2025,33.373,33.673,33.995,,,
19/02/2025,33.043,33.346,33.647,,,
20/02/2025,33.486,33.807,34.108,,,
21/02/2025,33.012,33.338,33.645,,,
24/02/2025,32.603,32.93,33.244,,,
25/02/2025,31.826,32.125,32.433,,,
26/02/2025,32.272,32.575,32.89,,,
27/02/2025,31.801,32.11,32.419,,,
28/02/2025,31.219,31.496,31.803,,,
3/03/2025,32.032,32.31,32.606,,,
4/03/2025,32.108,32.381,32.675,,,
5/03/2025,32.858,33.134,33.432,,,
6/03/2025,33.063,33.338,33.64,,,
7/03/2025,32.548,32.809,33.11,,,
10/03/2025,32.275,32.53,32.824,,,
11/03/2025,32.888,33.147,33.44,,,
12/03/2025,33.484,33.743,34.036,,,
13/03/2025,34.051,34.306,34.604,,,
14/03/2025,34.187,34.433,34.73,,,
17/03/2025,34.074,34.308,34.611,,,
18/03/2025,34.579,34.818,35.122,,,
19/03/2025,33.975,34.205,34.513,,,
20/03/2025,33.786,33.991,34.298,,,
21/03/2025,33.29,33.486,33.786,,,
24/03/2025,33.265,33.45,33.754,,,
25/03/2025,34.002,34.187,34.495,,,
26/03/2025,34.033,34.222,34.53,,,
27/03/2025,34.897,35.083,35.399,,,
28/03/2025,34.814,35.128,35.403,,,
31/03/2025,34.611,34.934,35.219,,,
1/04/2025,34.309,34.635,34.938,,,
2/04/2025,34.65,34.974,35.265,,,
3/04/2025,31.97,32.279,32.557,,,
4/04/2025,29.23,29.515,29.773,,,
7/04/2025,29.604,29.891,30.159,,,
8/04/2025,29.686,29.961,30.217,,,
9/04/2025,30.415,30.7,30.967,,,
10/04/2025,30.759,31.049,31.323,,,
11/04/2025,31.91,32.209,32.499,,,
14/04/2025,32.167,32.472,32.759,,,
15/04/2025,32.297,32.601,32.887,,,
16/04/2025,32.98,33.291,33.585,,,
17/04/2025,32.47,32.78,33.073,,,
21/04/2025,32.521,32.832,33.122,,,
22/04/2025,32.905,33.213,33.509,,,
23/04/2025,33.547,33.863,34.158,,,
24/04/2025,33.503,33.824,34.126,,,
25/04/2025,33.01,33.328,33.626,,,
28/04/2025,33.005,33.321,33.621,,,
29/04/2025,33.275,33.577,33.878,,,
30/04/2025,32.531,32.828,33.124,,,
1/05/2025,32.189,32.469,32.757,,,
2/05/2025,31.989,32.259,32.549,,,
5/05/2025,32.205,32.474,32.771,,,
6/05/2025,33.113,33.381,33.688,,,
7/05/2025,32.531,32.791,33.102,,,
8/05/2025,32.378,32.617,32.926,,,
9/05/2025,32.676,32.914,33.223,,,
12/05/2025,32.388,32.624,32.933,,,
13/05/2025,32.868,33.1,33.41,,,
14/05/2025,32.226,32.444,32.749,,,
15/05/2025,32.481,32.68,32.981,,,
16/05/2025,32.158,32.354,32.657,,,
19/05/2025,32.313,32.507,32.808,,,
20/05/2025,32.98,33.174,33.478,,,
21/05/2025,33.463,33.646,33.956,,,
22/05/2025,33.047,33.219,33.53,,,
23/05/2025,33.442,33.609,33.917,,,
27/05/2025,33.146,33.311,33.621,,,
28/05/2025,33,33.16,33.467,,,
29/05/2025,33.423,33.726,34.127,,,
30/05/2025,33.029,33.334,33.735,,,
2/06/2025,34.694,35.006,35.412,,,
3/06/2025,34.633,34.95,35.369,,,
4/06/2025,34.648,34.967,35.391,,,
5/06/2025,35.805,36.131,36.558,,,
6/06/2025,36.139,36.463,36.896,,,
9/06/2025,36.796,37.125,37.565,,,
10/06/2025,36.642,36.972,37.419,,,
11/06/2025,36.261,36.59,37.039,,,
12/06/2025,36.295,36.619,37.052,,,
13/06/2025,36.355,36.683,37.123,,,
16/06/2025,36.448,36.776,37.219,,,
17/06/2025,37.151,37.481,37.928,,,
18/06/2025,36.913,37.248,37.698,,,
20/06/2025,36.017,36.345,36.793,,,
23/06/2025,36.187,36.528,36.982,,,
24/06/2025,35.732,36.067,36.525,,,
25/06/2025,36.111,36.441,36.889,,,
26/06/2025,36.591,36.924,37.376,,,
27/06/2025,36.037,36.37,36.819,,,
30/06/2025,35.852,36.172,36.614,,,
1/07/2025,36.082,36.397,36.842,,,
2/07/2025,36.426,36.727,37.172,,,
3/07/2025,36.784,37.084,37.539,,,
7/07/2025,36.615,36.904,37.361,,,
8/07/2025,36.472,36.749,37.207,,,
9/07/2025,36.351,36.63,37.091,,,
10/07/2025,37.038,37.305,37.764,,,
11/07/2025,38.676,38.955,39.422,,,
14/07/2025,38.462,38.742,39.214,,,
15/07/2025,37.834,38.11,38.588,,,
16/07/2025,37.853,38.119,38.596,,,
17/07/2025,38.056,38.303,38.779,,,
18/07/2025,38.223,38.464,38.941,,,
21/07/2025,39.101,39.334,39.82,,,
22/07/2025,39.32,39.555,40.052,,,
23/07/2025,39.278,39.503,40,,,
24/07/2025,39.021,39.224,39.72,,,
25/07/2025,38.167,38.365,38.854,,,
28/07/2025,38.026,38.221,38.712,,,
29/07/2025,38.084,38.286,38.781,,,
30/07/2025,37.739,38.226,38.682,,,
31/07/2025,36.712,37.191,37.64,,,
1/08/2025,36.929,37.402,37.839,,,
4/08/2025,37.328,37.808,38.251,,,
5/08/2025,37.823,38.307,38.756,,,
6/08/2025,37.902,38.383,38.831,,,
7/08/2025,38.294,38.789,39.258,,,
8/08/2025,38.542,39.045,39.529,,,
11/08/2025,37.787,38.282,38.756,,,
12/08/2025,38.002,38.496,38.97,,,
13/08/2025,38.602,39.102,39.582,,,
14/08/2025,38.069,38.562,39.032,,,
15/08/2025,37.975,38.467,38.933,,,
18/08/2025,38.029,38.525,38.994,,,
19/08/2025,37.332,37.814,38.277,,,
20/08/2025,37.773,38.26,38.711,,,
21/08/2025,38.079,38.578,39.031,,,
22/08/2025,39.054,39.555,40.009,,,
25/08/2025,38.703,39.213,39.667,,,
26/08/2025,38.606,39.117,39.569,,,
27/08/2025,38.713,39.212,39.676,,,
28/08/2025,39.19,39.703,40.175,,,
29/08/2025,40.2,40.723,41.202,,,
2/09/2025,41.071,41.592,42.078,,,
3/09/2025,41.542,42.06,42.549,,,
4/09/2025,40.911,41.417,41.907,,,
5/09/2025,41.074,41.552,42.038,,,
8/09/2025,41.426,41.902,42.386,,,
9/09/2025,40.878,41.341,41.822,,,
10/09/2025,41.133,41.6,42.08,,,
11/09/2025,41.697,42.149,42.632,,,
12/09/2025,42.387,42.83,43.322,,,
15/09/2025,42.517,42.962,43.459,,,
16/09/2025,42.471,42.917,43.415,,,
17/09/2025,41.722,42.152,42.644,,,
18/09/2025,41.707,42.118,42.608,,,
19/09/2025,42.536,42.952,43.448,,,
22/09/2025,43.799,44.214,44.722,,,
23/09/2025,44.192,44.608,45.121,,,
24/09/2025,43.777,44.192,44.706,,,
25/09/2025,44.697,45.114,45.64,,,
26/09/2025,46.221,46.656,47.201,,,
29/09/2025,47.016,47.577,47.954,,,
30/09/2025,46.64,47.2,47.568,,,
1/10/2025,47.679,48.24,48.61,,,
2/10/2025,46.369,46.928,47.284,,,
3/10/2025,47.965,48.533,48.892,,,
6/10/2025,48.448,49.026,49.386,,,
7/10/2025,47.515,48.098,48.466,,,
8/10/2025,48.994,49.58,49.949,,,
9/10/2025,47.157,47.707,48.057,,,
10/10/2025,47.247,47.807,48.163,,,
13/10/2025,50.429,50.993,51.359,,,
14/10/2025,50.622,51.19,51.558,,,
15/10/2025,51.378,51.949,52.316,,,
16/10/2025,53.296,53.873,54.243,,,
17/10/2025,50.104,50.671,51.033,,,
20/10/2025,51.384,51.953,52.315,,,
21/10/2025,47.704,48.269,48.622,,,
22/10/2025,47.681,48.237,48.593,,,
23/10/2025,48.704,49.268,49.631,,,
24/10/2025,48.586,49.157,49.523,,,
27/10/2025,46.774,47.333,47.69,,,
28/10/2025,47.324,47.885,48.246,,,
29/10/2025,47.913,48.488,48.858,,,
30/10/2025,48.616,49.209,49.59,,,
31/10/2025,48.16,48.752,49.132,,,
3/11/2025,48.049,48.641,49.02,,,
4/11/2025,47.291,47.866,48.235,,,
5/11/2025,48.022,48.604,48.987,,,
6/11/2025,47.95,48.535,48.901,,,
7/11/2025,48.143,48.746,49.121,,,
10/11/2025,50.311,50.922,51.314,,,
11/11/2025,50.744,51.367,51.758,,,
12/11/2025,53.457,54.116,54.53,,,
13/11/2025,53.17,53.837,54.254,,,
14/11/2025,50.686,51.324,51.722,,,
17/11/2025,50.711,51.343,51.747,,,
18/11/2025,50.521,51.146,51.548,,,
19/11/2025,50.854,51.503,51.906,,,
20/11/2025,50.301,50.956,51.358,,,
21/11/2025,49.913,50.556,50.944,,,
24/11/2025,50.326,50.96,51.347,,,
25/11/2025,50.965,51.629,52.018,,,
26/11/2025,52.916,53.607,54.005,,,
28/11/2025,56.446,57.163,57.587,,,
1/12/2025,58.418,59.142,59.592,,,
2/12/2025,57.983,58.703,59.154,,,
3/12/2025,57.921,58.62,59.06,,,
4/12/2025,56.847,57.491,57.923,,,
5/12/2025,58.422,59.053,59.501,,,
8/12/2025,57.779,58.405,58.856,,,
9/12/2025,60.169,60.84,61.314,,,
10/12/2025,60.379,61.029,61.502,,,
11/12/2025,63.929,64.592,65.08,,,
12/12/2025,61.362,62.007,62.475,,,
15/12/2025,62.94,63.589,64.071,,,
16/12/2025,62.7,63.323,63.803,,,
17/12/2025,66.237,66.901,67.399,,,
18/12/2025,64.592,65.219,65.712,,,
19/12/2025,66.845,67.489,67.999,,,
22/12/2025,67.906,68.565,69.094,,,
23/12/2025,70.485,71.137,71.672,,,
24/12/2025,71.031,71.685,72.253,,,
26/12/2025,76.486,77.196,77.772,,,
29/12/2025,69.856,70.46,71.014,,,
30/12/2025,77.919,78.528,79.126,,,
31/12/2025,70.603,71.19,71.773,,,
2/01/2026,71.015,71.578,72.131,,,
5/01/2026,76.657,77.25,77.844,,,
6/01/2026,81.039,81.669,82.294,,,
7/01/2026,77.613,78.211,78.815,,,
8/01/2026,75.144,75.706,76.281,,,
9/01/2026,79.341,79.938,80.531,,,
12/01/2026,85.091,85.739,86.382,,,
13/01/2026,86.338,86.996,87.656,,,
14/01/2026,91.385,92.081,92.78,,,
15/01/2026,92.347,93.031,93.711,,,
16/01/2026,88.537,89.21,89.874,,,
20/01/2026,94.636,95.336,96.027,,,
21/01/2026,92.637,93.329,94.016,,,
22/01/2026,96.372,97.089,97.797,,,
23/01/2026,101.333,102.118,102.891,,,
26/01/2026,115.504,116.388,117.261,,,
27/01/2026,105.957,106.804,107.647,,,
28/01/2026,113.534,114.398,115.268,,,
29/01/2026,114.429,115.319,116.214,,,
30/01/2026,78.531,79.14,79.77,,,
2/02/2026,77.009,77.568,78.141,,,
3/02/2026,83.301,83.941,84.589,,,
4/02/2026,84.396,85.054,85.713,,,
5/02/2026,76.714,77.281,77.849,,,
6/02/2026,76.895,77.497,78.093,,,
9/02/2026,82.234,82.867,83.478,,,
10/02/2026,80.384,81.003,81.605,,,
11/02/2026,83.92,84.563,85.202,,,
12/02/2026,75.682,76.256,76.842,,,
13/02/2026,77.964,78.535,79.105,,,
17/02/2026,73.54,74.063,74.576,,,
18/02/2026,77.598,78.196,78.767,,,
19/02/2026,77.634,78.231,78.812,,,
20/02/2026,82.343,82.974,83.571,,,
23/02/2026,86.573,87.217,87.853,,,
24/02/2026,87.506,88.13,88.764,,,
25/02/2026,90.988,91.63,92.28,,,
26/02/2026,86.998,87.584,88.221,,,
27/02/2026,92.682,93.291,93.969,,,
2/03/2026,88.284,88.853,89.484,,,
3/03/2026,82.923,83.473,84.076,,,
4/03/2026,82.633,83.184,83.796,,,
5/03/2026,81.687,82.181,82.794,,,
6/03/2026,83.816,84.311,84.921,,,
9/03/2026,84.032,84.523,85.125,,,
10/03/2026,89.083,89.592,90.231,,,
11/03/2026,85.065,85.535,86.161,,,
12/03/2026,84.67,85.112,85.731,,,
13/03/2026,80.914,81.343,81.931,,,
16/03/2026,80.263,80.682,81.269,,,
17/03/2026,79.53,79.921,80.509,,,
18/03/2026,77.238,77.592,78.156,,,
19/03/2026,70.902,71.215,71.722,,,
20/03/2026,69.36,69.664,70.183,,,
23/03/2026,69.049,69.355,69.849,,,
24/03/2026,69.274,69.569,70.075,,,
25/03/2026,72.361,72.641,73.175,,,
26/03/2026,67.671,67.934,68.432,,,
27/03/2026,69.545,69.796,70.319,,,
30/03/2026,70.569,71.096,71.619,,,
31/03/2026,74.919,75.479,76.033,,,
1/04/2026,76.078,76.659,77.242,,,
2/04/2026,72.924,73.48,74.038,,,
3/04/2026,72.924,73.48,74.038,,,
6/04/2026,72.847,73.387,73.943,,,
7/04/2026,71.987,72.518,73.071,,,
8/04/2026,75.385,75.951,76.532,,,
9/04/2026,76.438,77.016,77.604,,,
10/04/2026,76.48,77.047,77.638,,,
13/04/2026,75.665,76.218,76.792,,,
14/04/2026,79.533,80.104,80.696,,,
15/04/2026,79.628,80.199,80.79,,,
16/04/2026,78.71,79.273,79.854,,,
17/04/2026,81.842,82.433,83.038,,,
20/04/2026,80.038,80.618,81.211,,,
21/04/2026,76.488,77.044,77.599,,,
22/04/2026,77.961,78.528,79.097,,,
23/04/2026,75.504,76.06,76.617,,,
24/04/2026,76.414,76.94,77.486,,,
27/04/2026,75.025,75.568,76.119,,,
28/04/2026,73.219,73.745,74.253,,,
29/04/2026,71.569,72.088,72.589,,,
30/04/2026,73.534,74.028,74.552,,,
1/05/2026,75.951,76.431,76.965,,,
4/05/2026,73.072,73.522,74.041,,,
5/05/2026,73.108,73.581,74.109,,,
6/05/2026,76.811,77.303,77.869,,,
7/05/2026,79.701,80.18,80.764,,,
8/05/2026,80.395,80.865,81.45,,,
11/05/2026,85.485,85.948,86.572,,,
12/05/2026,85.13,85.591,86.208,,,
13/05/2026,88.888,89.368,90.02,,,
14/05/2026,84.912,85.328,85.94,,,
15/05/2026,77.161,77.547,78.101,,,
18/05/2026,77.073,77.444,78.005,,,
19/05/2026,74.828,75.159,75.703,,,
20/05/2026,75.851,76.181,76.743,,,
21/05/2026,76.414,76.732,77.306,,,
22/05/2026,75.893,76.199,76.77,,,
26/05/2026,76.305,76.606,77.184,,,
27/05/2026,74.599,74.895,75.455,,,
28/05/2026,75.912,76.475,77.303,,,
29/05/2026,75.875,76.444,77.274,,,
1/06/2026,75.254,75.817,76.646,,,
2/06/2026,75.556,76.119,76.954,,,
3/06/2026,73.694,74.243,75.062,,,
4/06/2026,73.971,74.516,75.328,,,
5/06/2026,69.103,69.616,70.388,,,
8/06/2026,68.585,69.093,69.863,,,
9/06/2026,65.24,65.717,66.445,,,
10/06/2026,64.74,65.207,65.924,,,
11/06/2026,64.001,64.466,65.145,,,
12/06/2026,67.974,68.478,69.194,,,
15/06/2026,70.18,70.712,71.455,,,
16/06/2026,70.013,70.539,71.276,,,
17/06/2026,70.767,71.296,72.039,,,
18/06/2026,66.319,66.803,67.538,,,
22/06/2026,65.583,66.065,66.788,,,
23/06/2026,62.07,62.514,63.215,,,
24/06/2026,58.087,58.511,59.159,,,
25/06/2026,58.361,58.798,59.44,,,
26/06/2026,59.224,59.674,60.325,,,
29/06/2026,58.175,58.632,59.275,,,
30/06/2026,59.477,59.922,60.577,,,
1/07/2026,60.085,60.511,61.173,,,
2/07/2026,60.643,61.064,61.727,,,
6/07/2026,61.92,62.33,63.01,,,
7/07/2026,60.931,61.33,62.003,,,
8/07/2026,58.164,58.54,59.185,,,
9/07/2026,60.378,60.748,61.421,,,
10/07/2026,59.809,60.165,60.834,,,
13/07/2026,57.634,57.972,58.615,,,
14/07/2026,58.772,59.104,59.758,,,
15/07/2026,57.11,57.433,58.068,,,
16/07/2026,55.898,56.187,56.802,,,
17/07/2026,56.038,56.326,56.941,,,
20/07/2026,56.802,57.072,57.703,,,
21/07/2026,58.835,59.108,59.763,,,
22/07/2026,60.019,60.298,60.963,,,
23/07/2026,57.798,58.054,58.694,,,
24/07/2026,58.656,58.906,59.55,,,
27/07/2026,58.472,58.712,59.359,,,
28/07/2026,57.296,57.529,58.162,,,
29/07/2026,57.863,58.089,58.73,,,
30/07/2026,59.017,59.67,60.33,,,
31/07/2026,57.786,58.428,59.08,,,
3/08/2026,57.856,58.496,59.146,,,
4/08/2026,60.245,60.911,61.581,,,
5/08/2026,62.288,62.987,63.69,,,
6/08/2026,61.606,62.3,62.999,,,
7/08/2026,63.499,64.222,64.945,,,
10/08/2026,65.272,66.016,66.769,,,
11/08/2026,64.935,65.685,66.442,,,
12/08/2026,65.7,66.458,67.224,,,
13/08/2026,64.993,65.73,66.483,,,
14/08/2026,65.108,65.848,66.603,,,
17/08/2026,66.231,66.985,67.745,,,
18/08/2026,64.037,64.757,65.493,,,
19/08/2026,65.825,66.566,67.316,,,
20/08/2026,68.105,68.882,69.649,,,
21/08/2026,69.53,70.349,71.157,,,
24/08/2026,68.594,69.381,70.169,,,
25/08/2026,68.682,69.47,70.25,,,
26/08/2026,68.026,68.819,69.596,,,
27/08/2026,69.431,70.239,71.026,,,
28/08/2026,66.995,67.786,68.581,,,
31/08/2026,66.221,66.99,67.78,,,
1/09/2026,64.618,65.369,66.131,,,
2/09/2026,64.723,65.463,66.242,,,
3/09/2026,66.973,67.704,68.525,,,
4/09/2026,66.047,66.748,67.552,,,
8/09/2026,66.297,67,67.806,,,
,,,,,,
