Date,S1,S2,S3,,,
3/01/2005,537.25,535.5,541.25,,,
4/01/2005,529.75,525,530,,,
5/01/2005,534,527,531,,,
6/01/2005,541.75,532.5,536.25,,,
7/01/2005,551.75,542.25,546.5,,,
10/01/2005,560,548.5,551,,,
11/01/2005,557.5,543.25,546.5,,,
12/01/2005,554,533.75,536.25,,,
13/01/2005,557.5,536.5,539,,,
14/01/2005,542,519.5,522.75,,,
18/01/2005,513.5,516.25,522.75,,,
19/01/2005,517.75,518.75,524.5,,,
20/01/2005,523.25,521,526,,,
21/01/2005,516.75,516,520.75,,,
24/01/2005,520,520.25,525.5,,,
25/01/2005,526,524,528,,,
26/01/2005,523,521.25,525.75,,,
27/01/2005,515.75,514,518.5,,,
28/01/2005,514,513,518,,,
31/01/2005,514.75,512.5,517.5,,,
1/02/2005,507,507,513,,,
2/02/2005,505.25,506.25,512.25,,,
3/02/2005,502,504.25,509.75,,,
4/02/2005,499.5,502.25,507,,,
7/02/2005,501.25,505,508.25,,,
8/02/2005,503.5,506.5,510.75,,,
9/02/2005,510.75,511.25,513.5,,,
10/02/2005,516,515.25,518,,,
11/02/2005,525.75,526.5,527.75,,,
14/02/2005,535.75,536.25,538.25,,,
15/02/2005,535.25,535.5,538,,,
16/02/2005,535,534.75,537,,,
17/02/2005,552,553,556.25,,,
18/02/2005,552.5,555.75,559.25,,,
22/02/2005,577,583,588.75,,,
23/02/2005,576.75,582.5,586.25,,,
24/02/2005,569,574,576.5,,,
25/02/2005,597.5,604.5,608.5,,,
28/02/2005,615.5,622,625,,,
1/03/2005,605,613.25,617.5,,,
2/03/2005,618.75,627.25,632.25,,,
3/03/2005,620,627.25,630,,,
4/03/2005,622.75,629.75,633.75,,,
7/03/2005,608.5,616,620,,,
8/03/2005,619.5,625.5,629.25,,,
9/03/2005,624,629.5,634,,,
10/03/2005,633.25,639.25,643,,,
11/03/2005,656.75,662.5,666.5,,,
14/03/2005,654,656,661,,,
15/03/2005,681,684.75,682.5,,,
16/03/2005,673.5,678.75,676,,,
17/03/2005,671.5,676,674,,,
18/03/2005,649,653,650.5,,,
21/03/2005,626.5,631,628.5,,,
22/03/2005,627.25,631.5,629,,,
23/03/2005,623.25,628,625.25,,,
24/03/2005,628.75,634,630.5,,,
28/03/2005,625.75,631.5,627.75,,,
29/03/2005,624,629.25,627.25,,,
30/03/2005,641,646,642.75,,,
31/03/2005,627.5,636,629.5,,,
1/04/2005,614,623.5,620,,,
4/04/2005,615,622,618.5,,,
5/04/2005,617.5,624.75,623.75,,,
6/04/2005,623.25,630.25,628.5,,,
7/04/2005,623.5,631.75,629.5,,,
8/04/2005,612,619.5,619,,,
11/04/2005,616.75,624.5,622.75,,,
12/04/2005,617.5,624.5,622.5,,,
13/04/2005,623.25,630,628,,,
14/04/2005,617,623,621,,,
15/04/2005,616.25,622,620,,,
18/04/2005,609.5,616.25,614.5,,,
19/04/2005,631,639,637.25,,,
20/04/2005,630.75,639,637.25,,,
21/04/2005,637.75,645.25,643.75,,,
22/04/2005,633,640.5,638.75,,,
25/04/2005,635.25,642,641.25,,,
26/04/2005,636.75,643.5,641.25,,,
27/04/2005,627.25,633.75,632,,,
28/04/2005,618,625.25,624.75,,,
29/04/2005,619.25,626.25,626,,,
2/05/2005,619.25,627.25,625.75,,,
3/05/2005,618.75,625.5,625.5,,,
4/05/2005,620,624.5,624.25,,,
5/05/2005,623.5,628.75,627.25,,,
6/05/2005,635,640,637.75,,,
9/05/2005,632,637.75,636.5,,,
10/05/2005,628.25,634,634,,,
11/05/2005,628,633,633,,,
12/05/2005,619.75,623.5,623.25,,,
13/05/2005,603.75,612.75,612.75,,,
16/05/2005,623.5,623,617.5,,,
17/05/2005,620.75,620.5,617.5,,,
18/05/2005,633.25,632.5,630,,,
19/05/2005,629.25,629.25,626,,,
20/05/2005,632,632,630,,,
23/05/2005,640,640.25,637.5,,,
24/05/2005,645.5,645.5,644.75,,,
25/05/2005,666.5,666,664.5,,,
26/05/2005,676,676.75,674.5,,,
27/05/2005,667.75,669,667.5,,,
31/05/2005,680.25,681.5,681,,,
1/06/2005,685.25,686.75,688.5,,,
2/06/2005,668.5,670,670.25,,,
3/06/2005,675.25,677.25,677.75,,,
6/06/2005,677.75,680.25,681.5,,,
7/06/2005,674.75,677.75,679.75,,,
8/06/2005,667.5,669.75,672.25,,,
9/06/2005,673.25,676.25,677.75,,,
10/06/2005,666.25,669.5,671,,,
13/06/2005,680.5,683,687,,,
14/06/2005,689.75,693.25,696.25,,,
15/06/2005,702.5,706.5,709,,,
16/06/2005,700.75,706.25,710.5,,,
17/06/2005,724,727.5,731.5,,,
20/06/2005,739,744.5,750,,,
21/06/2005,735.25,739,744.5,,,
22/06/2005,737,740,744.5,,,
23/06/2005,725.75,730.5,734.5,,,
24/06/2005,744.5,748.25,756,,,
27/06/2005,694.5,698.25,706,,,
28/06/2005,666.75,671.5,676.5,,,
29/06/2005,672,676.5,680,,,
30/06/2005,651.75,656,658.5,,,
1/07/2005,673.5,676,678.5,,,
5/07/2005,712.25,715.5,719.25,,,
6/07/2005,696.25,698.25,702.25,,,
7/07/2005,692,694.5,699.5,,,
8/07/2005,675.5,678,681.25,,,
11/07/2005,688,690,694.5,,,
12/07/2005,698.5,701.25,705,,,
13/07/2005,711.5,714,716.75,,,
14/07/2005,723,720,722.25,,,
15/07/2005,721,724.5,731.5,,,
18/07/2005,717.25,720.75,727.75,,,
19/07/2005,682.5,685.5,691,,,
20/07/2005,684.5,688.75,694.5,,,
21/07/2005,669.5,674.5,679.5,,,
22/07/2005,669.25,673.25,679.5,,,
25/07/2005,669.75,674.5,682.5,,,
26/07/2005,676,679.25,689,,,
27/07/2005,673.75,678,686.5,,,
28/07/2005,684.25,689,698.25,,,
29/07/2005,671.75,677,686.75,,,
1/08/2005,673,677.25,687.5,,,
2/08/2005,689.5,694.5,704.5,,,
3/08/2005,670,675.25,681.5,,,
4/08/2005,671.25,675.5,682.5,,,
5/08/2005,658.5,661.75,669,,,
8/08/2005,660.5,664.25,670.75,,,
9/08/2005,643,646.25,652.75,,,
10/08/2005,643.5,645.75,652.75,,,
11/08/2005,641,643.25,650.25,,,
12/08/2005,643,640.5,648,,,
15/08/2005,612.75,619.75,624.25,,,
16/08/2005,616.75,625,630.5,,,
17/08/2005,615,624.75,631.5,,,
18/08/2005,609.75,620.25,627,,,
19/08/2005,597.25,607.5,613.75,,,
22/08/2005,607.25,617.25,623.5,,,
23/08/2005,610.75,620.5,626,,,
24/08/2005,602.5,612.75,619.75,,,
25/08/2005,587,597.75,604.25,,,
26/08/2005,591,602,609.25,,,
29/08/2005,594,606,613.25,,,
30/08/2005,599.75,611,618.5,,,
31/08/2005,586.75,598.75,605.75,,,
1/09/2005,595.75,607,615,,,
2/09/2005,588.5,599,607.25,,,
6/09/2005,604.75,614.25,622.5,,,
7/09/2005,595,606.25,613.5,,,
8/09/2005,590.5,600.5,608.5,,,
9/09/2005,580.5,590,598.75,,,
12/09/2005,575,585,593.5,,,
13/09/2005,576,586,594.5,,,
14/09/2005,569.5,580.25,588.75,,,
15/09/2005,568.75,577.75,585.5,,,
16/09/2005,571.25,580,587.25,,,
19/09/2005,576,585.25,592.25,,,
20/09/2005,572,581,588.25,,,
21/09/2005,577.75,586.75,594,,,
22/09/2005,580.5,588.75,596.75,,,
23/09/2005,574,582.5,590.5,,,
26/09/2005,567.5,576.25,584.25,,,
27/09/2005,557.5,566.75,574.25,,,
28/09/2005,562.75,572.25,580.25,,,
29/09/2005,560.5,570.25,578.25,,,
30/09/2005,573.25,583.25,590.75,,,
3/10/2005,581,592.5,599.5,,,
4/10/2005,562.5,574.25,582.25,,,
5/10/2005,563.5,575,582.75,,,
6/10/2005,564.25,576.5,583.5,,,
7/10/2005,564.25,576,583.75,,,
10/10/2005,555.5,568.5,575.25,,,
11/10/2005,563.5,576.5,583,,,
12/10/2005,589,601,606.5,,,
13/10/2005,588.25,601.5,606,,,
14/10/2005,589.5,600.5,608,,,
17/10/2005,591.25,603.75,610.75,,,
18/10/2005,584.5,596.75,604,,,
19/10/2005,589.25,601.75,609.5,,,
20/10/2005,585,598,606.25,,,
21/10/2005,572.25,584.5,592,,,
24/10/2005,575,587.5,596.25,,,
25/10/2005,578,590.25,599,,,
26/10/2005,571.5,583.5,593,,,
27/10/2005,571,583.5,592.5,,,
28/10/2005,565,577.5,586,,,
31/10/2005,564.75,576,584.25,,,
1/11/2005,574.5,586.5,594.25,,,
2/11/2005,573.5,585,593,,,
3/11/2005,591.75,601.75,609.5,,,
4/11/2005,580.5,592,600.5,,,
7/11/2005,571.5,583,591.5,,,
8/11/2005,574.25,585.5,593.75,,,
9/11/2005,578.25,588.5,596,,,
10/11/2005,577,587.5,594,,,
11/11/2005,593,601.5,606.75,,,
14/11/2005,590.25,595,601,,,
15/11/2005,592.25,599.25,605.25,,,
16/11/2005,576.75,584.75,590,,,
17/11/2005,579.25,586.75,592,,,
18/11/2005,569.75,577.25,582.75,,,
21/11/2005,572.25,579.75,585.25,,,
22/11/2005,572.25,580,586.25,,,
23/11/2005,562,568.75,576.5,,,
25/11/2005,554.25,562.25,568,,,
28/11/2005,558.25,565.75,571,,,
29/11/2005,554,561.5,567.25,,,
30/11/2005,558,566.25,571.25,,,
1/12/2005,559.75,568,573.25,,,
2/12/2005,562.75,570.5,574.75,,,
5/12/2005,573.25,579.5,583.5,,,
6/12/2005,564,571,575.5,,,
7/12/2005,559,567.5,571.25,,,
8/12/2005,566.75,575.5,579.75,,,
9/12/2005,568.75,578.5,582.5,,,
12/12/2005,584,594.5,598.75,,,
13/12/2005,597.5,608.25,613.25,,,
14/12/2005,592.5,603.5,611.25,,,
15/12/2005,587.25,598,606.25,,,
16/12/2005,592.25,602.5,610.5,,,
19/12/2005,608.5,620.5,628.25,,,
20/12/2005,605.25,616.5,626,,,
21/12/2005,606.5,619,627,,,
22/12/2005,612.75,625.25,634.25,,,
23/12/2005,613,625,634.25,,,
27/12/2005,611.5,623.75,633.25,,,
28/12/2005,611,622.25,630.25,,,
29/12/2005,597.75,608.75,617.75,,,
30/12/2005,602,613.5,622,,,
3/01/2006,617.5,628.5,638.75,,,
4/01/2006,621,632.25,641.75,,,
5/01/2006,608,618.5,627.5,,,
6/01/2006,600.5,611,621,,,
9/01/2006,584,594,603,,,
10/01/2006,578.25,589,599,,,
11/01/2006,574.5,584.5,593.75,,,
12/01/2006,562,572,581.5,,,
13/01/2006,565,576.5,585.5,,,
17/01/2006,571.25,580.75,589.75,,,
18/01/2006,565.75,574.75,584.5,,,
19/01/2006,565,574.75,584,,,
20/01/2006,568,577.75,587.5,,,
23/01/2006,574.5,585,595.25,,,
24/01/2006,571.25,581,591.5,,,
25/01/2006,567,578,588.5,,,
26/01/2006,573,584.5,594.75,,,
27/01/2006,589.25,599.75,609.5,,,
30/01/2006,598.75,609.5,620.25,,,
31/01/2006,594.25,606.75,616.5,,,
1/02/2006,579.5,592.25,603,,,
2/02/2006,584,596.75,607,,,
3/02/2006,594.75,607.5,617.5,,,
6/02/2006,587,600.5,609.75,,,
7/02/2006,574,588,598.5,,,
8/02/2006,578,591.25,602.5,,,
9/02/2006,587.75,601.75,610.25,,,
10/02/2006,582.25,596,606.5,,,
13/02/2006,584.25,597.75,607,,,
14/02/2006,583.25,596,606.25,,,
15/02/2006,587,599,608.5,,,
16/02/2006,591.5,604.25,614.5,,,
17/02/2006,601.25,614.5,624,,,
21/02/2006,587.5,601,610.25,,,
22/02/2006,574,586.5,598.25,,,
23/02/2006,571.75,584.75,595.75,,,
24/02/2006,577.25,590.25,601.5,,,
27/02/2006,579.5,593,604.25,,,
28/02/2006,580.25,594,604.75,,,
1/03/2006,577.5,591,602,,,
2/03/2006,591,604,614.75,,,
3/03/2006,593.25,606,617.25,,,
6/03/2006,587,600.5,611.5,,,
7/03/2006,578,590,601.5,,,
8/03/2006,572.25,584,596,,,
9/03/2006,576.5,587.75,599.75,,,
10/03/2006,578.25,589.25,600.5,,,
13/03/2006,573.5,584.5,595.75,,,
14/03/2006,574.75,587.75,599,,,
15/03/2006,584.25,595.75,600.5,,,
16/03/2006,576.25,588.25,594,,,
17/03/2006,576.5,589,593.25,,,
20/03/2006,572.5,585.25,588.5,,,
21/03/2006,575.25,587.25,592,,,
22/03/2006,577,589.75,594,,,
23/03/2006,574.75,587.5,592,,,
24/03/2006,573.75,587,591.5,,,
27/03/2006,579.5,592,596.75,,,
28/03/2006,581.5,594.5,599,,,
29/03/2006,582.5,595.25,599.5,,,
30/03/2006,587.75,601,605.75,,,
31/03/2006,571.5,585.5,590.25,,,
3/04/2006,565,579,583.75,,,
4/04/2006,558.75,573,578.25,,,
5/04/2006,561.5,576,579.5,,,
6/04/2006,564,578,583.75,,,
7/04/2006,557.75,572.25,577.5,,,
10/04/2006,555.25,569,575,,,
11/04/2006,562.5,577,582.75,,,
12/04/2006,560.5,574.75,580.5,,,
13/04/2006,563,577.5,582.5,,,
17/04/2006,571.5,585.5,591.25,,,
18/04/2006,575.5,589.75,595.25,,,
19/04/2006,574,587.75,593,,,
20/04/2006,571.25,585.25,591.25,,,
21/04/2006,569.75,583.25,589.25,,,
24/04/2006,574.25,588.25,594,,,
25/04/2006,579.5,593.25,598.5,,,
26/04/2006,575.75,590,595.5,,,
27/04/2006,575.25,590.5,595.5,,,
28/04/2006,587.25,601,606.5,,,
1/05/2006,593.25,606.75,612.25,,,
2/05/2006,590.5,603,607.75,,,
3/05/2006,592.75,605.5,611.5,,,
4/05/2006,590.75,603.75,609,,,
5/05/2006,594.5,606.5,612,,,
8/05/2006,586,599.5,605,,,
9/05/2006,592.5,604.5,610.25,,,
10/05/2006,593.25,606,611,,,
11/05/2006,602.75,613,618.5,,,
12/05/2006,600,613,619.5,,,
15/05/2006,604.5,610.75,616,,,
16/05/2006,602.75,609.25,613.75,,,
17/05/2006,604,610,615.5,,,
18/05/2006,598,604.5,610.5,,,
19/05/2006,587,593.75,599,,,
22/05/2006,582.5,588.75,594.25,,,
23/05/2006,586.75,592.75,599.75,,,
24/05/2006,582.5,589,594.75,,,
25/05/2006,584.25,590.5,596.25,,,
26/05/2006,582.5,589,596,,,
30/05/2006,583.5,590.25,596.75,,,
31/05/2006,579.5,587,593,,,
1/06/2006,586.75,593.75,600.25,,,
2/06/2006,609,614.75,621,,,
5/06/2006,603.25,610,616,,,
6/06/2006,593.5,600.75,606,,,
7/06/2006,597,603.75,610.5,,,
8/06/2006,587.75,595,601.5,,,
9/06/2006,585.75,592.75,599.5,,,
12/06/2006,600,607.25,614.5,,,
13/06/2006,595.75,602.5,609.75,,,
14/06/2006,589.5,596.5,603,,,
15/06/2006,592.5,599.5,606.25,,,
16/06/2006,600.25,606.5,613.5,,,
19/06/2006,584.5,592,598.25,,,
20/06/2006,585.25,592.25,599.25,,,
21/06/2006,586.25,593.25,599.75,,,
22/06/2006,583,589.5,595,,,
23/06/2006,580.5,586.5,593.5,,,
26/06/2006,569.5,575.5,582.25,,,
27/06/2006,578,585,592,,,
28/06/2006,578.5,585.75,593,,,
29/06/2006,581.75,589,596.25,,,
30/06/2006,594.75,600.5,608,,,
3/07/2006,601.5,608.5,615.75,,,
5/07/2006,594.5,600.5,607,,,
6/07/2006,608.5,613.5,620.5,,,
7/07/2006,602,606.25,613.75,,,
10/07/2006,603,608.25,615.5,,,
11/07/2006,607,610,618,,,
12/07/2006,603,607,614.75,,,
13/07/2006,597.5,600.25,607.75,,,
14/07/2006,602,603,610.75,,,
17/07/2006,590,597.25,611.25,,,
18/07/2006,589,596.5,611,,,
19/07/2006,585.75,593.25,607.25,,,
20/07/2006,584.25,591.75,605.5,,,
21/07/2006,577,584.5,598.5,,,
24/07/2006,583.25,590.75,604.75,,,
25/07/2006,585.25,593.25,607,,,
26/07/2006,581.75,589.75,602.75,,,
27/07/2006,574,580.75,595,,,
28/07/2006,576.5,584,598,,,
31/07/2006,579.5,585.5,599.75,,,
1/08/2006,573.5,579.25,593.75,,,
2/08/2006,581.75,587.25,601.25,,,
3/08/2006,576,581.5,595.5,,,
4/08/2006,577.5,582,597,,,
7/08/2006,563.25,567.25,582,,,
8/08/2006,557.5,562.5,576.25,,,
9/08/2006,562,566.5,580,,,
10/08/2006,557,561.25,574.25,,,
11/08/2006,551,555.25,568.25,,,
14/08/2006,549.75,556.25,569.25,,,
15/08/2006,556.5,569.25,582,,,
16/08/2006,552.25,565,577.75,,,
17/08/2006,551.5,564.5,577.25,,,
18/08/2006,547,560.5,572.75,,,
21/08/2006,548.25,561.25,573.75,,,
22/08/2006,549.25,562.25,575.5,,,
23/08/2006,552.25,566.5,579.25,,,
24/08/2006,551.5,565,578,,,
25/08/2006,543,557,569.75,,,
28/08/2006,537.75,552,564.75,,,
29/08/2006,537,551,563.75,,,
30/08/2006,542,555.75,569,,,
31/08/2006,542.25,555.75,569.25,,,
1/09/2006,538.5,551.5,564.75,,,
5/09/2006,541.25,554.25,567.25,,,
6/09/2006,534,546.75,559.75,,,
7/09/2006,538.5,550,563.25,,,
8/09/2006,537,548,561.75,,,
11/09/2006,532,544.5,557.75,,,
12/09/2006,527.25,538.5,552,,,
13/09/2006,530,540.5,554,,,
14/09/2006,532,545.25,558.75,,,
15/09/2006,549.75,562.5,574,,,
18/09/2006,553,565.75,577,,,
19/09/2006,544.25,557.25,568.75,,,
20/09/2006,549.25,562.25,573.5,,,
21/09/2006,558,571.5,582.25,,,
22/09/2006,549.25,562.25,573.5,,,
25/09/2006,545,558.75,569.5,,,
26/09/2006,546.75,561,571.5,,,
27/09/2006,542.5,556.5,567.5,,,
28/09/2006,552.75,566.75,577.5,,,
29/09/2006,547.5,562.25,573,,,
2/10/2006,545.25,560.25,571,,,
3/10/2006,542.5,557.25,568.75,,,
4/10/2006,555.25,569.5,581,,,
5/10/2006,565.5,580,589.75,,,
6/10/2006,564,577.75,588.25,,,
9/10/2006,574.5,589.25,599,,,
10/10/2006,560.5,575.25,585.25,,,
11/10/2006,562.25,577,587.5,,,
12/10/2006,579.75,594.5,604.25,,,
13/10/2006,591.5,605.5,615.5,,,
16/10/2006,589,603.5,613.25,,,
17/10/2006,600.5,614.5,623.75,,,
18/10/2006,604.5,618,626,,,
19/10/2006,608,622.5,628.75,,,
20/10/2006,606.5,620.25,628,,,
23/10/2006,617.5,630.5,637.75,,,
24/10/2006,623.5,637,644.25,,,
25/10/2006,622,635.5,643,,,
26/10/2006,627.75,641.75,650,,,
27/10/2006,635.5,649,658,,,
30/10/2006,639.75,653.25,662.75,,,
31/10/2006,630.25,644.25,654.5,,,
1/11/2006,645,658.25,668,,,
2/11/2006,648.25,661.25,672.25,,,
3/11/2006,649,662.75,673.75,,,
6/11/2006,649.25,662.75,674.5,,,
7/11/2006,654.75,667.25,678.5,,,
8/11/2006,666.25,678,688.75,,,
9/11/2006,657.5,669.5,681.25,,,
10/11/2006,651.25,662.5,674.5,,,
13/11/2006,646.5,657.5,669.25,,,
14/11/2006,656,671.25,684.5,,,
15/11/2006,663.75,676,684.25,,,
16/11/2006,656.5,668.75,677.75,,,
17/11/2006,660.5,672.75,682,,,
20/11/2006,667.5,680,690,,,
21/11/2006,673,686.25,695.25,,,
22/11/2006,674,686.75,696.25,,,
24/11/2006,684.25,696.75,704.75,,,
27/11/2006,688,702,710.75,,,
28/11/2006,686.25,699.5,708.5,,,
29/11/2006,682.25,696,704,,,
30/11/2006,685.5,700.25,707.75,,,
1/12/2006,677,692,700,,,
4/12/2006,659.25,673.5,683.25,,,
5/12/2006,664.25,677.75,687.5,,,
6/12/2006,654.25,668.25,677.25,,,
7/12/2006,662,676.25,685.5,,,
8/12/2006,656,672.25,681.25,,,
11/12/2006,666.75,682.75,692.75,,,
12/12/2006,663,678.5,690,,,
13/12/2006,661,676,688.25,,,
14/12/2006,662.75,677.5,690.5,,,
15/12/2006,657.5,672.25,685.75,,,
18/12/2006,648,663,675.75,,,
19/12/2006,653.5,668.75,681.5,,,
20/12/2006,648.25,663.5,676.75,,,
21/12/2006,650.25,665.75,678.75,,,
22/12/2006,659.5,674.25,687.5,,,
26/12/2006,671.5,686.5,699.75,,,
27/12/2006,669.5,685.25,698.25,,,
28/12/2006,675.75,690.5,703.75,,,
29/12/2006,683.5,697.25,709.5,,,
2/01/2007,683.5,697.25,709.5,,,
3/01/2007,669.25,682,695.75,,,
4/01/2007,662.75,675.5,689.5,,,
5/01/2007,668,681.5,694.75,,,
8/01/2007,665,677.25,691,,,
9/01/2007,653.5,664.5,678.75,,,
10/01/2007,653.75,664.75,679.25,,,
11/01/2007,664,674.25,688.75,,,
12/01/2007,706,716.5,731.5,,,
16/01/2007,708.5,723.25,736.5,,,
17/01/2007,722,736.25,750,,,
18/01/2007,716.25,731.25,745.25,,,
19/01/2007,717.75,732.5,746.5,,,
22/01/2007,717.25,732.75,745.75,,,
23/01/2007,727.25,742,754.75,,,
24/01/2007,715,730.5,743.25,,,
25/01/2007,713.25,728.5,742,,,
26/01/2007,710.5,726.25,739.75,,,
29/01/2007,709.5,724.75,738.25,,,
30/01/2007,721,736.25,749.5,,,
31/01/2007,719.5,734.5,747.75,,,
1/02/2007,721.5,737.5,750.75,,,
2/02/2007,736.75,752.5,765.5,,,
5/02/2007,740,756.5,769.5,,,
6/02/2007,738.75,754.25,768.75,,,
7/02/2007,741,757.25,770.5,,,
8/02/2007,743.75,760.25,773.75,,,
9/02/2007,749.25,765.5,778.5,,,
12/02/2007,745.25,761.75,774.5,,,
13/02/2007,755,771.5,783.75,,,
14/02/2007,750.5,766.5,779.25,,,
15/02/2007,758.75,774.75,788.5,,,
16/02/2007,767,782.5,795.25,,,
20/02/2007,771,787,801,,,
21/02/2007,781.25,798,811.75,,,
22/02/2007,783.75,800.5,815.25,,,
23/02/2007,778.25,794,809,,,
26/02/2007,778.75,794.5,809.25,,,
27/02/2007,763.5,778.75,793.75,,,
28/02/2007,773.25,787.5,802.5,,,
1/03/2007,746.25,762,776.25,,,
2/03/2007,739,753.5,768.75,,,
5/03/2007,735.75,750.5,765.75,,,
6/03/2007,733,747.75,763,,,
7/03/2007,742.75,757.25,772.75,,,
8/03/2007,745,759,774.5,,,
9/03/2007,746.5,759.75,775.75,,,
12/03/2007,752.25,765,780.75,,,
13/03/2007,744,755.5,772,,,
14/03/2007,736.5,753.5,768.75,,,
15/03/2007,750.5,766.75,771.5,,,
16/03/2007,753.5,769,775.5,,,
19/03/2007,759.5,775.25,780.25,,,
20/03/2007,764.75,780.5,785.75,,,
21/03/2007,766.5,782.5,788.5,,,
22/03/2007,771.75,788,794.25,,,
23/03/2007,769.5,785.25,792.25,,,
26/03/2007,758.5,774.75,781,,,
27/03/2007,757,773,778.75,,,
28/03/2007,770.75,786.5,793,,,
29/03/2007,778.25,793.25,799,,,
30/03/2007,761.25,778,783,,,
2/04/2007,779,795.75,801,,,
3/04/2007,763.75,780.5,786,,,
4/04/2007,761,777.75,784.5,,,
5/04/2007,760.5,777.25,783,,,
9/04/2007,749,766.5,772.75,,,
10/04/2007,742.5,760.5,765.5,,,
11/04/2007,746.5,764,769.75,,,
12/04/2007,738.25,756.5,762.5,,,
13/04/2007,738,755,763,,,
16/04/2007,736,753.25,760,,,
17/04/2007,724,741.25,748,,,
18/04/2007,715.5,732.25,739.5,,,
19/04/2007,718.25,735,742.25,,,
20/04/2007,723.25,740.25,747,,,
23/04/2007,721.25,738,745.5,,,
24/04/2007,709.75,726.25,732.75,,,
25/04/2007,721.5,737.75,743.75,,,
26/04/2007,718.25,735,741.5,,,
27/04/2007,723,738.5,745.5,,,
30/04/2007,728.5,743,749.5,,,
1/05/2007,741.25,756.25,761.5,,,
2/05/2007,734.25,748.5,755.75,,,
3/05/2007,733.75,747.75,755.5,,,
4/05/2007,733.5,747.5,753.5,,,
7/05/2007,729,742.5,749.75,,,
8/05/2007,726,739.5,746.75,,,
9/05/2007,733.75,747.5,754,,,
10/05/2007,733,746.25,753,,,
11/05/2007,750,761.75,768.25,,,
14/05/2007,762.25,770.5,776.75,,,
15/05/2007,778,784.25,791.5,,,
16/05/2007,792.75,799.5,807,,,
17/05/2007,792.75,799.5,807,,,
18/05/2007,792.5,799.25,807,,,
21/05/2007,800.5,807.25,814.5,,,
22/05/2007,793.25,800.25,807.5,,,
23/05/2007,800.5,808.25,814.5,,,
24/05/2007,805.25,812.5,818.5,,,
25/05/2007,812.5,819.5,826.25,,,
29/05/2007,797.5,805.25,812.5,,,
30/05/2007,808.25,815.75,823.25,,,
31/05/2007,806.25,813.5,820,,,
1/06/2007,817.5,824.75,832.5,,,
4/06/2007,815.75,823,830.25,,,
5/06/2007,828.25,835.75,843,,,
6/06/2007,822.25,829.75,837.5,,,
7/06/2007,832,839.75,847,,,
8/06/2007,821.5,829,837.25,,,
11/06/2007,830,838,845,,,
12/06/2007,826.5,834.25,843,,,
13/06/2007,825.75,833.25,842,,,
14/06/2007,827.5,835,843.75,,,
15/06/2007,847.25,854.5,862.75,,,
18/06/2007,855.25,863.25,873.5,,,
19/06/2007,829,837.5,846.75,,,
20/06/2007,839,847.75,857,,,
21/06/2007,818.5,826,836,,,
22/06/2007,797,804.5,814.5,,,
25/06/2007,804.25,811.5,821.25,,,
26/06/2007,807,815.25,824.5,,,
27/06/2007,803.5,811.75,820.75,,,
28/06/2007,809.75,816.25,826,,,
29/06/2007,850,855.75,865.5,,,
2/07/2007,865,871,881,,,
3/07/2007,850.5,855.75,865.5,,,
5/07/2007,854.5,860,869.75,,,
6/07/2007,864.75,869.25,879.25,,,
9/07/2007,870,875.5,885,,,
10/07/2007,889,893.5,903,,,
11/07/2007,891,896,905,,,
12/07/2007,910,914.5,923.5,,,
13/07/2007,913,921.75,931.25,,,
16/07/2007,871.75,881.25,898.75,,,
17/07/2007,833.75,843.25,860.5,,,
18/07/2007,851.25,860,876.5,,,
19/07/2007,856,864.75,882,,,
20/07/2007,850.25,859.5,875.25,,,
23/07/2007,816.25,824,841,,,
24/07/2007,820.25,828.75,845.5,,,
25/07/2007,815,822.75,839.25,,,
26/07/2007,821.5,829.75,846.5,,,
27/07/2007,815.5,823.75,840.5,,,
30/07/2007,822.75,831,847.75,,,
31/07/2007,834,841.25,857.5,,,
1/08/2007,825.75,832.5,848.75,,,
2/08/2007,831,838.25,854.5,,,
3/08/2007,839,844.75,861,,,
6/08/2007,826,834.25,850,,,
7/08/2007,838.5,847,862.75,,,
8/08/2007,855,862,878,,,
9/08/2007,858,862,877.75,,,
10/08/2007,850,856,871.75,,,
13/08/2007,861,866,881.75,,,
14/08/2007,850,851,866,,,
15/08/2007,839,854.5,870.5,,,
16/08/2007,799.25,814.5,830.25,,,
17/08/2007,811.5,827.75,842.75,,,
20/08/2007,811.75,827.25,841.5,,,
21/08/2007,815.75,831,845.5,,,
22/08/2007,831.25,847,861.75,,,
23/08/2007,842,858.25,873.25,,,
24/08/2007,849,865,880.25,,,
27/08/2007,856.5,872.75,888.25,,,
28/08/2007,855.25,872.25,888,,,
29/08/2007,858.5,874.25,889.5,,,
30/08/2007,870.5,885,899.5,,,
31/08/2007,868,882.5,898,,,
4/09/2007,892.5,907.5,922.5,,,
5/09/2007,889,903,918.5,,,
6/09/2007,878,892.5,908,,,
7/09/2007,891,905.25,920.25,,,
10/09/2007,903.5,918,933.25,,,
11/09/2007,905,920.5,935.75,,,
12/09/2007,925,938.5,953.75,,,
13/09/2007,928,941.25,956.25,,,
14/09/2007,941,954.75,969.25,,,
17/09/2007,968.5,983.5,993,,,
18/09/2007,969.5,984.5,992,,,
19/09/2007,971,986,995,,,
20/09/2007,988.5,1004.25,1011,,,
21/09/2007,979,994.5,1002.5,,,
24/09/2007,978.75,994.5,1002.75,,,
25/09/2007,973,989,996.75,,,
26/09/2007,990.75,1006.25,1015.5,,,
27/09/2007,1009,1025.25,1033.75,,,
28/09/2007,991.25,1008.5,1018.25,,,
1/10/2007,991.5,1009.5,1020.25,,,
2/10/2007,943.75,962,973.25,,,
3/10/2007,951,969.5,981.25,,,
4/10/2007,954.25,972.25,984.25,,,
5/10/2007,940.5,960,971.25,,,
8/10/2007,925.5,942,955.75,,,
9/10/2007,950.25,968.75,980.5,,,
10/10/2007,968.25,986.75,998.25,,,
11/10/2007,981.5,1001,1010.75,,,
12/10/2007,976.75,995.25,1007.75,,,
15/10/2007,987,1005.75,1018.5,,,
16/10/2007,977.5,996.75,1011.25,,,
17/10/2007,974.25,993,1007.25,,,
18/10/2007,991.5,1010.25,1023.25,,,
19/10/2007,983.25,1001.25,1015.75,,,
22/10/2007,976.5,993.75,1007.75,,,
23/10/2007,981.75,999.25,1012.5,,,
24/10/2007,976.25,993.75,1008,,,
25/10/2007,994.75,1012.5,1026.75,,,
26/10/2007,995.5,1013.25,1027.5,,,
29/10/2007,1011,1028.75,1043.5,,,
30/10/2007,992,1009.25,1023.25,,,
31/10/2007,1010,1025.75,1040.5,,,
1/11/2007,990.75,1006.5,1021.75,,,
2/11/2007,1001.75,1016.75,1031,,,
5/11/2007,1005.75,1021,1036,,,
6/11/2007,1029.5,1044.5,1059,,,
7/11/2007,1023.75,1038.5,1053,,,
8/11/2007,1028,1041.25,1056.25,,,
9/11/2007,1043,1056,1070.5,,,
12/11/2007,1032.75,1046.25,1061,,,
13/11/2007,1044.25,1056.25,1070.75,,,
14/11/2007,1066,1079.5,1094,,,
15/11/2007,1078.75,1094.25,1098.25,,,
16/11/2007,1077.75,1093.75,1098.25,,,
19/11/2007,1070.5,1087.25,1092.75,,,
20/11/2007,1087,1103.5,1109,,,
21/11/2007,1084,1101.25,1106.5,,,
23/11/2007,1100.25,1116.25,1121,,,
26/11/2007,1103.75,1121,1126,,,
27/11/2007,1091,1107.75,1114.25,,,
28/11/2007,1096.75,1113.5,1119.75,,,
29/11/2007,1098,1115,1122.25,,,
30/11/2007,1080,1097.5,1106,,,
3/12/2007,1078.75,1097.5,1106.25,,,
4/12/2007,1091.5,1109.5,1118.5,,,
5/12/2007,1099.5,1117.5,1127.75,,,
6/12/2007,1098.75,1117.75,1125.75,,,
7/12/2007,1119.75,1138.75,1146.5,,,
10/12/2007,1125.75,1144.25,1154.25,,,
11/12/2007,1135.5,1154.5,1165.5,,,
12/12/2007,1151.5,1170.75,1183.25,,,
13/12/2007,1146,1166,1179.5,,,
14/12/2007,1157,1175,1188.75,,,
17/12/2007,1156.75,1176,1189.5,,,
18/12/2007,1149.75,1168.5,1183.5,,,
19/12/2007,1159,1177.75,1192.75,,,
20/12/2007,1160.75,1179.75,1195.75,,,
21/12/2007,1177.5,1196,1212,,,
24/12/2007,1181,1199.25,1215.5,,,
26/12/2007,1220.75,1239.5,1256.25,,,
27/12/2007,1212.5,1231.5,1248,,,
28/12/2007,1207.75,1223,1240.5,,,
31/12/2007,1199,1214.25,1229.75,,,
2/01/2008,1232.5,1248.75,1264.5,,,
3/01/2008,1251.5,1267.5,1284.5,,,
4/01/2008,1249,1262.5,1279.5,,,
7/01/2008,1236,1249.75,1268.5,,,
8/01/2008,1256.5,1267,1286,,,
9/01/2008,1249,1262.5,1280,,,
10/01/2008,1244,1260.25,1277.5,,,
11/01/2008,1286,1298.75,1317,,,
14/01/2008,1297,1296.5,1314.25,,,
15/01/2008,1301.5,1319.75,1337.25,,,
16/01/2008,1277,1296.5,1314.25,,,
17/01/2008,1271,1291,1305.5,,,
18/01/2008,1264,1283.25,1297.5,,,
22/01/2008,1239.5,1257,1270.75,,,
23/01/2008,1189.5,1207,1220.75,,,
24/01/2008,1230.5,1249,1263.75,,,
25/01/2008,1243,1261.5,1275.25,,,
28/01/2008,1253.75,1272.25,1287,,,
29/01/2008,1266.75,1285.5,1297,,,
30/01/2008,1275.75,1294,1307.25,,,
31/01/2008,1274.5,1292.5,1307.25,,,
1/02/2008,1287.25,1306.25,1320,,,
4/02/2008,1326,1344.75,1358.5,,,
5/02/2008,1323,1342,1355,,,
6/02/2008,1318.5,1339,1351.75,,,
7/02/2008,1331.5,1350.5,1362.25,,,
8/02/2008,1339,1358.5,1368,,,
11/02/2008,1326,1345.5,1354.5,,,
12/02/2008,1321,1338.5,1349.25,,,
13/02/2008,1328.5,1347,1356.25,,,
14/02/2008,1368,1385.5,1394.75,,,
15/02/2008,1373.75,1391.25,1402.5,,,
19/02/2008,1398.5,1417.75,1430,,,
20/02/2008,1397.75,1417,1430.75,,,
21/02/2008,1405.75,1424.75,1439.5,,,
22/02/2008,1420,1438.25,1452.75,,,
25/02/2008,1452,1469.25,1485.5,,,
26/02/2008,1466.75,1484.25,1497.5,,,
27/02/2008,1459,1475.25,1488.75,,,
28/02/2008,1498.5,1512.5,1523.75,,,
29/02/2008,1522,1536.5,1546,,,
3/03/2008,1544.5,1559.5,1570,,,
4/03/2008,1494,1510.75,1520,,,
5/03/2008,1490.5,1508.5,1519.5,,,
6/03/2008,1443,1458.75,1471,,,
7/03/2008,1341,1408.75,1421,,,
10/03/2008,1388,1406.5,1420.5,,,
11/03/2008,1392.5,1407.75,1423.5,,,
12/03/2008,1379,1395,1410.5,,,
13/03/2008,1387,1402.75,1418.75,,,
14/03/2008,1340,1352.75,1368.75,,,
17/03/2008,1302.75,1318.75,1311,,,
18/03/2008,1307,1322,1316,,,
19/03/2008,1257,1272,1266,,,
20/03/2008,1207,1222,1216,,,
24/03/2008,1257,1272,1266,,,
25/03/2008,1307,1322,1316,,,
26/03/2008,1352,1365.5,1356,,,
27/03/2008,1327.25,1342.5,1328,,,
28/03/2008,1267.25,1285,1267,,,
31/03/2008,1197.25,1215,1197,,,
1/04/2008,1211,1234,1224,,,
2/04/2008,1243,1259.5,1252,,,
3/04/2008,1257,1276,1268,,,
4/04/2008,1277,1294,1287,,,
7/04/2008,1255,1272.5,1267,,,
8/04/2008,1251.5,1268.75,1262,,,
9/04/2008,1313,1330,1320,,,
10/04/2008,1356,1372.75,1360,,,
11/04/2008,1332.5,1349.25,1338,,,
14/04/2008,1372.5,1389.25,1377.25,,,
15/04/2008,1380,1397,1385,,,
16/04/2008,1344.75,1361,1350,,,
17/04/2008,1350.5,1366.5,1356,,,
18/04/2008,1361.5,1377,1367,,,
21/04/2008,1315.5,1330.5,1320.5,,,
22/04/2008,1374.75,1389.5,1379,,,
23/04/2008,1372,1385.5,1366.5,,,
24/04/2008,1348.75,1361,1341,,,
25/04/2008,1325.75,1337,1317.5,,,
28/04/2008,1283.5,1297.5,1283,,,
29/04/2008,1279.5,1293.5,1281.5,,,
30/04/2008,1301.75,1314,1303,,,
1/05/2008,1258.75,1271,1260,,,
2/05/2008,1292.5,1304.5,1292,,,
5/05/2008,1273,1286,1278.5,,,
6/05/2008,1264.5,1277,1270,,,
7/05/2008,1297.25,1309,1301.25,,,
8/05/2008,1298.25,1310,1304,,,
9/05/2008,1349.5,1358,1353.25,,,
12/05/2008,1335,1342.5,1337.5,,,
13/05/2008,1374.5,1379.5,1374.5,,,
14/05/2008,1371,1379.5,1376.5,,,
15/05/2008,1347.5,1347,1328,,,
16/05/2008,1378,1377.25,1359.25,,,
19/05/2008,1333,1333.75,1323.75,,,
20/05/2008,1331.5,1334.25,1326.25,,,
21/05/2008,1349,1352.5,1352.5,,,
22/05/2008,1324.75,1328.25,1324.25,,,
23/05/2008,1368,1370,1358,,,
27/05/2008,1347.75,1351.5,1344.75,,,
28/05/2008,1372.75,1375.75,1362.25,,,
29/05/2008,1322.75,1328.25,1322,,,
30/05/2008,1363.5,1368.75,1356.25,,,
2/06/2008,1365.5,1370.75,1361,,,
3/06/2008,1359.5,1365,1356,,,
4/06/2008,1389,1394.5,1383.75,,,
5/06/2008,1452,1454.25,1438.5,,,
6/06/2008,1457.5,1457.25,1446.5,,,
9/06/2008,1452,1453.75,1450,,,
10/06/2008,1446.5,1449.25,1443.5,,,
11/06/2008,1516.5,1519.25,1513.5,,,
12/06/2008,1536.5,1538,1523.5,,,
13/06/2008,1560,1559.75,1540,,,
16/06/2008,1534,1537.5,1526,,,
17/06/2008,1558,1562.75,1552,,,
18/06/2008,1556,1561,1545.5,,,
19/06/2008,1545.5,1548,1528,,,
20/06/2008,1532.5,1535,1515.5,,,
23/06/2008,1515,1517,1505,,,
24/06/2008,1501,1504,1492,,,
25/06/2008,1537.5,1540,1527,,,
26/06/2008,1574.25,1574.25,1562,,,
27/06/2008,1581.5,1579,1566.5,,,
30/06/2008,1605,1598,1584,,,
1/07/2008,1628,1623,1615,,,
2/07/2008,1645.75,1639.5,1632,,,
3/07/2008,1658,1649,1637.25,,,
7/07/2008,1589,1579,1567.25,,,
8/07/2008,1561,1549,1538,,,
9/07/2008,1578,1572,1564.75,,,
10/07/2008,1609.5,1600.5,1593,,,
11/07/2008,1630.5,1615.5,1605.5,,,
14/07/2008,1595,1582,1568.5,,,
15/07/2008,1542,1528,1516,,,
16/07/2008,1573,1558,1548,,,
17/07/2008,1521,1508,1498,,,
18/07/2008,1470,1458.5,1448,,,
21/07/2008,1409.5,1405,1403,,,
22/07/2008,1416.75,1409.25,1409,,,
23/07/2008,1394.25,1385.75,1384,,,
24/07/2008,1385,1373,1373,,,
25/07/2008,1398.75,1388.5,1386.5,,,
28/07/2008,1400.25,1396.25,1396,,,
29/07/2008,1384.25,1386.25,1391,,,
30/07/2008,1394,1395.5,1405,,,
31/07/2008,1395.75,1394.25,1404,,,
1/08/2008,1357.75,1355.5,1365,,,
4/08/2008,1287,1285.5,1295,,,
5/08/2008,1262.5,1259,1269,,,
6/08/2008,1220.5,1213.5,1222,,,
7/08/2008,1243,1234.5,1239,,,
8/08/2008,1199,1177,1180.5,,,
11/08/2008,1215,1189.5,1196,,,
12/08/2008,1220,1207.5,1214,,,
13/08/2008,1270,1277.5,1284,,,
14/08/2008,1245.5,1265.25,1274,,,
15/08/2008,1211.5,1219,1236.75,,,
18/08/2008,1279,1289,1306.75,,,
19/08/2008,1267,1276,1294,,,
20/08/2008,1293.75,1300,1317.25,,,
21/08/2008,1341,1348,1365.25,,,
22/08/2008,1321,1327,1344.5,,,
25/08/2008,1339.25,1347,1364.5,,,
26/08/2008,1337.5,1344.5,1362,,,
27/08/2008,1348,1348,1365,,,
28/08/2008,1332.5,1324,1341.25,,,
29/08/2008,1332,1324,1341.5,,,
2/09/2008,1301.5,1298.5,1315.5,,,
3/09/2008,1251,1251.5,1268.5,,,
4/09/2008,1234,1235,1252,,,
5/09/2008,1180,1177,1193.75,,,
8/09/2008,1194.5,1192,1209,,,
9/09/2008,1209,1201,1217.75,,,
10/09/2008,1181.5,1178,1194.75,,,
11/09/2008,1216,1176,1192.25,,,
12/09/2008,1235,1202,1218,,,
15/09/2008,1179,1194.75,1208.5,,,
16/09/2008,1124,1139.25,1153.25,,,
17/09/2008,1139,1153.25,1165.5,,,
18/09/2008,1116,1129.75,1142.25,,,
19/09/2008,1143.5,1159.25,1173,,,
22/09/2008,1205,1222,1236.5,,,
23/09/2008,1187,1203.75,1218.25,,,
24/09/2008,1187,1203.75,1217.5,,,
25/09/2008,1183,1199.5,1212.5,,,
26/09/2008,1164,1180.5,1194.25,,,
29/09/2008,1094,1110.5,1124.25,,,
30/09/2008,1045,1062.25,1077.5,,,
1/10/2008,1053,1070.5,1086,,,
2/10/2008,1004,1020.75,1035.75,,,
3/10/2008,992,1008.5,1021.5,,,
6/10/2008,922,938.5,951.5,,,
7/10/2008,926,941,954.75,,,
8/10/2008,964,979.25,993.5,,,
9/10/2008,980,995.5,1009.5,,,
10/10/2008,910,925.5,939.5,,,
13/10/2008,928,943.5,956.75,,,
14/10/2008,896,911.25,924.75,,,
15/10/2008,858,872.5,884.25,,,
16/10/2008,867,880.25,890.5,,,
17/10/2008,894,906.75,916.75,,,
20/10/2008,929,940.75,950.5,,,
21/10/2008,908,915.25,924.5,,,
22/10/2008,859,864.75,873.25,,,
23/10/2008,884.5,888.5,896.5,,,
24/10/2008,863.75,867,875,,,
27/10/2008,893,897.5,908,,,
28/10/2008,878.75,888,899.75,,,
29/10/2008,937.25,947,959.25,,,
30/10/2008,934,943,955,,,
31/10/2008,925.25,933,945.25,,,
3/11/2008,928.25,937.5,949.25,,,
4/11/2008,949.5,959,971,,,
5/11/2008,894.75,904,916,,,
6/11/2008,899.5,906,915,,,
7/11/2008,911.75,921,929.5,,,
10/11/2008,940,948,957.25,,,
11/11/2008,908,916,924.5,,,
12/11/2008,885.25,895,905,,,
13/11/2008,887,894,903,,,
14/11/2008,878,896,905,,,
17/11/2008,906.5,915.5,926.25,,,
18/11/2008,902,910.25,920.75,,,
19/11/2008,897,904.25,913,,,
20/11/2008,856,862.75,871.5,,,
21/11/2008,840,847.25,855.75,,,
24/11/2008,884,891.75,900.75,,,
25/11/2008,883,891.5,900.5,,,
26/11/2008,886,894,903.75,,,
28/11/2008,883,891,900,,,
1/12/2008,846,854.25,863.75,,,
2/12/2008,827,834.5,844,,,
3/12/2008,830,835,843,,,
4/12/2008,811,815.5,823.75,,,
5/12/2008,783.5,787.25,794.75,,,
8/12/2008,820.5,825.5,835,,,
9/12/2008,813,818.25,827.75,,,
10/12/2008,829.5,834.75,844.5,,,
11/12/2008,856.5,860.5,870,,,
12/12/2008,854,856.25,865.75,,,
15/12/2008,846,849.5,860,,,
16/12/2008,858.5,863,874.5,,,
17/12/2008,864,869,880.5,,,
18/12/2008,869.5,874.5,886,,,
19/12/2008,868.25,872.5,883.75,,,
22/12/2008,886.5,890.5,901.5,,,
23/12/2008,901,905,916,,,
24/12/2008,915.75,919,930,,,
26/12/2008,951.75,956.5,967.5,,,
29/12/2008,938.5,945.5,957.25,,,
30/12/2008,945.75,953,964.75,,,
31/12/2008,972.25,980,991.5,,,
2/01/2009,970,977,988.5,,,
5/01/2009,983.75,987,998.25,,,
6/01/2009,1014.25,1016,1027.25,,,
7/01/2009,990,990,1001,,,
8/01/2009,989,989.5,1000,,,
9/01/2009,1037.5,1036,1045.5,,,
12/01/2009,954,966,975.5,,,
13/01/2009,969.5,971.5,980.75,,,
14/01/2009,978,971.5,980.25,,,
15/01/2009,994.5,1003.25,1013.25,,,
16/01/2009,1020,1029,1038.5,,,
20/01/2009,992,1001,1011,,,
21/01/2009,1020.5,1029.25,1038.5,,,
22/01/2009,1012,1019.5,1027.5,,,
23/01/2009,1009,1016.25,1023.25,,,
26/01/2009,1009,1016.75,1024,,,
27/01/2009,976,983.75,991.75,,,
28/01/2009,982.5,990,997.5,,,
29/01/2009,970.5,977.75,985,,,
30/01/2009,980,986.75,993.75,,,
2/02/2009,959.5,965.75,973,,,
3/02/2009,946,950.25,955.5,,,
4/02/2009,949.5,953.75,961,,,
5/02/2009,980,983.25,987.25,,,
6/02/2009,1001,1006,1012,,,
9/02/2009,1002,1007.5,1014.5,,,
10/02/2009,994,1000.25,1007.25,,,
11/02/2009,978,982,987.75,,,
12/02/2009,968.5,971.5,976,,,
13/02/2009,955.5,957.75,962,,,
17/02/2009,903,904.5,908,,,
18/02/2009,887.5,886.5,890.75,,,
19/02/2009,884.5,886,891.5,,,
20/02/2009,862.5,863.25,869.25,,,
23/02/2009,872.75,876,882.25,,,
24/02/2009,881,883.5,888.5,,,
25/02/2009,878,880,885,,,
26/02/2009,869.25,868.5,873.25,,,
27/02/2009,874.5,872,875,,,
2/03/2009,848.5,844,846.5,,,
3/03/2009,863,853.5,851.25,,,
4/03/2009,875.5,868.5,867.75,,,
5/03/2009,862.5,852,851.25,,,
6/03/2009,879,867,866,,,
9/03/2009,881,865,863,,,
10/03/2009,889,877,876.75,,,
11/03/2009,875,862,860.75,,,
12/03/2009,899,882,881.5,,,
13/03/2009,882.5,876.5,875.25,,,
16/03/2009,911,907.5,891.5,,,
17/03/2009,913,910.5,896,,,
18/03/2009,915,911.75,896,,,
19/03/2009,940.5,940,927.25,,,
20/03/2009,952,949,932.5,,,
23/03/2009,955.5,952,936.5,,,
24/03/2009,967,963.75,945,,,
25/03/2009,951,946,927,,,
26/03/2009,944,940.5,924,,,
27/03/2009,917,915.25,900.75,,,
30/03/2009,904.5,902,886,,,
31/03/2009,952,950.5,936,,,
1/04/2009,952,951.5,936.5,,,
2/04/2009,977,977,962,,,
3/04/2009,995.5,995.25,976.75,,,
6/04/2009,994,993.5,971,,,
7/04/2009,989.5,988,965,,,
8/04/2009,1006,1001.5,977,,,
9/04/2009,1007,1002,980,,,
13/04/2009,1021.5,1015.75,991,,,
14/04/2009,1036,1030.25,1006.25,,,
15/04/2009,1035,1031.5,1008.5,,,
16/04/2009,1058.5,1050.5,1021.5,,,
17/04/2009,1051,1041.5,1013,,,
20/04/2009,1018.5,1011.5,983,,,
21/04/2009,1038,1033,1013,,,
22/04/2009,1046,1039,1015,,,
23/04/2009,1037.75,1032,1008.5,,,
24/04/2009,1040.25,1034,1010.5,,,
27/04/2009,1004.75,997,975.75,,,
28/04/2009,989.5,983,964.5,,,
29/04/2009,1034,1025,1002.25,,,
30/04/2009,1070,1055,1023,,,
1/05/2009,1102,1091,1059,,,
4/05/2009,1115.25,1103.5,1068,,,
5/05/2009,1116,1101,1061.5,,,
6/05/2009,1135,1118,1077,,,
7/05/2009,1119,1102,1063,,,
8/05/2009,1134,1111.5,1073.5,,,
11/05/2009,1130,1116,1076,,,
12/05/2009,1137.5,1117.5,1075,,,
13/05/2009,1150,1128,1085,,,
14/05/2009,1166,1147.5,1098.5,,,
15/05/2009,1130.5,1085,1023.25,,,
18/05/2009,1146.5,1100.5,1037,,,
19/05/2009,1162,1120,1051,,,
20/05/2009,1169,1129.5,1063.5,,,
21/05/2009,1175,1136.5,1071,,,
22/05/2009,1166,1134,1076.25,,,
26/05/2009,1185.5,1150,1087.5,,,
27/05/2009,1187,1147.5,1090.5,,,
28/05/2009,1179,1140.5,1088,,,
29/05/2009,1184,1148.5,1096.5,,,
1/06/2009,1218.5,1175.5,1121,,,
2/06/2009,1209,1169.5,1115,,,
3/06/2009,1182,1137,1079,,,
4/06/2009,1230,1178,1115.5,,,
5/06/2009,1225.5,1171.5,1101,,,
8/06/2009,1232.5,1166.5,1096,,,
9/06/2009,1243.5,1177.25,1110,,,
10/06/2009,1246,1175.25,1112.25,,,
11/06/2009,1267,1185.5,1124.75,,,
12/06/2009,1245.5,1171.25,1108.5,,,
15/06/2009,1197,1127.5,1059.75,,,
16/06/2009,1201.25,1128.5,1063,,,
17/06/2009,1206.25,1141.5,1082,,,
18/06/2009,1213.75,1150.25,1082.5,,,
19/06/2009,1179,1120,1050.5,,,
22/06/2009,1151.5,1090,1023,,,
23/06/2009,1179,1114,1048,,,
24/06/2009,1185,1122.5,1055,,,
25/06/2009,1196,1127,1052,,,
26/06/2009,1201,1128,1046,,,
29/06/2009,1215,1122,1036,,,
30/06/2009,1226.25,1119.25,1030,,,
1/07/2009,1258.5,1160.5,1068.5,,,
2/07/2009,1243,1154,1061,,,
6/07/2009,1200,1118.5,1022.5,,,
7/07/2009,1133.5,1053.5,958,,,
8/07/2009,1084,1015,943.5,,,
9/07/2009,1110.5,1047.5,973,,,
10/07/2009,1128.25,1044.75,971.75,,,
13/07/2009,1091.5,1018.5,955.5,,,
14/07/2009,1074,1034.5,963.5,,,
15/07/2009,1020.5,950.5,904.5,,,
16/07/2009,976,916,890,,,
17/07/2009,1009.5,948.5,923.5,,,
20/07/2009,1033,960.5,923,,,
21/07/2009,1014.5,941.5,905,,,
22/07/2009,1018.5,945,908,,,
23/07/2009,1023.5,961.5,932,,,
24/07/2009,1021,951.5,915,,,
27/07/2009,1021.25,945,906.5,,,
28/07/2009,1054.5,968,927,,,
29/07/2009,1057.5,964,916,,,
30/07/2009,1128.25,1029,971,,,
31/07/2009,1134,1044,982,,,
3/08/2009,1173.5,1088.5,1030.5,,,
4/08/2009,1165,1083.5,1031.5,,,
5/08/2009,1175,1088,1045,,,
6/08/2009,1170.5,1079.5,1030,,,
7/08/2009,1184.5,1090.5,1038.5,,,
10/08/2009,1170.5,1067.5,1010,,,
11/08/2009,1216.5,1097.5,1038.5,,,
12/08/2009,1216,1092.5,1044,,,
13/08/2009,1187.25,1065.25,1018.75,,,
14/08/2009,1100,1024.5,981.5,,,
17/08/2009,988,954.5,960.5,,,
18/08/2009,995.5,959,964.5,,,
19/08/2009,997,958,963,,,
20/08/2009,999.25,957,959.5,,,
21/08/2009,1023,973,975.75,,,
24/08/2009,1080,1007.5,1009.5,,,
25/08/2009,1091,999,1001.25,,,
26/08/2009,1090.5,996.5,997.75,,,
27/08/2009,1114.25,996,997.5,,,
28/08/2009,1135.75,1011,1011.75,,,
31/08/2009,1100,979.5,981.25,,,
1/09/2009,1014,955.5,959.5,,,
2/09/2009,1009.25,951,954.25,,,
3/09/2009,982,941.5,945.5,,,
4/09/2009,961,922,927,,,
8/09/2009,969,936.5,943.25,,,
9/09/2009,961.5,928.5,935.75,,,
10/09/2009,973.5,926.5,933.5,,,
11/09/2009,984.5,903,910,,,
14/09/2009,925,909,913.75,,,
15/09/2009,960,964,967.5,,,
16/09/2009,950.5,955,956.75,,,
17/09/2009,953,956.25,955.5,,,
18/09/2009,941,945.25,946.5,,,
21/09/2009,913.5,919,922.25,,,
22/09/2009,922,926.25,927.75,,,
23/09/2009,920.5,925,926,,,
24/09/2009,919.5,924.5,926.5,,,
25/09/2009,926,931,932,,,
28/09/2009,919.5,924.5,924,,,
29/09/2009,917,922.5,922.5,,,
30/09/2009,927,933.5,933.5,,,
1/10/2009,918,924.25,924.75,,,
2/10/2009,885,892,895.25,,,
5/10/2009,885,890.75,890.75,,,
6/10/2009,910,914.25,914.25,,,
7/10/2009,912,916.75,918.75,,,
8/10/2009,936,939.25,940.75,,,
9/10/2009,964,967,968,,,
12/10/2009,999,1000,1000.5,,,
13/10/2009,993,995.75,995.25,,,
14/10/2009,994,998,999,,,
15/10/2009,983,987.75,990.25,,,
16/10/2009,977.5,982,985.25,,,
19/10/2009,996.25,1000.5,1003,,,
20/10/2009,982.5,985.25,986.25,,,
21/10/2009,1008.5,1009.75,1008,,,
22/10/2009,1005.5,1007,1006.75,,,
23/10/2009,1006,1007.5,1006.75,,,
26/10/2009,986.5,988.75,988.25,,,
27/10/2009,973.5,976.5,978.5,,,
28/10/2009,968.5,970.5,971.25,,,
29/10/2009,985.5,987,987.5,,,
30/10/2009,978,976.5,975,,,
2/11/2009,997.5,998,1000,,,
3/11/2009,1006.75,1010.5,1013.5,,,
4/11/2009,995.5,999,1002.5,,,
5/11/2009,967,972,976.75,,,
6/11/2009,948,955,960.25,,,
9/11/2009,964.25,972,978,,,
10/11/2009,961.5,968,974,,,
11/11/2009,963.75,972,979,,,
12/11/2009,982.25,990,995.75,,,
13/11/2009,984,987,992.25,,,
16/11/2009,1010,1015.75,1018.25,,,
17/11/2009,1029.5,1035.75,1038,,,
18/11/2009,1027,1033.25,1035.25,,,
19/11/2009,1039,1044.75,1046.25,,,
20/11/2009,1046,1050.25,1050.5,,,
23/11/2009,1042,1047.75,1049.25,,,
24/11/2009,1046,1052,1054.25,,,
25/11/2009,1054.5,1060.75,1063.75,,,
27/11/2009,1053,1058.75,1060.25,,,
30/11/2009,1060.5,1066,1068.75,,,
1/12/2009,1059.5,1066,1069.75,,,
2/12/2009,1034,1041,1046,,,
3/12/2009,1047,1054.5,1061,,,
4/12/2009,1043,1050.5,1057.75,,,
7/12/2009,1053,1061,1069,,,
8/12/2009,1044,1052.75,1061,,,
9/12/2009,1028.5,1037.75,1045.75,,,
10/12/2009,1027,1035.75,1042.5,,,
11/12/2009,1035,1043,1049,,,
14/12/2009,1055,1061.75,1066.25,,,
15/12/2009,1055,1062,1066.75,,,
16/12/2009,1059.5,1067,1073,,,
17/12/2009,1022,1030,1036.5,,,
18/12/2009,1012,1020,1026.25,,,
21/12/2009,1001,1008.5,1014.5,,,
22/12/2009,991,998.5,1004.25,,,
23/12/2009,1001.25,1009,1015,,,
24/12/2009,999.5,1008,1014.5,,,
28/12/2009,1029,1038,1043.75,,,
29/12/2009,1038,1047,1052.5,,,
30/12/2009,1036.25,1044.5,1049.5,,,
31/12/2009,1039.75,1048.5,1053.75,,,
4/01/2010,1049.5,1058,1062.5,,,
5/01/2010,1052.25,1061,1064.75,,,
6/01/2010,1050.5,1059,1063,,,
7/01/2010,1017.75,1026,1031,,,
8/01/2010,1013,1022,1027.75,,,
11/01/2010,1001.75,1010.5,1017.25,,,
12/01/2010,969.5,978,985.75,,,
13/01/2010,983.5,992.5,999.75,,,
14/01/2010,968.5,984,990.75,,,
15/01/2010,974,980.25,984.5,,,
19/01/2010,963.5,970.25,975.25,,,
20/01/2010,950,956.75,961,,,
21/01/2010,954,961,966,,,
22/01/2010,951.5,959.25,964.75,,,
25/01/2010,940.5,949.5,956.25,,,
26/01/2010,947.5,957,964,,,
27/01/2010,929,938.5,945.5,,,
28/01/2010,931.75,941.5,948.5,,,
29/01/2010,914,924.75,932.75,,,
1/02/2010,909.75,920.75,928.75,,,
2/02/2010,925.5,936.5,945.75,,,
3/02/2010,908,919,928.5,,,
4/02/2010,914,924.75,933.5,,,
5/02/2010,913.5,924.25,932.75,,,
8/02/2010,929.5,940,948,,,
9/02/2010,924.5,935.25,944,,,
10/02/2010,937.5,947,954.5,,,
11/02/2010,943,952,958.75,,,
12/02/2010,945,954,960.75,,,
16/02/2010,965.5,974.5,981.75,,,
17/02/2010,951.5,961,968.75,,,
18/02/2010,948,957.5,965.25,,,
19/02/2010,945,954.5,962,,,
22/02/2010,961.5,969,975.25,,,
23/02/2010,952.5,959.5,965.5,,,
24/02/2010,955.5,963,970.5,,,
25/02/2010,941.5,950,957.5,,,
26/02/2010,951,961,969,,,
1/03/2010,952.5,962.5,970.5,,,
2/03/2010,954.25,963.5,970.75,,,
3/03/2010,954.5,963.5,971,,,
4/03/2010,932.5,942,950.5,,,
5/03/2010,934.75,942.75,950.5,,,
8/03/2010,940.5,948,956,,,
9/03/2010,941.5,947.5,956,,,
10/03/2010,952,958,965.5,,,
11/03/2010,925.5,930.5,939,,,
12/03/2010,926,925.5,933.5,,,
15/03/2010,930,937.5,935.5,,,
16/03/2010,945,952.75,950.25,,,
17/03/2010,959,966.75,964,,,
18/03/2010,959.5,967.5,963.75,,,
19/03/2010,961.75,969.5,966,,,
22/03/2010,968.5,976.75,973.25,,,
23/03/2010,968,975.5,970.5,,,
24/03/2010,960,967.5,961.5,,,
25/03/2010,942.5,950.5,945,,,
26/03/2010,952,959.75,952.5,,,
29/03/2010,967.5,974.5,965.5,,,
30/03/2010,974,980.75,969.25,,,
31/03/2010,941,950,943.75,,,
1/04/2010,942,951.25,946.25,,,
5/04/2010,936,945.25,941.5,,,
6/04/2010,944.5,953.5,950.25,,,
7/04/2010,952.5,961.5,957.75,,,
8/04/2010,946.5,956,953,,,
9/04/2010,952.25,962,957.25,,,
12/04/2010,960,968.5,962.25,,,
13/04/2010,968,975.5,971,,,
14/04/2010,969,977,971.75,,,
15/04/2010,984,993,988.75,,,
16/04/2010,985.25,995,990.75,,,
19/04/2010,976.75,986.5,981.75,,,
20/04/2010,984,994,989.25,,,
21/04/2010,995.5,1006,1001.75,,,
22/04/2010,1004.25,1015,1011.75,,,
23/04/2010,1000,1010,1007,,,
26/04/2010,998.75,1009,1005.5,,,
27/04/2010,982.75,993,989.75,,,
28/04/2010,982.75,993.5,991.25,,,
29/04/2010,985.75,996,994,,,
30/04/2010,989.5,999,997.5,,,
3/05/2010,975.75,986.5,985.5,,,
4/05/2010,977,987,984.75,,,
5/05/2010,968.25,978,975.5,,,
6/05/2010,945.5,954,950.25,,,
7/05/2010,951.25,960,956.25,,,
10/05/2010,952.75,961,957.75,,,
11/05/2010,958.25,966,962.5,,,
12/05/2010,959.5,965.5,960.25,,,
13/05/2010,960.5,964.5,958.5,,,
14/05/2010,948,953.5,947.5,,,
17/05/2010,941,935.25,920.75,,,
18/05/2010,939.5,933.75,918,,,
19/05/2010,938.5,930.5,912.5,,,
20/05/2010,944,935,917,,,
21/05/2010,941,933.25,915.25,,,
24/05/2010,940.5,935,922.75,,,
25/05/2010,930.5,921,909.5,,,
26/05/2010,938,929.5,916.5,,,
27/05/2010,951.75,941.5,926.25,,,
28/05/2010,937.75,927.75,914.75,,,
1/06/2010,932,920.75,908.5,,,
2/06/2010,932.5,920.25,909,,,
3/06/2010,955,937.75,925.75,,,
4/06/2010,935,918.5,905.75,,,
7/06/2010,935,917.75,904.25,,,
8/06/2010,931,912.25,898.25,,,
9/06/2010,943.5,920.5,903.25,,,
10/06/2010,935,915.5,899.75,,,
11/06/2010,946.25,929.25,910.75,,,
14/06/2010,951.5,936.25,920.25,,,
15/06/2010,949.5,935.5,920,,,
16/06/2010,957.75,944.75,930,,,
17/06/2010,952,944.25,931.25,,,
18/06/2010,961,951,937.75,,,
21/06/2010,963.25,956.75,944,,,
22/06/2010,965.5,958,942.5,,,
23/06/2010,958,946,930,,,
24/06/2010,955.5,939.75,920.25,,,
25/06/2010,957,941,921,,,
28/06/2010,955,940.5,926.5,,,
29/06/2010,947.25,931.5,919,,,
30/06/2010,948.5,931,912,,,
1/07/2010,953.5,937,915.5,,,
2/07/2010,962.75,944.5,916.25,,,
6/07/2010,964.25,940.5,912.5,,,
7/07/2010,993,967.75,941,,,
8/07/2010,1012.5,983,957.5,,,
9/07/2010,1025.5,993.25,966.5,,,
12/07/2010,1031.75,997.75,966.5,,,
13/07/2010,1030.5,995,967,,,
14/07/2010,1036,997.5,975.25,,,
15/07/2010,1019,1001,988,,,
16/07/2010,1019.5,998,985,,,
19/07/2010,1008,986.25,972,,,
20/07/2010,1011.75,986.75,973,,,
21/07/2010,1015.25,990.5,978.5,,,
22/07/2010,1016,990.5,979.5,,,
23/07/2010,1017,991,981.5,,,
26/07/2010,998.25,974.75,966,,,
27/07/2010,998,973,965.5,,,
28/07/2010,1010.5,985,978,,,
29/07/2010,1026.75,992.75,988,,,
30/07/2010,1052.5,1012,1005,,,
2/08/2010,1053.25,1019.25,1010,,,
3/08/2010,1053.5,1022.75,1018,,,
4/08/2010,1053,1029.25,1024.25,,,
5/08/2010,1055,1034.75,1029,,,
6/08/2010,1059,1039,1033.5,,,
9/08/2010,1048.5,1034.5,1035,,,
10/08/2010,1036.25,1021.25,1022,,,
11/08/2010,1044.5,1016.5,1015.5,,,
12/08/2010,1057,1026,1028.5,,,
13/08/2010,1052,1043.5,1044,,,
16/08/2010,1034,1031.5,1037.75,,,
17/08/2010,1045.25,1042,1048.5,,,
18/08/2010,1035.25,1030.75,1037.5,,,
19/08/2010,1016.75,1012.25,1019.25,,,
20/08/2010,1009.25,1004,1011,,,
23/08/2010,1007,1005.5,1012.75,,,
24/08/2010,999.5,999,1006.75,,,
25/08/2010,1000,999,1007,,,
26/08/2010,1013,1014.5,1022.25,,,
27/08/2010,1022,1026,1034.25,,,
30/08/2010,1018,1022.5,1031.25,,,
31/08/2010,1008,1010,1019.25,,,
1/09/2010,1004.5,1005.5,1015,,,
2/09/2010,1007.5,1009,1018.5,,,
3/09/2010,1029.75,1035,1043.75,,,
7/09/2010,1043.75,1052,1061.5,,,
8/09/2010,1041.25,1048.75,1058.25,,,
9/09/2010,1037.75,1046,1055.25,,,
10/09/2010,1023.5,1031,1040.25,,,
13/09/2010,1025.25,1034.5,1044,,,
14/09/2010,1025,1035.5,1045.25,,,
15/09/2010,1042.5,1052.75,1060.75,,,
16/09/2010,1036.25,1046,1054,,,
17/09/2010,1069,1078.25,1084.75,,,
20/09/2010,1084.5,1094.5,1102,,,
21/09/2010,1080,1090,1097.5,,,
22/09/2010,1088.5,1098.5,1106.25,,,
23/09/2010,1093.5,1103.25,1110.75,,,
24/09/2010,1126,1135.5,1142.5,,,
27/09/2010,1128.5,1138.25,1145.75,,,
28/09/2010,1110,1119.75,1127.25,,,
29/09/2010,1099,1108,1115.5,,,
30/09/2010,1106.75,1115.75,1122.75,,,
1/10/2010,1057,1066.75,1075,,,
4/10/2010,1054,1064,1072.5,,,
5/10/2010,1071.75,1081.5,1089.25,,,
6/10/2010,1062,1072,1080,,,
7/10/2010,1065,1075,1083.25,,,
8/10/2010,1135,1145,1153.25,,,
11/10/2010,1152.5,1163,1172.25,,,
12/10/2010,1178.5,1189.5,1199,,,
13/10/2010,1176.5,1187,1195.5,,,
14/10/2010,1188.5,1199,1207.25,,,
15/10/2010,1185,1195.75,1203.5,,,
18/10/2010,1184,1195,1203.25,,,
19/10/2010,1180,1191.5,1199.75,,,
20/10/2010,1212,1223.75,1232.25,,,
21/10/2010,1201.5,1213,1221,,,
22/10/2010,1199.5,1211.5,1218.75,,,
25/10/2010,1217.75,1230,1237.25,,,
26/10/2010,1219,1231,1237.75,,,
27/10/2010,1223.75,1236,1242,,,
28/10/2010,1225,1236,1240.5,,,
29/10/2010,1226,1236,1240.25,,,
1/11/2010,1225.25,1235,1240,,,
2/11/2010,1223.75,1234,1240.5,,,
3/11/2010,1227.5,1237.5,1244.75,,,
4/11/2010,1264.75,1274.75,1283.25,,,
5/11/2010,1273.5,1284,1292.5,,,
8/11/2010,1264.5,1274.75,1283.25,,,
9/11/2010,1319.25,1329,1338,,,
10/11/2010,1309.5,1319.5,1328,,,
11/11/2010,1330.25,1339,1347,,,
12/11/2010,1263,1269,1277,,,
15/11/2010,1286.5,1293.75,1290.25,,,
16/11/2010,1219.75,1227,1224.75,,,
17/11/2010,1205,1212,1211.25,,,
18/11/2010,1242,1249.25,1248.5,,,
19/11/2010,1201.5,1209,1210,,,
22/11/2010,1221.5,1228.75,1229,,,
23/11/2010,1239,1246.25,1246.25,,,
24/11/2010,1255,1262.75,1263.25,,,
26/11/2010,1238.5,1247,1248.5,,,
29/11/2010,1235,1243.5,1245,,,
30/11/2010,1243,1251.5,1253,,,
1/12/2010,1283,1291.5,1293,,,
2/12/2010,1279.75,1287.75,1289.25,,,
3/12/2010,1300.25,1307,1308.25,,,
6/12/2010,1288.5,1295.25,1297,,,
7/12/2010,1285.5,1294.25,1297.75,,,
8/12/2010,1296,1305,1309,,,
9/12/2010,1281.5,1290.5,1294,,,
10/12/2010,1273,1282.5,1287,,,
13/12/2010,1302.5,1312,1316.5,,,
14/12/2010,1296,1306,1310.25,,,
15/12/2010,1296.5,1307.75,1313.75,,,
16/12/2010,1289,1300.5,1307,,,
17/12/2010,1298.75,1310.5,1318.5,,,
20/12/2010,1315.25,1327,1334.75,,,
21/12/2010,1326.25,1337.5,1344.5,,,
22/12/2010,1328.75,1339.75,1346.75,,,
23/12/2010,1349.5,1360,1367,,,
27/12/2010,1373,1384.5,1391,,,
28/12/2010,1375.75,1387,1393.5,,,
29/12/2010,1366,1377,1384,,,
30/12/2010,1366,1376,1382.5,,,
31/12/2010,1393.75,1403,1409,,,
3/01/2011,1370.25,1379,1387,,,
4/01/2011,1361,1369.5,1377,,,
5/01/2011,1386,1393.5,1400.5,,,
6/01/2011,1369.5,1378,1386.5,,,
7/01/2011,1357.75,1365,1373.75,,,
10/01/2011,1373.25,1380.5,1388.5,,,
11/01/2011,1350.5,1357,1365.75,,,
12/01/2011,1409,1415,1423.75,,,
13/01/2011,1410,1416,1425.5,,,
14/01/2011,1406.5,1422.5,1431.25,,,
18/01/2011,1413.25,1423.25,1428.25,,,
19/01/2011,1411.5,1422,1428,,,
20/01/2011,1414.25,1424.5,1430.25,,,
21/01/2011,1412.25,1422.75,1430,,,
24/01/2011,1404.5,1415,1422,,,
25/01/2011,1374.5,1385.5,1392.25,,,
26/01/2011,1385.5,1396.5,1403,,,
27/01/2011,1399.5,1410,1415.75,,,
28/01/2011,1398,1408.25,1413.5,,,
31/01/2011,1413,1423.25,1428.5,,,
1/02/2011,1438,1448,1453,,,
2/02/2011,1444,1454,1459.25,,,
3/02/2011,1435.5,1445.75,1451,,,
4/02/2011,1433.5,1444,1450,,,
7/02/2011,1424.5,1435.5,1443,,,
8/02/2011,1434.25,1446,1453.25,,,
9/02/2011,1451,1463,1470.25,,,
10/02/2011,1433,1445.25,1452,,,
11/02/2011,1416,1429,1437,,,
14/02/2011,1402.75,1416,1423.5,,,
15/02/2011,1368,1381.25,1388.5,,,
16/02/2011,1366,1378.5,1385.25,,,
17/02/2011,1404.5,1416.5,1423.75,,,
18/02/2011,1368,1381,1389,,,
22/02/2011,1298,1311,1319,,,
23/02/2011,1320,1331.5,1340.25,,,
24/02/2011,1318.25,1329.25,1337.75,,,
25/02/2011,1365.5,1375,1382.75,,,
28/02/2011,1357.25,1364.75,1372.5,,,
1/03/2011,1367.5,1375.25,1382,,,
2/03/2011,1387.25,1394.25,1401.75,,,
3/03/2011,1405.5,1412,1419.25,,,
4/03/2011,1407.75,1414,1421.25,,,
7/03/2011,1387.75,1395,1402.75,,,
8/03/2011,1375.5,1382,1390,,,
9/03/2011,1344,1349,1357.25,,,
10/03/2011,1348.75,1355.5,1363.75,,,
11/03/2011,1326.5,1334.5,1342.5,,,
14/03/2011,1329,1340,1348,,,
15/03/2011,1270,1278,1273.5,,,
16/03/2011,1287,1295.25,1290.75,,,
17/03/2011,1335.25,1343.5,1339.75,,,
18/03/2011,1362.5,1371.5,1367.25,,,
21/03/2011,1363,1373,1369.5,,,
22/03/2011,1365.5,1375,1370.5,,,
23/03/2011,1351.25,1361,1357.5,,,
24/03/2011,1354.5,1364.5,1362.5,,,
25/03/2011,1358.25,1368.5,1367,,,
28/03/2011,1348.5,1359.25,1358.25,,,
29/03/2011,1361.5,1372.25,1371.75,,,
30/03/2011,1372,1382.75,1381.75,,,
31/03/2011,1410.25,1421,1419.25,,,
1/04/2011,1393.75,1404.25,1404.5,,,
4/04/2011,1384,1395.25,1396.5,,,
5/04/2011,1373.25,1384.75,1386.25,,,
6/04/2011,1376.5,1388.25,1389,,,
7/04/2011,1363.5,1375.5,1375.5,,,
8/04/2011,1392.25,1403.75,1404,,,
11/04/2011,1368.5,1379.75,1381.25,,,
12/04/2011,1329.75,1341,1343.25,,,
13/04/2011,1333.5,1345,1347.5,,,
14/04/2011,1331,1342.75,1345,,,
15/04/2011,1331.75,1343.25,1344.5,,,
18/04/2011,1344.25,1355.75,1356.75,,,
19/04/2011,1342,1354,1357.5,,,
20/04/2011,1357.75,1369.25,1371.25,,,
21/04/2011,1380.5,1389.75,1389.5,,,
25/04/2011,1389.5,1396.5,1394.5,,,
26/04/2011,1382.75,1389.25,1388,,,
27/04/2011,1378,1384.5,1383,,,
28/04/2011,1350.25,1353.5,1351.75,,,
29/04/2011,1392.75,1394,1391.25,,,
2/05/2011,1390.25,1393,1390.5,,,
3/05/2011,1359.25,1363.75,1363.5,,,
4/05/2011,1350.5,1352,1350.75,,,
5/05/2011,1319.75,1321.75,1320.75,,,
6/05/2011,1325,1326,1325.5,,,
9/05/2011,1335,1335,1334.75,,,
10/05/2011,1340,1338,1337,,,
11/05/2011,1333.5,1331.75,1331.25,,,
12/05/2011,1345.25,1342.75,1340,,,
13/05/2011,1337,1329.5,1326.5,,,
16/05/2011,1326.5,1322.5,1314.25,,,
17/05/2011,1341,1336.25,1328.25,,,
18/05/2011,1379.5,1372.75,1363,,,
19/05/2011,1379.5,1371.75,1360.25,,,
20/05/2011,1380.25,1371.75,1360.25,,,
23/05/2011,1373.75,1367.25,1358.25,,,
24/05/2011,1372.25,1368,1360.5,,,
25/05/2011,1377,1373,1367,,,
26/05/2011,1384.75,1381,1377,,,
27/05/2011,1379.75,1375.75,1372,,,
31/05/2011,1376,1372,1367.25,,,
1/06/2011,1386.25,1382,1377.75,,,
2/06/2011,1407,1400.5,1396.25,,,
3/06/2011,1414.5,1407.5,1401.5,,,
6/06/2011,1383.25,1377.75,1373.75,,,
7/06/2011,1394,1388,1387,,,
8/06/2011,1401.5,1394.25,1391.75,,,
9/06/2011,1393.75,1387.25,1385.25,,,
10/06/2011,1387.25,1382.25,1379.5,,,
13/06/2011,1382.75,1377.5,1375.25,,,
14/06/2011,1368,1362.5,1360.75,,,
15/06/2011,1368,1364.75,1362.75,,,
16/06/2011,1350.5,1350,1348,,,
17/06/2011,1333,1333.5,1332.75,,,
20/06/2011,1335.75,1336,1333.5,,,
21/06/2011,1348.75,1348.75,1347,,,
22/06/2011,1330.25,1331,1329,,,
23/06/2011,1317.75,1316,1314.25,,,
24/06/2011,1320.25,1315,1310.75,,,
27/06/2011,1329.75,1322.75,1316.75,,,
28/06/2011,1330.75,1324.5,1321,,,
29/06/2011,1334.25,1327.5,1323.5,,,
30/06/2011,1306.25,1299.5,1295.5,,,
1/07/2011,1322.25,1312.75,1309.5,,,
5/07/2011,1332.25,1322.25,1317,,,
6/07/2011,1331,1322.25,1316.75,,,
7/07/2011,1345.5,1340.75,1337,,,
8/07/2011,1352,1346.75,1345,,,
11/07/2011,1352.5,1346.5,1344.5,,,
12/07/2011,1366.5,1355.5,1355,,,
13/07/2011,1387,1374.75,1374.75,,,
14/07/2011,1390.5,1382,1379.75,,,
15/07/2011,1385.75,1383,1387,,,
18/07/2011,1385.5,1382.25,1386.25,,,
19/07/2011,1379.25,1377,1382,,,
20/07/2011,1378.25,1379,1384,,,
21/07/2011,1380.25,1381.25,1388,,,
22/07/2011,1380.25,1381,1388.25,,,
25/07/2011,1365.5,1364.5,1372,,,
26/07/2011,1383,1380.25,1388.75,,,
27/07/2011,1375.75,1371.75,1380.5,,,
28/07/2011,1367.75,1362.5,1371.5,,,
29/07/2011,1354.25,1348.5,1357.25,,,
1/08/2011,1358.75,1353.25,1362,,,
2/08/2011,1373,1370,1379.75,,,
3/08/2011,1364,1363.75,1373,,,
4/08/2011,1339.25,1336.25,1345.25,,,
5/08/2011,1331.5,1328,1336,,,
8/08/2011,1309.25,1304.5,1311.5,,,
9/08/2011,1298.75,1293.25,1299.75,,,
10/08/2011,1300.75,1295.5,1301.5,,,
11/08/2011,1333.75,1324.75,1331.75,,,
12/08/2011,1337,1327.75,1334.75,,,
15/08/2011,1343.5,1351.25,1362.25,,,
16/08/2011,1340,1349.5,1360.25,,,
17/08/2011,1356.75,1366.75,1377.75,,,
18/08/2011,1352,1361,1371.75,,,
19/08/2011,1359.75,1368.5,1378.75,,,
22/08/2011,1376.5,1385.25,1395.25,,,
23/08/2011,1389.5,1397.25,1406.5,,,
24/08/2011,1386.5,1393.5,1403.75,,,
25/08/2011,1386,1392.75,1403.25,,,
26/08/2011,1414.75,1423.5,1432.75,,,
29/08/2011,1438,1447,1456,,,
30/08/2011,1448.75,1457,1466.25,,,
31/08/2011,1449,1457.5,1467.25,,,
1/09/2011,1424.75,1434.5,1445.25,,,
2/09/2011,1436,1445.75,1455.75,,,
6/09/2011,1413.5,1422.5,1432.25,,,
7/09/2011,1411,1420.75,1431.5,,,
8/09/2011,1407.25,1418.25,1428.5,,,
9/09/2011,1416.5,1426.75,1436.75,,,
12/09/2011,1387.5,1396,1406.25,,,
13/09/2011,1381.25,1391.75,1402.5,,,
14/09/2011,1374,1382.75,1393.75,,,
15/09/2011,1358.75,1370.25,1378,,,
16/09/2011,1355.5,1367,1375.25,,,
19/09/2011,1336,1346.75,1354,,,
20/09/2011,1338,1348.75,1356.25,,,
21/09/2011,1320.5,1331.5,1338.5,,,
22/09/2011,1283,1294.25,1302.25,,,
23/09/2011,1258,1269,1276.5,,,
26/09/2011,1259.75,1271.25,1278,,,
27/09/2011,1263,1275,1282.5,,,
28/09/2011,1223.5,1235.5,1243.75,,,
29/09/2011,1230,1241.25,1249.75,,,
30/09/2011,1179,1189.5,1198.25,,,
3/10/2011,1177.5,1188.75,1198,,,
4/10/2011,1160,1171.75,1181.25,,,
5/10/2011,1163.75,1175.5,1185.25,,,
6/10/2011,1163.75,1175.75,1185,,,
7/10/2011,1158.25,1170,1179.25,,,
10/10/2011,1177.5,1188.75,1197.75,,,
11/10/2011,1235.5,1246.25,1255,,,
12/10/2011,1239.5,1249.5,1257,,,
13/10/2011,1257,1266.75,1274,,,
14/10/2011,1270,1278.5,1285.75,,,
17/10/2011,1253,1260.5,1267.75,,,
18/10/2011,1250.75,1256.25,1262.5,,,
19/10/2011,1225,1231.25,1238.5,,,
20/10/2011,1225,1230.5,1237.75,,,
21/10/2011,1212.25,1220.75,1229.5,,,
24/10/2011,1226.75,1235.25,1244.75,,,
25/10/2011,1225.5,1233.75,1243.5,,,
26/10/2011,1210.5,1219.75,1229.25,,,
27/10/2011,1235,1244,1253.5,,,
28/10/2011,1217,1226,1235.75,,,
31/10/2011,1207.5,1217.25,1227,,,
1/11/2011,1192.25,1202.5,1212,,,
2/11/2011,1193.5,1202.75,1212.25,,,
3/11/2011,1219.25,1227.25,1236.5,,,
4/11/2011,1212.5,1221,1230,,,
7/11/2011,1192.25,1201.75,1211.5,,,
8/11/2011,1195.25,1205,1214.75,,,
9/11/2011,1175.75,1185.5,1195.5,,,
10/11/2011,1158,1167.5,1177.25,,,
11/11/2011,1166,1175.5,1185.75,,,
14/11/2011,1172,1178.25,1188.75,,,
15/11/2011,1200.25,1210.25,1219.75,,,
16/11/2011,1187.75,1198,1207.75,,,
17/11/2011,1168.25,1178.5,1188,,,
18/11/2011,1168.25,1178.25,1188,,,
21/11/2011,1148,1158,1167.75,,,
22/11/2011,1153,1162.75,1172,,,
23/11/2011,1122.5,1131.5,1140.25,,,
25/11/2011,1106.5,1115.75,1124.5,,,
28/11/2011,1121,1131,1140.75,,,
29/11/2011,1125,1135,1144.75,,,
30/11/2011,1131.25,1141,1151,,,
1/12/2011,1128,1138.5,1149,,,
2/12/2011,1135.75,1146.25,1156.25,,,
5/12/2011,1126.25,1136.5,1147,,,
6/12/2011,1129.5,1139.5,1149.75,,,
7/12/2011,1131,1141,1151.25,,,
8/12/2011,1132.5,1142.25,1152.5,,,
9/12/2011,1107,1116.5,1127,,,
12/12/2011,1112,1122.25,1132.75,,,
13/12/2011,1118.5,1129,1139.75,,,
14/12/2011,1100,1110,1120.75,,,
15/12/2011,1111.75,1121.25,1131.75,,,
16/12/2011,1130,1139.5,1150.25,,,
19/12/2011,1137,1146.75,1157.25,,,
20/12/2011,1144.5,1154.5,1164.75,,,
21/12/2011,1153.75,1163.25,1173.75,,,
22/12/2011,1162.25,1171.75,1182,,,
23/12/2011,1163,1172.5,1182.25,,,
27/12/2011,1199.75,1209.5,1219.25,,,
28/12/2011,1198.25,1208,1217.5,,,
29/12/2011,1187.5,1197,1207.25,,,
30/12/2011,1198.5,1207.75,1217.5,,,
3/01/2012,1218.25,1227.5,1237.25,,,
4/01/2012,1221.5,1230,1239.5,,,
5/01/2012,1201.25,1209,1218.75,,,
6/01/2012,1189.5,1196.5,1206,,,
9/01/2012,1225.75,1233,1242,,,
10/01/2012,1223.75,1232,1241,,,
11/01/2012,1197.5,1203,1212.5,,,
12/01/2012,1178.5,1182.5,1192.5,,,
13/01/2012,1160,1158.25,1167.75,,,
17/01/2012,1183.5,1192.5,1202,,,
18/01/2012,1183.5,1192.25,1201.25,,,
19/01/2012,1197,1204.25,1212.5,,,
20/01/2012,1187,1195.5,1204.5,,,
23/01/2012,1217.5,1225.5,1234.25,,,
24/01/2012,1220,1228.75,1238,,,
25/01/2012,1213.5,1222.75,1232.5,,,
26/01/2012,1222.75,1232,1241.75,,,
27/01/2012,1219,1228.5,1238.25,,,
30/01/2012,1185.25,1195.25,1205,,,
31/01/2012,1199,1208.5,1218,,,
1/02/2012,1215.25,1224.25,1232.75,,,
2/02/2012,1217,1225.5,1235,,,
3/02/2012,1232.5,1240.75,1250.25,,,
6/02/2012,1233,1242,1251.75,,,
7/02/2012,1232,1241,1250.75,,,
8/02/2012,1231.5,1240,1249.75,,,
9/02/2012,1227.5,1236,1245.75,,,
10/02/2012,1229,1237.5,1247,,,
13/02/2012,1252,1260,1268.75,,,
14/02/2012,1255,1262.5,1271.25,,,
15/02/2012,1261,1268.75,1277.5,,,
16/02/2012,1258.25,1265,1273.5,,,
17/02/2012,1267.5,1273.75,1282,,,
21/02/2012,1271,1277,1285,,,
22/02/2012,1272.25,1278.75,1286.5,,,
23/02/2012,1276.75,1283.5,1291.25,,,
24/02/2012,1279,1286.75,1295.25,,,
27/02/2012,1293.75,1302.5,1310.5,,,
28/02/2012,1305.25,1312.5,1319.75,,,
29/02/2012,1313.5,1320,1327.75,,,
1/03/2012,1316.75,1322.5,1329.5,,,
2/03/2012,1328.25,1333,1340.25,,,
5/03/2012,1319.25,1325,1332.25,,,
6/03/2012,1329.75,1335.25,1341.75,,,
7/03/2012,1321.5,1326.75,1333.5,,,
8/03/2012,1332.5,1338.5,1344.75,,,
9/03/2012,1331.75,1337.75,1344.75,,,
12/03/2012,1330.5,1334.5,1341.25,,,
13/03/2012,1348.75,1348.75,1354.5,,,
14/03/2012,1356,1350.25,1356.5,,,
15/03/2012,1369,1375.5,1365.25,,,
16/03/2012,1374,1380.75,1369.25,,,
19/03/2012,1366.5,1373.5,1364,,,
20/03/2012,1345,1352.25,1343.5,,,
21/03/2012,1355,1362,1352.5,,,
22/03/2012,1349.5,1356.75,1348.5,,,
23/03/2012,1365.75,1371.75,1362.75,,,
26/03/2012,1379.5,1384.25,1373,,,
27/03/2012,1369.75,1376.25,1367.5,,,
28/03/2012,1367.5,1373,1364,,,
29/03/2012,1355.5,1361.25,1350.75,,,
30/03/2012,1403,1408.25,1400.5,,,
2/04/2012,1421,1427.25,1419.5,,,
3/04/2012,1416.75,1421.25,1413.5,,,
4/04/2012,1419.5,1423.75,1416.75,,,
5/04/2012,1434,1437.75,1429.25,,,
9/04/2012,1431,1434.75,1426,,,
10/04/2012,1426,1427.25,1418.25,,,
11/04/2012,1422,1424.25,1412.25,,,
12/04/2012,1441,1444.5,1432,,,
13/04/2012,1436.75,1440.75,1424.75,,,
16/04/2012,1420,1424.25,1411.75,,,
17/04/2012,1425.75,1431.5,1419.25,,,
18/04/2012,1407.75,1413.5,1402,,,
19/04/2012,1415.75,1421,1410.5,,,
20/04/2012,1446.75,1449.5,1437.5,,,
23/04/2012,1437.25,1441,1426.5,,,
24/04/2012,1461.25,1465,1450.5,,,
25/04/2012,1473.5,1476,1458.5,,,
26/04/2012,1481.25,1480.25,1453.25,,,
27/04/2012,1496.75,1493.5,1466.75,,,
30/04/2012,1503,1505.5,1483.75,,,
1/05/2012,1497.75,1503.5,1486.75,,,
2/05/2012,1480,1485,1465.75,,,
3/05/2012,1468.75,1473.5,1452.5,,,
4/05/2012,1475,1478.25,1458.25,,,
7/05/2012,1463.5,1465.75,1448.75,,,
8/05/2012,1437.75,1438.25,1425.25,,,
9/05/2012,1427.75,1430.25,1416.25,,,
10/05/2012,1452.25,1455.25,1441.75,,,
11/05/2012,1404,1406,1393.5,,,
14/05/2012,1390,1387,1372.75,,,
15/05/2012,1413,1393.75,1340,,,
16/05/2012,1422,1395.25,1342.25,,,
17/05/2012,1438,1405.25,1347.5,,,
18/05/2012,1405,1381,1327,,,
21/05/2012,1412.5,1395.75,1345,,,
22/05/2012,1382.25,1364.75,1314.75,,,
23/05/2012,1362.5,1342.5,1295,,,
24/05/2012,1376,1356.25,1313.25,,,
25/05/2012,1382,1362,1321.75,,,
29/05/2012,1386.75,1367.25,1326.75,,,
30/05/2012,1373.25,1354.5,1321,,,
31/05/2012,1340,1322.75,1293.75,,,
1/06/2012,1344.25,1318.5,1285.5,,,
4/06/2012,1340,1319.75,1291.75,,,
5/06/2012,1349.5,1332.5,1302.5,,,
6/06/2012,1386.25,1366.25,1328.75,,,
7/06/2012,1428,1406.25,1370.25,,,
8/06/2012,1426.25,1400.5,1362,,,
11/06/2012,1424.75,1399,1361,,,
12/06/2012,1435,1401.25,1364,,,
13/06/2012,1408.25,1377.75,1343.25,,,
14/06/2012,1386,1363.75,1334.25,,,
15/06/2012,1376,1357,1332,,,
18/06/2012,1384.25,1370.25,1350.5,,,
19/06/2012,1433.75,1421.25,1398,,,
20/06/2012,1446.5,1437,1410.25,,,
21/06/2012,1438.5,1423,1391.5,,,
22/06/2012,1442.5,1426,1394.25,,,
25/06/2012,1482.5,1467,1440,,,
26/06/2012,1470.5,1455.5,1425.75,,,
27/06/2012,1471,1456,1426,,,
28/06/2012,1466,1446.25,1417.5,,,
29/06/2012,1512.75,1481.75,1450.25,,,
2/07/2012,1532.25,1494.25,1462.5,,,
3/07/2012,1572.25,1529.5,1498,,,
5/07/2012,1626.5,1583,1551.5,,,
6/07/2012,1619.75,1567.25,1532,,,
9/07/2012,1665,1606.75,1573,,,
10/07/2012,1648.75,1590.5,1557.75,,,
11/07/2012,1623,1571.5,1540.75,,,
12/07/2012,1625.75,1572.5,1545.5,,,
13/07/2012,1642,1594.75,1569.5,,,
16/07/2012,1633.75,1609.5,1590.5,,,
17/07/2012,1639,1612.75,1590.5,,,
18/07/2012,1683.5,1648,1620,,,
19/07/2012,1733.75,1691.25,1652.25,,,
20/07/2012,1757.5,1713.25,1686.25,,,
23/07/2012,1698.5,1647.75,1622.25,,,
24/07/2012,1649.25,1595.5,1569.5,,,
25/07/2012,1694.25,1640.5,1615.5,,,
26/07/2012,1655.75,1596.5,1567.5,,,
27/07/2012,1684.25,1627.75,1601.75,,,
30/07/2012,1725.75,1667.25,1643.5,,,
31/07/2012,1721,1656.75,1641,,,
1/08/2012,1682.25,1638.75,1629,,,
2/08/2012,1653,1623.5,1616.5,,,
3/08/2012,1656.25,1635.75,1628.75,,,
6/08/2012,1607.5,1592.5,1584.25,,,
7/08/2012,1605.25,1576.5,1565.75,,,
8/08/2012,1630,1600,1581.25,,,
9/08/2012,1694.5,1654.75,1631.25,,,
10/08/2012,1709.5,1673.25,1643.75,,,
13/08/2012,1656.25,1622.25,1600.75,,,
14/08/2012,1680,1623.5,1598,,,
15/08/2012,1659.75,1634.5,1625.5,,,
16/08/2012,1656.25,1625.25,1614.75,,,
17/08/2012,1671,1645.75,1637,,,
20/08/2012,1703.75,1683.5,1673.75,,,
21/08/2012,1753.5,1732.5,1720.5,,,
22/08/2012,1748,1727.75,1715,,,
23/08/2012,1727.25,1715,1706,,,
24/08/2012,1737.5,1731.5,1724.25,,,
27/08/2012,1729.75,1718.75,1711.25,,,
28/08/2012,1732.5,1722.25,1714.5,,,
29/08/2012,1763.25,1753,1742.5,,,
30/08/2012,1770.25,1763.5,1757.5,,,
31/08/2012,1764.5,1756.5,1751,,,
4/09/2012,1771,1768.25,1766.25,,,
5/09/2012,1748,1747.5,1746.25,,,
6/09/2012,1744.5,1747,1745.75,,,
7/09/2012,1731.75,1736.5,1735.75,,,
10/09/2012,1713,1718.75,1718.25,,,
11/09/2012,1696.5,1701.5,1700.75,,,
12/09/2012,1740.75,1745.75,1744.5,,,
13/09/2012,1743.5,1747.25,1748,,,
14/09/2012,1736.5,1739,1740,,,
17/09/2012,1669,1670,1632.75,,,
18/09/2012,1640,1639.25,1599.75,,,
19/09/2012,1669.5,1669.25,1627,,,
20/09/2012,1618.75,1617.75,1575.75,,,
21/09/2012,1621.75,1622,1579.5,,,
24/09/2012,1610,1611,1572.25,,,
25/09/2012,1611.5,1614.25,1576.5,,,
26/09/2012,1573,1574.25,1531.75,,,
27/09/2012,1570.75,1571.25,1524,,,
28/09/2012,1601,1602.75,1564.25,,,
1/10/2012,1560.25,1563,1529.5,,,
2/10/2012,1530.5,1533.25,1501.75,,,
3/10/2012,1531.75,1532.25,1501.5,,,
4/10/2012,1551.5,1551,1518.5,,,
5/10/2012,1551.5,1551,1513,,,
8/10/2012,1551,1548,1502,,,
9/10/2012,1550,1549.25,1504.25,,,
10/10/2012,1523.25,1523.75,1487.25,,,
11/10/2012,1548.5,1548.5,1520.75,,,
12/10/2012,1522.5,1522,1492,,,
15/10/2012,1492.5,1491.75,1466,,,
16/10/2012,1493.75,1492.75,1468.75,,,
17/10/2012,1509.25,1508.25,1484.25,,,
18/10/2012,1545.5,1546.25,1519.75,,,
19/10/2012,1534.25,1536.5,1509.25,,,
22/10/2012,1546.5,1549.25,1517.75,,,
23/10/2012,1553.25,1555.75,1520.75,,,
24/10/2012,1570.5,1572.25,1537,,,
25/10/2012,1564,1566,1537,,,
26/10/2012,1561.25,1563.75,1537,,,
29/10/2012,1527.25,1529.75,1505.75,,,
30/10/2012,1533.75,1536.5,1510.75,,,
31/10/2012,1547,1548.75,1523.75,,,
1/11/2012,1558.5,1560,1533.5,,,
2/11/2012,1527,1526.75,1503.75,,,
5/11/2012,1504.25,1503.25,1482.5,,,
6/11/2012,1516.75,1515.5,1491,,,
7/11/2012,1508.75,1507,1485.25,,,
8/11/2012,1499.25,1495.75,1476.5,,,
9/11/2012,1452,1451.25,1436.5,,,
12/11/2012,1411,1405,1388,,,
13/11/2012,1427,1408,1385.75,,,
14/11/2012,1432.75,1419,1398.75,,,
15/11/2012,1402,1384,1362.25,,,
16/11/2012,1383.25,1368,1351.5,,,
19/11/2012,1394.75,1382,1365.75,,,
20/11/2012,1412.75,1396.25,1379,,,
21/11/2012,1408.25,1393.75,1374.5,,,
23/11/2012,1418.75,1403,1382.75,,,
26/11/2012,1424.75,1412.25,1392.25,,,
27/11/2012,1449.25,1437.5,1414.25,,,
28/11/2012,1446.25,1435,1410.5,,,
29/11/2012,1448,1441,1418.5,,,
30/11/2012,1438.75,1432.5,1409.75,,,
3/12/2012,1453.75,1448.25,1427,,,
4/12/2012,1455.5,1450.25,1428,,,
5/12/2012,1479.25,1473.75,1450.75,,,
6/12/2012,1491.25,1486,1463.75,,,
7/12/2012,1472.25,1472,1453.25,,,
10/12/2012,1474.75,1475.5,1462.75,,,
11/12/2012,1472,1471.25,1459,,,
12/12/2012,1473.5,1470.5,1455,,,
13/12/2012,1476.5,1472.5,1456.5,,,
14/12/2012,1496,1491.5,1471.5,,,
17/12/2012,1496.25,1488.25,1467.25,,,
18/12/2012,1466,1460.5,1444.5,,,
19/12/2012,1437,1431,1419.5,,,
20/12/2012,1408.75,1404.75,1394.75,,,
21/12/2012,1430.75,1429.25,1418.75,,,
24/12/2012,1439.75,1435.75,1426.75,,,
26/12/2012,1424.5,1418.5,1409.25,,,
27/12/2012,1418.75,1414,1405,,,
28/12/2012,1424,1418,1409.5,,,
31/12/2012,1418.75,1409.5,1399.25,,,
2/01/2013,1405.5,1392.25,1384.25,,,
3/01/2013,1403,1386.5,1378.25,,,
4/01/2013,1389,1367.25,1358.5,,,
7/01/2013,1410.75,1388.5,1377.75,,,
8/01/2013,1413.75,1386.5,1376,,,
9/01/2013,1419.75,1385.5,1375.25,,,
10/01/2013,1417.5,1379.75,1371.5,,,
11/01/2013,1424.75,1373.25,1364,,,
14/01/2013,1459.75,1418,1405.25,,,
15/01/2013,1413.5,1399.75,1392.75,,,
16/01/2013,1436.5,1421.25,1412.75,,,
17/01/2013,1430.25,1414.75,1406,,,
18/01/2013,1429.25,1416.75,1410,,,
22/01/2013,1451.75,1439.25,1430.75,,,
23/01/2013,1437,1426.75,1419.75,,,
24/01/2013,1435.25,1423.75,1417.5,,,
25/01/2013,1441,1426,1417.75,,,
28/01/2013,1447.75,1433.5,1422.75,,,
29/01/2013,1451.75,1439.75,1429.5,,,
30/01/2013,1478.75,1467.5,1457.25,,,
31/01/2013,1468.5,1459.75,1449.5,,,
1/02/2013,1474.25,1465.5,1455.25,,,
4/02/2013,1488.75,1480.25,1470.5,,,
5/02/2013,1495.5,1485.75,1476.5,,,
6/02/2013,1487.5,1477.25,1468.5,,,
7/02/2013,1486.75,1473.25,1462.25,,,
8/02/2013,1452.5,1436.75,1425.5,,,
11/02/2013,1431.5,1417.25,1407,,,
12/02/2013,1420.75,1409.5,1401,,,
13/02/2013,1423,1413.5,1404.75,,,
14/02/2013,1418,1408.5,1399.25,,,
15/02/2013,1424.5,1414.75,1404.75,,,
19/02/2013,1470.25,1457.25,1445.5,,,
20/02/2013,1482.75,1468.5,1456.25,,,
21/02/2013,1487.75,1470.5,1454.5,,,
22/02/2013,1461.25,1443.75,1429,,,
25/02/2013,1451.25,1435.25,1422,,,
26/02/2013,1447.75,1431.75,1418.5,,,
27/02/2013,1457.5,1439.5,1426,,,
28/02/2013,1474.25,1452.25,1435.25,,,
1/03/2013,1464.5,1443.5,1427.25,,,
4/03/2013,1490.25,1462,1443.25,,,
5/03/2013,1496.5,1466.5,1447.75,,,
6/03/2013,1484.5,1466,1448.75,,,
7/03/2013,1503.5,1473.5,1453.75,,,
8/03/2013,1508.5,1471,1447.25,,,
11/03/2013,1514.75,1479.5,1454.75,,,
12/03/2013,1489.75,1468.75,1445.75,,,
13/03/2013,1475,1447,1425,,,
14/03/2013,1457.25,1435.5,1416,,,
15/03/2013,1426,1410.75,1370.25,,,
18/03/2013,1409.5,1394.5,1356.75,,,
19/03/2013,1406.75,1388,1350,,,
20/03/2013,1419.75,1399.25,1359,,,
21/03/2013,1449,1425.5,1381.25,,,
22/03/2013,1440.5,1418,1373,,,
25/03/2013,1437.25,1417.5,1372.5,,,
26/03/2013,1447.75,1426.5,1382.25,,,
27/03/2013,1453.75,1431,1385.5,,,
28/03/2013,1404.75,1385.5,1346.75,,,
1/04/2013,1390.75,1372.25,1339,,,
2/04/2013,1394,1374.5,1342,,,
3/04/2013,1380.25,1357.75,1326.75,,,
4/04/2013,1372,1351.75,1322,,,
5/04/2013,1361.75,1343.75,1317.25,,,
8/04/2013,1378,1358,1329.25,,,
9/04/2013,1395.5,1371.25,1339.5,,,
10/04/2013,1392.75,1367.5,1336,,,
11/04/2013,1402,1368.25,1331,,,
12/04/2013,1413,1379.25,1339.25,,,
15/04/2013,1395,1356,1314.25,,,
16/04/2013,1411.5,1375.25,1328.25,,,
17/04/2013,1422.25,1380,1331.75,,,
18/04/2013,1430.5,1390,1339,,,
19/04/2013,1428.25,1382.5,1328.5,,,
22/04/2013,1417.25,1364.25,1309.5,,,
23/04/2013,1419.75,1358.5,1298.75,,,
24/04/2013,1404,1345.25,1285.5,,,
25/04/2013,1423.5,1372.25,1308.75,,,
26/04/2013,1430.75,1381,1318.5,,,
29/04/2013,1471.75,1408.75,1345,,,
30/04/2013,1467.75,1399,1339.75,,,
1/05/2013,1437.5,1373,1319.25,,,
2/05/2013,1441,1372.25,1318.25,,,
3/05/2013,1455,1387.25,1335.25,,,
6/05/2013,1444.5,1369.25,1317,,,
7/05/2013,1463.5,1382.25,1329.5,,,
8/05/2013,1479,1390.75,1329.5,,,
9/05/2013,1491.25,1408.75,1340,,,
10/05/2013,1488.25,1399,1330,,,
13/05/2013,1521,1419.25,1345,,,
14/05/2013,1524.5,1414.75,1346.25,,,
15/05/2013,1412.75,1342,1262.5,,,
16/05/2013,1427.5,1354,1271.5,,,
17/05/2013,1448.5,1378.5,1289.5,,,
20/05/2013,1464.5,1391,1294.25,,,
21/05/2013,1478.25,1390.25,1288,,,
22/05/2013,1494.25,1405.5,1300,,,
23/05/2013,1499.5,1414.5,1299.5,,,
24/05/2013,1476.25,1402.5,1300,,,
28/05/2013,1509.25,1433.75,1334.25,,,
29/05/2013,1501.75,1429.25,1331.5,,,
30/05/2013,1495.75,1426.75,1334.25,,,
31/05/2013,1510,1437.75,1347.25,,,
3/06/2013,1532.5,1458.25,1367,,,
4/06/2013,1528.75,1452,1360.25,,,
5/06/2013,1532,1454.75,1354,,,
6/06/2013,1527.25,1449.75,1355.25,,,
7/06/2013,1528.25,1456.25,1374,,,
10/06/2013,1511.75,1435.75,1356.5,,,
11/06/2013,1540.5,1450.75,1365.75,,,
12/06/2013,1540.75,1445.25,1358.75,,,
13/06/2013,1510.25,1426.75,1341.5,,,
14/06/2013,1516.5,1434,1342.5,,,
17/06/2013,1512.5,1435.25,1333.75,,,
18/06/2013,1510.75,1435.5,1337.25,,,
19/06/2013,1523,1447,1352.75,,,
20/06/2013,1497.5,1420.75,1325.5,,,
21/06/2013,1493.25,1413.75,1315.75,,,
24/06/2013,1512,1421.25,1316.75,,,
25/06/2013,1525.25,1429.25,1323.5,,,
26/06/2013,1534.25,1425.25,1317,,,
27/06/2013,1548.5,1432.5,1317.75,,,
28/06/2013,1564.5,1431,1303.25,,,
1/07/2013,1570.5,1436.25,1296.25,,,
2/07/2013,1573,1433.5,1293.75,,,
3/07/2013,1583.5,1441.25,1297.5,,,
5/07/2013,1588,1432,1276.25,,,
8/07/2013,1609.25,1455.5,1300.25,,,
9/07/2013,1613.25,1468.25,1322.5,,,
10/07/2013,1591.75,1464.75,1329,,,
11/07/2013,1601.25,1472,1332.5,,,
12/07/2013,1563.25,1429,1298.25,,,
15/07/2013,1453.75,1314.5,1263.75,,,
16/07/2013,1475.25,1335.5,1286.25,,,
17/07/2013,1477.5,1329.25,1283.5,,,
18/07/2013,1469.25,1316.25,1265.75,,,
19/07/2013,1490.75,1326,1274,,,
22/07/2013,1520.25,1348.75,1288.5,,,
23/07/2013,1462.5,1324,1260.25,,,
24/07/2013,1392.5,1301.75,1256.75,,,
25/07/2013,1355.25,1266.75,1224,,,
26/07/2013,1349.75,1275.25,1228.5,,,
29/07/2013,1367.5,1272,1220,,,
30/07/2013,1350,1249,1203,,,
31/07/2013,1374,1249.75,1206.25,,,
1/08/2013,1357.75,1234.25,1192.5,,,
2/08/2013,1331,1212.75,1181.5,,,
5/08/2013,1329.75,1207.5,1183.25,,,
6/08/2013,1324.25,1193.5,1167.25,,,
7/08/2013,1327.75,1199,1165.75,,,
8/08/2013,1355.75,1227.75,1184.25,,,
9/08/2013,1340.75,1218.5,1182.25,,,
12/08/2013,1373.75,1256.5,1225.25,,,
13/08/2013,1359.75,1257.75,1227.75,,,
14/08/2013,1368,1269.5,1239,,,
15/08/2013,1288.25,1265.5,1268.25,,,
16/08/2013,1283.25,1259.25,1261.75,,,
19/08/2013,1322,1303.25,1303.75,,,
20/08/2013,1309.25,1290.5,1291.75,,,
21/08/2013,1333,1304,1305.5,,,
22/08/2013,1322,1286.75,1288.5,,,
23/08/2013,1365.25,1328,1328.5,,,
26/08/2013,1427.75,1389.5,1387,,,
27/08/2013,1414,1370.5,1365.5,,,
28/08/2013,1433,1372.75,1368.5,,,
29/08/2013,1430,1368.5,1364.75,,,
30/08/2013,1424,1357.5,1354.75,,,
3/09/2013,1435.5,1386.75,1385,,,
4/09/2013,1397.75,1352.5,1351,,,
5/09/2013,1423,1367.5,1364.25,,,
6/09/2013,1437,1367.75,1365.25,,,
9/09/2013,1404.25,1356.5,1355.75,,,
10/09/2013,1403.75,1355,1355.25,,,
11/09/2013,1405.25,1358.25,1358,,,
12/09/2013,1442,1396,1393.5,,,
13/09/2013,1488.75,1381.5,1379.75,,,
16/09/2013,1348.25,1348.25,1322,,,
17/09/2013,1342.5,1343,1325,,,
18/09/2013,1347.75,1350.25,1332.5,,,
19/09/2013,1339.5,1341.5,1323.25,,,
20/09/2013,1315.25,1318,1300.25,,,
23/09/2013,1307.75,1310.5,1295,,,
24/09/2013,1312.5,1314.75,1298.5,,,
25/09/2013,1321.75,1324,1305.5,,,
26/09/2013,1316.75,1318.75,1298,,,
27/09/2013,1319.75,1321.5,1298.5,,,
30/09/2013,1282.75,1285,1267,,,
1/10/2013,1268,1270,1253,,,
2/10/2013,1273.75,1275.75,1257.5,,,
3/10/2013,1288.25,1289,1270.75,,,
4/10/2013,1295,1295,1279.25,,,
7/10/2013,1296.5,1297,1284.25,,,
8/10/2013,1288.75,1287.75,1275.75,,,
9/10/2013,1287.75,1284,1269,,,
10/10/2013,1288,1285.5,1272.5,,,
11/10/2013,1266.75,1266.25,1254,,,
14/10/2013,1273,1271.75,1259,,,
15/10/2013,1267,1266,1255.75,,,
16/10/2013,1276.5,1274.75,1263.25,,,
17/10/2013,1293.25,1289.5,1273.25,,,
18/10/2013,1291.25,1289.75,1272.75,,,
21/10/2013,1303.25,1300.5,1281.75,,,
22/10/2013,1302.25,1297.5,1278,,,
23/10/2013,1310,1304,1283.5,,,
24/10/2013,1309.75,1303.75,1282,,,
25/10/2013,1300,1293.5,1272,,,
28/10/2013,1271.25,1268,1250.75,,,
29/10/2013,1279,1270.75,1254.75,,,
30/10/2013,1287.5,1276.5,1260.75,,,
31/10/2013,1280.25,1266.25,1250.25,,,
1/11/2013,1266,1251.5,1237,,,
4/11/2013,1264,1256.5,1241,,,
5/11/2013,1259.25,1250.25,1236.25,,,
6/11/2013,1263,1255,1240.5,,,
7/11/2013,1278.75,1266.5,1248,,,
8/11/2013,1306,1296,1276.75,,,
11/11/2013,1308,1301,1281.75,,,
12/11/2013,1319.25,1314.5,1296.5,,,
13/11/2013,1319.75,1315,1298.25,,,
14/11/2013,1317.25,1313.5,1297.5,,,
15/11/2013,1280.5,1265.75,1250.25,,,
18/11/2013,1287.5,1273.25,1259.5,,,
19/11/2013,1276.25,1264.25,1252.75,,,
20/11/2013,1273.75,1264.25,1254,,,
21/11/2013,1291.5,1279.75,1266,,,
22/11/2013,1319.5,1306,1290.5,,,
25/11/2013,1329.25,1314.75,1296,,,
26/11/2013,1329.25,1312,1292.75,,,
27/11/2013,1320,1306.25,1290,,,
29/11/2013,1336.5,1317.75,1297.75,,,
2/12/2013,1321.25,1306,1287.5,,,
3/12/2013,1319.75,1304.5,1287.25,,,
4/12/2013,1329.5,1312.25,1295.75,,,
5/12/2013,1328,1311.75,1297.25,,,
6/12/2013,1325.5,1310.5,1296.5,,,
9/12/2013,1343.75,1326.75,1311.75,,,
10/12/2013,1338.25,1322,1304.5,,,
11/12/2013,1344,1328.5,1309.25,,,
12/12/2013,1323.75,1311.5,1295,,,
13/12/2013,1327.5,1313.75,1297,,,
16/12/2013,1337.75,1325.25,1308.25,,,
17/12/2013,1346.5,1334.75,1317.25,,,
18/12/2013,1324,1313.75,1298.75,,,
19/12/2013,1327,1319,1305.5,,,
20/12/2013,1339,1331,1316,,,
23/12/2013,1328.5,1319.75,1305.5,,,
24/12/2013,1333.75,1322.75,1307.25,,,
26/12/2013,1318.75,1305.25,1290.5,,,
27/12/2013,1331.5,1313.75,1298.75,,,
30/12/2013,1328.25,1308.75,1292,,,
31/12/2013,1312.5,1292.5,1277,,,
2/01/2014,1287,1270,1257.25,,,
3/01/2014,1289.25,1271.25,1258.25,,,
6/01/2014,1296.75,1276.75,1261.5,,,
7/01/2014,1299.5,1276,1258.75,,,
8/01/2014,1300.75,1269.25,1250.5,,,
9/01/2014,1296.25,1273.75,1255,,,
10/01/2014,1303.75,1278.5,1260,,,
13/01/2014,1326.75,1294.25,1274.25,,,
14/01/2014,1339,1307,1288.25,,,
15/01/2014,1318,1297.5,1281.25,,,
16/01/2014,1315,1296.25,1281.25,,,
17/01/2014,1316.5,1297.25,1282,,,
21/01/2014,1280.5,1264,1249.75,,,
22/01/2014,1279.5,1265,1252.25,,,
23/01/2014,1277,1262.5,1250.25,,,
24/01/2014,1284.75,1270,1257.75,,,
27/01/2014,1287.75,1271,1256.5,,,
28/01/2014,1285.5,1271,1256.5,,,
29/01/2014,1269.25,1256.75,1242.5,,,
30/01/2014,1275,1261,1246,,,
31/01/2014,1282.75,1268.5,1252,,,
3/02/2014,1292.75,1278.25,1262.25,,,
4/02/2014,1313.25,1297.5,1279.5,,,
5/02/2014,1316.25,1299.5,1280.75,,,
6/02/2014,1325.75,1311.75,1292.75,,,
7/02/2014,1331.5,1317.5,1298,,,
10/02/2014,1325.5,1312.25,1295.5,,,
11/02/2014,1334.75,1320.5,1301.75,,,
12/02/2014,1323,1309.75,1292.25,,,
13/02/2014,1344.25,1330.5,1312,,,
14/02/2014,1337.5,1325,1307.5,,,
18/02/2014,1361,1347.75,1330.25,,,
19/02/2014,1354.25,1342,1324.75,,,
20/02/2014,1358.25,1347.75,1331.75,,,
21/02/2014,1370.75,1360.25,1344.75,,,
24/02/2014,1386.5,1375,1358.25,,,
25/02/2014,1399,1387.25,1370,,,
26/02/2014,1407.25,1397,1373.25,,,
27/02/2014,1393.5,1390,1366.75,,,
28/02/2014,1414.25,1414,1385.25,,,
3/03/2014,1407.25,1409.25,1381.5,,,
4/03/2014,1418,1423,1396.5,,,
5/03/2014,1420,1420.5,1395.25,,,
6/03/2014,1437.5,1438,1409.5,,,
7/03/2014,1457.5,1457.75,1424.75,,,
10/03/2014,1419.25,1418.75,1394.25,,,
11/03/2014,1411.5,1413,1391.25,,,
12/03/2014,1381.75,1387,1368.5,,,
13/03/2014,1390.75,1396.25,1378,,,
14/03/2014,1376,1388.5,1371.75,,,
17/03/2014,1391.75,1375.25,1336.5,,,
18/03/2014,1418.25,1395.75,1348.25,,,
19/03/2014,1431.25,1410.75,1359,,,
20/03/2014,1433.75,1410,1353.75,,,
21/03/2014,1408.75,1382.25,1325.5,,,
24/03/2014,1425.5,1398.75,1338.25,,,
25/03/2014,1428,1401.25,1342.25,,,
26/03/2014,1440,1410,1348.75,,,
27/03/2014,1436.5,1407,1347.5,,,
28/03/2014,1436.5,1407.75,1351.5,,,
31/03/2014,1464,1429.5,1361,,,
1/04/2014,1484.5,1457.25,1380.25,,,
2/04/2014,1462.25,1441.25,1364.25,,,
3/04/2014,1475.25,1454.25,1373.25,,,
4/04/2014,1473.75,1455,1374.5,,,
7/04/2014,1464.25,1448.25,1372.75,,,
8/04/2014,1482.5,1461.5,1383.25,,,
9/04/2014,1495.25,1478,1394.75,,,
10/04/2014,1482.25,1465.5,1388.75,,,
11/04/2014,1463,1447.25,1379,,,
14/04/2014,1476.25,1463.5,1392.25,,,
15/04/2014,1501.25,1487.5,1409.5,,,
16/04/2014,1518.75,1508.75,1424,,,
17/04/2014,1514,1502.25,1420.5,,,
21/04/2014,1498.75,1487.25,1409,,,
22/04/2014,1479.75,1470.75,1397.25,,,
23/04/2014,1468.5,1464.75,1400.5,,,
24/04/2014,1472,1470,1409.5,,,
25/04/2014,1498,1494.25,1428.25,,,
28/04/2014,1508.25,1500,1426.5,,,
29/04/2014,1524,1517.25,1443,,,
30/04/2014,1530.75,1512.75,1440.75,,,
1/05/2014,1473.5,1461,1399.75,,,
2/05/2014,1480.75,1470.75,1407,,,
5/05/2014,1472,1463.25,1406,,,
6/05/2014,1464,1459.5,1404.5,,,
7/05/2014,1451,1446.25,1393.75,,,
8/05/2014,1474.25,1469.5,1407.25,,,
9/05/2014,1501,1487,1422.75,,,
12/05/2014,1483.75,1465.25,1404.75,,,
13/05/2014,1502.25,1483.75,1415.5,,,
14/05/2014,1496.25,1486.75,1416,,,
15/05/2014,1470.25,1401.75,1273.75,,,
16/05/2014,1465,1399.75,1274,,,
19/05/2014,1485.25,1419.75,1293.25,,,
20/05/2014,1469.75,1405.25,1284.75,,,
21/05/2014,1505.25,1430.75,1307.25,,,
22/05/2014,1518.75,1448,1327.25,,,
23/05/2014,1515.5,1445.5,1320.75,,,
27/05/2014,1488.75,1418.75,1291.5,,,
28/05/2014,1497.75,1428.25,1294.75,,,
29/05/2014,1499,1432.75,1296.5,,,
30/05/2014,1493.25,1424.5,1285.75,,,
2/06/2014,1500.5,1427,1282,,,
3/06/2014,1481.25,1414.5,1273.25,,,
4/06/2014,1482.5,1416.75,1269.5,,,
5/06/2014,1460.5,1400.25,1259,,,
6/06/2014,1457,1401,1263.75,,,
9/06/2014,1457,1394.5,1267,,,
10/06/2014,1462.5,1395.25,1270.25,,,
11/06/2014,1445.5,1382.75,1261.75,,,
12/06/2014,1415.25,1360.25,1250.75,,,
13/06/2014,1425.75,1369.5,1260,,,
16/06/2014,1421.75,1367.25,1255.75,,,
17/06/2014,1398.25,1348.5,1244,,,
18/06/2014,1409,1357.25,1249.5,,,
19/06/2014,1420.75,1369,1263,,,
20/06/2014,1415.75,1361.5,1263.5,,,
23/06/2014,1424.75,1365.5,1267.5,,,
24/06/2014,1413.5,1357.75,1260.75,,,
25/06/2014,1415.75,1361.75,1265.5,,,
26/06/2014,1437,1381.75,1279.75,,,
27/06/2014,1432,1378,1266,,,
30/06/2014,1400.5,1329.75,1193.75,,,
1/07/2014,1400,1327.75,1183.75,,,
2/07/2014,1392.5,1314.75,1180.25,,,
3/07/2014,1387.75,1299.75,1166.75,,,
7/07/2014,1363,1273.25,1150.25,,,
8/07/2014,1329.75,1248.5,1140.75,,,
9/07/2014,1334.5,1246.5,1132,,,
10/07/2014,1329.75,1232.75,1121.75,,,
11/07/2014,1295.75,1195.75,1099.25,,,
14/07/2014,1295,1197,1108,,,
15/07/2014,1180.5,1104.25,1086.25,,,
16/07/2014,1187.25,1121.5,1102,,,
17/07/2014,1174.75,1110.5,1094,,,
18/07/2014,1176.75,1104.25,1085.25,,,
21/07/2014,1175.75,1091.5,1071.5,,,
22/07/2014,1184,1085,1057.75,,,
23/07/2014,1201,1101.75,1076.5,,,
24/07/2014,1207.5,1111.5,1084.75,,,
25/07/2014,1212.25,1113.75,1083.5,,,
28/07/2014,1236.5,1137,1107.75,,,
29/07/2014,1226.5,1121.5,1095,,,
30/07/2014,1220.5,1102.25,1081.25,,,
31/07/2014,1224.5,1099.75,1082,,,
1/08/2014,1215,1073.5,1058.5,,,
4/08/2014,1232.5,1095.25,1079.5,,,
5/08/2014,1222.75,1081.5,1065.75,,,
6/08/2014,1237,1096.5,1080,,,
7/08/2014,1250,1099.25,1078,,,
8/08/2014,1284.75,1113.75,1084.75,,,
11/08/2014,1314.75,1108.5,1073.25,,,
12/08/2014,1290,1094.25,1059.5,,,
13/08/2014,1264.5,1079.5,1046.75,,,
14/08/2014,1224.5,1098.25,1056,,,
15/08/2014,1102.5,1052,1061,,,
18/08/2014,1115.5,1057.75,1066.5,,,
19/08/2014,1120.25,1052.75,1060.5,,,
20/08/2014,1119.75,1038,1045.75,,,
21/08/2014,1136.25,1038.25,1045.25,,,
22/08/2014,1166,1042,1048.75,,,
25/08/2014,1125.75,1029.25,1036,,,
26/08/2014,1075.5,1028,1035.5,,,
27/08/2014,1085.75,1023.75,1031.75,,,
28/08/2014,1073.75,1028.75,1036.5,,,
29/08/2014,1089.5,1024.25,1032.5,,,
2/09/2014,1097.25,1032,1039.75,,,
3/09/2014,1080.75,1020,1027.5,,,
4/09/2014,1064.25,1003.25,1010.75,,,
5/09/2014,1085.5,1021.5,1028.25,,,
8/09/2014,1090.75,1008.5,1015.5,,,
9/09/2014,1076.5,992.75,999.25,,,
10/09/2014,1071,993.75,1000.25,,,
11/09/2014,1061.5,981.5,988.25,,,
12/09/2014,1091,985.25,992.5,,,
15/09/2014,989.5,997.5,1004.25,,,
16/09/2014,980.75,989.25,997,,,
17/09/2014,982.5,990.75,998.75,,,
18/09/2014,971.5,979.5,987,,,
19/09/2014,957,965.25,972.75,,,
22/09/2014,938.25,945.75,952.25,,,
23/09/2014,936.25,943.75,951,,,
24/09/2014,936.75,945.25,952.5,,,
25/09/2014,922.75,931.5,939.5,,,
26/09/2014,910.25,918.75,927,,,
29/09/2014,923.5,932.25,940.5,,,
30/09/2014,913.25,921.25,929.75,,,
1/10/2014,916.75,925,933.75,,,
2/10/2014,924.5,933,941.5,,,
3/10/2014,912.25,920.5,928.5,,,
6/10/2014,942.25,950.5,958.25,,,
7/10/2014,940.75,949.25,957.75,,,
8/10/2014,935,943.5,952,,,
9/10/2014,942,950,958.5,,,
10/10/2014,922.5,930.5,938.75,,,
13/10/2014,945.25,953.25,961.75,,,
14/10/2014,964.75,973.25,981.75,,,
15/10/2014,952.5,961,969.75,,,
16/10/2014,966.5,974.25,981.75,,,
17/10/2014,951.75,959.75,968,,,
20/10/2014,944.25,952.25,960.25,,,
21/10/2014,964.25,971.75,979,,,
22/10/2014,962.75,969.75,977,,,
23/10/2014,993.25,1000,1006.5,,,
24/10/2014,977.5,983.25,990,,,
27/10/2014,1006,1012.75,1019.5,,,
28/10/2014,1008,1015,1021,,,
29/10/2014,1043,1049,1056,,,
30/10/2014,1024.25,1029.75,1036,,,
31/10/2014,1046.5,1049.25,1053.25,,,
3/11/2014,1028.75,1029.75,1033.75,,,
4/11/2014,1010,1009.75,1014.5,,,
5/11/2014,1020.5,1019.25,1024.25,,,
6/11/2014,1031,1028,1032.25,,,
7/11/2014,1040.25,1036.75,1040.25,,,
10/11/2014,1027.5,1025.75,1030.25,,,
11/11/2014,1066.5,1064,1067.5,,,
12/11/2014,1048.25,1047.75,1053.5,,,
13/11/2014,1050.5,1053.5,1059.75,,,
14/11/2014,1021,1022.5,1030.25,,,
17/11/2014,1036.25,1044,1050.25,,,
18/11/2014,1023.25,1031,1037.25,,,
19/11/2014,1004.75,1012,1018.25,,,
20/11/2014,1020.5,1028,1034.5,,,
21/11/2014,1039,1046,1052.25,,,
24/11/2014,1033.75,1039.75,1045.75,,,
25/11/2014,1051,1056.25,1061.25,,,
26/11/2014,1047,1052.75,1058.75,,,
28/11/2014,1016,1022.5,1029.25,,,
1/12/2014,1017,1024,1030.75,,,
2/12/2014,995.75,1003,1010,,,
3/12/2014,998.25,1005.25,1012.25,,,
4/12/2014,1010.5,1017.25,1023.75,,,
5/12/2014,1036,1042,1048.25,,,
8/12/2014,1043.75,1049.75,1056,,,
9/12/2014,1049.25,1055.5,1062,,,
10/12/2014,1032,1038.5,1045,,,
11/12/2014,1042.25,1048.75,1054.75,,,
12/12/2014,1047.25,1053.75,1059.5,,,
15/12/2014,1039.5,1046,1051,,,
16/12/2014,1023.5,1031.25,1036.5,,,
17/12/2014,1027,1035.25,1041,,,
18/12/2014,1035,1043.25,1050.25,,,
19/12/2014,1030.5,1038.5,1046,,,
22/12/2014,1038.25,1045.75,1053.5,,,
23/12/2014,1038.5,1045.75,1053.25,,,
24/12/2014,1028.75,1035.25,1042.5,,,
26/12/2014,1047.5,1054,1061,,,
29/12/2014,1041.75,1048.75,1056,,,
30/12/2014,1037.75,1044,1050.5,,,
31/12/2014,1019.25,1023.5,1030.5,,,
2/01/2015,1002.5,1007.5,1014.75,,,
5/01/2015,1039.75,1045.25,1052,,,
6/01/2015,1051,1055.75,1061.5,,,
7/01/2015,1052.75,1056.25,1061.5,,,
8/01/2015,1045,1048.25,1053.75,,,
9/01/2015,1051.5,1052.25,1057.5,,,
12/01/2015,1013.5,1016,1021.75,,,
13/01/2015,1000,1004,1010,,,
14/01/2015,992.5,1009.25,1014.5,,,
15/01/2015,991,997.25,1003.25,,,
16/01/2015,991.75,997.5,1003,,,
20/01/2015,982,987.75,993,,,
21/01/2015,983.5,989.5,994.5,,,
22/01/2015,976.75,983,988.75,,,
23/01/2015,972.75,979.5,985.25,,,
26/01/2015,983.5,990.25,996,,,
27/01/2015,973.75,981.25,987,,,
28/01/2015,970.25,977.25,983,,,
29/01/2015,968.25,974.75,979.75,,,
30/01/2015,961,967.75,972.75,,,
2/02/2015,959.5,966.25,971.75,,,
3/02/2015,987,993,998,,,
4/02/2015,972,978.75,983.75,,,
5/02/2015,981.25,987.75,992.75,,,
6/02/2015,973.5,980,985.5,,,
9/02/2015,978.5,985,990.75,,,
10/02/2015,969,974.25,979.75,,,
11/02/2015,977.75,980.75,985.75,,,
12/02/2015,983.75,986.75,991.5,,,
13/02/2015,990.5,994.75,1000,,,
17/02/2015,1007.75,1011.75,1016.75,,,
18/02/2015,995.75,999.25,1004,,,
19/02/2015,1007.25,1011.25,1015,,,
20/02/2015,999.25,1002.25,1006.75,,,
23/02/2015,999.25,1001.5,1006,,,
24/02/2015,1016,1018.75,1023,,,
25/02/2015,1007.75,1010.75,1015.25,,,
26/02/2015,1024,1026.5,1030,,,
27/02/2015,1030.75,1031.75,1034.75,,,
2/03/2015,1011.25,1013.75,1017.75,,,
3/03/2015,1008.75,1012.25,1017.25,,,
4/03/2015,989,994,999.75,,,
5/03/2015,979.25,985.5,991,,,
6/03/2015,979.25,985,990.5,,,
9/03/2015,988.25,993.25,998.5,,,
10/03/2015,980,984.5,989.25,,,
11/03/2015,989,992.75,997,,,
12/03/2015,986.5,990.5,994,,,
13/03/2015,968.25,974,978,,,
16/03/2015,969.25,973.75,972.5,,,
17/03/2015,954.5,959.5,959.25,,,
18/03/2015,965,969.75,969.25,,,
19/03/2015,961.75,966.75,966,,,
20/03/2015,973.75,978,977.25,,,
23/03/2015,983.5,988,986.75,,,
24/03/2015,981.75,986.5,985.5,,,
25/03/2015,978.75,982.5,981,,,
26/03/2015,974.5,978.75,977.75,,,
27/03/2015,967.25,972.25,971.25,,,
30/03/2015,967.75,972.75,972,,,
31/03/2015,973.25,977.75,977.25,,,
1/04/2015,989.75,994.5,994,,,
2/04/2015,986,991.25,991,,,
6/04/2015,978.5,983.5,983,,,
7/04/2015,971,976.25,975.75,,,
8/04/2015,971.5,976.5,975.5,,,
9/04/2015,953.5,958.25,957.25,,,
10/04/2015,951.5,956,955,,,
13/04/2015,948.75,952.75,952,,,
14/04/2015,960.25,964,962.5,,,
15/04/2015,965,967.75,966,,,
16/04/2015,966,969,967,,,
17/04/2015,968.75,971.5,968,,,
20/04/2015,977.5,979.5,975.75,,,
21/04/2015,975.25,976.75,973.75,,,
22/04/2015,970.5,971.75,968.25,,,
23/04/2015,978.25,980,976.25,,,
24/04/2015,969.75,970.75,966.75,,,
27/04/2015,973,973,968.5,,,
28/04/2015,977.5,977.25,971.5,,,
29/04/2015,988.5,988,982.25,,,
30/04/2015,978.5,976,971,,,
1/05/2015,968.5,964.75,959,,,
4/05/2015,983,976.25,969.5,,,
5/05/2015,993.5,984.75,977,,,
6/05/2015,990.5,982.5,975.75,,,
7/05/2015,981.5,975,968.5,,,
8/05/2015,984.5,976.25,969.5,,,
11/05/2015,983,974,966.5,,,
12/05/2015,967,955.5,948,,,
13/05/2015,975,957.25,950.25,,,
14/05/2015,963,957,950.25,,,
15/05/2015,953.25,946.5,937,,,
18/05/2015,954.5,947.5,937.75,,,
19/05/2015,946.25,938,926,,,
20/05/2015,941.25,931.75,920.75,,,
21/05/2015,938.5,929.75,920.25,,,
22/05/2015,924.25,916.25,907.5,,,
26/05/2015,922.5,913.25,905,,,
27/05/2015,927,916.25,907.75,,,
28/05/2015,926,914.25,903.25,,,
29/05/2015,934,919.25,907.75,,,
1/06/2015,926,913,901.5,,,
2/06/2015,940.75,927.5,917.25,,,
3/06/2015,935.25,924.5,915,,,
4/06/2015,946.5,934.75,925.75,,,
5/06/2015,937.75,924.5,916,,,
8/06/2015,944.25,929.25,920.5,,,
9/06/2015,951.5,937,926.25,,,
10/06/2015,949.5,934.75,923.5,,,
11/06/2015,940,922.75,911.25,,,
12/06/2015,940,921.5,907.5,,,
15/06/2015,937.75,920.75,907.75,,,
16/06/2015,957.5,941.75,930.5,,,
17/06/2015,969,953.75,941.75,,,
18/06/2015,977.75,960.5,945.5,,,
19/06/2015,971.5,955.25,942,,,
22/06/2015,989.5,974.25,961,,,
23/06/2015,987.5,972.75,961.25,,,
24/06/2015,981.75,967.25,957,,,
25/06/2015,1000.25,987,979.25,,,
26/06/2015,1002,997.75,989.5,,,
29/06/2015,1002.5,994.5,984.5,,,
30/06/2015,1056.25,1049.5,1041.5,,,
1/07/2015,1044,1040.75,1032.75,,,
2/07/2015,1045.25,1038.25,1031.5,,,
6/07/2015,1033.75,1022.25,1015.5,,,
7/07/2015,1002,992,985.25,,,
8/07/2015,1006.25,996.75,988,,,
9/07/2015,1037.75,1026.25,1017.25,,,
10/07/2015,1043.5,1032,1024,,,
13/07/2015,1045.25,1037.5,1029.5,,,
14/07/2015,1039,1033.5,1025.25,,,
15/07/2015,1025,1016.25,1016,,,
16/07/2015,1019,1010.25,1011,,,
17/07/2015,1014.75,1005.75,1006.75,,,
20/07/2015,1007.75,998.25,999.5,,,
21/07/2015,1018.75,1006.5,1004.75,,,
22/07/2015,1020.75,999.5,995.5,,,
23/07/2015,1010,986.25,980.5,,,
24/07/2015,991.25,967.25,965,,,
27/07/2015,961.25,939.25,933.25,,,
28/07/2015,974.75,954,944.75,,,
29/07/2015,983,957,943.25,,,
30/07/2015,990.25,964.5,950,,,
31/07/2015,980.75,953.25,940.25,,,
3/08/2015,977.5,945,935.5,,,
4/08/2015,976,948.75,942.25,,,
5/08/2015,991.75,962.75,953.25,,,
6/08/2015,985.5,956,943.25,,,
7/08/2015,1009,975.5,963.25,,,
10/08/2015,1044.75,1008.25,994.5,,,
11/08/2015,1014,981,971.5,,,
12/08/2015,951,918.5,910,,,
13/08/2015,993,936.25,927,,,
14/08/2015,978.5,925.25,916.5,,,
17/08/2015,927,917,922.25,,,
18/08/2015,913.25,904.25,910,,,
19/08/2015,903.5,893.5,898.75,,,
20/08/2015,921.5,907.25,911.75,,,
21/08/2015,905.25,889.5,893.5,,,
24/08/2015,892.75,874,877.5,,,
25/08/2015,894.25,877.75,881,,,
26/08/2015,877.75,865,868.5,,,
27/08/2015,886.25,879,883.75,,,
28/08/2015,893.25,885.5,890.75,,,
31/08/2015,897.5,887.5,892.25,,,
1/09/2015,884.75,874,878.75,,,
2/09/2015,883.75,874,878,,,
3/09/2015,879.75,869.5,873.5,,,
4/09/2015,877.25,866.5,869.75,,,
8/09/2015,890.75,879.25,882.25,,,
9/09/2015,882.75,872.25,876,,,
10/09/2015,884.5,874,877.5,,,
11/09/2015,887.75,874.25,877.5,,,
14/09/2015,882.75,884.25,887.5,,,
15/09/2015,889,892.25,893.5,,,
16/09/2015,887.25,891,893.25,,,
17/09/2015,884.5,888.75,892,,,
18/09/2015,867.25,871.5,874.75,,,
21/09/2015,874.25,878.75,882.25,,,
22/09/2015,861.75,866.5,871,,,
23/09/2015,863.75,868.25,872.5,,,
24/09/2015,868,872.5,876.75,,,
25/09/2015,889.25,893.25,897.5,,,
28/09/2015,876.75,880.75,885.25,,,
29/09/2015,884.25,887.5,890.75,,,
30/09/2015,892,894,897.25,,,
1/10/2015,877.25,880.75,884.75,,,
2/10/2015,874.25,878.25,882,,,
5/10/2015,884.25,888.25,891.25,,,
6/10/2015,888,892,895.25,,,
7/10/2015,891,895,898.75,,,
8/10/2015,881.25,886.25,890,,,
9/10/2015,885.75,890.5,894.25,,,
12/10/2015,887.5,892.5,896,,,
13/10/2015,914,918.25,921.25,,,
14/10/2015,910.5,914.25,917,,,
15/10/2015,905.25,909,912.25,,,
16/10/2015,898.25,902,905.5,,,
19/10/2015,891,895.5,898.5,,,
20/10/2015,896,901,904,,,
21/10/2015,905.25,909.5,911.5,,,
22/10/2015,898.75,901,902.75,,,
23/10/2015,895.5,896,898.25,,,
26/10/2015,885,884.5,886.75,,,
27/10/2015,891.25,891,893.5,,,
28/10/2015,881.5,882.75,886.5,,,
29/10/2015,878.75,880.25,883.25,,,
30/10/2015,883.75,885.75,888.75,,,
2/11/2015,877.75,878.75,881.5,,,
3/11/2015,878.5,879,881.25,,,
4/11/2015,882,884,886.5,,,
5/11/2015,867.75,864,866.25,,,
6/11/2015,871.25,867.25,869.5,,,
9/11/2015,873.5,866.25,867.25,,,
10/11/2015,864.5,855.5,855.5,,,
11/11/2015,868.5,860.75,860.5,,,
12/11/2015,869.25,863,864,,,
13/11/2015,859,855.25,856.25,,,
16/11/2015,859.5,860.75,866.5,,,
17/11/2015,864,865,870.5,,,
18/11/2015,857.75,860.75,866.5,,,
19/11/2015,860,863,869,,,
20/11/2015,857.5,860.5,866.75,,,
23/11/2015,864.25,866.25,872.75,,,
24/11/2015,863.75,866.25,872.25,,,
25/11/2015,875.25,877.75,884,,,
27/11/2015,873,875.5,881.75,,,
30/11/2015,881,883.25,889.5,,,
1/12/2015,889.25,891.5,897.5,,,
2/12/2015,892.25,895,901.25,,,
3/12/2015,897.5,900.25,906.25,,,
4/12/2015,906,908,914,,,
7/12/2015,882.25,885.75,891.75,,,
8/12/2015,876.75,879.75,885.75,,,
9/12/2015,876.75,879.75,885.75,,,
10/12/2015,878.25,881.25,887.5,,,
11/12/2015,870.75,873.75,880,,,
14/12/2015,874.25,876,882,,,
15/12/2015,867.25,867.75,873.5,,,
16/12/2015,862.5,863.25,869,,,
17/12/2015,877,877.75,883.5,,,
18/12/2015,892.25,892.75,898,,,
21/12/2015,891.25,891.5,897,,,
22/12/2015,885.25,885.5,890.5,,,
23/12/2015,881.75,880.75,884.75,,,
24/12/2015,875.25,873,877.5,,,
28/12/2015,865,861.25,866.5,,,
29/12/2015,870,865.75,871.5,,,
30/12/2015,875.5,870.25,875.75,,,
31/12/2015,871.25,864.25,869.5,,,
4/01/2016,864.5,856,860.75,,,
5/01/2016,867.75,857.25,861.75,,,
6/01/2016,875.75,864.75,867.5,,,
7/01/2016,877,864.5,867.25,,,
8/01/2016,879.5,865.25,868,,,
11/01/2016,881,861.25,864,,,
12/01/2016,890.75,874.5,877.25,,,
13/01/2016,899,880,881.75,,,
14/01/2016,896,882.25,883,,,
15/01/2016,879,878.75,883.75,,,
19/01/2016,883.5,883,888,,,
20/01/2016,874,874.75,880,,,
21/01/2016,878.5,879,884.25,,,
22/01/2016,876.5,877.25,882,,,
25/01/2016,880.5,881.75,886.75,,,
26/01/2016,876.5,878.5,884,,,
27/01/2016,883,885.25,891,,,
28/01/2016,867.75,870.5,876.25,,,
29/01/2016,882.25,884.5,890,,,
1/02/2016,880.75,882.25,887.75,,,
2/02/2016,886.25,888.75,894.75,,,
3/02/2016,876.75,879.75,886.25,,,
4/02/2016,874.5,877.5,883.75,,,
5/02/2016,867.5,871.25,877.75,,,
8/02/2016,862.5,866.5,872.5,,,
9/02/2016,863.25,867.25,873,,,
10/02/2016,862.25,867,872.5,,,
11/02/2016,873.5,877.75,883,,,
12/02/2016,872.75,876.5,881.75,,,
16/02/2016,879.75,882.5,887.25,,,
17/02/2016,882.5,885.25,889.5,,,
18/02/2016,879.75,882.75,887.5,,,
19/02/2016,878.25,880.75,885.25,,,
22/02/2016,881,884.25,889,,,
23/02/2016,869.25,873,879,,,
24/02/2016,867.5,872.25,878.5,,,
25/02/2016,859,865.5,871.75,,,
26/02/2016,855,863.5,870,,,
29/02/2016,853,861,867.5,,,
1/03/2016,850.75,858,863.75,,,
2/03/2016,854.25,861.5,867.75,,,
3/03/2016,856.25,863.75,870.25,,,
4/03/2016,870.5,878.5,884.5,,,
7/03/2016,873.5,881.75,887.25,,,
8/03/2016,877.5,884.5,890,,,
9/03/2016,880,885.75,891.25,,,
10/03/2016,881.75,889.25,894.75,,,
11/03/2016,888,895.75,901.5,,,
14/03/2016,888,895.75,902,,,
15/03/2016,892,897.75,900,,,
16/03/2016,894.5,900.25,902.25,,,
17/03/2016,897.75,904,906.25,,,
18/03/2016,897.5,904.25,906.5,,,
21/03/2016,902,908.25,910.5,,,
22/03/2016,910.25,917,919,,,
23/03/2016,905.25,912.25,914.25,,,
24/03/2016,910.5,917.75,920,,,
28/03/2016,909,916,918.25,,,
29/03/2016,916,922.75,924.75,,,
30/03/2016,909,916.25,918.5,,,
31/03/2016,910.75,917.75,920.5,,,
1/04/2016,918.25,926,928.5,,,
4/04/2016,913.5,921.5,924.25,,,
5/04/2016,904.75,912.75,915.5,,,
6/04/2016,908,916,918.75,,,
7/04/2016,904.5,912.75,915.75,,,
8/04/2016,916.75,925,927.5,,,
11/04/2016,928.25,936.75,939,,,
12/04/2016,936.25,944.75,946.75,,,
13/04/2016,955.75,964.5,966.25,,,
14/04/2016,948,956.25,958,,,
15/04/2016,956,964.25,965.75,,,
18/04/2016,954.25,963,965.25,,,
19/04/2016,985.5,994.75,996.75,,,
20/04/2016,1009.75,1019,1019.25,,,
21/04/2016,1018.75,1027.5,1027.25,,,
22/04/2016,987,996.25,998.5,,,
25/04/2016,999.75,1009.75,1011.75,,,
26/04/2016,1017.75,1027.25,1027.75,,,
27/04/2016,1019,1028.5,1027.75,,,
28/04/2016,1018,1027.5,1028.5,,,
29/04/2016,1021,1029.75,1030.5,,,
2/05/2016,1035.5,1043.75,1044,,,
3/05/2016,1021.5,1030,1032,,,
4/05/2016,1024.5,1034,1036,,,
5/05/2016,1003.5,1012.25,1014.75,,,
6/05/2016,1026.25,1034.75,1037,,,
9/05/2016,1018.75,1026.5,1028.75,,,
10/05/2016,1076,1084,1085.5,,,
11/05/2016,1069.75,1078.25,1080.25,,,
12/05/2016,1064.5,1072,1074,,,
13/05/2016,1055,1065,1067,,,
16/05/2016,1064.5,1066.75,1059.5,,,
17/05/2016,1080.25,1082.5,1073.75,,,
18/05/2016,1075.25,1077,1066,,,
19/05/2016,1071.5,1073,1062,,,
20/05/2016,1074.25,1073.5,1060.25,,,
23/05/2016,1058.5,1057.75,1045.5,,,
24/05/2016,1054.75,1053,1039.5,,,
25/05/2016,1085.5,1081.75,1065.5,,,
26/05/2016,1079.75,1077.25,1061.75,,,
27/05/2016,1086.5,1083,1067.5,,,
31/05/2016,1078.5,1076.5,1064.25,,,
1/06/2016,1099.75,1095.5,1079,,,
2/06/2016,1144.25,1130.75,1102.5,,,
3/06/2016,1132,1122,1101.25,,,
6/06/2016,1138.25,1133.5,1118,,,
7/06/2016,1141.25,1138.25,1126.5,,,
8/06/2016,1177.75,1173,1159.25,,,
9/06/2016,1176,1172,1159.75,,,
10/06/2016,1178.25,1177.75,1168.5,,,
13/06/2016,1169,1169,1162.75,,,
14/06/2016,1169.5,1166,1155.75,,,
15/06/2016,1156,1155,1145,,,
16/06/2016,1134.5,1133.5,1123.75,,,
17/06/2016,1159.5,1160,1151.75,,,
20/06/2016,1143.5,1145.25,1136.25,,,
21/06/2016,1133.25,1132.5,1117.75,,,
22/06/2016,1137.5,1137.25,1123.75,,,
23/06/2016,1124.5,1123.5,1109,,,
24/06/2016,1103,1101.5,1086.25,,,
27/06/2016,1133,1129.75,1114,,,
28/06/2016,1150.5,1146.25,1130.25,,,
29/06/2016,1144.5,1140.5,1123,,,
30/06/2016,1175,1174.25,1162.25,,,
1/07/2016,1168.75,1164.25,1148.75,,,
5/07/2016,1117,1110,1091.5,,,
6/07/2016,1106.25,1101.5,1084.75,,,
7/07/2016,1054.25,1050.5,1034,,,
8/07/2016,1089.75,1083.25,1068.5,,,
11/07/2016,1082.75,1077,1063.5,,,
12/07/2016,1107.25,1102.25,1092.75,,,
13/07/2016,1128,1122.75,1112.75,,,
14/07/2016,1111.5,1083.75,1073.25,,,
15/07/2016,1072.5,1065.5,1057.25,,,
18/07/2016,1078.25,1075,1066.25,,,
19/07/2016,1044,1039.25,1027.75,,,
20/07/2016,1027,1020.25,1009,,,
21/07/2016,1032.5,1025.5,1012.5,,,
22/07/2016,1006.5,998.75,988.25,,,
25/07/2016,983.75,976.75,966.25,,,
26/07/2016,993.5,985,973.75,,,
27/07/2016,1010.5,999.75,986,,,
28/07/2016,1003.5,993.25,978,,,
29/07/2016,1032.5,1020,1003,,,
1/08/2016,996,981.25,961.5,,,
2/08/2016,985.25,971.25,953,,,
3/08/2016,990.5,973.5,955.5,,,
4/08/2016,990.5,973.5,956.75,,,
5/08/2016,1003.75,988,974.5,,,
8/08/2016,1018.75,1001.25,985,,,
9/08/2016,1022,1005,988,,,
10/08/2016,1017,998.5,982.25,,,
11/08/2016,1022.25,1001.75,984,,,
12/08/2016,1003.25,999,981.75,,,
15/08/2016,1023.75,1009.25,1008.5,,,
16/08/2016,1019.5,1007.25,1007,,,
17/08/2016,1030.5,1016,1015.5,,,
18/08/2016,1032.25,1014.5,1014.5,,,
19/08/2016,1027,1004.5,1005,,,
22/08/2016,1035.25,1015.75,1016.75,,,
23/08/2016,1034.25,1013.5,1014.25,,,
24/08/2016,1030.75,1005.25,1006,,,
25/08/2016,998.25,975.5,977.5,,,
26/08/2016,990.75,967.25,969.75,,,
29/08/2016,983.25,964.25,966.75,,,
30/08/2016,965.5,950.75,953.5,,,
31/08/2016,960,943,946,,,
1/09/2016,959,943.75,947.25,,,
2/09/2016,968.5,952.5,955.75,,,
6/09/2016,974.25,959.75,963.5,,,
7/09/2016,991.75,975.5,979,,,
8/09/2016,992,976.75,980.5,,,
9/09/2016,997.25,980.25,984.25,,,
12/09/2016,984.5,964.25,968.75,,,
13/09/2016,968.25,944,949,,,
14/09/2016,972,942.75,948,,,
15/09/2016,950.5,955.75,958.75,,,
16/09/2016,966,971.25,973.75,,,
19/09/2016,972.5,977.75,981.5,,,
20/09/2016,989.75,994.75,998,,,
21/09/2016,975.5,981,984.75,,,
22/09/2016,976.5,982,986,,,
23/09/2016,955,961,966.5,,,
26/09/2016,945.25,951.5,957.25,,,
27/09/2016,952.5,958.75,965.25,,,
28/09/2016,945.5,952,958.25,,,
29/09/2016,950.25,956.25,963,,,
30/09/2016,954,959.25,965.5,,,
3/10/2016,973,978,984.5,,,
4/10/2016,963.5,969.25,976,,,
5/10/2016,956.75,963.5,970.25,,,
6/10/2016,958.5,964.75,971,,,
7/10/2016,956.75,963,968.75,,,
10/10/2016,954.5,961.5,967.75,,,
11/10/2016,954.25,961.75,968.25,,,
12/10/2016,945.5,953.5,960.25,,,
13/10/2016,956.25,964.75,971,,,
14/10/2016,962.5,970.25,976.25,,,
17/10/2016,978.25,986,991.75,,,
18/10/2016,972.5,981.25,987.5,,,
19/10/2016,981.5,990.5,996.75,,,
20/10/2016,975.5,984.75,991,,,
21/10/2016,983,992.25,998.75,,,
24/10/2016,992,1002.25,1009,,,
25/10/2016,990.75,1002.25,1009.5,,,
26/10/2016,1010,1021,1028.25,,,
27/10/2016,1014.25,1025,1031.25,,,
28/10/2016,1001.25,1012,1018.5,,,
31/10/2016,1002.25,1011.75,1018.5,,,
1/11/2016,984.25,993.25,1000,,,
2/11/2016,976.75,986.5,993.5,,,
3/11/2016,979.75,989.5,996.25,,,
4/11/2016,981.5,990.75,997.25,,,
7/11/2016,989.25,998.5,1005.5,,,
8/11/2016,1001.75,1011.25,1018.25,,,
9/11/2016,982,991,998.5,,,
10/11/2016,989,998,1006.5,,,
11/11/2016,978.5,986,994.5,,,
14/11/2016,971,984.25,992.5,,,
15/11/2016,989.5,998,1005.5,,,
16/11/2016,985.75,994.5,1002.5,,,
17/11/2016,989.5,998.5,1007.25,,,
18/11/2016,993.75,1002.25,1010.5,,,
21/11/2016,1020.25,1028.5,1035.75,,,
22/11/2016,1030,1038.75,1045.5,,,
23/11/2016,1034.25,1043,1049,,,
25/11/2016,1046,1054.5,1060.25,,,
28/11/2016,1056,1064.5,1070.5,,,
29/11/2016,1042.5,1051,1057.25,,,
30/11/2016,1032.25,1041.25,1049,,,
1/12/2016,1029.75,1039,1045.5,,,
2/12/2016,1027.5,1037.25,1044.5,,,
5/12/2016,1043.5,1053.25,1059.75,,,
6/12/2016,1047.75,1057.75,1064.75,,,
7/12/2016,1049,1059.5,1066.75,,,
8/12/2016,1027,1037.75,1045.25,,,
9/12/2016,1037.5,1048.5,1056.25,,,
12/12/2016,1031,1042.5,1050.5,,,
13/12/2016,1028,1039.5,1048,,,
14/12/2016,1023.75,1034.5,1042.5,,,
15/12/2016,1029,1039.25,1046.5,,,
16/12/2016,1036.75,1046.75,1054.25,,,
19/12/2016,1021.5,1032,1040.5,,,
20/12/2016,1005.25,1015.75,1025,,,
21/12/2016,1006.75,1017,1026.25,,,
22/12/2016,994.5,1004,1013.25,,,
23/12/2016,989,997.5,1006.5,,,
27/12/2016,1014.75,1024.25,1032.25,,,
28/12/2016,1006.75,1016.5,1025,,,
29/12/2016,1003.25,1012.75,1021.25,,,
30/12/2016,996.5,1004,1012.5,,,
3/01/2017,986.75,995,1003.5,,,
4/01/2017,1006.25,1015.25,1023.5,,,
5/01/2017,1003.5,1012.5,1021,,,
6/01/2017,986,994.75,1003.5,,,
9/01/2017,996.5,1005.25,1014.25,,,
10/01/2017,1005.5,1013.75,1022.75,,,
11/01/2017,1003,1011.5,1020.5,,,
12/01/2017,1032,1040.25,1049,,,
13/01/2017,1042.5,1046.25,1055.5,,,
17/01/2017,1069.25,1078,1083.25,,,
18/01/2017,1075,1083.75,1088,,,
19/01/2017,1070.25,1078.5,1083.75,,,
20/01/2017,1067.5,1076,1082,,,
23/01/2017,1057.75,1066.75,1073,,,
24/01/2017,1058.5,1068,1073.75,,,
25/01/2017,1055.25,1064.5,1071,,,
26/01/2017,1049.5,1059,1065.75,,,
27/01/2017,1049.25,1058.75,1065.5,,,
30/01/2017,1022.75,1032.75,1040.5,,,
31/01/2017,1024.5,1034.25,1042,,,
1/02/2017,1036.75,1046.75,1054.5,,,
2/02/2017,1037.25,1047.25,1055.25,,,
3/02/2017,1027,1037.25,1045.75,,,
6/02/2017,1036,1046.25,1055,,,
7/02/2017,1042.75,1053.25,1061.5,,,
8/02/2017,1058.75,1069.25,1076.75,,,
9/02/2017,1050.5,1061.5,1069.5,,,
10/02/2017,1059,1070,1077.75,,,
13/02/2017,1054.25,1065.75,1073.75,,,
14/02/2017,1045,1056,1064.75,,,
15/02/2017,1061.25,1071.75,1079.75,,,
16/02/2017,1043.75,1054.75,1063.25,,,
17/02/2017,1032.5,1043.25,1052.25,,,
21/02/2017,1026.25,1037.25,1046.25,,,
22/02/2017,1022.75,1033.5,1043,,,
23/02/2017,1011.5,1022.5,1031.5,,,
24/02/2017,1013.5,1024.25,1033.25,,,
27/02/2017,1011,1022,1031,,,
28/02/2017,1025,1035.75,1044.5,,,
1/03/2017,1041.25,1051.75,1060,,,
2/03/2017,1026.75,1037.25,1045.75,,,
3/03/2017,1027,1037.5,1046,,,
6/03/2017,1026.75,1037.25,1046,,,
7/03/2017,1014.75,1025.25,1034.75,,,
8/03/2017,1011,1021.75,1031.25,,,
9/03/2017,1000.25,1011,1020.5,,,
10/03/2017,996.25,1006.5,1016.25,,,
13/03/2017,996.25,1006,1015.75,,,
14/03/2017,987.25,999.25,1009,,,
15/03/2017,998,1008,1008.75,,,
16/03/2017,1001.5,1011.5,1012.5,,,
17/03/2017,1000,1010,1011,,,
20/03/2017,999.5,1009.5,1011,,,
21/03/2017,1001.5,1011.75,1013.75,,,
22/03/2017,999.75,1010.25,1012.25,,,
23/03/2017,991,1001.5,1003.75,,,
24/03/2017,975.75,986.25,988.5,,,
27/03/2017,971.5,981.75,983.75,,,
28/03/2017,972,982.25,984.25,,,
29/03/2017,969,979.5,981.5,,,
30/03/2017,963,973.25,975.25,,,
31/03/2017,946,957,959.5,,,
3/04/2017,938.25,949.25,952,,,
4/04/2017,937.75,948.5,951.25,,,
5/04/2017,944.25,955.25,957.75,,,
6/04/2017,941.5,952.75,954.75,,,
7/04/2017,942,953.25,954.75,,,
10/04/2017,941.75,953.25,955,,,
11/04/2017,939.25,950.75,952.75,,,
12/04/2017,947.75,958.75,960.75,,,
13/04/2017,955.5,966.25,968,,,
17/04/2017,953.25,963.75,965.5,,,
18/04/2017,946,956.25,958.25,,,
19/04/2017,950.25,960.5,962,,,
20/04/2017,946.75,956.75,958.25,,,
21/04/2017,951,960.75,962,,,
24/04/2017,961.25,971.75,973.25,,,
25/04/2017,954.5,965,967,,,
26/04/2017,945.75,956.5,958.5,,,
27/04/2017,945.75,957.25,959.25,,,
28/04/2017,945.25,956.25,958.25,,,
1/05/2017,959,970.25,971.5,,,
2/05/2017,958,968.75,970.25,,,
3/05/2017,965.5,975.25,976.5,,,
4/05/2017,965.25,974.25,974,,,
5/05/2017,963,973,973.75,,,
8/05/2017,956.25,964.75,965.75,,,
9/05/2017,965.25,974,974.75,,,
10/05/2017,961.75,970.25,971.25,,,
11/05/2017,956,966.25,968,,,
12/05/2017,954,963,964.75,,,
15/05/2017,965.25,966.5,962.75,,,
16/05/2017,976.25,976.25,971,,,
17/05/2017,975.75,975,970.5,,,
18/05/2017,944.75,946.75,945,,,
19/05/2017,953,954.25,952.5,,,
22/05/2017,956.5,958.25,956,,,
23/05/2017,948.25,950.25,948,,,
24/05/2017,948.25,950.25,947.75,,,
25/05/2017,939.5,941.5,938.75,,,
26/05/2017,926.5,929.5,927.75,,,
30/05/2017,912.75,916,916.5,,,
31/05/2017,916,918.25,917,,,
1/06/2017,912.25,915.25,915.25,,,
2/06/2017,921.25,923.75,923.75,,,
5/06/2017,922,925,925.5,,,
6/06/2017,923.5,927,928.25,,,
7/06/2017,930.75,934.25,933.75,,,
8/06/2017,938,941.75,941.75,,,
9/06/2017,941.5,945,945.5,,,
12/06/2017,931.25,935,935.5,,,
13/06/2017,932.5,936.25,936.75,,,
14/06/2017,931.75,935.25,936.25,,,
15/06/2017,934.75,938.75,940,,,
16/06/2017,939,943.25,945,,,
19/06/2017,937.75,941.75,943.75,,,
20/06/2017,927.75,931.5,933.25,,,
21/06/2017,918.75,922.5,923.75,,,
22/06/2017,904,908.5,909.75,,,
23/06/2017,904.5,908.5,909,,,
26/06/2017,906.75,911.25,912.5,,,
27/06/2017,911.25,916,917.25,,,
28/06/2017,914,919,920.75,,,
29/06/2017,915.5,920.75,923.25,,,
30/06/2017,942.25,947,950.5,,,
3/07/2017,964.75,970,973.5,,,
5/07/2017,976.25,981.75,986.5,,,
6/07/2017,980.75,985.75,990.75,,,
7/07/2017,996,1001,1006.25,,,
10/07/2017,1020.25,1024.75,1030,,,
11/07/2017,1025.25,1029.25,1034.25,,,
12/07/2017,1016.75,1020.75,1025.25,,,
13/07/2017,972.5,975.5,978.75,,,
14/07/2017,985.25,989,992.75,,,
17/07/2017,985,989.25,997.5,,,
18/07/2017,989.5,993.75,1001.75,,,
19/07/2017,999.75,1004,1012.5,,,
20/07/2017,1013.25,1018.25,1027,,,
21/07/2017,1009,1014.25,1022.25,,,
24/07/2017,997.5,1002.5,1010,,,
25/07/2017,981.5,986,992.75,,,
26/07/2017,988.75,993.75,1000.25,,,
27/07/2017,994.75,1000,1007.5,,,
28/07/2017,1000.75,1006,1013,,,
31/07/2017,994.5,999.5,1007.25,,,
1/08/2017,959.5,964.25,971.75,,,
2/08/2017,966.5,970.75,977.5,,,
3/08/2017,950.5,954,960.5,,,
4/08/2017,949.25,952.25,956.75,,,
7/08/2017,959.75,964,969.75,,,
8/08/2017,963,967,973.25,,,
9/08/2017,963,966,973.25,,,
10/08/2017,930.75,934,940.25,,,
11/08/2017,935.5,938.25,945,,,
14/08/2017,925.5,932.75,938.25,,,
15/08/2017,921.75,924.25,932.5,,,
16/08/2017,921.75,925.25,933.5,,,
17/08/2017,930.25,933,941.25,,,
18/08/2017,937.5,937.75,945.75,,,
21/08/2017,932.5,936.25,944.5,,,
22/08/2017,933.75,937.5,945.75,,,
23/08/2017,935,938,946.75,,,
24/08/2017,941.25,946.5,955.25,,,
25/08/2017,939,944.5,953.5,,,
28/08/2017,935.25,941.25,950.25,,,
29/08/2017,930.75,937.25,946.5,,,
30/08/2017,923,933.25,942.75,,,
31/08/2017,936.25,945.25,954.75,,,
1/09/2017,942,949.5,959.25,,,
5/09/2017,960.5,968.5,978.25,,,
6/09/2017,964.5,971,980.75,,,
7/09/2017,963.25,968.75,978.5,,,
8/09/2017,956.5,962,972,,,
11/09/2017,954.75,960,970,,,
12/09/2017,944.25,950.5,960.75,,,
13/09/2017,953,960.5,970.75,,,
14/09/2017,967.25,976,986,,,
15/09/2017,968.75,979,987.75,,,
18/09/2017,967.75,978,987,,,
19/09/2017,965.5,976,985.25,,,
20/09/2017,970,980.5,989.75,,,
21/09/2017,970.75,981,990.25,,,
22/09/2017,984.25,994.5,1003.5,,,
25/09/2017,971.25,981.75,990.75,,,
26/09/2017,963.5,974,983.5,,,
27/09/2017,965.5,976.25,985.5,,,
28/09/2017,959.5,970.25,979.5,,,
29/09/2017,968.25,978.5,987.75,,,
2/10/2017,957.25,967.75,977,,,
3/10/2017,955.25,966,975.5,,,
4/10/2017,958.25,968.75,978.25,,,
5/10/2017,968.25,979,988,,,
6/10/2017,972.25,983,992.25,,,
9/10/2017,966.75,977.25,986.75,,,
10/10/2017,966,976.25,985.75,,,
11/10/2017,965.25,976,985.5,,,
12/10/2017,992,1002.5,1012,,,
13/10/2017,1000.25,1010.25,1019.25,,,
16/10/2017,991,1001.5,1010.75,,,
17/10/2017,984.75,995.25,1005,,,
18/10/2017,984.25,995,1004.75,,,
19/10/2017,986.5,997,1007,,,
20/10/2017,978.75,989.25,999.25,,,
23/10/2017,980.75,991,1001,,,
24/10/2017,975.5,985.75,996,,,
25/10/2017,975.5,986.25,996.75,,,
26/10/2017,971.25,982.5,993,,,
27/10/2017,975.25,986.5,996.75,,,
30/10/2017,972.75,984.5,995,,,
31/10/2017,973.75,984.75,995,,,
1/11/2017,981,991.25,1001.5,,,
2/11/2017,989,999.25,1009.5,,,
3/11/2017,977,986.75,997.25,,,
6/11/2017,984,994,1004.25,,,
7/11/2017,986,996,1006.5,,,
8/11/2017,988,998.5,1009.5,,,
9/11/2017,975.25,985,996,,,
10/11/2017,977.25,987,998,,,
13/11/2017,963.5,974.25,985.5,,,
14/11/2017,959,967.75,978.75,,,
15/11/2017,976.25,987.25,996.75,,,
16/11/2017,972,983.25,992.75,,,
17/11/2017,990.5,1001.5,1011,,,
20/11/2017,990,1001.25,1010.75,,,
21/11/2017,989,1000.25,1010,,,
22/11/2017,997.25,1008.5,1018.25,,,
24/11/2017,993.25,1004.75,1014.75,,,
27/11/2017,996,1007.75,1017.5,,,
28/11/2017,993,1004.75,1014.75,,,
29/11/2017,992.5,1004.25,1014.5,,,
30/11/2017,985.75,997.75,1008.5,,,
1/12/2017,994.25,1006,1017,,,
4/12/2017,998.5,1010.25,1021,,,
5/12/2017,1008.5,1020.5,1030.75,,,
6/12/2017,1002.75,1014.75,1025.25,,,
7/12/2017,992,1004.25,1014.75,,,
8/12/2017,989.75,1001.5,1012.25,,,
11/12/2017,982.5,994,1005.25,,,
12/12/2017,975.75,987.25,998.25,,,
13/12/2017,979.25,990.5,1001.5,,,
14/12/2017,967.75,978.75,989.75,,,
15/12/2017,967.25,978,989,,,
18/12/2017,961.5,972.5,983.25,,,
19/12/2017,956,966.75,977.75,,,
20/12/2017,954,964.5,976,,,
21/12/2017,948.75,959,970.5,,,
22/12/2017,949.5,960.25,971.25,,,
26/12/2017,959.25,970.5,981.5,,,
27/12/2017,955.5,967.5,978.5,,,
28/12/2017,945.75,956.75,967.75,,,
29/12/2017,951.75,961.75,973,,,
2/01/2018,955,964.75,975.75,,,
3/01/2018,959.75,968.75,979.5,,,
4/01/2018,959.25,967.75,978.5,,,
5/01/2018,961.5,970.75,981.5,,,
8/01/2018,958.25,966.75,977.5,,,
9/01/2018,955.75,963.75,974.5,,,
10/01/2018,947,955,966,,,
11/01/2018,940.5,950,961,,,
12/01/2018,944,960.5,972,,,
16/01/2018,968,979.5,989,,,
17/01/2018,968.75,980,989.5,,,
18/01/2018,973,984.25,994,,,
19/01/2018,977.25,988.5,998.25,,,
22/01/2018,984.25,995.75,1005.75,,,
23/01/2018,986.25,997.75,1007.75,,,
24/01/2018,992.25,1003.75,1013.5,,,
25/01/2018,992.25,1003.75,1013.25,,,
26/01/2018,985.5,997,1006.5,,,
29/01/2018,991.5,1002.75,1012.5,,,
30/01/2018,1000.25,1011.25,1021,,,
31/01/2018,995.75,1007,1016.25,,,
1/02/2018,985,996.5,1006,,,
2/02/2018,978.75,990.25,999.75,,,
5/02/2018,969.75,981.25,991.25,,,
6/02/2018,986.25,997.75,1007.5,,,
7/02/2018,983,994.25,1004,,,
8/02/2018,987.75,998.75,1008.25,,,
9/02/2018,983,993.5,1003.5,,,
12/02/2018,1001.75,1012.5,1022,,,
13/02/2018,1011.75,1022.25,1032,,,
14/02/2018,1017.25,1027.75,1037.5,,,
15/02/2018,1024.25,1035,1044.75,,,
16/02/2018,1021.5,1032.5,1042.25,,,
20/02/2018,1026.5,1037.5,1047,,,
21/02/2018,1034.25,1045.5,1055,,,
22/02/2018,1032,1043.25,1052.5,,,
23/02/2018,1036.25,1047.5,1056,,,
26/02/2018,1034.25,1046,1055.25,,,
27/02/2018,1038,1049.5,1058.5,,,
28/02/2018,1045,1055.5,1064.25,,,
1/03/2018,1057.5,1068,1076.5,,,
2/03/2018,1060.75,1071,1079.25,,,
5/03/2018,1066.75,1077.5,1085.75,,,
6/03/2018,1064.5,1074.75,1083,,,
7/03/2018,1055,1065.25,1074,,,
8/03/2018,1053.75,1064,1073,,,
9/03/2018,1029.25,1039.25,1048.25,,,
12/03/2018,1033.25,1041,1051,,,
13/03/2018,1040.5,1048.75,1059.5,,,
14/03/2018,1028.5,1032.25,1043,,,
15/03/2018,1040.75,1051.25,1052.75,,,
16/03/2018,1049.5,1060.25,1061.25,,,
19/03/2018,1022.5,1033.5,1035.25,,,
20/03/2018,1028.25,1039,1040.25,,,
21/03/2018,1029.75,1040.5,1041.75,,,
22/03/2018,1029.75,1040.75,1042.5,,,
23/03/2018,1028.25,1039.25,1041.25,,,
26/03/2018,1025.5,1036.5,1039,,,
27/03/2018,1019.5,1030.25,1032.5,,,
28/03/2018,1018,1028.75,1030.5,,,
29/03/2018,1044.75,1055.5,1058,,,
2/04/2018,1035.5,1046.25,1049,,,
3/04/2018,1038,1049.25,1051.5,,,
4/04/2018,1015.25,1026.5,1028.75,,,
5/04/2018,1031.25,1042,1043.5,,,
6/04/2018,1033.75,1044.75,1046,,,
9/04/2018,1047,1057.5,1058.5,,,
10/04/2018,1050,1060.25,1061.25,,,
11/04/2018,1047.75,1058.75,1059,,,
12/04/2018,1060.75,1071.75,1070.5,,,
13/04/2018,1054.25,1065,1064.5,,,
16/04/2018,1042,1053.25,1053.5,,,
17/04/2018,1046,1057.25,1058.5,,,
18/04/2018,1041.75,1053.25,1055,,,
19/04/2018,1037.25,1049,1050.5,,,
20/04/2018,1028.75,1040.25,1042,,,
23/04/2018,1020.75,1032.25,1034.5,,,
24/04/2018,1022.25,1034,1036,,,
25/04/2018,1027.5,1039.25,1041.5,,,
26/04/2018,1028,1039.5,1041.5,,,
27/04/2018,1045,1056.25,1058,,,
30/04/2018,1037.75,1048.5,1050.75,,,
1/05/2018,1042.5,1053.25,1055.5,,,
2/05/2018,1032.75,1043,1045.75,,,
3/05/2018,1043.25,1053.25,1056.25,,,
4/05/2018,1027.25,1036.75,1040,,,
7/05/2018,1002.25,1011.5,1014.75,,,
8/05/2018,1011.25,1020.25,1023.25,,,
9/05/2018,1007.25,1015.75,1019.25,,,
10/05/2018,1013.25,1021.25,1024.75,,,
11/05/2018,994.75,1003.25,1007.25,,,
14/05/2018,1013,1017.75,1021,,,
15/05/2018,1018.75,1022,1022.75,,,
16/05/2018,999.75,1003.25,1005.75,,,
17/05/2018,995,998.75,1001,,,
18/05/2018,998.5,1002.5,1004.5,,,
21/05/2018,1025.25,1029,1030.25,,,
22/05/2018,1030.5,1034.25,1035.5,,,
23/05/2018,1039.25,1043.25,1045,,,
24/05/2018,1035.75,1039.75,1042.75,,,
25/05/2018,1041.5,1046,1049,,,
29/05/2018,1030.5,1035,1038.25,,,
30/05/2018,1023,1027.75,1031,,,
31/05/2018,1018.5,1023.25,1027.25,,,
1/06/2018,1021.25,1026,1030.25,,,
4/06/2018,1001.75,1006.75,1011.5,,,
5/06/2018,1001.25,1006.5,1011.5,,,
6/06/2018,994.25,999.5,1004.75,,,
7/06/2018,974.25,979.75,985.25,,,
8/06/2018,969.25,974.75,980.5,,,
11/06/2018,953.75,959,964.75,,,
12/06/2018,954,959.5,965.25,,,
13/06/2018,936,941.75,948.25,,,
14/06/2018,927.25,933.25,939.75,,,
15/06/2018,905.5,911.5,918.25,,,
18/06/2018,908.5,914,920,,,
19/06/2018,889,894.25,900.25,,,
20/06/2018,889.5,894.5,900.25,,,
21/06/2018,880.5,885.5,891.25,,,
22/06/2018,894.5,900,906,,,
25/06/2018,874.5,880,885.25,,,
26/06/2018,867.25,873,878,,,
27/06/2018,867.5,873,878.5,,,
28/06/2018,861.25,866.75,872.5,,,
29/06/2018,858.5,863.5,869.25,,,
2/07/2018,848.5,853.5,859.25,,,
3/07/2018,844,848,853.75,,,
5/07/2018,835.5,839.25,845,,,
6/07/2018,874,877.5,883.25,,,
9/07/2018,851.75,855.75,861,,,
10/07/2018,852.25,855.75,861,,,
11/07/2018,829.75,833,838,,,
12/07/2018,830,833.75,839,,,
13/07/2018,814,818.75,824.5,,,
16/07/2018,829.5,835.25,845.75,,,
17/07/2018,839.5,845,855.25,,,
18/07/2018,842.25,848,857.75,,,
19/07/2018,846,852,861.5,,,
20/07/2018,849.75,855.25,864.75,,,
23/07/2018,847.75,853.5,862.75,,,
24/07/2018,858,863.5,873.25,,,
25/07/2018,860.75,866,875.75,,,
26/07/2018,861.25,866.25,876,,,
27/07/2018,870.5,875.25,885.25,,,
30/07/2018,875,880.75,891,,,
31/07/2018,903.75,908.75,919,,,
1/08/2018,886.75,891.5,901.75,,,
2/08/2018,882.5,887,897.5,,,
3/08/2018,886.25,891.5,902.25,,,
6/08/2018,877.25,882.75,893.5,,,
7/08/2018,889.25,895.25,905.75,,,
8/08/2018,893.75,899.75,910.5,,,
9/08/2018,887.75,893,904,,,
10/08/2018,846,850.75,861.75,,,
13/08/2018,853.5,857.25,868.75,,,
14/08/2018,864.5,868.25,879.75,,,
15/08/2018,857.5,869,881,,,
16/08/2018,885.5,897,909.25,,,
17/08/2018,881.5,892.75,905,,,
20/08/2018,881.75,893.25,905.75,,,
21/08/2018,874.5,886,898.75,,,
22/08/2018,858.25,870.25,883.25,,,
23/08/2018,842,854,867,,,
24/08/2018,842,855.25,868,,,
27/08/2018,834.75,848.25,861.75,,,
28/08/2018,820.5,833.25,846.5,,,
29/08/2018,823.25,836,849.25,,,
30/08/2018,819.5,831.5,845,,,
31/08/2018,833,843.5,856.75,,,
4/09/2018,832,844.25,857,,,
5/09/2018,825.5,838,850.75,,,
6/09/2018,826.75,839.25,852.25,,,
7/09/2018,832,844,857.25,,,
10/09/2018,833.5,845.25,859,,,
11/09/2018,820.25,831.75,845.5,,,
12/09/2018,829,840,853.5,,,
13/09/2018,822.75,833.25,847,,,
14/09/2018,821.5,830.5,844.25,,,
17/09/2018,823.5,837.25,850.5,,,
18/09/2018,814,828,841.5,,,
19/09/2018,830,843.75,857.25,,,
20/09/2018,850.25,864,877,,,
21/09/2018,847.25,861.25,874.25,,,
24/09/2018,841,855.25,868.5,,,
25/09/2018,845.75,859.75,872.75,,,
26/09/2018,850,863.75,876.5,,,
27/09/2018,855,869,882,,,
28/09/2018,845.5,859.5,872.75,,,
1/10/2018,857.75,871.75,884.25,,,
2/10/2018,866,880,892.25,,,
3/10/2018,861.5,875.75,889,,,
4/10/2018,859.25,873,886,,,
5/10/2018,869,882.5,894.25,,,
8/10/2018,869.75,883,894.75,,,
9/10/2018,863,876.75,889.25,,,
10/10/2018,852.25,866,878.75,,,
11/10/2018,858.25,872.5,885,,,
12/10/2018,867.5,881.75,894.5,,,
15/10/2018,891.5,905.75,918,,,
16/10/2018,884.75,899.25,911.5,,,
17/10/2018,885.75,899.75,912.25,,,
18/10/2018,863.5,877.75,890.5,,,
19/10/2018,856.75,870.5,883.5,,,
22/10/2018,858.5,872.5,885.75,,,
23/10/2018,857.5,871,884.25,,,
24/10/2018,850.25,863.5,876.75,,,
25/10/2018,841.75,854.5,868,,,
26/10/2018,845,857.75,871,,,
29/10/2018,839,852.25,865.5,,,
30/10/2018,833.5,847,860.5,,,
31/10/2018,839,851.75,865,,,
1/11/2018,869,882,894.25,,,
2/11/2018,875.25,887.75,900,,,
5/11/2018,873,885.75,898.25,,,
6/11/2018,872,884.25,896.5,,,
7/11/2018,867.75,879.5,892.25,,,
8/11/2018,867.5,879,892,,,
9/11/2018,875.25,886.75,900,,,
12/11/2018,871.75,883.25,896.75,,,
13/11/2018,867.25,878.25,891.75,,,
14/11/2018,870.5,883.5,896.75,,,
15/11/2018,888.75,902.25,915.5,,,
16/11/2018,892.25,905.75,918.75,,,
19/11/2018,873.75,887.5,900.75,,,
20/11/2018,881,894.5,907.75,,,
21/11/2018,883,896.75,909.75,,,
23/11/2018,881,894.75,908,,,
26/11/2018,862.25,876.25,889.75,,,
27/11/2018,875.5,889.25,902.75,,,
28/11/2018,890.5,904.25,917.5,,,
29/11/2018,887.25,900.5,913.75,,,
30/11/2018,894.75,907.5,920.5,,,
3/12/2018,905.75,917.75,930.75,,,
4/12/2018,911.75,923.75,937,,,
5/12/2018,913.5,925.5,938.25,,,
6/12/2018,909.5,922,934.5,,,
7/12/2018,916.75,929,941.75,,,
10/12/2018,909.75,922.75,935.5,,,
11/12/2018,915,928.25,941,,,
12/12/2018,920,933.25,945.75,,,
13/12/2018,907,920.5,933.25,,,
14/12/2018,900.5,913.75,927,,,
17/12/2018,904.75,918,931.5,,,
18/12/2018,907.75,920.75,934,,,
19/12/2018,900,913,925.75,,,
20/12/2018,893.5,906.25,919.25,,,
21/12/2018,884.75,897.75,910.5,,,
24/12/2018,884,897,909.75,,,
26/12/2018,870,883,896.25,,,
27/12/2018,869,882.5,895.5,,,
28/12/2018,882.75,895.5,908.25,,,
31/12/2018,882.5,895,907.75,,,
2/01/2019,894.75,907,919.5,,,
3/01/2019,900.25,912.75,925.5,,,
4/01/2019,909.5,921.5,934.5,,,
7/01/2019,912.25,924.25,937,,,
8/01/2019,906.25,918.5,931.75,,,
9/01/2019,911.5,924,937.25,,,
10/01/2019,895.5,906.75,920.25,,,
11/01/2019,899.25,910.25,923.75,,,
14/01/2019,890.75,903.5,917.25,,,
15/01/2019,893.25,906.75,919.75,,,
16/01/2019,894.5,908,920.75,,,
17/01/2019,907.75,921,934,,,
18/01/2019,916.75,930,942.5,,,
22/01/2019,909.25,922.75,935.75,,,
23/01/2019,915,928.75,941.75,,,
24/01/2019,916,929.75,942.5,,,
25/01/2019,925.25,939,951.75,,,
28/01/2019,923.25,937,949.75,,,
29/01/2019,919,932.75,945.25,,,
30/01/2019,921,935,947.5,,,
31/01/2019,915.25,929.25,942,,,
1/02/2019,917.75,931.5,944.25,,,
4/02/2019,918.5,932.5,945,,,
5/02/2019,920.25,934.25,947.5,,,
6/02/2019,921.75,935.75,949.25,,,
7/02/2019,913.25,927.25,941,,,
8/02/2019,914.5,928.75,942.25,,,
11/02/2019,905,919.25,933,,,
12/02/2019,917.5,931.75,945,,,
13/02/2019,916.5,930.75,943.75,,,
14/02/2019,903.5,917.75,931.25,,,
15/02/2019,907.5,921.5,935,,,
19/02/2019,900.75,914.5,928,,,
20/02/2019,902.5,916,929.75,,,
21/02/2019,911,924.25,937.5,,,
22/02/2019,910.25,923.75,937.25,,,
25/02/2019,911.75,925,938.5,,,
26/02/2019,903.75,917,930.5,,,
27/02/2019,903.5,916.75,930.5,,,
28/02/2019,897.5,910.25,924,,,
1/03/2019,899.25,911.5,925.5,,,
4/03/2019,903.25,916,930,,,
5/03/2019,901.25,913.75,927.75,,,
6/03/2019,889.75,902,915.75,,,
7/03/2019,890.75,902.5,916.5,,,
8/03/2019,883.75,895.75,909.75,,,
11/03/2019,877.75,890,904,,,
12/03/2019,884.75,897,911,,,
13/03/2019,889,901,914.75,,,
14/03/2019,889.5,898.5,912.25,,,
15/03/2019,909.25,923,928.75,,,
18/03/2019,905.75,919.25,925.5,,,
19/03/2019,904,917.5,923.75,,,
20/03/2019,906,919.5,926,,,
21/03/2019,910.5,924.25,930.25,,,
22/03/2019,903.75,917.25,923.25,,,
25/03/2019,906.5,920,926,,,
26/03/2019,900.75,914.25,920.25,,,
27/03/2019,887.5,901,907.5,,,
28/03/2019,889.5,903,909,,,
29/03/2019,884.25,897.75,904,,,
1/04/2019,895.5,908.75,914.75,,,
2/04/2019,900,913.5,919.5,,,
3/04/2019,898.75,912.25,918,,,
4/04/2019,906.5,919.5,925.5,,,
5/04/2019,899,912,917.75,,,
8/04/2019,898.75,911.75,917.25,,,
9/04/2019,898.75,911.75,917.5,,,
10/04/2019,902,915.25,921,,,
11/04/2019,895.25,908.75,914.5,,,
12/04/2019,895.25,908.75,914.25,,,
15/04/2019,898.75,912.5,918,,,
16/04/2019,888,901.75,907.5,,,
17/04/2019,879,892.5,898.5,,,
18/04/2019,880.5,894.25,900,,,
22/04/2019,877,890.75,896.25,,,
23/04/2019,862,875.5,881.5,,,
24/04/2019,855.25,868.75,874.75,,,
25/04/2019,859.25,872.75,878.75,,,
26/04/2019,853.75,867,873.25,,,
29/04/2019,847.5,860.75,866.75,,,
30/04/2019,841.25,854,860,,,
1/05/2019,839.5,851.75,858,,,
2/05/2019,830.5,843.25,849.5,,,
3/05/2019,829.5,842.25,848.75,,,
6/05/2019,817.5,830.25,836.5,,,
7/05/2019,817.75,830.75,837,,,
8/05/2019,814.25,827.25,833.5,,,
9/05/2019,800.25,812.75,819.5,,,
10/05/2019,797,809.25,815.75,,,
13/05/2019,791,802.5,809,,,
14/05/2019,817.75,831.5,838,,,
15/05/2019,835.5,842,848,,,
16/05/2019,839.75,846.5,852.5,,,
17/05/2019,821.75,828.25,834.75,,,
20/05/2019,831.75,838.5,845,,,
21/05/2019,822,828.75,835.5,,,
22/05/2019,828.5,835.5,842.25,,,
23/05/2019,821.5,828.25,835.25,,,
24/05/2019,829.75,836.5,843.5,,,
28/05/2019,856,862.75,869.5,,,
29/05/2019,872,878.5,885.5,,,
30/05/2019,889,895.5,902.25,,,
31/05/2019,877.75,884.5,891.75,,,
3/06/2019,879,885.75,893,,,
4/06/2019,881.75,888.75,896,,,
5/06/2019,869.75,876.25,883.75,,,
6/06/2019,868.75,875.25,882.25,,,
7/06/2019,856.25,863,870,,,
10/06/2019,858.5,865.25,872.25,,,
11/06/2019,859.25,866.25,873.25,,,
12/06/2019,878,884.75,891.75,,,
13/06/2019,888,894.5,901.75,,,
14/06/2019,896.75,903,910,,,
17/06/2019,912.75,919.25,926.25,,,
18/06/2019,913.5,920.25,927.25,,,
19/06/2019,903.25,909.5,916,,,
20/06/2019,915.5,921.75,928,,,
21/06/2019,902.75,908.5,914.75,,,
24/06/2019,909,914.75,920.5,,,
25/06/2019,903.5,908.75,914.5,,,
26/06/2019,894.25,899.75,906,,,
27/06/2019,887.75,893.75,900,,,
28/06/2019,899.75,904.5,911,,,
1/07/2019,885.5,889.75,896.25,,,
2/07/2019,876.25,879.75,886,,,
3/07/2019,885.25,889.75,896.25,,,
5/07/2019,872.25,876,882.25,,,
8/07/2019,875.25,879,885.25,,,
9/07/2019,882.75,886,891.75,,,
10/07/2019,893,894.5,900.25,,,
11/07/2019,896.25,899,905,,,
12/07/2019,906.75,913.25,919,,,
15/07/2019,901.75,907.75,920,,,
16/07/2019,887.75,893.75,906,,,
17/07/2019,882.5,888.25,900.5,,,
18/07/2019,881.25,887,899,,,
19/07/2019,901.5,907.25,919.25,,,
22/07/2019,888.25,894,905.75,,,
23/07/2019,885.75,891.5,903.75,,,
24/07/2019,891,896.25,908.25,,,
25/07/2019,882.5,887.75,899.75,,,
26/07/2019,883.25,888.75,901,,,
29/07/2019,885.75,891.5,904.25,,,
30/07/2019,878.75,884.25,896.75,,,
31/07/2019,864,869,881.5,,,
1/08/2019,847,852.75,865.25,,,
2/08/2019,850.25,855.75,868.5,,,
5/08/2019,850.25,856,868.75,,,
6/08/2019,847.75,853,865.75,,,
7/08/2019,848.75,854,866.75,,,
8/08/2019,865,870.25,883,,,
9/08/2019,873.75,879,891.75,,,
12/08/2019,861.5,866.75,879.25,,,
13/08/2019,872,876.25,889,,,
14/08/2019,861,865.5,878,,,
15/08/2019,858,870.75,884.25,,,
16/08/2019,867.25,879.75,893.5,,,
19/08/2019,854,866.5,880.5,,,
20/08/2019,855.75,868.25,882,,,
21/08/2019,860.5,873,886.75,,,
22/08/2019,856,868.75,882.5,,,
23/08/2019,843.25,856.5,871.25,,,
26/08/2019,853.75,867.25,880.5,,,
27/08/2019,846.25,859.25,873,,,
28/08/2019,852.75,865.75,879,,,
29/08/2019,856.25,868.5,881.5,,,
30/08/2019,857,869,882,,,
3/09/2019,856.5,868.5,882.25,,,
4/09/2019,862.5,875.5,889.25,,,
5/09/2019,849.75,861.5,875.5,,,
6/09/2019,845,857.75,872,,,
9/09/2019,845,857.75,872,,,
10/09/2019,859.25,872,885.75,,,
11/09/2019,854,866.5,880.5,,,
12/09/2019,883,895.5,909,,,
13/09/2019,884.75,898.75,912.25,,,
16/09/2019,900,913.75,925.75,,,
17/09/2019,893.75,907.25,919.5,,,
18/09/2019,888.75,902.25,915.25,,,
19/09/2019,893,906,918.25,,,
20/09/2019,882.75,896.5,908.75,,,
23/09/2019,892.5,906,917,,,
24/09/2019,894.25,907.75,919,,,
25/09/2019,889.25,903.25,915,,,
26/09/2019,888.5,902.75,915,,,
27/09/2019,883,897.5,910,,,
30/09/2019,906,919.5,930,,,
1/10/2019,919.5,932.5,941.5,,,
2/10/2019,913.75,927.75,938.5,,,
3/10/2019,911.75,926,936.5,,,
4/10/2019,916.25,930.25,940.75,,,
7/10/2019,915.25,929.5,940.5,,,
8/10/2019,920.5,935.25,947,,,
9/10/2019,923.75,938,949.75,,,
10/10/2019,923.5,937.5,949.5,,,
11/10/2019,936,950.5,961,,,
14/10/2019,940.5,955,965,,,
15/10/2019,934,948.5,959.25,,,
16/10/2019,928,942.25,954.5,,,
17/10/2019,931.5,945.25,957,,,
18/10/2019,934,947.5,959.25,,,
21/10/2019,933.25,946.75,959,,,
22/10/2019,934,948.25,959.75,,,
23/10/2019,933.75,948.25,959.5,,,
24/10/2019,933.25,947,958.5,,,
25/10/2019,920.25,934.5,946.75,,,
28/10/2019,920.75,935.5,947.75,,,
29/10/2019,918.25,933.5,946.25,,,
30/10/2019,916,930.5,943.5,,,
31/10/2019,916.75,932.25,945.25,,,
1/11/2019,924.25,936.75,949.25,,,
4/11/2019,925.75,938,951.25,,,
5/11/2019,921.75,934.25,947.25,,,
6/11/2019,915,927.5,940.75,,,
7/11/2019,925,936.5,948.75,,,
8/11/2019,919.5,931,944,,,
11/11/2019,905,917,930.5,,,
12/11/2019,905.75,917,930.25,,,
13/11/2019,902.5,915.25,928.5,,,
14/11/2019,900.25,916.75,929.5,,,
15/11/2019,918.25,930.75,942.25,,,
18/11/2019,910.25,923,935,,,
19/11/2019,911.5,924.5,936.75,,,
20/11/2019,905,919,932,,,
21/11/2019,901,915.25,928.5,,,
22/11/2019,897,911.25,925,,,
25/11/2019,892.5,907,921,,,
26/11/2019,884.25,898.75,913.25,,,
27/11/2019,882,896.5,910.75,,,
29/11/2019,876.75,891.25,905.75,,,
2/12/2019,870.5,885.25,900.25,,,
3/12/2019,871,885.5,900.75,,,
4/12/2019,878,892.5,907,,,
5/12/2019,884.25,898.75,913.5,,,
6/12/2019,889.5,903.75,918.25,,,
9/12/2019,897.25,911.75,925.5,,,
10/12/2019,901.25,915.5,929,,,
11/12/2019,893.5,908,921.75,,,
12/12/2019,898.25,912.5,926,,,
13/12/2019,907.5,921.5,935.25,,,
16/12/2019,922,936,950,,,
17/12/2019,928.75,940.75,954.25,,,
18/12/2019,928.5,940.5,954,,,
19/12/2019,924.5,936.25,950,,,
20/12/2019,928.25,938.25,951.25,,,
23/12/2019,934,942.25,955.5,,,
24/12/2019,936.5,944.75,957.75,,,
26/12/2019,937.75,946.5,959.5,,,
27/12/2019,929.5,941.5,955.25,,,
30/12/2019,939.5,952.5,966,,,
31/12/2019,943,955.5,968.75,,,
2/01/2020,944.25,956.25,969.5,,,
3/01/2020,930.5,941.5,955.25,,,
6/01/2020,932.75,944.75,958.25,,,
7/01/2020,935,944,957.25,,,
8/01/2020,938.25,947.25,960.25,,,
9/01/2020,933.75,943.5,956.5,,,
10/01/2020,935,946,959,,,
13/01/2020,929.25,942.25,955.5,,,
14/01/2020,928.5,942.25,955.5,,,
15/01/2020,928.75,942,954.25,,,
16/01/2020,924,937.25,950,,,
17/01/2020,929.75,943,955.5,,,
21/01/2020,916,929.75,943.5,,,
22/01/2020,913.75,927.5,941.25,,,
23/01/2020,909.5,923.25,937,,,
24/01/2020,902,915.75,929.5,,,
27/01/2020,897.25,911,924.5,,,
28/01/2020,895,909,922.25,,,
29/01/2020,893,907,920.75,,,
30/01/2020,876.25,890.5,904.25,,,
31/01/2020,872.5,886.75,900.5,,,
3/02/2020,877,890.75,904.5,,,
4/02/2020,879.5,893,906.25,,,
5/02/2020,880,893.5,907.25,,,
6/02/2020,881,894.75,907.75,,,
7/02/2020,882,895,908,,,
10/02/2020,884.25,897.25,910.25,,,
11/02/2020,884.75,897.25,910.25,,,
12/02/2020,892.5,903.5,914.75,,,
13/02/2020,896.25,906,918,,,
14/02/2020,893.75,903.25,915.5,,,
18/02/2020,892.25,902.25,914,,,
19/02/2020,897.25,905.5,915.5,,,
20/02/2020,892.75,901,911,,,
21/02/2020,890.5,899,909.75,,,
24/02/2020,874.25,882.5,894,,,
25/02/2020,879,888.25,899.75,,,
26/02/2020,881,892,902.75,,,
27/02/2020,886.25,895,904.75,,,
28/02/2020,883.5,892.75,901.5,,,
2/03/2020,890.5,901,910.75,,,
3/03/2020,893,903.5,913.5,,,
4/03/2020,898.75,907.25,915.25,,,
5/03/2020,889,897,905,,,
6/03/2020,883.25,891.25,900,,,
9/03/2020,863.5,870,879,,,
10/03/2020,873,876.25,884.25,,,
11/03/2020,867.75,873.25,880.5,,,
12/03/2020,855,859.5,865.75,,,
13/03/2020,846.75,848.75,856,,,
16/03/2020,821.75,830.5,835.25,,,
17/03/2020,824.25,831,834.75,,,
18/03/2020,825.5,832.75,836,,,
19/03/2020,843.25,848,849.25,,,
20/03/2020,862.5,864.75,865.25,,,
23/03/2020,884,885.5,884.75,,,
24/03/2020,886.75,887.5,886.5,,,
25/03/2020,881.5,884.75,885.5,,,
26/03/2020,880.25,884.75,885.75,,,
27/03/2020,881.5,885.25,885.75,,,
30/03/2020,882.25,886.5,886,,,
31/03/2020,886,889.5,888.75,,,
1/04/2020,862.75,867.25,868.75,,,
2/04/2020,858.75,864,865.5,,,
3/04/2020,854.25,859.5,862,,,
6/04/2020,855.5,861.25,864,,,
7/04/2020,854.75,861,864,,,
8/04/2020,854.5,861.75,864.5,,,
9/04/2020,863.5,871,873.5,,,
13/04/2020,854.25,862.25,865.25,,,
14/04/2020,847,855.5,858.5,,,
15/04/2020,842,851.75,854,,,
16/04/2020,836.75,845.75,848.25,,,
17/04/2020,832.5,842.25,844.5,,,
20/04/2020,826.5,836.25,838.5,,,
21/04/2020,830.75,840.75,842.5,,,
22/04/2020,834.75,842.5,843.25,,,
23/04/2020,839.25,846.75,847,,,
24/04/2020,832.25,839.5,840,,,
27/04/2020,829,836.5,838,,,
28/04/2020,826,832,834.5,,,
29/04/2020,831.75,837.5,838.5,,,
30/04/2020,850.25,855.25,855.75,,,
1/05/2020,847.25,849.5,850.75,,,
4/05/2020,834,836.5,838.5,,,
5/05/2020,838.25,839.5,840.75,,,
6/05/2020,830.5,832.5,834,,,
7/05/2020,841.5,844.25,845,,,
8/05/2020,848.75,850.5,852,,,
11/05/2020,852.25,855,855.75,,,
12/05/2020,849.25,852,853.5,,,
13/05/2020,836,839.5,841.25,,,
14/05/2020,835.25,837,839,,,
15/05/2020,838.5,840.75,841.25,,,
18/05/2020,845,847.75,848.5,,,
19/05/2020,842.5,845.25,845.75,,,
20/05/2020,846.75,849.25,849.75,,,
21/05/2020,835,838.5,840,,,
22/05/2020,833.25,836.5,838.5,,,
26/05/2020,847,848.75,849.75,,,
27/05/2020,848.5,850.25,850.5,,,
28/05/2020,847,849.25,850.5,,,
29/05/2020,840.75,843.5,845.5,,,
1/06/2020,840.5,843.25,845.25,,,
2/06/2020,850.5,852.75,854.25,,,
3/06/2020,857.5,859,860.5,,,
4/06/2020,867.75,868.75,870.25,,,
5/06/2020,867.75,870,871.75,,,
8/06/2020,864.75,867.5,870,,,
9/06/2020,863.25,866,868.25,,,
10/06/2020,865.5,867.75,869.25,,,
11/06/2020,866,868,869.5,,,
12/06/2020,871.25,872.5,873.25,,,
15/06/2020,869,870,869.5,,,
16/06/2020,867,868,867.5,,,
17/06/2020,871.25,871.75,871,,,
18/06/2020,873,872.5,871,,,
19/06/2020,876.5,876,875.25,,,
22/06/2020,876.25,875,873.75,,,
23/06/2020,875,872,869.5,,,
24/06/2020,870.75,867.5,865.5,,,
25/06/2020,869.25,866.5,863.75,,,
26/06/2020,865,860,857.25,,,
29/06/2020,866.5,861.5,858.25,,,
30/06/2020,884.25,878.75,877,,,
1/07/2020,893.75,891.5,891.25,,,
2/07/2020,892.5,891.25,890,,,
6/07/2020,898.5,898.5,899,,,
7/07/2020,895.25,896.75,896.5,,,
8/07/2020,894.75,892.5,890.75,,,
9/07/2020,898.25,896.5,895.25,,,
10/07/2020,891.5,887.25,885.5,,,
13/07/2020,876.5,874,871.5,,,
14/07/2020,882.25,878,874.25,,,
15/07/2020,886.25,880.75,882.75,,,
16/07/2020,893.5,888.25,891,,,
17/07/2020,898,892.25,895,,,
20/07/2020,903,896.75,900,,,
21/07/2020,896.5,891,893,,,
22/07/2020,899.25,894,895.5,,,
23/07/2020,906.25,900.75,900,,,
24/07/2020,904.75,898.75,899.25,,,
27/07/2020,906.5,898.75,899.75,,,
28/07/2020,896.75,887.75,887.5,,,
29/07/2020,891.5,884.5,885.25,,,
30/07/2020,891.75,886.75,888.25,,,
31/07/2020,897.5,890.25,892.5,,,
3/08/2020,897.5,893,896.25,,,
4/08/2020,883.75,879.75,881.75,,,
5/08/2020,882,876.25,878.75,,,
6/08/2020,880.75,874.75,878,,,
7/08/2020,870.25,865.75,867.5,,,
10/08/2020,876.5,870,873.25,,,
11/08/2020,878,870.5,873.5,,,
12/08/2020,890.5,880.5,883,,,
13/08/2020,907.25,896.25,899.5,,,
14/08/2020,903.5,897,898.75,,,
17/08/2020,912.5,915.25,921,,,
18/08/2020,912,913.75,919.75,,,
19/08/2020,912.5,914,920,,,
20/08/2020,903,905.25,911.75,,,
21/08/2020,900.75,904.75,911.25,,,
24/08/2020,899.75,905.75,913,,,
25/08/2020,913.75,920.25,927.25,,,
26/08/2020,919.5,924.25,930.25,,,
27/08/2020,937.25,942,947.5,,,
28/08/2020,950.5,950.5,956.25,,,
31/08/2020,951.25,953.5,959.75,,,
1/09/2020,955,954.75,961,,,
2/09/2020,962.5,962,968.25,,,
3/09/2020,968.75,966,972.25,,,
4/09/2020,969.5,968,973.5,,,
8/09/2020,973,973,978.25,,,
9/09/2020,979.75,978.75,983.25,,,
10/09/2020,985,977.5,981.5,,,
11/09/2020,1005.5,996,999.25,,,
14/09/2020,1019.25,999.5,1003.25,,,
15/09/2020,991.5,995.75,996,,,
16/09/2020,1011.25,1015.25,1014.25,,,
17/09/2020,1028.5,1031.25,1023.75,,,
18/09/2020,1043.5,1047.25,1038,,,
21/09/2020,1022.5,1027.5,1021,,,
22/09/2020,1019.75,1024.5,1019,,,
23/09/2020,1014.5,1018.75,1013.5,,,
24/09/2020,1000,1003.25,997.25,,,
25/09/2020,1002.5,1006.25,1001.25,,,
28/09/2020,996.25,1000.25,996.25,,,
29/09/2020,993,997,993.75,,,
30/09/2020,1023.5,1027.25,1021,,,
1/10/2020,1023.5,1027.25,1021,,,
2/10/2020,1020.75,1024.75,1018.75,,,
5/10/2020,1021.5,1025,1018.25,,,
6/10/2020,1044,1045.5,1035.25,,,
7/10/2020,1051,1051.5,1032.5,,,
8/10/2020,1050,1048,1023,,,
9/10/2020,1065.5,1065.75,1048.25,,,
12/10/2020,1033.75,1036.75,1025.75,,,
13/10/2020,1044,1047,1037.25,,,
14/10/2020,1056.25,1057.25,1042.5,,,
15/10/2020,1062.25,1062,1045.5,,,
16/10/2020,1050,1050.25,1037.75,,,
19/10/2020,1054.25,1054,1042.25,,,
20/10/2020,1064,1063.75,1053,,,
21/10/2020,1072,1071.5,1058.75,,,
22/10/2020,1073.75,1072.25,1058.75,,,
23/10/2020,1083.75,1081,1067.5,,,
26/10/2020,1087.75,1083.5,1069,,,
27/10/2020,1082.25,1076.5,1060.75,,,
28/10/2020,1057.25,1054.75,1041.75,,,
29/10/2020,1051.75,1050.5,1040.25,,,
30/10/2020,1056.5,1056.25,1048,,,
2/11/2020,1050.75,1052.25,1045.25,,,
3/11/2020,1059,1064.25,1057.75,,,
4/11/2020,1079,1086.25,1079.75,,,
5/11/2020,1101.75,1103.75,1098,,,
6/11/2020,1098.5,1101.5,1099.25,,,
9/11/2020,1105,1110.5,1108.75,,,
10/11/2020,1138.25,1146,1144,,,
11/11/2020,1143.25,1152.5,1151.5,,,
12/11/2020,1137,1145.5,1144.75,,,
13/11/2020,1141.5,1148,1148,,,
16/11/2020,1153.5,1154.5,1153,,,
17/11/2020,1169.75,1168.5,1164.75,,,
18/11/2020,1175.75,1174.75,1172,,,
19/11/2020,1177.5,1175.5,1173,,,
20/11/2020,1181,1181.25,1179.5,,,
23/11/2020,1191.5,1192.5,1191,,,
24/11/2020,1191.25,1193.25,1192,,,
25/11/2020,1184,1185.75,1184,,,
27/11/2020,1191.75,1192.75,1191,,,
30/11/2020,1168.5,1169.5,1167.75,,,
1/12/2020,1162,1163,1161,,,
2/12/2020,1153,1154.75,1152,,,
3/12/2020,1168.25,1170.25,1168.25,,,
4/12/2020,1163,1165,1163.75,,,
7/12/2020,1158.5,1162.5,1163.25,,,
8/12/2020,1145.75,1151.5,1153,,,
9/12/2020,1158.5,1163.5,1164.5,,,
10/12/2020,1152.75,1158.75,1159.75,,,
11/12/2020,1160.5,1166,1167.25,,,
14/12/2020,1169.5,1174.5,1176.5,,,
15/12/2020,1184.25,1188.75,1190.25,,,
16/12/2020,1183.75,1188,1189.75,,,
17/12/2020,1201.25,1205.5,1206,,,
18/12/2020,1220,1224,1223.75,,,
21/12/2020,1243.25,1247.5,1246.75,,,
22/12/2020,1247.25,1250,1249.5,,,
23/12/2020,1258.75,1260,1258.75,,,
24/12/2020,1263.5,1264.5,1262.75,,,
28/12/2020,1255.25,1257.25,1255.25,,,
29/12/2020,1295.5,1296,1294.5,,,
30/12/2020,1303.75,1300.5,1297.75,,,
31/12/2020,1315.25,1311,1306.75,,,
4/01/2021,1316.5,1313,1311.25,,,
5/01/2021,1350,1347,1346.25,,,
6/01/2021,1365.25,1361.5,1360.25,,,
7/01/2021,1360.5,1355.25,1353.75,,,
8/01/2021,1375.75,1374.75,1371.25,,,
11/01/2021,1374.5,1372.5,1370,,,
12/01/2021,1422,1418.25,1413.75,,,
13/01/2021,1411,1406.25,1403.75,,,
14/01/2021,1436.5,1430.5,1427.75,,,
15/01/2021,1416.75,1414.75,1401,,,
19/01/2021,1385.75,1383.25,1369.25,,,
20/01/2021,1369.5,1367.25,1351.75,,,
21/01/2021,1370.25,1368.75,1354.5,,,
22/01/2021,1311.75,1311.75,1298.5,,,
25/01/2021,1343.5,1342.75,1328.5,,,
26/01/2021,1370.25,1369.5,1352.5,,,
27/01/2021,1374.75,1373.25,1354.5,,,
28/01/2021,1353.25,1351.5,1333,,,
29/01/2021,1370,1367,1348.75,,,
1/02/2021,1365.25,1362.5,1345,,,
2/02/2021,1354.75,1350.75,1333.75,,,
3/02/2021,1371.25,1367.5,1348.5,,,
4/02/2021,1372.5,1369.25,1349.5,,,
5/02/2021,1366.75,1365.75,1347.75,,,
8/02/2021,1387.75,1386,1368,,,
9/02/2021,1401.75,1398.75,1379.25,,,
10/02/2021,1354,1352.5,1335.75,,,
11/02/2021,1367.5,1366.75,1351.25,,,
12/02/2021,1372,1371.25,1356.75,,,
16/02/2021,1384.75,1385.75,1372.5,,,
17/02/2021,1383.75,1384.75,1373.25,,,
18/02/2021,1375,1376.5,1364.75,,,
19/02/2021,1377.25,1380,1367.75,,,
22/02/2021,1383.75,1387.5,1377,,,
23/02/2021,1406,1408.5,1394.5,,,
24/02/2021,1423.75,1425.75,1412,,,
25/02/2021,1406,1407.5,1397.25,,,
26/02/2021,1405.25,1404.25,1391.5,,,
1/03/2021,1392.5,1391.25,1381,,,
2/03/2021,1414,1412.5,1398.75,,,
3/03/2021,1410.75,1407.5,1391.5,,,
4/03/2021,1415.25,1410.5,1395,,,
5/03/2021,1434.25,1430,1413.75,,,
8/03/2021,1437.75,1433.75,1418.25,,,
9/03/2021,1441.25,1440,1426,,,
10/03/2021,1411.5,1409.75,1396,,,
11/03/2021,1415.5,1413.5,1401.5,,,
12/03/2021,1415.75,1413.25,1402.5,,,
15/03/2021,1419.5,1410.25,1367.5,,,
16/03/2021,1423.25,1413.75,1371.25,,,
17/03/2021,1417.75,1406,1362.5,,,
18/03/2021,1392.25,1380.5,1335.75,,,
19/03/2021,1416.25,1403,1356,,,
22/03/2021,1417.5,1404,1355.25,,,
23/03/2021,1423.25,1411.25,1364,,,
24/03/2021,1432.75,1421,1374.25,,,
25/03/2021,1414.25,1404.5,1358.5,,,
26/03/2021,1400.5,1391.25,1345.75,,,
29/03/2021,1393,1385.25,1340.5,,,
30/03/2021,1366.75,1357.75,1315.25,,,
31/03/2021,1436.75,1427.75,1385.25,,,
1/04/2021,1402,1396.75,1365.75,,,
2/04/2021,1402,1396.75,1365.75,,,
5/04/2021,1412.75,1405.5,1372.25,,,
6/04/2021,1418.75,1411.25,1375.25,,,
7/04/2021,1408.75,1403,1370.5,,,
8/04/2021,1415.25,1409.75,1373.75,,,
9/04/2021,1403,1398.25,1362,,,
12/04/2021,1382,1379,1345.5,,,
13/04/2021,1389.5,1384.75,1349.25,,,
14/04/2021,1410,1402.25,1363.25,,,
15/04/2021,1418.25,1411,1372.5,,,
16/04/2021,1433.25,1422.5,1381,,,
19/04/2021,1449.75,1436.5,1393.75,,,
20/04/2021,1472,1457.75,1413,,,
21/04/2021,1497.25,1479.5,1431.75,,,
22/04/2021,1533.25,1514.25,1465.5,,,
23/04/2021,1539.75,1516,1467.5,,,
26/04/2021,1569,1539.25,1489,,,
27/04/2021,1549.75,1519.5,1469.5,,,
28/04/2021,1557.75,1513.75,1455.75,,,
29/04/2021,1542.5,1502.25,1443.25,,,
30/04/2021,1571,1534.25,1471.25,,,
3/05/2021,1560.25,1524,1467,,,
4/05/2021,1577,1538.25,1482,,,
5/05/2021,1582,1542.25,1491.5,,,
6/05/2021,1605.5,1569.5,1515.75,,,
7/05/2021,1621,1589.75,1537.5,,,
10/05/2021,1620,1587.5,1528.75,,,
11/05/2021,1637.5,1614.75,1553.5,,,
12/05/2021,1660.5,1642.5,1572.5,,,
13/05/2021,1612.25,1584,1522.25,,,
14/05/2021,1603.75,1586.25,1527.5,,,
17/05/2021,1587.5,1525.5,1439.75,,,
18/05/2021,1574.25,1521.25,1438.5,,,
19/05/2021,1538.25,1485.5,1407,,,
20/05/2021,1533.25,1480.25,1404.25,,,
21/05/2021,1526.25,1472.25,1396.75,,,
24/05/2021,1522.75,1471,1395.5,,,
25/05/2021,1511.75,1460.5,1382.25,,,
26/05/2021,1503.5,1453,1380,,,
27/05/2021,1537,1487.25,1411.5,,,
28/05/2021,1530.5,1482,1407,,,
1/06/2021,1548.5,1500.75,1429.25,,,
2/06/2021,1562.5,1516.25,1447.25,,,
3/06/2021,1549.25,1504.25,1436.25,,,
4/06/2021,1583.75,1537.5,1469.25,,,
7/06/2021,1560.25,1522.25,1465.25,,,
8/06/2021,1580,1539.5,1482,,,
9/06/2021,1562.5,1523,1468.5,,,
10/06/2021,1544,1510,1468.25,,,
11/06/2021,1508.5,1482.5,1447.5,,,
14/06/2021,1472.25,1441.25,1404.75,,,
15/06/2021,1465.75,1426,1384.75,,,
16/06/2021,1448.5,1402,1357.5,,,
17/06/2021,1329.75,1295,1258.5,,,
18/06/2021,1396,1355,1317.25,,,
21/06/2021,1415,1370.25,1325.75,,,
22/06/2021,1394.5,1352,1309.75,,,
23/06/2021,1385,1346,1308,,,
24/06/2021,1371.25,1334,1298.75,,,
25/06/2021,1329.75,1302.75,1274.25,,,
28/06/2021,1357,1336.75,1315.75,,,
29/06/2021,1359.75,1339.75,1317.5,,,
30/06/2021,1450,1430,1408,,,
1/07/2021,1446.75,1429.75,1406,,,
2/07/2021,1451.75,1433.25,1408,,,
6/07/2021,1363.75,1344.25,1312.75,,,
7/07/2021,1386.5,1366.75,1332.75,,,
8/07/2021,1390.25,1365.25,1326,,,
9/07/2021,1404,1379.25,1338.75,,,
12/07/2021,1432.5,1404.25,1358,,,
13/07/2021,1438,1414.75,1360,,,
14/07/2021,1467.75,1453,1394.25,,,
15/07/2021,1447.5,1394.25,1380,,,
16/07/2021,1454.75,1406,1391.75,,,
19/07/2021,1428,1382.75,1372.75,,,
20/07/2021,1443.5,1399,1388.5,,,
21/07/2021,1439.25,1397.75,1389.75,,,
22/07/2021,1416.25,1369,1362.25,,,
23/07/2021,1401,1355.75,1351.75,,,
26/07/2021,1412.75,1362.5,1357.75,,,
27/07/2021,1418.25,1367,1359.5,,,
28/07/2021,1432,1370.25,1361,,,
29/07/2021,1434.25,1385.25,1377.75,,,
30/07/2021,1414.75,1355.5,1349.25,,,
2/08/2021,1418.75,1356.25,1353.5,,,
3/08/2021,1392.25,1323.75,1319.75,,,
4/08/2021,1403.5,1332,1325.75,,,
5/08/2021,1402.5,1335.75,1328.5,,,
6/08/2021,1422.25,1344.25,1336.75,,,
9/08/2021,1433.75,1341.5,1329.75,,,
10/08/2021,1447.5,1348.25,1336.75,,,
11/08/2021,1405.5,1347,1340,,,
12/08/2021,1401.5,1347,1341,,,
13/08/2021,1424.25,1373,1365,,,
16/08/2021,1376,1368.25,1372.25,,,
17/08/2021,1369,1361.5,1365.5,,,
18/08/2021,1358.25,1353.25,1357.25,,,
19/08/2021,1323,1320,1324.5,,,
20/08/2021,1293.75,1290.75,1295.75,,,
23/08/2021,1294,1292.75,1298.25,,,
24/08/2021,1337,1331.75,1336.75,,,
25/08/2021,1346,1332.75,1337.25,,,
26/08/2021,1367.5,1326.25,1330.25,,,
27/08/2021,1359.25,1323.25,1327.25,,,
30/08/2021,1304.75,1303.25,1309.75,,,
31/08/2021,1298.75,1292.5,1300.25,,,
1/09/2021,1277.75,1277.75,1287,,,
2/09/2021,1279.25,1283.25,1291.5,,,
3/09/2021,1283,1292,1301.25,,,
7/09/2021,1268.75,1277,1286.75,,,
8/09/2021,1270.75,1279.5,1288.75,,,
9/09/2021,1258.75,1270.5,1278.75,,,
10/09/2021,1275.25,1286.5,1294.75,,,
13/09/2021,1272.5,1284.75,1293.5,,,
14/09/2021,1276.5,1282.5,1291.75,,,
15/09/2021,1294.5,1303.5,1307.75,,,
16/09/2021,1296,1304.75,1308.75,,,
17/09/2021,1284,1293,1297.25,,,
20/09/2021,1262.5,1271.75,1276.25,,,
21/09/2021,1274,1282.75,1287.25,,,
22/09/2021,1282.75,1291.75,1295.25,,,
23/09/2021,1284.25,1294,1297.5,,,
24/09/2021,1285,1294.75,1297.75,,,
27/09/2021,1287.5,1297.5,1302.75,,,
28/09/2021,1277,1287,1292.5,,,
29/09/2021,1283.75,1293.5,1298.5,,,
30/09/2021,1256,1265.5,1272,,,
1/10/2021,1246.5,1256.5,1264.5,,,
4/10/2021,1235.75,1246.25,1255.25,,,
5/10/2021,1250.5,1261,1269.5,,,
6/10/2021,1242,1252.5,1261.25,,,
7/10/2021,1247.25,1258.25,1267.25,,,
8/10/2021,1243,1254.25,1263.75,,,
11/10/2021,1228.25,1239.75,1250,,,
12/10/2021,1198.25,1210,1220.5,,,
13/10/2021,1195.25,1206,1216,,,
14/10/2021,1206.25,1215.5,1224.25,,,
15/10/2021,1217.75,1226.25,1235.25,,,
18/10/2021,1221.5,1229,1237.25,,,
19/10/2021,1228,1237,1245.75,,,
20/10/2021,1245.5,1255,1264.25,,,
21/10/2021,1224,1233.5,1243.5,,,
22/10/2021,1220.5,1230.75,1239.75,,,
25/10/2021,1237.25,1247,1256.25,,,
26/10/2021,1238,1247.5,1256.75,,,
27/10/2021,1239.25,1249.75,1259,,,
28/10/2021,1233.75,1246,1256,,,
29/10/2021,1235.75,1249.5,1259,,,
1/11/2021,1236.75,1248.5,1258.25,,,
2/11/2021,1244,1256.25,1267,,,
3/11/2021,1231.5,1244.25,1255.25,,,
4/11/2021,1209.25,1222.75,1234.25,,,
5/11/2021,1192.25,1205.5,1217.5,,,
8/11/2021,1178,1188.5,1200.75,,,
9/11/2021,1199.5,1212,1223.75,,,
10/11/2021,1203.5,1216.75,1229,,,
11/11/2021,1212.25,1221.5,1233.25,,,
12/11/2021,1234,1244.25,1256.25,,,
15/11/2021,1257.25,1268.75,1277.5,,,
16/11/2021,1251.25,1263.25,1272.25,,,
17/11/2021,1277,1288.25,1296.5,,,
18/11/2021,1265.25,1276.5,1285.75,,,
19/11/2021,1263.25,1275,1284.5,,,
22/11/2021,1274.25,1286.25,1295.5,,,
23/11/2021,1273,1284.5,1293.75,,,
24/11/2021,1266.5,1277.25,1286.5,,,
26/11/2021,1252.75,1263,1272.5,,,
29/11/2021,1241.5,1252,1261.25,,,
30/11/2021,1217.25,1226.5,1235.25,,,
1/12/2021,1228.25,1235,1243,,,
2/12/2021,1244.25,1250,1257,,,
3/12/2021,1267.25,1271.25,1278,,,
6/12/2021,1261.5,1266.5,1273.75,,,
7/12/2021,1250.25,1258.25,1265.5,,,
8/12/2021,1261,1268.75,1276,,,
9/12/2021,1264.5,1272.25,1278.75,,,
10/12/2021,1267.75,1274.25,1281.75,,,
13/12/2021,1244,1250.75,1259.25,,,
14/12/2021,1259.5,1264.5,1272.75,,,
15/12/2021,1262.5,1265.25,1273,,,
16/12/2021,1277.25,1278.25,1284,,,
17/12/2021,1285.25,1288.5,1293.5,,,
20/12/2021,1292.25,1294.75,1299.75,,,
21/12/2021,1308,1312.75,1319,,,
22/12/2021,1328.75,1335,1341,,,
23/12/2021,1332,1340.75,1348.25,,,
27/12/2021,1362.5,1371.5,1378.75,,,
28/12/2021,1359.25,1368,1375.5,,,
29/12/2021,1356.5,1368.75,1377.75,,,
30/12/2021,1327.75,1338.5,1348.25,,,
31/12/2021,1328.75,1339.25,1349,,,
3/01/2022,1344,1355.5,1365,,,
4/01/2022,1378.75,1389.75,1397.75,,,
5/01/2022,1384.25,1394.75,1403,,,
6/01/2022,1377.25,1387.25,1396,,,
7/01/2022,1401.5,1410.25,1418.75,,,
10/01/2022,1374.75,1384.75,1393.75,,,
11/01/2022,1376.75,1386.5,1395.5,,,
12/01/2022,1391.25,1399.25,1408.25,,,
13/01/2022,1365.25,1377.25,1387.25,,,
14/01/2022,1356.75,1369.75,1379.5,,,
18/01/2022,1361.25,1371,1377,,,
19/01/2022,1391.25,1400.75,1406.5,,,
20/01/2022,1425.75,1434.5,1438.75,,,
21/01/2022,1414.25,1423,1427.25,,,
24/01/2022,1403,1411,1414,,,
25/01/2022,1407.25,1416,1420.25,,,
26/01/2022,1440,1447,1450.5,,,
27/01/2022,1448.25,1454,1453.5,,,
28/01/2022,1470,1475.25,1473.5,,,
31/01/2022,1490.5,1495.25,1492.5,,,
1/02/2022,1528.5,1534.25,1528,,,
2/02/2022,1545.25,1549.5,1542.75,,,
3/02/2022,1544.25,1547,1542,,,
4/02/2022,1553.5,1557.5,1553.5,,,
7/02/2022,1581.75,1586.25,1580,,,
8/02/2022,1569,1572.5,1568.5,,,
9/02/2022,1594.75,1595.5,1590.25,,,
10/02/2022,1574.25,1576.5,1571.25,,,
11/02/2022,1583,1586.25,1581,,,
14/02/2022,1570,1574,1572,,,
15/02/2022,1551.25,1555.75,1555.25,,,
16/02/2022,1587.5,1591.25,1589,,,
17/02/2022,1592,1596,1593.5,,,
18/02/2022,1601.5,1603.5,1601,,,
22/02/2022,1635,1635,1630.25,,,
23/02/2022,1675,1671,1660,,,
24/02/2022,1661.5,1654,1636.75,,,
25/02/2022,1590.25,1584.5,1573.25,,,
28/02/2022,1644.25,1636.75,1616.5,,,
1/03/2022,1705.5,1690,1662.75,,,
2/03/2022,1677.5,1663,1634,,,
3/03/2022,1680.25,1667.75,1632.75,,,
4/03/2022,1676.25,1660.5,1633,,,
7/03/2022,1674.25,1659.5,1634,,,
8/03/2022,1704.5,1689.75,1655.75,,,
9/03/2022,1686.5,1671.75,1643.25,,,
10/03/2022,1700,1686.25,1659.5,,,
11/03/2022,1690.75,1676,1651.25,,,
14/03/2022,1687.25,1670.5,1646.75,,,
15/03/2022,1658.75,1635.75,1594.25,,,
16/03/2022,1649.25,1626,1586.25,,,
17/03/2022,1668.5,1647.25,1604.25,,,
18/03/2022,1668,1645.75,1602.25,,,
21/03/2022,1691,1672.25,1627,,,
22/03/2022,1696.5,1678.75,1633.75,,,
23/03/2022,1718.75,1698.5,1652,,,
24/03/2022,1700.75,1682.25,1635.75,,,
25/03/2022,1710.25,1688.5,1639.25,,,
28/03/2022,1664.25,1646.75,1600.75,,,
29/03/2022,1643,1623.75,1578,,,
30/03/2022,1664,1642.5,1596.75,,,
31/03/2022,1618.25,1598,1555.25,,,
1/04/2022,1582.75,1566.75,1531.75,,,
4/04/2022,1602.25,1589,1554.5,,,
5/04/2022,1631,1614,1575,,,
6/04/2022,1619.5,1603.5,1563,,,
7/04/2022,1645.5,1627,1584.75,,,
8/04/2022,1689,1668,1620,,,
11/04/2022,1655.25,1640.75,1599.25,,,
12/04/2022,1670.25,1660.5,1620.5,,,
13/04/2022,1676,1665,1625,,,
14/04/2022,1682.25,1665.25,1624.5,,,
18/04/2022,1714.75,1693.25,1647.75,,,
19/04/2022,1716.5,1691.75,1644.75,,,
20/04/2022,1746.75,1717,1661.75,,,
21/04/2022,1748.25,1719.5,1664.5,,,
22/04/2022,1716,1688,1633.25,,,
25/04/2022,1703.5,1675.25,1621.75,,,
26/04/2022,1705.25,1671.75,1619.25,,,
27/04/2022,1726.5,1692.75,1640,,,
28/04/2022,1706.5,1684.75,1633.25,,,
29/04/2022,1708.25,1684.75,1635.75,,,
2/05/2022,1674,1645.25,1600,,,
3/05/2022,1659,1630.5,1584.75,,,
4/05/2022,1669.75,1640.5,1592.25,,,
5/05/2022,1678.5,1647,1596.75,,,
6/05/2022,1655.5,1622,1571,,,
9/05/2022,1621,1585.25,1537.5,,,
10/05/2022,1630,1592.25,1547.75,,,
11/05/2022,1650.25,1606.75,1562.25,,,
12/05/2022,1660.25,1613.75,1569.25,,,
13/05/2022,1723.25,1646.5,1595.5,,,
16/05/2022,1656.5,1607.25,1546.5,,,
17/05/2022,1678,1624.25,1561.75,,,
18/05/2022,1662.75,1607,1539,,,
19/05/2022,1690.5,1630.5,1558.75,,,
20/05/2022,1705.25,1641.75,1567,,,
23/05/2022,1687,1628.75,1558.5,,,
24/05/2022,1693,1632.25,1559.25,,,
25/05/2022,1681,1620.5,1549.25,,,
26/05/2022,1726.5,1659.5,1584.5,,,
27/05/2022,1732.25,1663,1584.5,,,
31/05/2022,1683.25,1620.25,1544.75,,,
1/06/2022,1690.25,1625,1550.25,,,
2/06/2022,1729.25,1658.75,1580.5,,,
3/06/2022,1697.75,1633.75,1559.75,,,
6/06/2022,1699.25,1635.75,1563.5,,,
7/06/2022,1728.25,1653.75,1576,,,
8/06/2022,1740,1662.75,1588.5,,,
9/06/2022,1769,1679.75,1600.25,,,
10/06/2022,1745.5,1662,1584.25,,,
13/06/2022,1707.5,1627.75,1553.25,,,
14/06/2022,1698.5,1616.5,1547.25,,,
15/06/2022,1693.75,1613.75,1546,,,
16/06/2022,1709.5,1630.75,1563,,,
17/06/2022,1702,1622.25,1554.25,,,
21/06/2022,1681,1598.5,1526.25,,,
22/06/2022,1652.75,1564,1493.25,,,
23/06/2022,1593.25,1507.25,1437,,,
24/06/2022,1610.75,1520.75,1445.75,,,
27/06/2022,1630.5,1529.5,1452,,,
28/06/2022,1663.75,1556.5,1480.5,,,
29/06/2022,1674.25,1571.5,1495,,,
30/06/2022,1675,1560.5,1475.5,,,
1/07/2022,1626,1509.75,1416.75,,,
5/07/2022,1575.25,1439.25,1337,,,
6/07/2022,1580.25,1446.5,1341,,,
7/07/2022,1591.25,1485.25,1383,,,
8/07/2022,1630.25,1513.25,1414.25,,,
11/07/2022,1641,1522,1423.5,,,
12/07/2022,1592.75,1468.25,1362.5,,,
13/07/2022,1588.25,1484.75,1370.25,,,
14/07/2022,1610,1471.75,1359.75,,,
15/07/2022,1466,1359.5,1342.25,,,
18/07/2022,1497.25,1396.75,1380.25,,,
19/07/2022,1477.25,1375.5,1358.25,,,
20/07/2022,1449,1350.5,1332.25,,,
21/07/2022,1418.5,1317,1301.5,,,
22/07/2022,1434.5,1327.5,1315.75,,,
25/07/2022,1473,1356,1346,,,
26/07/2022,1532.75,1399.75,1383.75,,,
27/07/2022,1578.75,1424.5,1410,,,
28/07/2022,1609.25,1457,1440.5,,,
29/07/2022,1637,1487.25,1468.5,,,
1/08/2022,1594.25,1432,1406,,,
2/08/2022,1569.25,1415.75,1386.5,,,
3/08/2022,1558,1403.75,1369.75,,,
4/08/2022,1615,1461.25,1417.75,,,
5/08/2022,1614.75,1463.25,1408.75,,,
8/08/2022,1619.5,1464,1400,,,
9/08/2022,1693.25,1512.25,1428.75,,,
10/08/2022,1688.75,1509,1427.75,,,
11/08/2022,1709.5,1520.25,1448.5,,,
12/08/2022,1669.25,1535,1454.25,,,
15/08/2022,1494,1412.25,1419,,,
16/08/2022,1454.25,1381,1388,,,
17/08/2022,1475.25,1390,1396.5,,,
18/08/2022,1495.5,1405.25,1411.5,,,
19/08/2022,1488.75,1404,1410.75,,,
22/08/2022,1527,1435.25,1442,,,
23/08/2022,1566.75,1461,1466.75,,,
24/08/2022,1560.75,1457,1461.75,,,
25/08/2022,1552.5,1431.25,1436.25,,,
26/08/2022,1605.25,1461.25,1465.5,,,
29/08/2022,1534.75,1437.75,1443,,,
30/08/2022,1513,1432.5,1437.5,,,
31/08/2022,1507.5,1422.5,1427.75,,,
1/09/2022,1472.75,1394.75,1399.75,,,
2/09/2022,1510.5,1420.5,1425.25,,,
6/09/2022,1490,1398.75,1403.75,,,
7/09/2022,1466.75,1383.5,1388.75,,,
8/09/2022,1470.5,1386,1391.25,,,
9/09/2022,1489.25,1412.25,1417.5,,,
12/09/2022,1549.75,1488.25,1492.25,,,
13/09/2022,1534.25,1478.75,1484,,,
14/09/2022,1503.75,1455,1461,,,
15/09/2022,1451.5,1458,1458.25,,,
16/09/2022,1448.5,1455.25,1456,,,
19/09/2022,1461.25,1467.5,1469.25,,,
20/09/2022,1478.75,1484.5,1485.5,,,
21/09/2022,1461.25,1467,1468.5,,,
22/09/2022,1457,1463.25,1465,,,
23/09/2022,1425.75,1431.75,1434.5,,,
26/09/2022,1411.25,1416.25,1418.75,,,
27/09/2022,1408,1414,1417,,,
28/09/2022,1408.75,1416.25,1420.75,,,
29/09/2022,1410.75,1420.5,1424.75,,,
30/09/2022,1364.75,1375.5,1383.25,,,
3/10/2022,1374,1384,1391.75,,,
4/10/2022,1383.5,1393.5,1401.5,,,
5/10/2022,1369.75,1380.5,1389,,,
6/10/2022,1358,1370.5,1381,,,
7/10/2022,1367,1379.25,1389,,,
10/10/2022,1374,1385.75,1395.25,,,
11/10/2022,1376.25,1388,1397,,,
12/10/2022,1396,1405,1412.25,,,
13/10/2022,1395.75,1405.5,1413.75,,,
14/10/2022,1383.75,1392.75,1401,,,
17/10/2022,1385.25,1392.75,1400,,,
18/10/2022,1372,1382,1390,,,
19/10/2022,1372.5,1382.75,1391.75,,,
20/10/2022,1391.5,1400,1407.75,,,
21/10/2022,1395.5,1404.5,1411.75,,,
24/10/2022,1372,1381.25,1389.25,,,
25/10/2022,1382,1392.25,1401,,,
26/10/2022,1381.75,1393,1401.75,,,
27/10/2022,1382.25,1393.5,1402,,,
28/10/2022,1387.75,1400.25,1409,,,
31/10/2022,1407,1419.5,1427.5,,,
1/11/2022,1435.75,1447.75,1454.25,,,
2/11/2022,1440,1454,1461.5,,,
3/11/2022,1426.75,1437,1444,,,
4/11/2022,1451.5,1462.25,1469,,,
7/11/2022,1440,1450.25,1458,,,
8/11/2022,1444,1446.5,1453.25,,,
9/11/2022,1459.75,1452,1457.25,,,
10/11/2022,1430.5,1423,1428,,,
11/11/2022,1455.5,1450,1453.75,,,
14/11/2022,1441.75,1440.5,1444.75,,,
15/11/2022,1457.25,1461.75,1467,,,
16/11/2022,1429.25,1434.75,1440.75,,,
17/11/2022,1417,1422.25,1428.5,,,
18/11/2022,1428.25,1433.25,1439.75,,,
21/11/2022,1436.75,1441.75,1448,,,
22/11/2022,1429.75,1436.5,1443.5,,,
23/11/2022,1436,1442,1448.75,,,
25/11/2022,1436.25,1442.25,1449.75,,,
28/11/2022,1457.25,1462.75,1470,,,
29/11/2022,1459.5,1466,1474,,,
30/11/2022,1469.5,1475.5,1482.75,,,
1/12/2022,1429.75,1436.75,1444.5,,,
2/12/2022,1438.5,1446.5,1454,,,
5/12/2022,1437.75,1445,1453,,,
6/12/2022,1455,1461.5,1469,,,
7/12/2022,1472,1477.25,1484.25,,,
8/12/2022,1486.25,1490.25,1495.75,,,
9/12/2022,1483.75,1488.25,1493.5,,,
12/12/2022,1460.5,1465.5,1470.75,,,
13/12/2022,1479.75,1484.5,1488.75,,,
14/12/2022,1482.25,1485,1488.25,,,
15/12/2022,1473.5,1476.75,1479.75,,,
16/12/2022,1480,1483.75,1487,,,
19/12/2022,1460.75,1463.5,1467.25,,,
20/12/2022,1478.5,1479.75,1483,,,
21/12/2022,1481,1484.5,1487.5,,,
22/12/2022,1467.75,1472,1475.75,,,
23/12/2022,1479,1484.5,1490,,,
27/12/2022,1482.25,1489,1495.75,,,
28/12/2022,1506.5,1514.25,1521.25,,,
29/12/2022,1508.75,1516.25,1523.25,,,
30/12/2022,1519.25,1524,1530,,,
3/01/2023,1487.25,1492.25,1499,,,
4/01/2023,1478.25,1483.5,1490,,,
5/01/2023,1466.75,1470.75,1477.5,,,
6/01/2023,1501.5,1492.5,1498.5,,,
9/01/2023,1503.5,1488.5,1493.5,,,
10/01/2023,1510,1485,1489.25,,,
11/01/2023,1515,1493,1496.5,,,
12/01/2023,1529.5,1518.5,1519.25,,,
13/01/2023,1538.25,1527.75,1527.25,,,
17/01/2023,1539.75,1537.5,1533.5,,,
18/01/2023,1524.5,1521.5,1515,,,
19/01/2023,1514.75,1511.5,1503.75,,,
20/01/2023,1506.5,1501.75,1493,,,
23/01/2023,1490.25,1487.25,1480,,,
24/01/2023,1488.5,1486.5,1479.75,,,
25/01/2023,1502.5,1496.5,1488.25,,,
26/01/2023,1523.5,1514.75,1504.5,,,
27/01/2023,1509.5,1504.5,1496,,,
30/01/2023,1535.25,1529.5,1519.5,,,
31/01/2023,1538,1530.25,1518.75,,,
1/02/2023,1520.25,1516.5,1508,,,
2/02/2023,1534.25,1527.75,1518.5,,,
3/02/2023,1532,1525.5,1516.5,,,
6/02/2023,1521.25,1514.5,1507,,,
7/02/2023,1515.25,1510.25,1504.25,,,
8/02/2023,1519.75,1513.75,1506,,,
9/02/2023,1519.25,1511.75,1502.75,,,
10/02/2023,1542.5,1533.5,1522.5,,,
13/02/2023,1542.75,1536,1525.5,,,
14/02/2023,1537.5,1530,1519.25,,,
15/02/2023,1525.75,1519.5,1510.5,,,
16/02/2023,1526.5,1521.25,1513,,,
17/02/2023,1527.25,1522.25,1514.5,,,
21/02/2023,1548.75,1544,1536.75,,,
22/02/2023,1539.5,1534.75,1527.5,,,
23/02/2023,1534.25,1527.25,1519.5,,,
24/02/2023,1529,1519.25,1508.5,,,
27/02/2023,1518.25,1512.75,1501.5,,,
28/02/2023,1490.5,1479,1469.5,,,
1/03/2023,1504.25,1494.25,1484.5,,,
2/03/2023,1519.75,1509.25,1498,,,
3/03/2023,1530.5,1518.75,1506,,,
6/03/2023,1541,1529,1516.75,,,
7/03/2023,1525.25,1515.5,1504.75,,,
8/03/2023,1526.75,1517.75,1506.25,,,
9/03/2023,1520,1510.75,1498.75,,,
10/03/2023,1513,1507,1494.75,,,
13/03/2023,1500,1491.25,1479,,,
14/03/2023,1499.75,1493.75,1481.75,,,
15/03/2023,1489.25,1474.5,1430,,,
16/03/2023,1491.5,1476,1432,,,
17/03/2023,1476.5,1461.25,1418.75,,,
20/03/2023,1486,1466.75,1420.25,,,
21/03/2023,1467,1448.5,1403.5,,,
22/03/2023,1448.5,1425,1378,,,
23/03/2023,1419.5,1398.5,1353.5,,,
24/03/2023,1428.25,1406.25,1361,,,
27/03/2023,1442.25,1420.75,1376.75,,,
28/03/2023,1467.75,1444.5,1398,,,
29/03/2023,1477.25,1450.75,1402.5,,,
30/03/2023,1474.5,1447,1400.75,,,
31/03/2023,1505.5,1475.5,1421.75,,,
3/04/2023,1522,1495,1440.5,,,
4/04/2023,1517.5,1482.75,1428.5,,,
5/04/2023,1511,1477.75,1424.25,,,
6/04/2023,1492.5,1462.5,1412.5,,,
7/04/2023,1492.5,1462.5,1412.5,,,
10/04/2023,1487.25,1461.75,1412.5,,,
11/04/2023,1497.25,1471.25,1421.25,,,
12/04/2023,1504.25,1472.25,1420.5,,,
13/04/2023,1501,1473.25,1423.75,,,
14/04/2023,1500.5,1467.25,1415.5,,,
17/04/2023,1517,1485.5,1430.5,,,
18/04/2023,1519.25,1491,1436,,,
19/04/2023,1506.5,1478.75,1423.25,,,
20/04/2023,1497.5,1468.5,1412.25,,,
21/04/2023,1483.5,1449,1391,,,
24/04/2023,1465.25,1436,1378.5,,,
25/04/2023,1445.25,1417.5,1362.75,,,
26/04/2023,1436,1414.75,1363.25,,,
27/04/2023,1426.75,1403.75,1351,,,
28/04/2023,1444.25,1419.25,1362,,,
1/05/2023,1454.75,1427.5,1370.5,,,
2/05/2023,1439.5,1410.75,1358.25,,,
3/05/2023,1448,1417.5,1361.75,,,
4/05/2023,1448.5,1417.75,1358.5,,,
5/05/2023,1469,1436.5,1373.5,,,
8/05/2023,1468.75,1433.75,1365.5,,,
9/05/2023,1451.75,1414.25,1347.5,,,
10/05/2023,1436.5,1404,1336.75,,,
11/05/2023,1443.25,1405.5,1337.25,,,
12/05/2023,1435,1390,1318.25,,,
15/05/2023,1400.75,1328.25,1252.75,,,
16/05/2023,1364,1298.25,1225.5,,,
17/05/2023,1337,1274.75,1206,,,
18/05/2023,1333.25,1269.5,1203.75,,,
19/05/2023,1307.25,1248,1186.25,,,
22/05/2023,1341.25,1275.5,1209.75,,,
23/05/2023,1322.5,1258.75,1198.25,,,
24/05/2023,1324.5,1258.75,1195.5,,,
25/05/2023,1324,1249.75,1183.75,,,
26/05/2023,1337.25,1261,1198.5,,,
30/05/2023,1296.5,1219.5,1159.75,,,
31/05/2023,1299.75,1217.75,1152.5,,,
1/06/2023,1329.5,1244,1177.25,,,
2/06/2023,1352.5,1262.5,1192.5,,,
5/06/2023,1350,1261,1188.75,,,
6/06/2023,1353.25,1265.75,1193.25,,,
7/06/2023,1360.75,1267.25,1189.75,,,
8/06/2023,1363.25,1279.25,1202.25,,,
9/06/2023,1386.5,1296,1218,,,
12/06/2023,1372.75,1292.5,1221.25,,,
13/06/2023,1399.25,1321.75,1251.5,,,
14/06/2023,1388.25,1318.5,1251.5,,,
15/06/2023,1428.25,1368.5,1309,,,
16/06/2023,1466.5,1407.5,1358,,,
20/06/2023,1477.25,1408.25,1353.25,,,
21/06/2023,1514.75,1445,1388,,,
22/06/2023,1500.5,1418.25,1347.75,,,
23/06/2023,1494.5,1404,1321.5,,,
26/06/2023,1521,1424.5,1336.75,,,
27/06/2023,1495,1395.5,1308.5,,,
28/06/2023,1451,1361,1278.25,,,
29/06/2023,1483,1367.75,1279.75,,,
30/06/2023,1557.25,1442,1355.5,,,
3/07/2023,1562,1467.75,1377.5,,,
5/07/2023,1547.25,1468.75,1378.25,,,
6/07/2023,1525.75,1448.25,1358.25,,,
7/07/2023,1485.5,1427.75,1338.75,,,
10/07/2023,1508,1455.5,1365.75,,,
11/07/2023,1520.5,1471.5,1385.25,,,
12/07/2023,1488.5,1444.25,1355.75,,,
13/07/2023,1518,1484.75,1399,,,
14/07/2023,1495.75,1480.25,1399.75,,,
17/07/2023,1484,1407.25,1378,,,
18/07/2023,1492,1418.75,1395.25,,,
19/07/2023,1491.5,1432,1408.75,,,
20/07/2023,1495,1426.25,1404.75,,,
21/07/2023,1501,1429,1401.75,,,
24/07/2023,1523.25,1453.25,1424.5,,,
25/07/2023,1515.5,1450.5,1420,,,
26/07/2023,1546.25,1468.5,1420,,,
27/07/2023,1532,1453.5,1398,,,
28/07/2023,1486.75,1433,1382.5,,,
31/07/2023,1445.75,1370.5,1331.75,,,
1/08/2023,1446.75,1386.75,1341.25,,,
2/08/2023,1429.75,1376.5,1321.25,,,
3/08/2023,1428.75,1382,1325.25,,,
4/08/2023,1444,1387,1333.25,,,
7/08/2023,1414.5,1348.25,1302,,,
8/08/2023,1430,1353.5,1306,,,
9/08/2023,1431.5,1355.25,1308.5,,,
10/08/2023,1412,1352,1318.25,,,
11/08/2023,1401.25,1337.25,1307.5,,,
14/08/2023,1391,1353,1326,,,
15/08/2023,1323.25,1305.25,1315.5,,,
16/08/2023,1334.75,1323.5,1333.75,,,
17/08/2023,1336.75,1330,1340.75,,,
18/08/2023,1362.75,1353.25,1363.75,,,
21/08/2023,1370,1361.75,1371.5,,,
22/08/2023,1351.5,1346,1356,,,
23/08/2023,1359.5,1360.5,1371,,,
24/08/2023,1365.75,1371.75,1383.5,,,
25/08/2023,1381,1387.75,1399.25,,,
28/08/2023,1395.25,1405.75,1416.5,,,
29/08/2023,1382,1392.5,1405,,,
30/08/2023,1381.25,1386.75,1399.75,,,
31/08/2023,1360,1368.75,1382,,,
1/09/2023,1356.25,1369.25,1382.75,,,
5/09/2023,1349,1365,1379,,,
6/09/2023,1360.25,1376.25,1389.25,,,
7/09/2023,1345,1359.5,1373.75,,,
8/09/2023,1349.5,1363,1378,,,
11/09/2023,1352.5,1369,1384,,,
12/09/2023,1331.75,1346.5,1362.25,,,
13/09/2023,1336,1349.75,1366.25,,,
14/09/2023,1343.75,1360.5,1375.75,,,
15/09/2023,1340.25,1355.75,1365.5,,,
18/09/2023,1316.75,1332.75,1343.5,,,
19/09/2023,1315.5,1331.75,1342.25,,,
20/09/2023,1320,1336.25,1346.75,,,
21/09/2023,1293.75,1310.75,1322.25,,,
22/09/2023,1296.25,1313.5,1324.75,,,
25/09/2023,1297.75,1315.5,1327,,,
26/09/2023,1302.75,1321,1332.75,,,
27/09/2023,1303.25,1323,1335.75,,,
28/09/2023,1300.5,1319.25,1331.5,,,
29/09/2023,1275,1294.5,1310.25,,,
2/10/2023,1277,1296.75,1313.25,,,
3/10/2023,1272.75,1292,1307.5,,,
4/10/2023,1273,1292.25,1307.25,,,
5/10/2023,1280.75,1298.5,1312.75,,,
6/10/2023,1266,1284.5,1299.25,,,
9/10/2023,1264.25,1282.5,1295.75,,,
10/10/2023,1271.5,1289.25,1300.5,,,
11/10/2023,1252.5,1272.25,1285,,,
12/10/2023,1290,1308.75,1319.5,,,
13/10/2023,1280.25,1300,1312.75,,,
16/10/2023,1286.25,1305.75,1318.75,,,
17/10/2023,1296.75,1316.25,1329.25,,,
18/10/2023,1311,1329.25,1340,,,
19/10/2023,1315.5,1331.75,1340,,,
20/10/2023,1302.25,1320.25,1331,,,
23/10/2023,1286.75,1305.5,1318.25,,,
24/10/2023,1295.25,1314.5,1326,,,
25/10/2023,1288.25,1308.5,1321.75,,,
26/10/2023,1279.5,1300.25,1313.75,,,
27/10/2023,1297.25,1319.5,1333.25,,,
30/10/2023,1282.75,1307.25,1322.25,,,
31/10/2023,1287,1310.5,1324.75,,,
1/11/2023,1291.25,1315,1328.75,,,
2/11/2023,1304,1328.25,1342,,,
3/11/2023,1327.5,1351.75,1366.5,,,
6/11/2023,1340.5,1364,1378.5,,,
7/11/2023,1348.75,1362,1374,,,
8/11/2023,1349,1365.75,1377,,,
9/11/2023,1327.75,1343.5,1357.5,,,
10/11/2023,1333.5,1347.5,1360.75,,,
13/11/2023,1368,1382.5,1395,,,
14/11/2023,1368.75,1389.75,1402.5,,,
15/11/2023,1385,1399.5,1410.75,,,
16/11/2023,1360.25,1375,1386.5,,,
17/11/2023,1340.25,1356.5,1369,,,
20/11/2023,1367.25,1383.25,1395,,,
21/11/2023,1377.25,1393,1404.75,,,
22/11/2023,1356.5,1374.25,1387.25,,,
24/11/2023,1330.75,1348.75,1362,,,
27/11/2023,1329.75,1348.25,1361.75,,,
28/11/2023,1346.5,1364.75,1378.25,,,
29/11/2023,1347,1365.5,1378.75,,,
30/11/2023,1342.75,1362.25,1375.25,,,
1/12/2023,1325,1345.5,1360.5,,,
4/12/2023,1306.25,1326.5,1342,,,
5/12/2023,1305.5,1326.5,1342.5,,,
6/12/2023,1295.5,1315.5,1330,,,
7/12/2023,1311.75,1330.25,1344.25,,,
8/12/2023,1304,1323,1337.25,,,
11/12/2023,1336,1353.25,1365,,,
12/12/2023,1323.75,1342.75,1356,,,
13/12/2023,1307.5,1326.25,1340.25,,,
14/12/2023,1314,1332,1345.25,,,
15/12/2023,1315.75,1331.5,1343,,,
18/12/2023,1327,1340,1350.75,,,
19/12/2023,1312.5,1322.5,1333,,,
20/12/2023,1308.25,1315.75,1326.75,,,
21/12/2023,1297.25,1301.75,1313.25,,,
22/12/2023,1299.75,1306.25,1316.75,,,
26/12/2023,1313.25,1319,1328,,,
27/12/2023,1316.75,1320.5,1329.5,,,
28/12/2023,1305.25,1312,1321.5,,,
29/12/2023,1293.5,1298,1307.25,,,
2/01/2024,1274,1273.5,1281,,,
3/01/2024,1269.5,1277,1285,,,
4/01/2024,1262,1267.5,1276.5,,,
5/01/2024,1249.75,1256.25,1264.25,,,
8/01/2024,1239.5,1245.5,1254.75,,,
9/01/2024,1241.5,1248.5,1258.75,,,
10/01/2024,1228.75,1236.5,1247.5,,,
11/01/2024,1231.25,1236.5,1248,,,
12/01/2024,1205.75,1224.25,1235.75,,,
16/01/2024,1227.25,1238.5,1246.75,,,
17/01/2024,1205.75,1218.25,1228.25,,,
18/01/2024,1213.5,1224.25,1233,,,
19/01/2024,1213.25,1223,1232,,,
22/01/2024,1224.25,1233,1241.25,,,
23/01/2024,1239.5,1247,1254.25,,,
24/01/2024,1240.25,1246.5,1252.75,,,
25/01/2024,1223,1230.25,1237.5,,,
26/01/2024,1209.25,1216.25,1224,,,
29/01/2024,1194.25,1205,1215.25,,,
30/01/2024,1218.75,1227.75,1236.25,,,
31/01/2024,1222.25,1232.75,1241.75,,,
1/02/2024,1203.25,1213.75,1223.75,,,
2/02/2024,1188.5,1198.25,1208.25,,,
5/02/2024,1196.25,1204.75,1214.25,,,
6/02/2024,1199.5,1208.25,1217.75,,,
7/02/2024,1189,1197.5,1207,,,
8/02/2024,1193.5,1199.75,1209.25,,,
9/02/2024,1183.5,1190,1199.75,,,
12/02/2024,1193,1197.75,1207.5,,,
13/02/2024,1186.25,1191.75,1201.5,,,
14/02/2024,1170.5,1176.25,1186.25,,,
15/02/2024,1162.25,1166,1175.25,,,
16/02/2024,1172.25,1176.25,1184.75,,,
20/02/2024,1179,1183.5,1192,,,
21/02/2024,1160.75,1165,1174,,,
22/02/2024,1147.75,1152.5,1160.75,,,
23/02/2024,1133,1141.75,1151.25,,,
26/02/2024,1136,1145.25,1155.25,,,
27/02/2024,1131.25,1140.75,1151.5,,,
28/02/2024,1134,1145.25,1155.75,,,
29/02/2024,1128.25,1140.75,1151.25,,,
1/03/2024,1143,1151.25,1161.25,,,
4/03/2024,1147,1155,1165.25,,,
5/03/2024,1140.75,1149,1159,,,
6/03/2024,1140.25,1148.25,1158.75,,,
7/03/2024,1157,1166.25,1176,,,
8/03/2024,1170.5,1184,1195.5,,,
11/03/2024,1165,1179.25,1191.75,,,
12/03/2024,1182,1196,1208.5,,,
13/03/2024,1181.75,1196.75,1210.25,,,
14/03/2024,1180.75,1195.25,1209.75,,,
15/03/2024,1198.25,1212.5,1209.5,,,
18/03/2024,1187.75,1202.25,1199,,,
19/03/2024,1185.5,1200.25,1198,,,
20/03/2024,1209.5,1223.25,1219.5,,,
21/03/2024,1212,1225.75,1223,,,
22/03/2024,1192.5,1205.5,1202.75,,,
25/03/2024,1209.25,1221.75,1218.25,,,
26/03/2024,1199,1212.5,1209.75,,,
27/03/2024,1192.5,1206.5,1205,,,
28/03/2024,1191.5,1205.25,1203.75,,,
1/04/2024,1185.75,1199.5,1198.5,,,
2/04/2024,1174,1187.75,1187.5,,,
3/04/2024,1182.25,1195.25,1194,,,
4/04/2024,1180,1192.25,1191.25,,,
5/04/2024,1185,1196.75,1194.75,,,
8/04/2024,1181.5,1194.25,1192.75,,,
9/04/2024,1174.5,1187.75,1186.25,,,
10/04/2024,1164.75,1178,1177,,,
11/04/2024,1159.25,1172.5,1171.5,,,
12/04/2024,1174,1186.75,1184.5,,,
15/04/2024,1158.25,1172,1171.5,,,
16/04/2024,1145,1160,1160.75,,,
17/04/2024,1149.5,1164.25,1165.75,,,
18/04/2024,1134.25,1149,1151.25,,,
19/04/2024,1150.5,1165.75,1166.75,,,
22/04/2024,1161,1176.5,1178.5,,,
23/04/2024,1167.5,1182,1183.75,,,
24/04/2024,1166,1181.5,1184,,,
25/04/2024,1162.75,1179.75,1183,,,
26/04/2024,1159.5,1177.25,1180.75,,,
29/04/2024,1160.75,1182,1185.25,,,
30/04/2024,1145.5,1163,1165.5,,,
1/05/2024,1155.75,1170.25,1171.75,,,
2/05/2024,1190,1199,1199.5,,,
3/05/2024,1201.75,1215,1215.5,,,
6/05/2024,1234.75,1248.75,1246,,,
7/05/2024,1232.25,1246.5,1245.5,,,
8/05/2024,1212.75,1227.75,1227.5,,,
9/05/2024,1192.75,1208.5,1210.25,,,
10/05/2024,1205,1219,1220.5,,,
13/05/2024,1205.5,1219.5,1223.5,,,
14/05/2024,1199,1214.5,1218.25,,,
15/05/2024,1213.5,1216.25,1202.75,,,
16/05/2024,1216.25,1216.75,1200.75,,,
17/05/2024,1228,1225.25,1205.25,,,
20/05/2024,1248,1243,1220.5,,,
21/05/2024,1236.25,1234,1215,,,
22/05/2024,1246.25,1243.25,1222.5,,,
23/05/2024,1239.25,1237.75,1219,,,
24/05/2024,1248,1245,1224.75,,,
28/05/2024,1229.5,1229,1212.5,,,
29/05/2024,1214,1213.75,1197,,,
30/05/2024,1209.75,1208,1189.25,,,
31/05/2024,1205,1203.5,1184.5,,,
3/06/2024,1184.5,1182.5,1162,,,
4/06/2024,1179,1177.5,1154.5,,,
5/06/2024,1177.25,1174.25,1150.25,,,
6/06/2024,1200,1193.5,1167.5,,,
7/06/2024,1179.25,1176.75,1155.5,,,
10/06/2024,1188.25,1182.75,1158.25,,,
11/06/2024,1178,1171.75,1148.25,,,
12/06/2024,1177.25,1166.75,1143,,,
13/06/2024,1189.5,1178.25,1157.5,,,
14/06/2024,1179.75,1168.25,1146.5,,,
17/06/2024,1157.75,1146,1125.25,,,
18/06/2024,1174,1156,1129.75,,,
20/06/2024,1155.25,1139.75,1113.25,,,
21/06/2024,1160.5,1147,1119.5,,,
24/06/2024,1175.25,1160.5,1130.5,,,
25/06/2024,1163.25,1145.5,1111.75,,,
26/06/2024,1162.75,1142.25,1107.25,,,
27/06/2024,1152.25,1136.25,1103,,,
28/06/2024,1150.5,1133.5,1100,,,
1/07/2024,1159.5,1146,1107.5,,,
2/07/2024,1165,1150.25,1110.75,,,
3/07/2024,1176.5,1157.75,1117.5,,,
5/07/2024,1188.5,1166.25,1126,,,
8/07/2024,1174.25,1149,1096.75,,,
9/07/2024,1161.5,1131.25,1077.5,,,
10/07/2024,1141.25,1113.25,1063.75,,,
11/07/2024,1142.75,1117,1063.75,,,
12/07/2024,1134.5,1105,1058.5,,,
15/07/2024,1078,1033.75,1040,,,
16/07/2024,1090.5,1037.75,1043.25,,,
17/07/2024,1097.25,1038.25,1041,,,
18/07/2024,1098.5,1040.75,1043,,,
19/07/2024,1097.25,1036.75,1036,,,
22/07/2024,1117.75,1064.75,1068.75,,,
23/07/2024,1117.5,1071.75,1075.5,,,
24/07/2024,1111,1060.25,1064,,,
25/07/2024,1116,1074.5,1079.5,,,
26/07/2024,1077.5,1042,1048.5,,,
29/07/2024,1054.75,1030,1039.5,,,
30/07/2024,1027.25,1011,1021.25,,,
31/07/2024,1028.5,1014.5,1022.5,,,
1/08/2024,1022,1009,1016.5,,,
2/08/2024,1029.25,1018,1027.25,,,
5/08/2024,1044.25,1031.5,1040.75,,,
6/08/2024,1028.5,1014,1026.75,,,
7/08/2024,1020.25,1005.25,1018.75,,,
8/08/2024,1009.75,993.5,1008.25,,,
9/08/2024,1028,988.75,1002.5,,,
12/08/2024,1012,971.25,986,,,
13/08/2024,989,947.25,962.5,,,
14/08/2024,979.75,952.25,968.5,,,
15/08/2024,951.5,968.5,987,,,
16/08/2024,938.75,957,976,,,
19/08/2024,956.25,976,994.5,,,
20/08/2024,957.25,976,994.25,,,
21/08/2024,963,981.5,999.75,,,
22/08/2024,941.25,961.5,979.5,,,
23/08/2024,952,973,990.75,,,
26/08/2024,959.75,980.75,998.25,,,
27/08/2024,967.5,986.5,1003.5,,,
28/08/2024,958.5,977,994.5,,,
29/08/2024,973.75,992.5,1008.75,,,
30/08/2024,982,1000,1017,,,
3/09/2024,997,1012,1029.5,,,
4/09/2024,1006,1021.5,1039.25,,,
5/09/2024,1008.25,1023.5,1041.5,,,
6/09/2024,989.25,1005,1022.5,,,
9/09/2024,1000,1018,1035.5,,,
10/09/2024,977.5,997.25,1015.25,,,
11/09/2024,979.75,1000.5,1019,,,
12/09/2024,991.5,1010.75,1029.5,,,
13/09/2024,986.75,1006.25,1024.75,,,
16/09/2024,1004.5,1023.5,1038,,,
17/09/2024,1006,1024.75,1039.25,,,
18/09/2024,1014,1032,1045.75,,,
19/09/2024,1013.25,1031.25,1045.25,,,
20/09/2024,1012,1029.5,1043.75,,,
23/09/2024,1039.25,1056.75,1069.75,,,
24/09/2024,1042.25,1060.5,1073.25,,,
25/09/2024,1053.25,1071.75,1084.75,,,
26/09/2024,1041,1059.25,1073,,,
27/09/2024,1065.75,1083,1095.25,,,
30/09/2024,1057,1075.25,1088.5,,,
1/10/2024,1057.25,1075.5,1089.5,,,
2/10/2024,1056,1074.25,1088.75,,,
3/10/2024,1046,1064.5,1079.75,,,
4/10/2024,1037.75,1056,1071.25,,,
7/10/2024,1034,1052.5,1067.75,,,
8/10/2024,1016.25,1034.5,1049.25,,,
9/10/2024,1020.25,1037,1051.5,,,
10/10/2024,1014.75,1031.5,1046.5,,,
11/10/2024,1005.5,1021,1035,,,
14/10/2024,996,1011.5,1025.25,,,
15/10/2024,991,1003.5,1016.75,,,
16/10/2024,980,994,1007.75,,,
17/10/2024,988.75,998,1009.75,,,
18/10/2024,970,982.75,996.25,,,
21/10/2024,981,989.75,1002,,,
22/10/2024,991.75,1000.5,1012.5,,,
23/10/2024,997.5,1005,1015.75,,,
24/10/2024,996.25,1005,1016,,,
25/10/2024,987.75,997.5,1009,,,
28/10/2024,974,986,998.25,,,
29/10/2024,965.25,979,993.5,,,
30/10/2024,976.5,991.25,1005.5,,,
31/10/2024,982.5,994.5,1009.5,,,
1/11/2024,982.5,993.75,1008.25,,,
4/11/2024,987.25,997.25,1011.75,,,
5/11/2024,993.75,1001.75,1014.75,,,
6/11/2024,994.5,1003.75,1014.75,,,
7/11/2024,1015.5,1026.25,1037.5,,,
8/11/2024,1016.75,1030.25,1043.5,,,
11/11/2024,1011.75,1022.25,1035.25,,,
12/11/2024,1003.5,1010.5,1022.5,,,
13/11/2024,1004.25,1007.75,1018.5,,,
14/11/2024,985.75,987.5,999.25,,,
15/11/2024,998.5,1008.75,1022,,,
18/11/2024,1009.75,1019,1031.25,,,
19/11/2024,998.5,1008.5,1021.5,,,
20/11/2024,990.5,999.25,1012.5,,,
21/11/2024,977.75,985.25,998.75,,,
22/11/2024,983.5,992.25,1005.75,,,
25/11/2024,985.75,994.25,1007.5,,,
26/11/2024,983.5,994,1008.5,,,
27/11/2024,988.75,997,1010.75,,,
29/11/2024,989.5,996,1008.5,,,
2/12/2024,985.25,991,1003.75,,,
3/12/2024,991.75,997.25,1008.75,,,
4/12/2024,983.75,989.75,1001.5,,,
5/12/2024,993.75,999,1010,,,
6/12/2024,993.75,999.25,1008.75,,,
9/12/2024,990,995.5,1005,,,
10/12/2024,994.75,1000.25,1009.25,,,
11/12/2024,995.5,1002.75,1013,,,
12/12/2024,995.75,1003.25,1013.5,,,
13/12/2024,988.25,995,1005.5,,,
16/12/2024,982,986,996,,,
17/12/2024,976.75,978.75,987.25,,,
18/12/2024,951.75,953.25,961.5,,,
19/12/2024,963,966.5,975,,,
20/12/2024,974.5,979.25,988,,,
23/12/2024,969.5,975.5,984,,,
24/12/2024,975.25,981.25,990,,,
26/12/2024,988,997.25,1007.5,,,
27/12/2024,980,989.75,1000.5,,,
30/12/2024,982,991.75,1003,,,
31/12/2024,998.25,1010.5,1022.25,,,
2/01/2025,999.5,1012,1025,,,
3/01/2025,981,991.75,1003.75,,,
6/01/2025,992.5,997.75,1008.75,,,
7/01/2025,992.25,997.25,1007.75,,,
8/01/2025,987.5,994.5,1006,,,
9/01/2025,992.25,999,1010.75,,,
10/01/2025,1013.5,1025.25,1038,,,
13/01/2025,1041.5,1053,1066.5,,,
14/01/2025,1043,1047.5,1061.25,,,
15/01/2025,1042.75,1055.25,1066,,,
16/01/2025,1019,1031.5,1042.75,,,
17/01/2025,1034,1044.75,1055.25,,,
21/01/2025,1067.25,1077.75,1087.25,,,
22/01/2025,1056,1068.25,1078.75,,,
23/01/2025,1065.5,1077.75,1088.5,,,
24/01/2025,1055.75,1068.25,1079.5,,,
27/01/2025,1045,1058.5,1070.25,,,
28/01/2025,1045,1059.5,1072.25,,,
29/01/2025,1060.5,1075.25,1088.75,,,
30/01/2025,1044,1059.75,1074.5,,,
31/01/2025,1042,1057.5,1072.25,,,
3/02/2025,1058.25,1072.75,1087,,,
4/02/2025,1075,1088,1100.75,,,
5/02/2025,1057,1072.25,1086.75,,,
6/02/2025,1060.5,1075.75,1090,,,
7/02/2025,1049.5,1065.5,1081,,,
10/02/2025,1049.5,1065.5,1080.5,,,
11/02/2025,1043.5,1060.25,1076,,,
12/02/2025,1027.75,1045.75,1062,,,
13/02/2025,1030,1047,1063,,,
14/02/2025,1036,1052.75,1068.25,,,
18/02/2025,1038.5,1055.5,1071.5,,,
19/02/2025,1031.75,1048.25,1064,,,
20/02/2025,1045.5,1063,1077.75,,,
21/02/2025,1039.5,1057.25,1073,,,
24/02/2025,1029,1047.5,1063.25,,,
25/02/2025,1031.25,1048.75,1063.5,,,
26/02/2025,1024.5,1041.25,1056.25,,,
27/02/2025,1022.75,1037.25,1052,,,
28/02/2025,1011.5,1025.75,1040,,,
3/03/2025,998.25,1011.5,1025.75,,,
4/03/2025,984,999,1013.75,,,
5/03/2025,997.75,1011.75,1025,,,
6/03/2025,1014,1027.25,1039.5,,,
7/03/2025,1010.25,1025,1038.75,,,
10/03/2025,999.75,1014,1028.25,,,
11/03/2025,997.75,1011.25,1025.5,,,
12/03/2025,987.5,1000.5,1015.5,,,
13/03/2025,996.75,1010.75,1025,,,
14/03/2025,999.25,1016,1030,,,
17/03/2025,1015.5,1029.25,1026.5,,,
18/03/2025,1012.75,1026.5,1023.5,,,
19/03/2025,1008.25,1021.5,1018,,,
20/03/2025,1013,1025.25,1020.25,,,
21/03/2025,1009.75,1021.5,1016.75,,,
24/03/2025,1007.25,1019.5,1015.25,,,
25/03/2025,1001.75,1015.5,1012.5,,,
26/03/2025,1001,1015,1012.5,,,
27/03/2025,1016.75,1030.5,1027,,,
28/03/2025,1023,1037.25,1034,,,
31/03/2025,1014.75,1028.25,1026,,,
1/04/2025,1034.25,1049.25,1047.75,,,
2/04/2025,1029.5,1045,1043.25,,,
3/04/2025,1011.5,1026.25,1024.5,,,
4/04/2025,977,993,991.25,,,
7/04/2025,983,997,992.5,,,
8/04/2025,992.75,1004,996.75,,,
9/04/2025,1012.75,1023.5,1016.5,,,
10/04/2025,1029,1036.75,1027.25,,,
11/04/2025,1042.75,1053,1045.5,,,
14/04/2025,1041.75,1050.25,1044,,,
15/04/2025,1036,1046.5,1042,,,
16/04/2025,1038.75,1050.25,1046.75,,,
17/04/2025,1036.5,1047.75,1044.75,,,
21/04/2025,1029.5,1041.5,1037.75,,,
22/04/2025,1035,1046,1040.5,,,
23/04/2025,1040.25,1050.25,1043.25,,,
24/04/2025,1053,1062,1054.25,,,
25/04/2025,1049.75,1059.25,1053,,,
28/04/2025,1052,1062.5,1054.5,,,
29/04/2025,1041,1052.75,1046.25,,,
30/04/2025,1034.75,1044.5,1038.25,,,
1/05/2025,1040.25,1050.25,1044.25,,,
2/05/2025,1048.75,1058,1051.25,,,
5/05/2025,1038,1045.5,1040.25,,,
6/05/2025,1034.75,1041.25,1035.75,,,
7/05/2025,1030.5,1039.25,1035.5,,,
8/05/2025,1036.75,1045,1040,,,
9/05/2025,1044,1051.75,1047.25,,,
12/05/2025,1066,1071.25,1068.25,,,
13/05/2025,1067.25,1072.5,1070.25,,,
14/05/2025,1067,1077.75,1074.5,,,
15/05/2025,1051.25,1047.25,1029.5,,,
16/05/2025,1050,1046.25,1029.5,,,
19/05/2025,1050.75,1047.75,1030.5,,,
20/05/2025,1053,1050.25,1034,,,
21/05/2025,1062.75,1059,1044.5,,,
22/05/2025,1067.5,1062.5,1046.75,,,
23/05/2025,1060.25,1056,1041.75,,,
27/05/2025,1062.5,1058,1042,,,
28/05/2025,1048.5,1045.25,1029.5,,,
29/05/2025,1051.75,1048.5,1030,,,
30/05/2025,1041.75,1036.75,1018,,,
2/06/2025,1033.5,1027.25,1007.75,,,
3/06/2025,1040.75,1034.25,1012.75,,,
4/06/2025,1045,1038.75,1017.25,,,
5/06/2025,1051.75,1046.5,1025.75,,,
6/06/2025,1057.25,1050.75,1028.25,,,
9/06/2025,1056,1047.75,1023,,,
10/06/2025,1057.75,1049.5,1023,,,
11/06/2025,1050.5,1045.5,1021.25,,,
12/06/2025,1042.25,1041,1020.25,,,
13/06/2025,1069.75,1069,1046.75,,,
16/06/2025,1069.75,1071.75,1053,,,
17/06/2025,1074,1076.25,1060.75,,,
18/06/2025,1074.75,1076.75,1061.25,,,
20/06/2025,1068,1071.5,1054,,,
23/06/2025,1058.75,1062,1040.25,,,
24/06/2025,1046.75,1050.25,1030.5,,,
25/06/2025,1025.25,1029.5,1011,,,
26/06/2025,1022.75,1027.75,1009.25,,,
27/06/2025,1027.75,1033.25,1017.25,,,
30/06/2025,1024.25,1029.75,1018.25,,,
1/07/2025,1024.75,1029.75,1018.5,,,
2/07/2025,1050.5,1053.5,1039.75,,,
3/07/2025,1056.25,1055.5,1041.25,,,
7/07/2025,1031.75,1031.5,1013.5,,,
8/07/2025,1024.25,1021.25,1008.5,,,
9/07/2025,1012.25,1009,997.5,,,
10/07/2025,1012.5,1012.5,1002.25,,,
11/07/2025,1004,1004.25,995,,,
14/07/2025,997,1001,993.25,,,
15/07/2025,995,987.25,1001.75,,,
16/07/2025,1013.5,1005.75,1020.5,,,
17/07/2025,1021.5,1012,1026.5,,,
18/07/2025,1027.75,1021,1035.75,,,
21/07/2025,1015,1010.5,1026,,,
22/07/2025,1010.25,1008,1025.5,,,
23/07/2025,1005.75,1005,1022.75,,,
24/07/2025,1004.25,1005.75,1024.25,,,
25/07/2025,998.75,1002,1021,,,
28/07/2025,988.75,992.5,1011.5,,,
29/07/2025,981.75,989.5,1009.5,,,
30/07/2025,967.75,975.75,995.75,,,
31/07/2025,961.75,969.5,989.25,,,
1/08/2025,961.75,969.5,989.25,,,
4/08/2025,969,975.25,994.5,,,
5/08/2025,969,971.5,990.75,,,
6/08/2025,961.5,965.5,984.5,,,
7/08/2025,971.75,974,993.75,,,
8/08/2025,966.75,967.75,987.5,,,
11/08/2025,989.5,991.75,1011.25,,,
12/08/2025,1011.75,1012.75,1032.75,,,
13/08/2025,1023.5,1024,1044.25,,,
14/08/2025,1008.5,1007.5,1028.5,,,
15/08/2025,1022.25,1042.5,1061.5,,,
18/08/2025,1020.75,1041.25,1060,,,
19/08/2025,1013,1033.75,1053.25,,,
20/08/2025,1015,1036,1055.25,,,
21/08/2025,1034.5,1056,1073.75,,,
22/08/2025,1036.5,1058.5,1077,,,
25/08/2025,1025.5,1047.75,1067.75,,,
26/08/2025,1028.75,1049.5,1069.25,,,
27/08/2025,1027.25,1047.5,1066.75,,,
28/08/2025,1028.25,1048,1066.75,,,
29/08/2025,1036.75,1054.5,1072.5,,,
2/09/2025,1025.75,1041,1059.5,,,
3/09/2025,1016,1031.5,1050,,,
4/09/2025,1012,1033,1051.5,,,
5/09/2025,1006.5,1027,1045.5,,,
8/09/2025,1013.5,1033.75,1052.75,,,
9/09/2025,1011.5,1031.25,1050.5,,,
10/09/2025,1005.5,1025.25,1044.75,,,
11/09/2025,1015.25,1033.5,1052.5,,,
12/09/2025,1025.75,1046.25,1065.25,,,
15/09/2025,1042.75,1061.75,1076.5,,,
16/09/2025,1049.75,1069.25,1084.25,,,
17/09/2025,1043.75,1063,1078,,,
18/09/2025,1037.5,1056.5,1071.5,,,
19/09/2025,1025.5,1044.75,1060.75,,,
22/09/2025,1011,1030.5,1047,,,
23/09/2025,1012,1031.75,1047.75,,,
24/09/2025,1009,1028.5,1044.75,,,
25/09/2025,1012.25,1031.25,1047.5,,,
26/09/2025,1013.75,1033,1049,,,
29/09/2025,1010.5,1029.75,1045.5,,,
30/09/2025,1001.75,1020.25,1035.75,,,
1/10/2025,1013,1031,1046.25,,,
2/10/2025,1023.75,1041.75,1056.25,,,
3/10/2025,1018,1037,1052.25,,,
6/10/2025,1017.75,1035.75,1051,,,
7/10/2025,1022,1039,1053,,,
8/10/2025,1029.5,1044.25,1057.25,,,
9/10/2025,1022.25,1038.5,1052.25,,,
10/10/2025,1006.75,1023.25,1037.5,,,
13/10/2025,1007.75,1025.25,1040,,,
14/10/2025,1006.5,1024.25,1039.5,,,
15/10/2025,1006.5,1024.25,1039.75,,,
16/10/2025,1010.75,1028.5,1043.75,,,
17/10/2025,1019.5,1036.75,1050.75,,,
20/10/2025,1031.75,1050,1064,,,
21/10/2025,1030.75,1048.5,1062.75,,,
22/10/2025,1034.75,1050,1063,,,
23/10/2025,1044.75,1062,1075.25,,,
24/10/2025,1041.75,1060.25,1073.5,,,
27/10/2025,1067.25,1085,1095.5,,,
28/10/2025,1078.25,1095.25,1106.75,,,
29/10/2025,1080.25,1094.5,1105.25,,,
30/10/2025,1091.25,1107.75,1115.75,,,
31/10/2025,1099.75,1115.25,1123.75,,,
3/11/2025,1119.75,1134.25,1140.25,,,
4/11/2025,1108.25,1121.5,1127.75,,,
5/11/2025,1119.75,1134.25,1142,,,
6/11/2025,1091.75,1107.5,1117.5,,,
7/11/2025,1101.75,1117,1125.75,,,
10/11/2025,1116,1130,1139.25,,,
11/11/2025,1113.25,1127.25,1138,,,
12/11/2025,1120.5,1133.75,1144,,,
13/11/2025,1132,1147,1156.75,,,
14/11/2025,1112.75,1124.5,1136,,,
17/11/2025,1157.25,1163.25,1170,,,
18/11/2025,1153.5,1160.25,1167.25,,,
19/11/2025,1136.25,1144.5,1152.5,,,
20/11/2025,1122.5,1132,1141.5,,,
21/11/2025,1125,1134.25,1143.25,,,
24/11/2025,1123.25,1132,1142,,,
25/11/2025,1124.75,1134.75,1145,,,
26/11/2025,1131.5,1140.75,1150.5,,,
28/11/2025,1137.75,1146,1155.25,,,
1/12/2025,1128,1138,1147.5,,,
2/12/2025,1124.75,1135,1144.75,,,
3/12/2025,1115.75,1125.5,1134.75,,,
4/12/2025,1119.5,1128.75,1137.25,,,
5/12/2025,1105.25,1116,1125.5,,,
8/12/2025,1093.75,1105.75,1116.75,,,
9/12/2025,1087.25,1098.25,1108.75,,,
10/12/2025,1091.25,1101,1110.5,,,
11/12/2025,1093.5,1102.75,1112.25,,,
12/12/2025,1076.75,1086.75,1097,,,
15/12/2025,1071.75,1081.25,1093,,,
16/12/2025,1062.75,1071.75,1083,,,
17/12/2025,1058.25,1068.75,1080,,,
18/12/2025,1052.25,1062,1073.25,,,
19/12/2025,1049.25,1059.5,1070.5,,,
22/12/2025,1053.25,1065,1075.5,,,
23/12/2025,1051.5,1063.75,1074.25,,,
24/12/2025,1063.25,1076.5,1087.5,,,
26/12/2025,1058.75,1072.5,1084.25,,,
29/12/2025,1049.5,1063.5,1075.25,,,
30/12/2025,1046.25,1062.25,1074.5,,,
31/12/2025,1030.5,1047.5,1061,,,
2/01/2026,1029.5,1045.75,1058.5,,,
5/01/2026,1047.25,1062,1074.25,,,
6/01/2026,1042,1056.25,1068,,,
7/01/2026,1052.75,1067,1078.75,,,
8/01/2026,1047,1061.25,1073.25,,,
9/01/2026,1048.5,1062.5,1074.5,,,
12/01/2026,1033,1049,1061.75,,,
13/01/2026,1023.25,1038.75,1052,,,
14/01/2026,1030.5,1042.5,1055,,,
15/01/2026,1053,1064.25,1076.25,,,
16/01/2026,1057.75,1068.75,1081.25,,,
20/01/2026,1053,1064,1076.25,,,
21/01/2026,1064.5,1075,1087.25,,,
22/01/2026,1064,1076.25,1089,,,
23/01/2026,1067.75,1079.5,1092.5,,,
26/01/2026,1061.75,1074,1087.5,,,
27/01/2026,1067.25,1079.5,1092.5,,,
28/01/2026,1075,1087.75,1101,,,
29/01/2026,1072.25,1085.75,1099.75,,,
30/01/2026,1064.25,1077,1090.5,,,
2/02/2026,1060.25,1072.5,1085.75,,,
3/02/2026,1065.75,1077.25,1090.5,,,
4/02/2026,1092.25,1104.75,1116.75,,,
5/02/2026,1112.25,1126,1137.25,,,
6/02/2026,1115.25,1128.75,1139.5,,,
9/02/2026,1110.75,1125,1136.5,,,
10/02/2026,1122.5,1137.5,1149.5,,,
11/02/2026,1124,1139.5,1152.5,,,
12/02/2026,1137.25,1152.25,1163.75,,,
13/02/2026,1133,1148.5,1160.5,,,
17/02/2026,1134,1148.75,1161.75,,,
18/02/2026,1133.5,1149,1161.5,,,
19/02/2026,1141,1156,1168,,,
20/02/2026,1137.5,1153.25,1166,,,
23/02/2026,1134.25,1149.75,1163.5,,,
24/02/2026,1139.5,1155.25,1168.25,,,
25/02/2026,1148.25,1165,1177.5,,,
26/02/2026,1147.75,1163.5,1176.25,,,
27/02/2026,1157.25,1170.75,1182.75,,,
2/03/2026,1150,1164,1177,,,
3/03/2026,1155.75,1170.5,1183.25,,,
4/03/2026,1154.5,1169.5,1183,,,
5/03/2026,1163.75,1179.25,1192.5,,,
6/03/2026,1185,1200.75,1213,,,
9/03/2026,1180.5,1196.25,1209,,,
10/03/2026,1187.25,1201.75,1215,,,
11/03/2026,1200.5,1214,1227.25,,,
12/03/2026,1213,1227.25,1240,,,
13/03/2026,1211,1225.25,1237.5,,,
16/03/2026,1155.25,1167.5,1152.25,,,
17/03/2026,1157,1171.25,1162.5,,,
18/03/2026,1161.75,1176.5,1169.75,,,
19/03/2026,1168.5,1183.25,1176.5,,,
20/03/2026,1161.25,1176.5,1170,,,
23/03/2026,1163.5,1179,1173,,,
24/03/2026,1155,1171.5,1166.75,,,
25/03/2026,1171.75,1187.75,1180.25,,,
26/03/2026,1173.75,1189.5,1183,,,
27/03/2026,1159.25,1175.25,1170.5,,,
30/03/2026,1159.75,1175,1171,,,
31/03/2026,1171,1186,1183.5,,,
1/04/2026,1168.5,1184.5,1180.5,,,
2/04/2026,1163.5,1180,1175.25,,,
6/04/2026,1166.75,1183.25,1178.25,,,
7/04/2026,1158.25,1174.5,1170.5,,,
8/04/2026,1162,1178,1173.25,,,
9/04/2026,1165.25,1181,1175.75,,,
10/04/2026,1175.75,1191.25,1182.5,,,
13/04/2026,1162.25,1177.5,1170.75,,,
14/04/2026,1158,1172.75,1166,,,
15/04/2026,1167,1183.25,1176.5,,,
16/04/2026,1163.75,1180.5,1175,,,
17/04/2026,1167.25,1183,1176.5,,,
20/04/2026,1165.75,1181.75,1175.75,,,
21/04/2026,1174.5,1190.25,1184,,,
22/04/2026,1164.5,1179.5,1173.25,,,
23/04/2026,1159.75,1174.75,1169,,,
24/04/2026,1163.75,1178.5,1171.5,,,
27/04/2026,1177.25,1192,1184.25,,,
28/04/2026,1173,1189.25,1183.25,,,
29/04/2026,1182.25,1197,1189.75,,,
30/04/2026,1182,1195.5,1189.25,,,
1/05/2026,1187.75,1203.25,1197.25,,,
4/05/2026,1207.5,1222.75,1216,,,
5/05/2026,1195.75,1211.5,1205,,,
6/05/2026,1179,1194.75,1189,,,
7/05/2026,1177,1192.25,1186.75,,,
8/05/2026,1194.25,1208,1202.75,,,
11/05/2026,1199.75,1213,1208,,,
12/05/2026,1213.5,1226.75,1221.75,,,
13/05/2026,1215.25,1229,1223.5,,,
14/05/2026,1174.5,1192.5,1189.75,,,
15/05/2026,1177,1176.5,1162.75,,,
18/05/2026,1213,1211,1195.25,,,
19/05/2026,1209.5,1209.75,1197.25,,,
20/05/2026,1199.75,1199.25,1185.25,,,
21/05/2026,1194.25,1193.5,1179.25,,,
22/05/2026,1196.5,1195,1180.25,,,
26/05/2026,1186,1185,1171.25,,,
27/05/2026,1185.25,1184.75,1173,,,
28/05/2026,1194.5,1196,1185.25,,,
29/05/2026,1186.75,1190.25,1181,,,
1/06/2026,1180.75,1185,1178.5,,,
2/06/2026,1165.25,1169,1165.25,,,
3/06/2026,1154,1158.25,1154.25,,,
4/06/2026,1129.5,1132.5,1127.25,,,
5/06/2026,1121.5,1126,1122.5,,,
8/06/2026,1115.75,1121.25,1120.5,,,
9/06/2026,1113.75,1118.75,1118.25,,,
10/06/2026,1123,1127.75,1126,,,
11/06/2026,1115,1120.5,1120,,,
12/06/2026,1113.5,1118.75,1117.75,,,
15/06/2026,1119.25,1123.5,1121.75,,,
16/06/2026,1130,1134.5,1133.25,,,
17/06/2026,1132,1136.75,1136.5,,,
18/06/2026,1122.75,1128.25,1128.5,,,
22/06/2026,1115.75,1122.5,1126,,,
23/06/2026,1117,1124,1127.25,,,
24/06/2026,1108.75,1116.75,1120,,,
25/06/2026,1127.5,1137,1141.25,,,
26/06/2026,1126.25,1136.5,1141.5,,,
29/06/2026,1108.75,1119.25,1124,,,
30/06/2026,1116.75,1124.25,1128.75,,,
1/07/2026,1126.25,1133.25,1135.5,,,
2/07/2026,1131.75,1136.25,1136,,,
6/07/2026,1182.25,1184,1181,,,
7/07/2026,1196.75,1193.75,1187,,,
8/07/2026,1195,1193.25,1183.5,,,
9/07/2026,1179.75,1177.75,1170,,,
10/07/2026,1196.5,1191.75,1181.25,,,
13/07/2026,1202,1196.75,1185.25,,,
14/07/2026,1207.25,1192.75,1181.25,,,
15/07/2026,1202.25,1192.25,1201.75,,,
16/07/2026,1195,1185.25,1195,,,
17/07/2026,1204.5,1193.5,1203,,,
20/07/2026,1226,1215.5,1226.25,,,
21/07/2026,1219.5,1210.5,1222.75,,,
22/07/2026,1233,1226,1239,,,
23/07/2026,1237.5,1231,1243.75,,,
24/07/2026,1248,1240.25,1253.5,,,
27/07/2026,1208.5,1199.75,1213.75,,,
28/07/2026,1212,1204.75,1220,,,
29/07/2026,1178,1176,1192.75,,,
30/07/2026,1177.25,1172.25,1188.75,,,
31/07/2026,1172,1170.75,1187.5,,,
3/08/2026,1168.75,1173.75,1192.25,,,
4/08/2026,1155,1158.75,1177.75,,,
5/08/2026,1151.5,1156.5,1174.75,,,
6/08/2026,1157.25,1160,1177.75,,,
7/08/2026,1156.5,1159,1176.25,,,
10/08/2026,1157.75,1161.75,1179.5,,,
11/08/2026,1147.5,1151.5,1168.75,,,
12/08/2026,1164.75,1165.25,1183.25,,,
13/08/2026,1168.25,1166,1182.25,,,
14/08/2026,1173.75,1177.75,1192.5,,,
17/08/2026,1201,1216,1231,,,
18/08/2026,1200.75,1216.75,1231.5,,,
19/08/2026,1222.25,1237.25,1251.25,,,
20/08/2026,1220.75,1236.5,1251.5,,,
21/08/2026,1225,1239.5,1253.75,,,
24/08/2026,1216,1224.25,1238.25,,,
25/08/2026,1228,1237.75,1252.25,,,
26/08/2026,1254.25,1266,1280.75,,,
27/08/2026,1256.5,1268,1283,,,
28/08/2026,1276.25,1288,1302.75,,,
31/08/2026,1275.25,1288,1303.25,,,
1/09/2026,1306.75,1317.75,1332.75,,,
2/09/2026,1301.75,1310.25,1325,,,
3/09/2026,1306.25,1316.25,1331.5,,,
4/09/2026,1293.75,1309.75,1325,,,
8/09/2026,1302.5,1316.25,1332,,,
,,,,,,
