Date,SB1,SB2,SB3,,,,,,
3/01/2005,9.17,9.37,9.3,,,,,,
4/01/2005,9.03,9.27,9.21,,,,,,
5/01/2005,8.98,9.23,9.19,,,,,,
6/01/2005,8.99,9.26,9.21,,,,,,
7/01/2005,8.71,9.01,8.99,,,,,,
10/01/2005,8.52,8.86,8.85,,,,,,
11/01/2005,8.55,8.89,8.86,,,,,,
12/01/2005,8.62,8.94,8.9,,,,,,
13/01/2005,8.72,9.03,8.98,,,,,,
14/01/2005,8.83,9.13,9.06,,,,,,
18/01/2005,8.84,9.15,9.08,,,,,,
19/01/2005,8.87,9.16,9.08,,,,,,
20/01/2005,8.96,9.23,9.14,,,,,,
21/01/2005,8.88,9.18,9.07,,,,,,
24/01/2005,8.9,9.22,9.09,,,,,,
25/01/2005,8.98,9.29,9.15,,,,,,
26/01/2005,9.3,9.58,9.34,,,,,,
27/01/2005,9.22,9.51,9.3,,,,,,
28/01/2005,9.15,9.46,9.29,,,,,,
31/01/2005,9.22,9.54,9.34,,,,,,
1/02/2005,8.95,9.32,9.14,,,,,,
2/02/2005,8.81,9.2,9.05,,,,,,
3/02/2005,8.94,9.34,9.18,,,,,,
4/02/2005,9.08,9.47,9.28,,,,,,
7/02/2005,8.93,9.38,9.2,,,,,,
8/02/2005,9.01,9.41,9.3,,,,,,
9/02/2005,9.04,9.43,9.3,,,,,,
10/02/2005,9.15,9.53,9.35,,,,,,
11/02/2005,9.13,9.44,9.31,,,,,,
14/02/2005,9.03,9.39,9.29,,,,,,
15/02/2005,9.1,9.46,9.34,,,,,,
16/02/2005,8.88,9.24,9.15,,,,,,
17/02/2005,8.93,9.3,9.25,,,,,,
18/02/2005,8.85,9.21,9.17,,,,,,
22/02/2005,8.99,9.37,9.32,,,,,,
23/02/2005,8.91,9.3,9.28,,,,,,
24/02/2005,8.75,9.16,9.16,,,,,,
25/02/2005,8.64,9.03,9.08,,,,,,
28/02/2005,8.42,9.17,9.22,,,,,,
1/03/2005,9.06,9.15,9.17,,,,,,
2/03/2005,9.04,9.13,9.15,,,,,,
3/03/2005,8.98,9.1,9.13,,,,,,
4/03/2005,8.87,9.02,9.08,,,,,,
7/03/2005,8.78,8.91,8.98,,,,,,
8/03/2005,8.96,9.06,9.11,,,,,,
9/03/2005,9,9.13,9.18,,,,,,
10/03/2005,8.97,9.13,9.21,,,,,,
11/03/2005,9.17,9.29,9.35,,,,,,
14/03/2005,9.23,9.36,9.4,,,,,,
15/03/2005,9.14,9.32,9.41,,,,,,
16/03/2005,9.15,9.32,9.41,,,,,,
17/03/2005,9.12,9.31,9.42,,,,,,
18/03/2005,9.03,9.22,9.36,,,,,,
21/03/2005,8.76,8.98,9.17,,,,,,
22/03/2005,8.75,8.94,9.1,,,,,,
23/03/2005,8.63,8.82,8.99,,,,,,
24/03/2005,8.67,8.88,9.06,,,,,,
28/03/2005,8.61,8.84,9.04,,,,,,
29/03/2005,8.52,8.76,8.94,,,,,,
30/03/2005,8.55,8.75,8.9,,,,,,
31/03/2005,8.7,8.9,9.04,,,,,,
1/04/2005,8.52,8.75,8.89,,,,,,
4/04/2005,8.41,8.62,8.78,,,,,,
5/04/2005,8.55,8.74,8.86,,,,,,
6/04/2005,8.57,8.75,8.89,,,,,,
7/04/2005,8.66,8.83,8.94,,,,,,
8/04/2005,8.48,8.64,8.8,,,,,,
11/04/2005,8.35,8.48,8.67,,,,,,
12/04/2005,8.45,8.59,8.72,,,,,,
13/04/2005,8.34,8.49,8.63,,,,,,
14/04/2005,8.15,8.28,8.43,,,,,,
15/04/2005,8.08,8.22,8.35,,,,,,
18/04/2005,8.18,8.3,8.42,,,,,,
19/04/2005,8.33,8.43,8.51,,,,,,
20/04/2005,8.4,8.44,8.52,,,,,,
21/04/2005,8.46,8.43,8.49,,,,,,
22/04/2005,8.35,8.37,8.43,,,,,,
25/04/2005,8.37,8.36,8.42,,,,,,
26/04/2005,8.5,8.52,8.51,,,,,,
27/04/2005,8.58,8.6,8.59,,,,,,
28/04/2005,8.45,8.54,8.56,,,,,,
29/04/2005,8.61,8.66,8.63,,,,,,
2/05/2005,8.68,8.63,8.62,,,,,,
3/05/2005,8.56,8.56,8.56,,,,,,
4/05/2005,8.49,8.5,8.5,,,,,,
5/05/2005,8.23,8.25,8.3,,,,,,
6/05/2005,8.42,8.44,8.49,,,,,,
9/05/2005,8.36,8.37,8.44,,,,,,
10/05/2005,8.39,8.41,8.47,,,,,,
11/05/2005,8.49,8.52,8.57,,,,,,
12/05/2005,8.26,8.36,8.46,,,,,,
13/05/2005,8.35,8.43,8.52,,,,,,
16/05/2005,8.35,8.43,8.54,,,,,,
17/05/2005,8.3,8.4,8.52,,,,,,
18/05/2005,8.4,8.51,8.62,,,,,,
19/05/2005,8.53,8.59,8.69,,,,,,
20/05/2005,8.59,8.69,8.8,,,,,,
23/05/2005,8.68,8.79,8.89,,,,,,
24/05/2005,8.62,8.73,8.83,,,,,,
25/05/2005,8.73,8.82,8.93,,,,,,
26/05/2005,8.8,8.9,9,,,,,,
27/05/2005,8.75,8.85,8.95,,,,,,
31/05/2005,8.76,8.87,8.96,,,,,,
1/06/2005,8.68,8.8,8.9,,,,,,
2/06/2005,8.67,8.77,8.87,,,,,,
3/06/2005,8.88,8.96,9.01,,,,,,
6/06/2005,8.83,8.92,8.97,,,,,,
7/06/2005,8.8,8.91,8.98,,,,,,
8/06/2005,8.78,8.91,8.97,,,,,,
9/06/2005,8.91,9,9.01,,,,,,
10/06/2005,8.9,9,9,,,,,,
13/06/2005,8.87,8.98,8.98,,,,,,
14/06/2005,8.84,8.95,8.99,,,,,,
15/06/2005,8.68,8.78,8.87,,,,,,
16/06/2005,8.86,8.93,8.99,,,,,,
17/06/2005,8.91,9.06,9.08,,,,,,
20/06/2005,8.98,9.13,9.16,,,,,,
21/06/2005,8.92,9.07,9.13,,,,,,
22/06/2005,8.95,9.11,9.19,,,,,,
23/06/2005,9.04,9.18,9.25,,,,,,
24/06/2005,8.97,9.09,9.17,,,,,,
27/06/2005,9.19,9.33,9.36,,,,,,
28/06/2005,9.11,9.24,9.29,,,,,,
29/06/2005,9.19,9.28,9.37,,,,,,
30/06/2005,9.34,9.33,9.4,,,,,,
1/07/2005,9.16,9.27,9.15,,,,,,
5/07/2005,9.39,9.47,9.29,,,,,,
6/07/2005,9.35,9.45,9.29,,,,,,
7/07/2005,9.37,9.45,9.27,,,,,,
8/07/2005,9.54,9.59,9.4,,,,,,
11/07/2005,9.48,9.55,9.36,,,,,,
12/07/2005,9.5,9.6,9.43,,,,,,
13/07/2005,9.58,9.69,9.53,,,,,,
14/07/2005,9.59,9.69,9.51,,,,,,
15/07/2005,9.55,9.67,9.5,,,,,,
18/07/2005,9.59,9.71,9.53,,,,,,
19/07/2005,9.52,9.63,9.47,,,,,,
20/07/2005,9.41,9.53,9.38,,,,,,
21/07/2005,9.66,9.73,9.54,,,,,,
22/07/2005,9.7,9.73,9.47,,,,,,
25/07/2005,9.9,9.85,9.55,,,,,,
26/07/2005,9.96,9.88,9.58,,,,,,
27/07/2005,9.95,9.92,9.62,,,,,,
28/07/2005,9.92,9.88,9.61,,,,,,
29/07/2005,9.83,9.81,9.57,,,,,,
1/08/2005,9.96,9.92,9.64,,,,,,
2/08/2005,10.09,10.04,9.75,,,,,,
3/08/2005,10.2,10.2,9.94,,,,,,
4/08/2005,10.22,10.27,10.02,,,,,,
5/08/2005,10.08,10.17,9.93,,,,,,
8/08/2005,10.1,10.21,9.95,,,,,,
9/08/2005,9.92,10.08,9.83,,,,,,
10/08/2005,9.83,10.02,9.78,,,,,,
11/08/2005,9.85,10.07,9.83,,,,,,
12/08/2005,9.87,10.15,9.91,,,,,,
15/08/2005,9.74,10.05,9.83,,,,,,
16/08/2005,9.62,9.9,9.7,,,,,,
17/08/2005,9.78,10.02,9.79,,,,,,
18/08/2005,9.67,9.96,9.75,,,,,,
19/08/2005,9.68,9.99,9.79,,,,,,
22/08/2005,9.6,9.94,9.74,,,,,,
23/08/2005,9.58,9.91,9.71,,,,,,
24/08/2005,9.83,10.18,9.92,,,,,,
25/08/2005,9.73,10.14,9.9,,,,,,
26/08/2005,9.76,10.19,9.91,,,,,,
29/08/2005,9.83,10.25,9.97,,,,,,
30/08/2005,10.12,10.53,10.2,,,,,,
31/08/2005,10.07,10.57,10.27,,,,,,
1/09/2005,10.1,10.64,10.36,,,,,,
2/09/2005,10.11,10.66,10.34,,,,,,
6/09/2005,10.2,10.77,10.45,,,,,,
7/09/2005,10.13,10.66,10.38,,,,,,
8/09/2005,10.18,10.68,10.39,,,,,,
9/09/2005,10.27,10.72,10.45,,,,,,
12/09/2005,10.4,10.86,10.55,,,,,,
13/09/2005,10.31,10.78,10.52,,,,,,
14/09/2005,10.3,10.79,10.57,,,,,,
15/09/2005,10.33,10.81,10.61,,,,,,
16/09/2005,10.43,10.88,10.7,,,,,,
19/09/2005,10.51,10.89,10.72,,,,,,
20/09/2005,10.49,10.76,10.67,,,,,,
21/09/2005,10.25,10.49,10.42,,,,,,
22/09/2005,10.47,10.68,10.55,,,,,,
23/09/2005,10.43,10.64,10.53,,,,,,
26/09/2005,10.4,10.62,10.55,,,,,,
27/09/2005,10.92,11.07,10.96,,,,,,
28/09/2005,11.13,11.25,11.2,,,,,,
29/09/2005,10.89,11.14,11.12,,,,,,
30/09/2005,10.95,11.23,11.2,,,,,,
3/10/2005,11.53,11.5,11.38,,,,,,
4/10/2005,11.43,11.43,11.32,,,,,,
5/10/2005,11.44,11.45,11.35,,,,,,
6/10/2005,11.26,11.27,11.16,,,,,,
7/10/2005,11.37,11.36,11.21,,,,,,
10/10/2005,11.66,11.62,11.41,,,,,,
11/10/2005,11.84,11.77,11.54,,,,,,
12/10/2005,11.73,11.66,11.39,,,,,,
13/10/2005,11.69,11.64,11.4,,,,,,
14/10/2005,11.66,11.59,11.32,,,,,,
17/10/2005,11.46,11.37,11.09,,,,,,
18/10/2005,11.69,11.63,11.35,,,,,,
19/10/2005,11.73,11.64,11.37,,,,,,
20/10/2005,11.63,11.55,11.29,,,,,,
21/10/2005,11.8,11.72,11.42,,,,,,
24/10/2005,11.63,11.56,11.28,,,,,,
25/10/2005,11.82,11.74,11.46,,,,,,
26/10/2005,11.78,11.71,11.45,,,,,,
27/10/2005,11.78,11.69,11.43,,,,,,
28/10/2005,11.61,11.54,11.32,,,,,,
31/10/2005,11.33,11.31,11.13,,,,,,
1/11/2005,11.25,11.23,11.02,,,,,,
2/11/2005,11.47,11.42,11.19,,,,,,
3/11/2005,11.54,11.5,11.25,,,,,,
4/11/2005,11.56,11.51,11.21,,,,,,
7/11/2005,11.37,11.35,11.07,,,,,,
8/11/2005,11.28,11.28,11,,,,,,
9/11/2005,11.2,11.18,10.95,,,,,,
10/11/2005,11.47,11.44,11.18,,,,,,
11/11/2005,11.48,11.43,11.15,,,,,,
14/11/2005,11.75,11.65,11.31,,,,,,
15/11/2005,12.04,11.94,11.55,,,,,,
16/11/2005,12.12,11.97,11.52,,,,,,
17/11/2005,12.05,11.92,11.48,,,,,,
18/11/2005,11.98,11.88,11.48,,,,,,
21/11/2005,12.07,11.97,11.61,,,,,,
22/11/2005,12.05,11.95,11.62,,,,,,
23/11/2005,12.15,12.02,11.69,,,,,,
28/11/2005,12.45,12.34,12.02,,,,,,
29/11/2005,12.45,12.39,12.1,,,,,,
30/11/2005,12.43,12.34,12.03,,,,,,
1/12/2005,12.92,12.84,12.53,,,,,,
2/12/2005,12.86,12.79,12.49,,,,,,
5/12/2005,13.26,13.22,12.93,,,,,,
6/12/2005,13.09,13.08,12.8,,,,,,
7/12/2005,13.39,13.38,13.06,,,,,,
8/12/2005,13.61,13.63,13.23,,,,,,
9/12/2005,13.51,13.53,13.13,,,,,,
12/12/2005,13.96,13.95,13.57,,,,,,
13/12/2005,13.81,13.87,13.48,,,,,,
14/12/2005,13.59,13.67,13.26,,,,,,
15/12/2005,13.87,13.93,13.47,,,,,,
16/12/2005,14.2,14.27,13.8,,,,,,
19/12/2005,14.33,14.43,13.99,,,,,,
20/12/2005,14.21,14.3,13.9,,,,,,
21/12/2005,14.1,14.21,13.76,,,,,,
22/12/2005,14.5,14.57,14.07,,,,,,
23/12/2005,14.63,14.71,14.2,,,,,,
27/12/2005,14.55,14.64,14.14,,,,,,
28/12/2005,14.61,14.66,14.14,,,,,,
29/12/2005,14.79,14.8,14.3,,,,,,
30/12/2005,14.68,14.75,14.25,,,,,,
3/01/2006,14.18,14.23,13.78,,,,,,
4/01/2006,14.87,14.9,14.42,,,,,,
5/01/2006,14.85,14.91,14.43,,,,,,
6/01/2006,14.88,14.97,14.51,,,,,,
9/01/2006,14.6,14.66,14.19,,,,,,
10/01/2006,14.66,14.74,14.26,,,,,,
11/01/2006,14.71,14.79,14.31,,,,,,
12/01/2006,14.72,14.81,14.33,,,,,,
13/01/2006,15.27,15.31,14.8,,,,,,
17/01/2006,15.57,15.63,15.09,,,,,,
18/01/2006,15.7,15.68,15.13,,,,,,
19/01/2006,16.12,15.93,15.28,,,,,,
20/01/2006,17.15,16.9,15.96,,,,,,
23/01/2006,17.35,17.27,16.42,,,,,,
24/01/2006,17.89,17.72,16.85,,,,,,
25/01/2006,17.91,17.8,16.88,,,,,,
26/01/2006,18.48,18.34,17.32,,,,,,
27/01/2006,18.61,18.49,17.48,,,,,,
30/01/2006,18.2,18.17,17.24,,,,,,
31/01/2006,18.02,17.96,17.05,,,,,,
1/02/2006,18.29,18.2,17.37,,,,,,
2/02/2006,19.15,19.02,18.02,,,,,,
3/02/2006,19.3,19.26,18.38,,,,,,
6/02/2006,18.8,18.8,18.12,,,,,,
7/02/2006,18.17,18.17,17.53,,,,,,
8/02/2006,18.8,18.78,18.18,,,,,,
9/02/2006,18.14,18.24,17.67,,,,,,
10/02/2006,17.66,17.85,17.28,,,,,,
13/02/2006,17.75,17.91,17.31,,,,,,
14/02/2006,17.72,17.9,17.29,,,,,,
15/02/2006,17.92,18.12,17.47,,,,,,
16/02/2006,17.46,17.63,17.04,,,,,,
17/02/2006,17.33,17.59,17.02,,,,,,
21/02/2006,17.68,17.82,17.18,,,,,,
22/02/2006,18.26,18.41,17.71,,,,,,
23/02/2006,17.5,17.64,17.04,,,,,,
24/02/2006,17.62,17.8,17.21,,,,,,
27/02/2006,16.55,16.74,16.29,,,,,,
28/02/2006,16.74,17.12,16.71,,,,,,
1/03/2006,16.79,16.49,16.33,,,,,,
2/03/2006,16.88,16.6,16.48,,,,,,
3/03/2006,17.23,16.9,16.78,,,,,,
6/03/2006,17.77,17.39,17.24,,,,,,
7/03/2006,17.18,16.85,16.75,,,,,,
8/03/2006,16.62,16.33,16.25,,,,,,
9/03/2006,16.28,15.98,15.93,,,,,,
10/03/2006,16.68,16.32,16.23,,,,,,
13/03/2006,16.85,16.48,16.37,,,,,,
14/03/2006,16.4,16.06,16.01,,,,,,
15/03/2006,16.7,16.36,16.29,,,,,,
16/03/2006,16.62,16.27,16.19,,,,,,
17/03/2006,16.44,16.13,16.07,,,,,,
20/03/2006,16.62,16.32,16.26,,,,,,
21/03/2006,17.02,16.67,16.61,,,,,,
22/03/2006,16.81,16.5,16.46,,,,,,
23/03/2006,16.85,16.54,16.5,,,,,,
24/03/2006,17.13,16.85,16.79,,,,,,
27/03/2006,17.48,17.26,17.15,,,,,,
28/03/2006,18.17,18.04,17.95,,,,,,
29/03/2006,18.2,18.12,18.03,,,,,,
30/03/2006,18.27,18.21,18.11,,,,,,
31/03/2006,17.9,17.89,17.87,,,,,,
3/04/2006,18.33,18.33,18.31,,,,,,
4/04/2006,17.96,18,18.03,,,,,,
5/04/2006,17.84,17.89,17.93,,,,,,
6/04/2006,17.77,17.83,17.92,,,,,,
7/04/2006,17.12,17.22,17.32,,,,,,
10/04/2006,17.01,17.16,17.28,,,,,,
11/04/2006,17,17.2,17.32,,,,,,
12/04/2006,16.76,17.06,17.21,,,,,,
13/04/2006,16.49,16.86,17.04,,,,,,
17/04/2006,16.88,17.27,17.48,,,,,,
18/04/2006,17.52,17.94,18.15,,,,,,
19/04/2006,17.43,17.8,18.1,,,,,,
20/04/2006,17.15,17.5,17.81,,,,,,
21/04/2006,17.21,17.54,17.86,,,,,,
24/04/2006,17.05,17.38,17.71,,,,,,
25/04/2006,16.84,17.13,17.45,,,,,,
26/04/2006,16.82,17.12,17.46,,,,,,
27/04/2006,16.72,17.13,17.41,,,,,,
28/04/2006,17.13,17.43,17.7,,,,,,
1/05/2006,17.73,17.99,18.23,,,,,,
2/05/2006,17.91,18.19,18.44,,,,,,
3/05/2006,17.69,18.01,18.32,,,,,,
4/05/2006,17.05,17.41,17.76,,,,,,
5/05/2006,17.48,17.8,18.15,,,,,,
8/05/2006,17.25,17.64,18.02,,,,,,
9/05/2006,17.47,17.81,18.18,,,,,,
10/05/2006,17.38,17.71,18.1,,,,,,
11/05/2006,17.65,17.98,18.34,,,,,,
12/05/2006,17.6,17.94,18.27,,,,,,
15/05/2006,17.17,17.48,17.81,,,,,,
16/05/2006,17.03,17.32,17.66,,,,,,
17/05/2006,16.93,17.23,17.57,,,,,,
18/05/2006,16.34,16.66,17,,,,,,
19/05/2006,16.42,16.68,17.02,,,,,,
22/05/2006,16.39,16.6,16.94,,,,,,
23/05/2006,16.62,16.88,17.19,,,,,,
24/05/2006,16.21,16.44,16.68,,,,,,
25/05/2006,16.24,16.45,16.67,,,,,,
26/05/2006,15.88,16.14,16.35,,,,,,
30/05/2006,15.91,16.15,16.36,,,,,,
31/05/2006,15.46,15.75,15.95,,,,,,
1/06/2006,15.14,15.47,15.68,,,,,,
2/06/2006,15.21,15.55,15.83,,,,,,
5/06/2006,15.39,15.73,16,,,,,,
6/06/2006,15.09,15.46,15.75,,,,,,
7/06/2006,15.22,15.61,15.9,,,,,,
8/06/2006,15.03,15.44,15.76,,,,,,
9/06/2006,15.05,15.43,15.74,,,,,,
12/06/2006,14.91,15.27,15.58,,,,,,
13/06/2006,14.72,15.1,15.4,,,,,,
14/06/2006,14.71,15.05,15.32,,,,,,
15/06/2006,15,15.33,15.59,,,,,,
16/06/2006,15.01,15.35,15.61,,,,,,
19/06/2006,14.85,15.19,15.42,,,,,,
20/06/2006,15.21,15.58,15.77,,,,,,
21/06/2006,15.74,16.19,16.38,,,,,,
22/06/2006,15.75,16.21,16.45,,,,,,
23/06/2006,15.45,15.93,16.23,,,,,,
26/06/2006,15.76,16.31,16.56,,,,,,
27/06/2006,15.64,16.19,16.46,,,,,,
28/06/2006,15.67,16.2,16.51,,,,,,
29/06/2006,15.63,16.23,16.53,,,,,,
30/06/2006,15.79,16.34,16.68,,,,,,
3/07/2006,16.62,16.94,16.88,,,,,,
5/07/2006,17.02,17.32,17.23,,,,,,
6/07/2006,17.16,17.46,17.36,,,,,,
7/07/2006,16.87,17.22,17.12,,,,,,
10/07/2006,16.46,16.86,16.77,,,,,,
11/07/2006,16.57,16.94,16.83,,,,,,
12/07/2006,16.27,16.68,16.63,,,,,,
13/07/2006,16.42,16.81,16.74,,,,,,
14/07/2006,15.97,16.41,16.35,,,,,,
17/07/2006,15.7,16.15,16.08,,,,,,
18/07/2006,15.67,16.07,15.99,,,,,,
19/07/2006,15.36,15.74,15.65,,,,,,
20/07/2006,15.31,15.69,15.6,,,,,,
21/07/2006,15.36,15.71,15.6,,,,,,
24/07/2006,15.58,15.95,15.84,,,,,,
25/07/2006,15.31,15.7,15.59,,,,,,
26/07/2006,15.05,15.43,15.37,,,,,,
27/07/2006,14.77,15.21,15.16,,,,,,
28/07/2006,14.76,15.22,15.17,,,,,,
31/07/2006,14.91,15.36,15.35,,,,,,
1/08/2006,14.9,15.36,15.37,,,,,,
2/08/2006,14.53,15.03,15.03,,,,,,
3/08/2006,14.28,14.79,14.78,,,,,,
4/08/2006,14.41,14.93,14.93,,,,,,
7/08/2006,14.27,14.82,14.85,,,,,,
8/08/2006,13.99,14.5,14.56,,,,,,
9/08/2006,14.04,14.6,14.71,,,,,,
10/08/2006,13.89,14.49,14.6,,,,,,
11/08/2006,13.36,14,14.1,,,,,,
14/08/2006,12.5,13.16,13.32,,,,,,
15/08/2006,12.79,13.44,13.61,,,,,,
16/08/2006,12.65,13.32,13.46,,,,,,
17/08/2006,12.2,12.86,13.01,,,,,,
18/08/2006,12.18,12.84,13.01,,,,,,
21/08/2006,12.14,12.82,13.02,,,,,,
22/08/2006,12.06,12.75,12.94,,,,,,
23/08/2006,12.41,13.11,13.29,,,,,,
24/08/2006,12.3,13.08,13.25,,,,,,
25/08/2006,12.3,13.08,13.23,,,,,,
28/08/2006,12.13,12.92,13.1,,,,,,
29/08/2006,11.88,12.68,12.87,,,,,,
30/08/2006,11.52,12.36,12.58,,,,,,
31/08/2006,11.8,12.7,12.92,,,,,,
1/09/2006,11.39,12.3,12.49,,,,,,
5/09/2006,11.49,12.32,12.49,,,,,,
6/09/2006,11.64,12.44,12.6,,,,,,
7/09/2006,11.62,12.5,12.69,,,,,,
8/09/2006,11.89,12.78,12.95,,,,,,
11/09/2006,11.41,12.38,12.6,,,,,,
12/09/2006,11.55,12.56,12.81,,,,,,
13/09/2006,12.37,13.29,13.46,,,,,,
14/09/2006,12.16,13.05,13.25,,,,,,
15/09/2006,12.44,13.28,13.47,,,,,,
18/09/2006,12.36,13.2,13.4,,,,,,
19/09/2006,12.3,13.1,13.23,,,,,,
20/09/2006,12.12,12.89,13.01,,,,,,
21/09/2006,11.56,12.35,12.5,,,,,,
22/09/2006,10.46,11.38,11.51,,,,,,
25/09/2006,9.75,10.87,10.98,,,,,,
26/09/2006,10.19,11.11,11.24,,,,,,
27/09/2006,10.15,11.17,11.3,,,,,,
28/09/2006,10.55,11.55,11.66,,,,,,
29/09/2006,10.85,11.75,11.85,,,,,,
2/10/2006,11.32,11.5,11.53,,,,,,
3/10/2006,10.89,11.12,11.21,,,,,,
4/10/2006,11.16,11.35,11.43,,,,,,
5/10/2006,11.14,11.35,11.48,,,,,,
6/10/2006,11.07,11.32,11.51,,,,,,
9/10/2006,11.48,11.66,11.83,,,,,,
10/10/2006,11.61,11.76,11.89,,,,,,
11/10/2006,11.09,11.3,11.46,,,,,,
12/10/2006,11.13,11.3,11.45,,,,,,
13/10/2006,11.13,11.32,11.48,,,,,,
16/10/2006,11.71,11.86,11.92,,,,,,
17/10/2006,12.58,12.64,12.56,,,,,,
18/10/2006,11.59,11.74,11.76,,,,,,
19/10/2006,11.59,11.74,11.76,,,,,,
20/10/2006,11.71,11.86,11.86,,,,,,
23/10/2006,11.8,11.95,11.97,,,,,,
24/10/2006,11.69,11.86,11.87,,,,,,
25/10/2006,11.9,12.04,12.04,,,,,,
26/10/2006,11.82,11.96,11.96,,,,,,
27/10/2006,11.79,11.92,11.89,,,,,,
30/10/2006,11.45,11.61,11.61,,,,,,
31/10/2006,11.55,11.69,11.7,,,,,,
1/11/2006,11.5,11.67,11.69,,,,,,
2/11/2006,11.53,11.7,11.71,,,,,,
3/11/2006,11.31,11.5,11.52,,,,,,
6/11/2006,11.75,11.9,11.92,,,,,,
7/11/2006,11.58,11.74,11.78,,,,,,
8/11/2006,11.96,12.07,12.06,,,,,,
9/11/2006,12.18,12.26,12.22,,,,,,
10/11/2006,11.85,11.94,11.91,,,,,,
13/11/2006,11.67,11.81,11.81,,,,,,
14/11/2006,11.67,11.78,11.77,,,,,,
15/11/2006,11.79,11.9,11.88,,,,,,
16/11/2006,11.53,11.69,11.69,,,,,,
17/11/2006,11.35,11.5,11.5,,,,,,
20/11/2006,11.49,11.62,11.61,,,,,,
21/11/2006,11.48,11.6,11.61,,,,,,
22/11/2006,11.47,11.59,11.57,,,,,,
27/11/2006,11.81,11.87,11.81,,,,,,
28/11/2006,11.99,12.01,11.9,,,,,,
29/11/2006,12.36,12.27,12.03,,,,,,
30/11/2006,12.37,12.26,11.98,,,,,,
1/12/2006,12.26,12.2,11.94,,,,,,
4/12/2006,11.76,11.76,11.62,,,,,,
5/12/2006,11.76,11.8,11.65,,,,,,
6/12/2006,11.49,11.58,11.47,,,,,,
7/12/2006,11.22,11.32,11.24,,,,,,
8/12/2006,11.37,11.42,11.32,,,,,,
11/12/2006,11.42,11.44,11.29,,,,,,
12/12/2006,11.37,11.3,11.07,,,,,,
13/12/2006,11.32,11.22,11.01,,,,,,
14/12/2006,11.32,11.16,10.9,,,,,,
15/12/2006,11.5,11.27,10.92,,,,,,
18/12/2006,12.03,11.8,11.44,,,,,,
19/12/2006,12.04,11.85,11.46,,,,,,
20/12/2006,11.99,11.84,11.45,,,,,,
21/12/2006,11.9,11.79,11.39,,,,,,
22/12/2006,11.92,11.84,11.4,,,,,,
26/12/2006,11.86,11.79,11.38,,,,,,
27/12/2006,11.79,11.71,11.36,,,,,,
28/12/2006,11.86,11.78,11.43,,,,,,
29/12/2006,11.75,11.71,11.42,,,,,,
3/01/2007,11.51,11.51,11.25,,,,,,
4/01/2007,11.27,11.3,11.14,,,,,,
5/01/2007,11.09,11.11,10.97,,,,,,
8/01/2007,11.16,11.21,11.05,,,,,,
9/01/2007,11.1,11.19,11.08,,,,,,
10/01/2007,11.12,11.23,11.12,,,,,,
11/01/2007,11.02,11.15,11.04,,,,,,
12/01/2007,10.93,11.07,11,,,,,,
16/01/2007,10.91,11.01,10.95,,,,,,
17/01/2007,10.76,10.84,10.76,,,,,,
18/01/2007,10.71,10.82,10.77,,,,,,
19/01/2007,10.86,10.96,10.86,,,,,,
22/01/2007,10.93,11.06,10.94,,,,,,
23/01/2007,10.79,10.94,10.84,,,,,,
24/01/2007,10.76,10.93,10.82,,,,,,
25/01/2007,10.69,10.88,10.77,,,,,,
26/01/2007,10.72,10.92,10.79,,,,,,
29/01/2007,10.59,10.8,10.74,,,,,,
30/01/2007,10.55,10.75,10.69,,,,,,
31/01/2007,10.6,10.81,10.72,,,,,,
1/02/2007,10.63,10.82,10.72,,,,,,
2/02/2007,10.5,10.67,10.6,,,,,,
5/02/2007,10.48,10.68,10.64,,,,,,
6/02/2007,10.19,10.36,10.37,,,,,,
7/02/2007,10.12,10.27,10.28,,,,,,
8/02/2007,10.28,10.41,10.4,,,,,,
9/02/2007,10.49,10.49,10.46,,,,,,
12/02/2007,10.39,10.4,10.39,,,,,,
13/02/2007,10.38,10.36,10.3,,,,,,
14/02/2007,10.56,10.45,10.35,,,,,,
15/02/2007,11.11,10.85,10.68,,,,,,
16/02/2007,11.13,10.8,10.69,,,,,,
20/02/2007,10.79,10.54,10.46,,,,,,
21/02/2007,10.71,10.39,10.32,,,,,,
22/02/2007,11.1,10.68,10.54,,,,,,
23/02/2007,10.97,10.64,10.51,,,,,,
26/02/2007,11.02,10.69,10.57,,,,,,
27/02/2007,11.45,10.8,10.65,,,,,,
28/02/2007,11.31,10.56,10.47,,,,,,
1/03/2007,10.97,10.81,11.06,,,,,,
2/03/2007,11.22,11.02,11.23,,,,,,
5/03/2007,10.66,10.56,10.79,,,,,,
6/03/2007,10.76,10.64,10.84,,,,,,
7/03/2007,10.68,10.58,10.78,,,,,,
8/03/2007,10.59,10.51,10.73,,,,,,
9/03/2007,10.52,10.38,10.65,,,,,,
12/03/2007,10.36,10.28,10.56,,,,,,
13/03/2007,10.39,10.31,10.64,,,,,,
14/03/2007,10.41,10.28,10.6,,,,,,
15/03/2007,10.23,10.13,10.45,,,,,,
16/03/2007,10.26,10.17,10.49,,,,,,
19/03/2007,10.22,10.15,10.48,,,,,,
20/03/2007,10.23,10.18,10.5,,,,,,
21/03/2007,10.19,10.17,10.51,,,,,,
22/03/2007,10.22,10.23,10.57,,,,,,
23/03/2007,10.2,10.22,10.56,,,,,,
26/03/2007,10,10.05,10.43,,,,,,
27/03/2007,10.11,10.17,10.52,,,,,,
28/03/2007,10.12,10.2,10.56,,,,,,
29/03/2007,9.85,9.96,10.35,,,,,,
30/03/2007,9.88,10,10.36,,,,,,
2/04/2007,9.7,9.87,10.25,,,,,,
3/04/2007,9.72,9.88,10.25,,,,,,
4/04/2007,9.71,9.84,10.19,,,,,,
5/04/2007,9.8,9.9,10.23,,,,,,
9/04/2007,9.98,10.01,10.34,,,,,,
10/04/2007,9.75,9.78,10.15,,,,,,
11/04/2007,9.91,9.89,10.25,,,,,,
12/04/2007,9.88,9.88,10.27,,,,,,
13/04/2007,9.9,9.87,10.23,,,,,,
16/04/2007,9.7,9.59,10,,,,,,
17/04/2007,9.65,9.62,10.01,,,,,,
18/04/2007,9.42,9.42,9.8,,,,,,
19/04/2007,9.55,9.53,9.9,,,,,,
20/04/2007,9.52,9.49,9.83,,,,,,
23/04/2007,9.33,9.24,9.58,,,,,,
24/04/2007,9.32,9.16,9.5,,,,,,
25/04/2007,9.52,9.25,9.56,,,,,,
26/04/2007,9.61,9.36,9.63,,,,,,
27/04/2007,9.35,9.2,9.52,,,,,,
30/04/2007,9.24,9.1,9.45,,,,,,
1/05/2007,9.14,9.44,10.07,,,,,,
2/05/2007,9.14,9.43,10.04,,,,,,
3/05/2007,9.29,9.54,10.12,,,,,,
4/05/2007,9.34,9.63,10.23,,,,,,
7/05/2007,9.32,9.61,10.19,,,,,,
8/05/2007,9.22,9.52,10.12,,,,,,
9/05/2007,9.31,9.55,10.15,,,,,,
10/05/2007,9.26,9.51,10.11,,,,,,
11/05/2007,9.29,9.55,10.16,,,,,,
14/05/2007,9.11,9.41,10.01,,,,,,
15/05/2007,8.65,9,9.58,,,,,,
16/05/2007,8.68,9.03,9.58,,,,,,
17/05/2007,8.68,9.01,9.57,,,,,,
18/05/2007,8.63,8.92,9.46,,,,,,
21/05/2007,8.87,9.08,9.62,,,,,,
22/05/2007,8.76,8.98,9.55,,,,,,
23/05/2007,8.77,8.94,9.52,,,,,,
24/05/2007,8.93,9.08,9.64,,,,,,
25/05/2007,9.42,9.45,9.91,,,,,,
29/05/2007,9.38,9.35,9.78,,,,,,
30/05/2007,9.37,9.33,9.79,,,,,,
31/05/2007,9.34,9.39,9.87,,,,,,
1/06/2007,9.24,9.46,9.97,,,,,,
4/06/2007,8.92,9.19,9.76,,,,,,
5/06/2007,8.56,8.88,9.45,,,,,,
6/06/2007,8.69,8.97,9.55,,,,,,
7/06/2007,8.58,8.86,9.43,,,,,,
8/06/2007,8.61,8.85,9.42,,,,,,
11/06/2007,8.76,9.05,9.55,,,,,,
12/06/2007,8.56,8.92,9.43,,,,,,
13/06/2007,8.45,8.81,9.37,,,,,,
14/06/2007,8.47,8.81,9.33,,,,,,
15/06/2007,8.56,8.98,9.49,,,,,,
18/06/2007,9.02,9.56,10.04,,,,,,
19/06/2007,9,9.44,9.98,,,,,,
20/06/2007,8.93,9.47,9.97,,,,,,
21/06/2007,9.13,9.6,10.09,,,,,,
22/06/2007,9.16,9.69,10.15,,,,,,
25/06/2007,8.93,9.44,9.92,,,,,,
26/06/2007,9.15,9.71,10.12,,,,,,
27/06/2007,9.13,9.65,10.07,,,,,,
28/06/2007,9.06,9.61,10.07,,,,,,
29/06/2007,9.07,9.52,10,,,,,,
2/07/2007,9.24,9.72,9.93,,,,,,
3/07/2007,9.46,9.92,10.1,,,,,,
5/07/2007,9.55,10,10.14,,,,,,
6/07/2007,9.54,10,10.18,,,,,,
9/07/2007,9.65,10.09,10.23,,,,,,
10/07/2007,9.66,10.1,10.22,,,,,,
11/07/2007,9.75,10.2,10.32,,,,,,
12/07/2007,9.7,10.12,10.25,,,,,,
13/07/2007,9.87,10.29,10.35,,,,,,
16/07/2007,9.8,10.25,10.32,,,,,,
17/07/2007,9.85,10.32,10.41,,,,,,
18/07/2007,10.07,10.52,10.59,,,,,,
19/07/2007,10.32,10.7,10.74,,,,,,
20/07/2007,10.3,10.75,10.77,,,,,,
23/07/2007,10.15,10.49,10.48,,,,,,
24/07/2007,10.19,10.53,10.54,,,,,,
25/07/2007,10.15,10.47,10.51,,,,,,
26/07/2007,10.22,10.51,10.55,,,,,,
27/07/2007,9.99,10.29,10.36,,,,,,
30/07/2007,10.02,10.28,10.34,,,,,,
31/07/2007,10.33,10.42,10.42,,,,,,
1/08/2007,10.28,10.33,10.36,,,,,,
2/08/2007,10.25,10.34,10.36,,,,,,
3/08/2007,10.25,10.37,10.4,,,,,,
6/08/2007,9.94,10.12,10.17,,,,,,
7/08/2007,9.84,10.12,10.17,,,,,,
8/08/2007,9.82,10.11,10.15,,,,,,
9/08/2007,9.83,10.09,10.13,,,,,,
10/08/2007,9.54,9.84,9.93,,,,,,
13/08/2007,9.45,9.74,9.84,,,,,,
14/08/2007,9.46,9.75,9.84,,,,,,
15/08/2007,9.45,9.7,9.78,,,,,,
16/08/2007,9.09,9.37,9.45,,,,,,
17/08/2007,9.4,9.64,9.68,,,,,,
20/08/2007,9.42,9.68,9.71,,,,,,
21/08/2007,9.31,9.59,9.65,,,,,,
22/08/2007,9.5,9.8,9.86,,,,,,
23/08/2007,9.53,9.82,9.87,,,,,,
24/08/2007,9.39,9.69,9.74,,,,,,
27/08/2007,9.46,9.75,9.81,,,,,,
28/08/2007,9.45,9.73,9.79,,,,,,
29/08/2007,9.42,9.68,9.72,,,,,,
30/08/2007,9.54,9.8,9.82,,,,,,
31/08/2007,9.48,9.78,9.8,,,,,,
4/09/2007,9.45,9.78,9.81,,,,,,
5/09/2007,9.38,9.73,9.76,,,,,,
6/09/2007,9.37,9.74,9.77,,,,,,
7/09/2007,9.41,9.76,9.8,,,,,,
10/09/2007,9.29,9.69,9.72,,,,,,
11/09/2007,9.3,9.66,9.71,,,,,,
12/09/2007,9.29,9.63,9.67,,,,,,
13/09/2007,9.27,9.54,9.61,,,,,,
14/09/2007,9.35,9.69,9.77,,,,,,
17/09/2007,9.34,9.62,9.68,,,,,,
18/09/2007,9.35,9.61,9.66,,,,,,
19/09/2007,9.69,9.99,9.99,,,,,,
20/09/2007,9.84,10.14,10.18,,,,,,
21/09/2007,9.79,10.08,10.12,,,,,,
24/09/2007,9.88,10.14,10.18,,,,,,
25/09/2007,9.83,10.1,10.14,,,,,,
26/09/2007,9.72,10.02,10.09,,,,,,
27/09/2007,9.82,10.1,10.15,,,,,,
28/09/2007,9.56,10.15,10.19,,,,,,
1/10/2007,9.93,9.99,9.91,,,,,,
2/10/2007,10.02,10.06,9.95,,,,,,
3/10/2007,9.84,9.88,9.79,,,,,,
4/10/2007,9.79,9.84,9.79,,,,,,
5/10/2007,9.79,9.85,9.79,,,,,,
8/10/2007,9.75,9.79,9.77,,,,,,
9/10/2007,9.91,9.92,9.88,,,,,,
10/10/2007,9.74,9.77,9.75,,,,,,
11/10/2007,9.81,9.85,9.84,,,,,,
12/10/2007,9.8,9.84,9.84,,,,,,
15/10/2007,9.95,9.97,9.95,,,,,,
16/10/2007,10.15,10.15,10.11,,,,,,
17/10/2007,10.13,10.12,10.05,,,,,,
18/10/2007,10.09,10.09,10.05,,,,,,
19/10/2007,10.21,10.21,10.14,,,,,,
22/10/2007,10.17,10.18,10.09,,,,,,
23/10/2007,10.17,10.21,10.14,,,,,,
24/10/2007,10.14,10.15,10.08,,,,,,
25/10/2007,10.22,10.21,10.13,,,,,,
26/10/2007,10.15,10.2,10.12,,,,,,
29/10/2007,10.07,10.15,10.11,,,,,,
30/10/2007,10.07,10.14,10.13,,,,,,
31/10/2007,9.98,10.08,10.09,,,,,,
1/11/2007,9.91,10.03,10.04,,,,,,
2/11/2007,9.94,10.1,10.13,,,,,,
5/11/2007,9.9,10.1,10.13,,,,,,
6/11/2007,10.05,10.23,10.24,,,,,,
7/11/2007,10.15,10.34,10.34,,,,,,
8/11/2007,10.15,10.33,10.39,,,,,,
9/11/2007,10.03,10.23,10.31,,,,,,
12/11/2007,9.96,10.18,10.26,,,,,,
13/11/2007,9.9,10.15,10.28,,,,,,
14/11/2007,9.94,10.17,10.3,,,,,,
15/11/2007,9.9,10.14,10.3,,,,,,
16/11/2007,9.84,10.14,10.29,,,,,,
19/11/2007,9.8,10.11,10.25,,,,,,
20/11/2007,9.75,10.06,10.24,,,,,,
21/11/2007,9.78,10.09,10.25,,,,,,
26/11/2007,9.74,10.06,10.23,,,,,,
27/11/2007,9.7,9.99,10.18,,,,,,
28/11/2007,9.94,10.23,10.42,,,,,,
29/11/2007,9.79,10.09,10.26,,,,,,
30/11/2007,9.75,10.05,10.23,,,,,,
3/12/2007,9.71,10.02,10.22,,,,,,
4/12/2007,9.74,10.04,10.24,,,,,,
5/12/2007,9.85,10.14,10.33,,,,,,
6/12/2007,9.88,10.14,10.3,,,,,,
7/12/2007,9.9,10.19,10.36,,,,,,
10/12/2007,10.12,10.36,10.48,,,,,,
11/12/2007,10.3,10.51,10.58,,,,,,
12/12/2007,10.3,10.54,10.61,,,,,,
13/12/2007,10.31,10.56,10.62,,,,,,
14/12/2007,10.48,10.69,10.74,,,,,,
17/12/2007,10.76,10.96,10.99,,,,,,
18/12/2007,10.64,10.89,10.95,,,,,,
19/12/2007,10.74,10.99,11.01,,,,,,
20/12/2007,11.07,11.35,11.39,,,,,,
21/12/2007,11.05,11.31,11.4,,,,,,
26/12/2007,10.9,11.18,11.32,,,,,,
27/12/2007,10.97,11.25,11.36,,,,,,
28/12/2007,10.94,11.25,11.38,,,,,,
31/12/2007,10.82,11.12,11.28,,,,,,
2/01/2008,10.73,11.03,11.23,,,,,,
3/01/2008,11.14,11.4,11.57,,,,,,
4/01/2008,11.32,11.6,11.78,,,,,,
7/01/2008,11.37,11.68,11.85,,,,,,
8/01/2008,11.37,11.68,11.89,,,,,,
9/01/2008,11.45,11.8,12.01,,,,,,
10/01/2008,11.39,11.8,12.03,,,,,,
11/01/2008,11.32,11.73,12,,,,,,
14/01/2008,11.47,11.92,12.19,,,,,,
15/01/2008,11.47,11.92,12.17,,,,,,
16/01/2008,11.77,12.14,12.38,,,,,,
17/01/2008,12.45,12.83,12.99,,,,,,
18/01/2008,11.99,12.41,12.52,,,,,,
22/01/2008,11.55,12,12.1,,,,,,
23/01/2008,11.43,11.87,11.97,,,,,,
24/01/2008,11.47,11.88,11.95,,,,,,
25/01/2008,11.94,12.34,12.41,,,,,,
28/01/2008,12.24,12.64,12.77,,,,,,
29/01/2008,12.2,12.61,12.73,,,,,,
30/01/2008,12.42,12.85,13,,,,,,
31/01/2008,12.36,12.86,13.02,,,,,,
1/02/2008,12.35,12.86,13.01,,,,,,
4/02/2008,12.17,12.7,12.89,,,,,,
5/02/2008,11.86,12.34,12.49,,,,,,
6/02/2008,12.11,12.59,12.75,,,,,,
7/02/2008,11.98,12.45,12.64,,,,,,
8/02/2008,12.71,13.12,13.28,,,,,,
11/02/2008,12.66,13.09,13.26,,,,,,
12/02/2008,12.36,12.85,13,,,,,,
13/02/2008,12.75,13.26,13.41,,,,,,
14/02/2008,13.1,13.63,13.79,,,,,,
15/02/2008,13.26,13.77,13.92,,,,,,
19/02/2008,13.62,14.11,14.27,,,,,,
20/02/2008,13.64,14.1,14.25,,,,,,
21/02/2008,14,14.42,14.53,,,,,,
22/02/2008,13.78,14.24,14.38,,,,,,
25/02/2008,13.71,14.22,14.38,,,,,,
26/02/2008,14.05,14.54,14.69,,,,,,
27/02/2008,14.11,14.63,14.78,,,,,,
28/02/2008,14.08,14.61,14.76,,,,,,
29/02/2008,14.27,14.62,14.75,,,,,,
3/03/2008,15.02,15.18,15.42,,,,,,
4/03/2008,14.36,14.54,14.77,,,,,,
5/03/2008,14.55,14.77,15.04,,,,,,
6/03/2008,13.6,13.85,14.16,,,,,,
7/03/2008,13.36,13.62,13.96,,,,,,
10/03/2008,13.04,13.34,13.67,,,,,,
11/03/2008,13.45,13.72,14.03,,,,,,
12/03/2008,13.16,13.47,13.81,,,,,,
13/03/2008,13.59,13.87,14.24,,,,,,
14/03/2008,13.54,13.86,14.25,,,,,,
17/03/2008,12.09,12.42,12.82,,,,,,
18/03/2008,12.28,12.58,12.97,,,,,,
19/03/2008,11.75,12.13,12.53,,,,,,
20/03/2008,11.89,12.23,12.62,,,,,,
24/03/2008,11.92,12.26,12.64,,,,,,
25/03/2008,12.14,12.49,12.89,,,,,,
26/03/2008,12.24,12.58,12.94,,,,,,
27/03/2008,12.13,12.5,12.86,,,,,,
28/03/2008,11.73,12.12,12.52,,,,,,
31/03/2008,11.69,12.12,12.52,,,,,,
1/04/2008,11.52,11.97,12.39,,,,,,
2/04/2008,11.77,12.23,12.67,,,,,,
3/04/2008,11.81,12.28,12.73,,,,,,
4/04/2008,11.57,12.06,12.51,,,,,,
7/04/2008,12.12,12.63,13.1,,,,,,
8/04/2008,11.88,12.43,12.93,,,,,,
9/04/2008,12.4,12.93,13.41,,,,,,
10/04/2008,12.52,13.08,13.61,,,,,,
11/04/2008,12.34,12.94,13.51,,,,,,
14/04/2008,12.37,13.01,13.59,,,,,,
15/04/2008,12.67,13.31,13.93,,,,,,
16/04/2008,12.65,13.34,13.95,,,,,,
17/04/2008,12.57,13.3,13.91,,,,,,
18/04/2008,12.45,13.29,13.93,,,,,,
21/04/2008,11.83,12.59,13.27,,,,,,
22/04/2008,12.13,12.95,13.64,,,,,,
23/04/2008,11.89,12.75,13.44,,,,,,
24/04/2008,11.5,12.29,13.02,,,,,,
25/04/2008,11.37,12.25,13.01,,,,,,
28/04/2008,10.58,12.06,12.92,,,,,,
29/04/2008,10.16,11.87,12.77,,,,,,
30/04/2008,10.65,11.81,12.7,,,,,,
1/05/2008,11.35,12.22,13.19,,,,,,
2/05/2008,11.49,12.31,13.21,,,,,,
5/05/2008,11.48,12.3,13.17,,,,,,
6/05/2008,11.82,12.73,13.63,,,,,,
7/05/2008,11.73,12.71,13.66,,,,,,
8/05/2008,11.46,12.51,13.56,,,,,,
9/05/2008,11.61,12.68,13.82,,,,,,
12/05/2008,11.65,12.79,13.95,,,,,,
13/05/2008,11.16,12.31,13.5,,,,,,
14/05/2008,11.05,12.09,13.32,,,,,,
15/05/2008,11,12.03,13.26,,,,,,
16/05/2008,11.13,12.15,13.35,,,,,,
19/05/2008,10.86,11.99,13.21,,,,,,
20/05/2008,10.63,11.83,13.16,,,,,,
21/05/2008,10.6,12.05,13.65,,,,,,
22/05/2008,10.43,11.8,13.42,,,,,,
23/05/2008,10.01,11.55,13.11,,,,,,
27/05/2008,10.07,11.38,12.83,,,,,,
28/05/2008,10.11,11.27,12.64,,,,,,
29/05/2008,9.97,11.34,12.74,,,,,,
30/05/2008,10.02,11.43,12.82,,,,,,
2/06/2008,10.31,11.69,13.08,,,,,,
3/06/2008,9.71,11.19,12.69,,,,,,
4/06/2008,9.52,10.99,12.59,,,,,,
5/06/2008,9.56,10.91,12.48,,,,,,
6/06/2008,9.74,11.05,12.63,,,,,,
9/06/2008,9.7,10.97,12.73,,,,,,
10/06/2008,9.8,11.05,12.76,,,,,,
11/06/2008,10.59,11.64,13.15,,,,,,
12/06/2008,10.41,11.55,13.07,,,,,,
13/06/2008,10.54,11.93,13.37,,,,,,
16/06/2008,10.84,12.27,13.67,,,,,,
17/06/2008,11.06,12.43,13.67,,,,,,
18/06/2008,11.6,12.89,13.98,,,,,,
19/06/2008,11.58,12.71,13.9,,,,,,
20/06/2008,11.97,13.08,14.26,,,,,,
23/06/2008,11.71,12.87,14.18,,,,,,
24/06/2008,11.56,12.71,14.08,,,,,,
25/06/2008,11.48,12.65,14.1,,,,,,
26/06/2008,11.68,12.95,14.4,,,,,,
27/06/2008,11.38,12.74,14.37,,,,,,
30/06/2008,12.04,13.1,14.62,,,,,,
1/07/2008,13.72,15.12,15.35,,,,,,
2/07/2008,13.98,15.29,15.5,,,,,,
3/07/2008,13.91,15.33,15.51,,,,,,
7/07/2008,13.52,14.91,15.08,,,,,,
8/07/2008,13.75,15.18,15.36,,,,,,
9/07/2008,13.86,15.31,15.49,,,,,,
10/07/2008,13.61,15.08,15.3,,,,,,
11/07/2008,13.99,15.53,15.71,,,,,,
14/07/2008,13.59,15.25,15.38,,,,,,
15/07/2008,13.93,15.56,15.7,,,,,,
16/07/2008,13.78,15.31,15.43,,,,,,
17/07/2008,12.71,14.29,14.47,,,,,,
18/07/2008,12.49,14.04,14.28,,,,,,
21/07/2008,12.48,14.03,14.22,,,,,,
22/07/2008,12.01,13.55,13.76,,,,,,
23/07/2008,12.09,13.52,13.76,,,,,,
24/07/2008,12.24,13.67,13.87,,,,,,
25/07/2008,12.44,13.86,14.01,,,,,,
28/07/2008,12.32,13.72,13.85,,,,,,
29/07/2008,12.82,14.16,14.25,,,,,,
30/07/2008,13.4,14.64,14.71,,,,,,
31/07/2008,13.93,15.11,15.18,,,,,,
1/08/2008,14.13,15.26,15.27,,,,,,
4/08/2008,13.42,14.62,14.66,,,,,,
5/08/2008,13.93,15.15,15.19,,,,,,
6/08/2008,14.19,15.39,15.4,,,,,,
7/08/2008,13.79,14.92,14.96,,,,,,
8/08/2008,13.56,14.75,14.79,,,,,,
11/08/2008,13.37,14.59,14.65,,,,,,
12/08/2008,13.61,14.83,14.87,,,,,,
13/08/2008,13.85,15.2,15.24,,,,,,
14/08/2008,13.39,14.75,14.79,,,,,,
15/08/2008,13.12,14.51,14.61,,,,,,
18/08/2008,13.67,14.96,15.07,,,,,,
19/08/2008,13.67,14.99,15.07,,,,,,
20/08/2008,13.68,15.03,15.11,,,,,,
21/08/2008,14.14,15.53,15.59,,,,,,
22/08/2008,14.14,15.61,15.68,,,,,,
25/08/2008,13.99,15.49,15.56,,,,,,
26/08/2008,14.08,15.57,15.66,,,,,,
27/08/2008,13.59,15.11,15.24,,,,,,
28/08/2008,13.23,14.84,15.04,,,,,,
29/08/2008,12.76,14.56,14.77,,,,,,
2/09/2008,12.71,14.55,14.8,,,,,,
3/09/2008,12.51,14.35,14.6,,,,,,
4/09/2008,12.65,14.44,14.67,,,,,,
5/09/2008,12.54,14.2,14.4,,,,,,
8/09/2008,12.37,14,14.21,,,,,,
9/09/2008,12.1,13.85,14.09,,,,,,
10/09/2008,12.14,13.88,14.14,,,,,,
11/09/2008,11.94,13.61,13.94,,,,,,
12/09/2008,12.36,14.06,14.35,,,,,,
15/09/2008,12.14,13.88,14.17,,,,,,
16/09/2008,12,13.7,13.98,,,,,,
17/09/2008,12.22,13.93,14.18,,,,,,
18/09/2008,11.67,13.46,13.71,,,,,,
19/09/2008,11.65,13.64,13.86,,,,,,
22/09/2008,12.06,14.26,14.52,,,,,,
23/09/2008,11.83,13.94,14.28,,,,,,
24/09/2008,12.14,14.1,14.38,,,,,,
25/09/2008,13.05,14.55,14.79,,,,,,
26/09/2008,13.1,14.48,14.72,,,,,,
29/09/2008,12.59,13.89,14.17,,,,,,
30/09/2008,12.36,13.66,13.92,,,,,,
1/10/2008,13.93,14.14,14.17,,,,,,
2/10/2008,13.08,13.26,13.24,,,,,,
3/10/2008,12.61,12.85,12.82,,,,,,
6/10/2008,11.79,12.01,12.01,,,,,,
7/10/2008,12.03,12.23,12.26,,,,,,
8/10/2008,11.89,12.09,12.13,,,,,,
9/10/2008,11.9,12.09,12.13,,,,,,
10/10/2008,11.23,11.44,11.53,,,,,,
13/10/2008,11.7,11.9,11.99,,,,,,
14/10/2008,11.71,11.94,12.02,,,,,,
15/10/2008,11.18,11.41,11.49,,,,,,
16/10/2008,11.16,11.4,11.51,,,,,,
17/10/2008,11.58,11.89,11.99,,,,,,
20/10/2008,11.5,11.82,11.93,,,,,,
21/10/2008,11.24,11.55,11.68,,,,,,
22/10/2008,10.96,11.3,11.46,,,,,,
23/10/2008,10.84,11.18,11.35,,,,,,
24/10/2008,10.76,11.09,11.27,,,,,,
27/10/2008,10.96,11.24,11.4,,,,,,
28/10/2008,11.14,11.42,11.56,,,,,,
29/10/2008,12.09,12.34,12.46,,,,,,
30/10/2008,11.85,12.11,12.24,,,,,,
31/10/2008,12.02,12.29,12.42,,,,,,
3/11/2008,12.18,12.46,12.57,,,,,,
4/11/2008,12.71,12.96,13.08,,,,,,
5/11/2008,12.64,12.91,13.06,,,,,,
6/11/2008,11.87,12.19,12.37,,,,,,
7/11/2008,12.01,12.34,12.56,,,,,,
10/11/2008,12,12.3,12.48,,,,,,
11/11/2008,11.8,12.12,12.31,,,,,,
12/11/2008,11.61,11.96,12.18,,,,,,
13/11/2008,11.42,11.77,12,,,,,,
14/11/2008,11.65,11.98,12.23,,,,,,
17/11/2008,11.74,12.06,12.25,,,,,,
18/11/2008,11.61,11.94,12.13,,,,,,
19/11/2008,11.67,11.99,12.18,,,,,,
20/11/2008,11.51,11.85,12.05,,,,,,
21/11/2008,11.28,11.61,11.79,,,,,,
24/11/2008,11.72,12.04,12.22,,,,,,
25/11/2008,11.61,11.97,12.16,,,,,,
26/11/2008,11.81,12.22,12.43,,,,,,
28/11/2008,11.9,12.32,12.55,,,,,,
1/12/2008,11.65,12.09,12.33,,,,,,
2/12/2008,11.62,12.08,12.38,,,,,,
3/12/2008,11.16,11.62,11.95,,,,,,
4/12/2008,10.8,11.33,11.59,,,,,,
5/12/2008,10.57,11.11,11.38,,,,,,
8/12/2008,11.25,11.75,12.03,,,,,,
9/12/2008,11.22,11.64,11.89,,,,,,
10/12/2008,11.62,12.12,12.39,,,,,,
11/12/2008,11.89,12.38,12.65,,,,,,
12/12/2008,11.64,12.16,12.48,,,,,,
15/12/2008,11.52,12.05,12.38,,,,,,
16/12/2008,11.67,12.21,12.56,,,,,,
17/12/2008,11.73,12.28,12.64,,,,,,
18/12/2008,11.83,12.37,12.75,,,,,,
19/12/2008,10.95,11.59,12.04,,,,,,
22/12/2008,10.85,11.53,12.05,,,,,,
23/12/2008,10.85,11.51,12.03,,,,,,
24/12/2008,11.02,11.65,12.17,,,,,,
26/12/2008,10.98,11.61,12.11,,,,,,
29/12/2008,11.12,11.71,12.18,,,,,,
30/12/2008,11.29,11.88,12.31,,,,,,
31/12/2008,11.81,12.3,12.66,,,,,,
2/01/2009,11.85,12.35,12.73,,,,,,
5/01/2009,11.82,12.37,12.8,,,,,,
6/01/2009,12.27,12.8,13.18,,,,,,
7/01/2009,11.98,12.52,12.9,,,,,,
8/01/2009,12.03,12.51,12.87,,,,,,
9/01/2009,12.05,12.5,12.84,,,,,,
12/01/2009,11.47,11.97,12.39,,,,,,
13/01/2009,11.53,12.01,12.43,,,,,,
14/01/2009,11.43,11.89,12.24,,,,,,
15/01/2009,11.96,12.26,12.57,,,,,,
16/01/2009,12.26,12.57,12.82,,,,,,
20/01/2009,12.59,12.85,13.04,,,,,,
21/01/2009,12.6,12.81,12.96,,,,,,
22/01/2009,12.38,12.64,12.77,,,,,,
23/01/2009,12.7,12.94,13.01,,,,,,
26/01/2009,12.92,13.13,13.2,,,,,,
27/01/2009,12.91,13.16,13.3,,,,,,
28/01/2009,12.87,13.2,13.36,,,,,,
29/01/2009,12.59,12.97,13.12,,,,,,
30/01/2009,12.67,13,13.14,,,,,,
2/02/2009,12.75,13.06,13.16,,,,,,
3/02/2009,12.66,12.95,13.07,,,,,,
4/02/2009,12.59,12.88,13,,,,,,
5/02/2009,12.98,13.31,13.37,,,,,,
6/02/2009,13.12,13.42,13.5,,,,,,
9/02/2009,13.28,13.56,13.62,,,,,,
10/02/2009,13.23,13.5,13.59,,,,,,
11/02/2009,13.19,13.5,13.62,,,,,,
12/02/2009,13.13,13.49,13.61,,,,,,
13/02/2009,13.26,13.57,13.67,,,,,,
17/02/2009,12.98,13.28,13.43,,,,,,
18/02/2009,12.69,13.01,13.14,,,,,,
19/02/2009,12.84,13.17,13.32,,,,,,
20/02/2009,12.71,13.06,13.22,,,,,,
23/02/2009,12.68,12.99,13.17,,,,,,
24/02/2009,12.83,13.13,13.32,,,,,,
25/02/2009,13.18,13.42,13.55,,,,,,
26/02/2009,13.7,13.9,13.99,,,,,,
27/02/2009,13.47,13.73,13.87,,,,,,
2/03/2009,12.75,13,13.38,,,,,,
3/03/2009,12.69,12.98,13.43,,,,,,
4/03/2009,13.26,13.49,13.88,,,,,,
5/03/2009,12.83,13.14,13.6,,,,,,
6/03/2009,12.78,13.09,13.55,,,,,,
9/03/2009,12.49,12.82,13.28,,,,,,
10/03/2009,12.59,12.93,13.39,,,,,,
11/03/2009,12.81,13.16,13.62,,,,,,
12/03/2009,13.09,13.41,13.86,,,,,,
13/03/2009,12.88,13.26,13.74,,,,,,
16/03/2009,12.99,13.35,13.84,,,,,,
17/03/2009,13.11,13.47,13.95,,,,,,
18/03/2009,13.24,13.63,14.1,,,,,,
19/03/2009,13.62,13.99,14.46,,,,,,
20/03/2009,13.54,13.97,14.51,,,,,,
23/03/2009,13.41,13.86,14.44,,,,,,
24/03/2009,13,13.61,14.27,,,,,,
25/03/2009,12.82,13.51,14.28,,,,,,
26/03/2009,12.75,13.42,14.19,,,,,,
27/03/2009,12.62,13.32,14.14,,,,,,
30/03/2009,12.48,13.16,13.98,,,,,,
31/03/2009,12.67,13.33,14.08,,,,,,
1/04/2009,12.73,13.33,14.02,,,,,,
2/04/2009,13.06,13.63,14.32,,,,,,
3/04/2009,12.55,13.17,13.94,,,,,,
6/04/2009,12.22,12.85,13.68,,,,,,
7/04/2009,12.23,12.88,13.74,,,,,,
8/04/2009,12.38,12.95,13.78,,,,,,
9/04/2009,12.74,13.31,14.17,,,,,,
13/04/2009,13.32,13.77,14.46,,,,,,
14/04/2009,13.25,13.67,14.35,,,,,,
15/04/2009,13.14,13.56,14.31,,,,,,
16/04/2009,12.84,13.35,14.1,,,,,,
17/04/2009,13.19,13.66,14.36,,,,,,
20/04/2009,12.92,13.32,14.03,,,,,,
21/04/2009,13.06,13.43,14.14,,,,,,
22/04/2009,13.22,13.55,14.21,,,,,,
23/04/2009,13.35,13.67,14.29,,,,,,
24/04/2009,13.9,14.18,14.73,,,,,,
27/04/2009,13.7,13.89,14.49,,,,,,
28/04/2009,13.79,14.04,14.68,,,,,,
29/04/2009,13.84,14.08,14.74,,,,,,
30/04/2009,14.05,14.36,14.94,,,,,,
1/05/2009,15.05,15.56,16.14,,,,,,
4/05/2009,15.02,15.54,16.1,,,,,,
5/05/2009,15.15,15.72,16.29,,,,,,
6/05/2009,15.36,15.89,16.44,,,,,,
7/05/2009,15.49,16.02,16.53,,,,,,
8/05/2009,15.27,15.82,16.31,,,,,,
11/05/2009,15.61,16.13,16.59,,,,,,
12/05/2009,15.72,16.37,16.91,,,,,,
13/05/2009,15.4,16.15,16.84,,,,,,
14/05/2009,15.47,16.25,16.97,,,,,,
15/05/2009,14.95,15.78,16.56,,,,,,
18/05/2009,15.61,16.44,17.2,,,,,,
19/05/2009,15.63,16.53,17.28,,,,,,
20/05/2009,15.38,16.32,17.1,,,,,,
21/05/2009,15.62,16.56,17.34,,,,,,
22/05/2009,15.7,16.63,17.42,,,,,,
26/05/2009,15.94,16.85,17.56,,,,,,
27/05/2009,15.77,16.77,17.5,,,,,,
28/05/2009,15.64,16.62,17.36,,,,,,
29/05/2009,15.58,16.54,17.27,,,,,,
1/06/2009,15.85,16.85,17.59,,,,,,
2/06/2009,15.44,16.59,17.53,,,,,,
3/06/2009,14.89,16.17,17.21,,,,,,
4/06/2009,15.24,16.46,17.45,,,,,,
5/06/2009,15.53,16.68,17.6,,,,,,
8/06/2009,15.37,16.51,17.49,,,,,,
9/06/2009,15.56,16.6,17.58,,,,,,
10/06/2009,15.38,16.42,17.44,,,,,,
11/06/2009,15.35,16.47,17.51,,,,,,
12/06/2009,15.2,16.32,17.43,,,,,,
15/06/2009,14.86,15.9,16.97,,,,,,
16/06/2009,14.8,15.78,16.87,,,,,,
17/06/2009,14.99,15.95,16.98,,,,,,
18/06/2009,14.87,15.84,16.84,,,,,,
19/06/2009,15,16.07,17.04,,,,,,
22/06/2009,15.07,16.24,17.2,,,,,,
23/06/2009,15.86,16.98,17.95,,,,,,
24/06/2009,15.94,17.13,18.04,,,,,,
25/06/2009,16.65,17.7,18.65,,,,,,
26/06/2009,16.26,17.31,18.25,,,,,,
29/06/2009,16.93,17.9,18.8,,,,,,
30/06/2009,16.81,17.85,18.83,,,,,,
1/07/2009,17.75,18.74,18.37,,,,,,
2/07/2009,17.58,18.57,18.2,,,,,,
6/07/2009,17.32,18.36,18.02,,,,,,
7/07/2009,16.96,18.16,17.78,,,,,,
8/07/2009,17.21,18.41,17.98,,,,,,
9/07/2009,17.1,18.37,17.93,,,,,,
10/07/2009,17.27,18.55,18.08,,,,,,
13/07/2009,17.54,18.88,18.37,,,,,,
14/07/2009,17.68,19.03,18.52,,,,,,
15/07/2009,17.77,19.05,18.56,,,,,,
16/07/2009,17.39,18.65,18.2,,,,,,
17/07/2009,17.3,18.56,18.11,,,,,,
20/07/2009,17.74,19.04,18.54,,,,,,
21/07/2009,17.8,19.08,18.6,,,,,,
22/07/2009,17.99,19.25,18.76,,,,,,
23/07/2009,18.26,19.34,18.82,,,,,,
24/07/2009,18.43,19.48,18.99,,,,,,
27/07/2009,18.45,19.6,19.09,,,,,,
28/07/2009,18.5,19.6,19.1,,,,,,
29/07/2009,18.56,19.61,19.1,,,,,,
30/07/2009,18.75,19.88,19.27,,,,,,
31/07/2009,18.61,19.78,19.18,,,,,,
3/08/2009,19.14,20.29,19.62,,,,,,
4/08/2009,19.35,20.6,19.92,,,,,,
5/08/2009,19.37,20.66,19.98,,,,,,
6/08/2009,19.8,21.07,20.32,,,,,,
7/08/2009,20.81,22.03,21.05,,,,,,
10/08/2009,22,23.31,22.12,,,,,,
11/08/2009,21.92,23.36,22.16,,,,,,
12/08/2009,22.97,24.32,22.84,,,,,,
13/08/2009,22.21,23.71,22.51,,,,,,
14/08/2009,21.98,23.5,22.38,,,,,,
17/08/2009,21.83,23.36,22.23,,,,,,
18/08/2009,21.78,23.21,22.09,,,,,,
19/08/2009,22.67,24.08,22.79,,,,,,
20/08/2009,21.97,23.43,22.14,,,,,,
21/08/2009,21.84,23.29,21.98,,,,,,
24/08/2009,21.79,23.25,21.93,,,,,,
25/08/2009,21.92,23.29,22.06,,,,,,
26/08/2009,22.37,23.7,22.41,,,,,,
27/08/2009,22.49,23.91,22.55,,,,,,
28/08/2009,23.52,24.95,23.42,,,,,,
31/08/2009,24.39,25.82,24.2,,,,,,
1/09/2009,24.24,25.59,24,,,,,,
2/09/2009,23.68,25.01,23.51,,,,,,
3/09/2009,23.14,24.58,23.13,,,,,,
4/09/2009,21.6,23.03,21.77,,,,,,
8/09/2009,20.87,22.4,21.36,,,,,,
9/09/2009,20.99,22.53,21.59,,,,,,
10/09/2009,21.79,23.42,22.5,,,,,,
11/09/2009,21.21,22.86,21.97,,,,,,
14/09/2009,22.06,23.69,22.65,,,,,,
15/09/2009,21.78,23.32,22.36,,,,,,
16/09/2009,22.49,24,22.9,,,,,,
17/09/2009,22.66,23.93,22.73,,,,,,
18/09/2009,21.91,23.24,22.16,,,,,,
21/09/2009,21.86,23.22,22.24,,,,,,
22/09/2009,22.15,23.61,22.66,,,,,,
23/09/2009,21.55,23.08,22.16,,,,,,
24/09/2009,21.44,22.92,22.02,,,,,,
25/09/2009,21.59,23.17,22.36,,,,,,
28/09/2009,22.65,24.1,23.21,,,,,,
29/09/2009,23.46,24.94,23.8,,,,,,
30/09/2009,24.12,25.39,24.18,,,,,,
1/10/2009,24.64,23.49,21.91,,,,,,
2/10/2009,23.78,22.78,21.29,,,,,,
5/10/2009,24.19,23.15,21.62,,,,,,
6/10/2009,24,22.95,21.5,,,,,,
7/10/2009,23.12,22.19,20.84,,,,,,
8/10/2009,22.54,21.7,20.56,,,,,,
9/10/2009,21.24,20.55,19.6,,,,,,
12/10/2009,21.63,20.88,19.95,,,,,,
13/10/2009,22.79,21.88,20.74,,,,,,
14/10/2009,22.71,21.84,20.78,,,,,,
15/10/2009,23.85,22.86,21.67,,,,,,
16/10/2009,23.91,22.84,21.46,,,,,,
19/10/2009,24.17,22.94,21.4,,,,,,
20/10/2009,23.59,22.47,21.03,,,,,,
21/10/2009,24.04,22.98,21.49,,,,,,
22/10/2009,23.08,22.14,20.8,,,,,,
23/10/2009,23.12,22.13,20.85,,,,,,
26/10/2009,22.94,22,20.83,,,,,,
27/10/2009,22.65,21.71,20.6,,,,,,
28/10/2009,21.93,21.02,19.95,,,,,,
29/10/2009,22.81,21.84,20.67,,,,,,
30/10/2009,22.81,21.81,20.65,,,,,,
2/11/2009,23.44,22.36,21.09,,,,,,
3/11/2009,23.97,22.87,21.47,,,,,,
4/11/2009,23.59,22.55,21.21,,,,,,
5/11/2009,22.76,21.74,20.46,,,,,,
6/11/2009,22.43,21.45,20.24,,,,,,
9/11/2009,22.41,21.33,19.94,,,,,,
10/11/2009,21.91,20.87,19.55,,,,,,
11/11/2009,22.67,21.57,20.17,,,,,,
12/11/2009,22.69,21.58,20.19,,,,,,
13/11/2009,22.72,21.73,20.42,,,,,,
16/11/2009,23.23,22.14,20.74,,,,,,
17/11/2009,23.1,22.09,20.63,,,,,,
18/11/2009,23.3,22.33,20.87,,,,,,
19/11/2009,22.74,21.86,20.43,,,,,,
20/11/2009,22.47,21.67,20.34,,,,,,
23/11/2009,22.14,21.4,20.16,,,,,,
24/11/2009,22.08,21.34,20.09,,,,,,
25/11/2009,22.32,21.56,20.31,,,,,,
27/11/2009,22.77,21.94,20.64,,,,,,
30/11/2009,22.64,21.84,20.61,,,,,,
1/12/2009,22.66,21.99,20.83,,,,,,
2/12/2009,23.04,22.36,21.18,,,,,,
3/12/2009,23.11,22.44,21.29,,,,,,
4/12/2009,22.52,21.93,20.92,,,,,,
7/12/2009,22.45,21.92,20.93,,,,,,
8/12/2009,22.22,21.67,20.76,,,,,,
9/12/2009,22.15,21.57,20.67,,,,,,
10/12/2009,23.26,22.44,21.41,,,,,,
11/12/2009,24,23.07,21.85,,,,,,
14/12/2009,25.28,24.12,22.65,,,,,,
15/12/2009,24.82,23.43,21.96,,,,,,
16/12/2009,25.94,24.33,22.59,,,,,,
17/12/2009,26.43,24.67,22.88,,,,,,
18/12/2009,26.34,24.62,22.64,,,,,,
21/12/2009,25.62,24.2,22.32,,,,,,
22/12/2009,26.5,25.01,22.91,,,,,,
23/12/2009,26.5,24.93,22.77,,,,,,
24/12/2009,27.08,25.22,22.95,,,,,,
28/12/2009,27.26,25.22,22.85,,,,,,
29/12/2009,26.77,24.98,22.76,,,,,,
30/12/2009,26.96,25.06,22.87,,,,,,
31/12/2009,26.95,25.23,23.02,,,,,,
4/01/2010,27.62,25.94,23.61,,,,,,
5/01/2010,27.64,26.1,23.75,,,,,,
6/01/2010,28.41,26.88,24.19,,,,,,
7/01/2010,28,26.7,24.01,,,,,,
8/01/2010,27.53,26.25,23.36,,,,,,
11/01/2010,26.75,25.65,22.96,,,,,,
12/01/2010,27.36,26.04,23.28,,,,,,
13/01/2010,28.04,26.77,23.91,,,,,,
14/01/2010,27.76,26.52,23.7,,,,,,
15/01/2010,27.62,26.38,23.6,,,,,,
19/01/2010,28.98,27.52,24.31,,,,,,
20/01/2010,29.11,27.79,24.28,,,,,,
21/01/2010,29.26,28.02,24.52,,,,,,
22/01/2010,28.78,27.6,24.02,,,,,,
25/01/2010,29.8,28.5,24.5,,,,,,
26/01/2010,29.3,28.17,24.09,,,,,,
27/01/2010,28.36,27.36,23.71,,,,,,
28/01/2010,29,27.96,24.2,,,,,,
29/01/2010,29.9,28.6,24.71,,,,,,
1/02/2010,29.28,28.24,24.6,,,,,,
2/02/2010,29.4,28.38,24.96,,,,,,
3/02/2010,28.58,27.66,24.88,,,,,,
4/02/2010,27.64,26.75,24.41,,,,,,
5/02/2010,26.17,25.37,23.39,,,,,,
8/02/2010,26.6,25.77,23.77,,,,,,
9/02/2010,27.07,26.2,24.17,,,,,,
10/02/2010,26.64,25.93,23.96,,,,,,
11/02/2010,27.53,26.9,24.56,,,,,,
12/02/2010,26.95,26.33,24.19,,,,,,
16/02/2010,27.36,26.78,24.7,,,,,,
17/02/2010,26.12,25.57,23.75,,,,,,
18/02/2010,26.47,25.8,23.92,,,,,,
19/02/2010,26.8,25.96,23.92,,,,,,
22/02/2010,24.79,24.12,22.55,,,,,,
23/02/2010,24.37,23.68,22.24,,,,,,
24/02/2010,25.11,24.4,22.71,,,,,,
25/02/2010,24.45,23.7,22.11,,,,,,
26/02/2010,24.13,23.6,22.08,,,,,,
1/03/2010,22.26,20.98,20.16,,,,,,
2/03/2010,22.64,20.94,20.08,,,,,,
3/03/2010,22.05,20.45,19.54,,,,,,
4/03/2010,21.67,20.33,19.48,,,,,,
5/03/2010,22.19,20.78,19.93,,,,,,
8/03/2010,21.57,20.42,19.69,,,,,,
9/03/2010,20.32,19.34,18.68,,,,,,
10/03/2010,19.69,18.9,18.28,,,,,,
11/03/2010,19.27,18.5,17.97,,,,,,
12/03/2010,19.67,18.87,18.35,,,,,,
15/03/2010,19.39,18.66,18.16,,,,,,
16/03/2010,18.24,17.69,17.38,,,,,,
17/03/2010,18.33,17.87,17.5,,,,,,
18/03/2010,19.03,18.51,18.02,,,,,,
19/03/2010,18.64,18.31,17.96,,,,,,
22/03/2010,17.84,17.62,17.46,,,,,,
23/03/2010,16.57,16.45,16.46,,,,,,
24/03/2010,17.67,17.49,17.35,,,,,,
25/03/2010,17.05,16.97,16.9,,,,,,
26/03/2010,17,16.86,16.7,,,,,,
29/03/2010,17.51,17.38,17.08,,,,,,
30/03/2010,17.88,17.77,17.44,,,,,,
31/03/2010,16.59,16.51,16.5,,,,,,
1/04/2010,16.7,16.87,16.82,,,,,,
5/04/2010,16.4,16.72,16.98,,,,,,
6/04/2010,15.89,16.23,16.7,,,,,,
7/04/2010,16.16,16.52,16.92,,,,,,
8/04/2010,15.92,16.32,16.84,,,,,,
9/04/2010,16.39,16.76,17.26,,,,,,
12/04/2010,16.54,16.85,17.36,,,,,,
13/04/2010,16.98,17.23,17.71,,,,,,
14/04/2010,17.53,17.68,18.02,,,,,,
15/04/2010,16.85,17.08,17.6,,,,,,
16/04/2010,15.95,16.18,16.97,,,,,,
19/04/2010,16.91,17.05,17.81,,,,,,
20/04/2010,16.46,16.6,17.2,,,,,,
21/04/2010,16.55,16.69,17.25,,,,,,
22/04/2010,16.07,16.14,16.85,,,,,,
23/04/2010,15.66,15.75,16.44,,,,,,
26/04/2010,15.69,15.85,16.53,,,,,,
27/04/2010,15.12,15.37,16.1,,,,,,
28/04/2010,14.63,14.86,15.53,,,,,,
29/04/2010,15.1,15.29,15.88,,,,,,
30/04/2010,15.05,15.15,15.81,,,,,,
3/05/2010,14.98,15.67,16.45,,,,,,
4/05/2010,14.51,15.14,15.97,,,,,,
5/05/2010,14.41,15.01,15.82,,,,,,
6/05/2010,13.67,14.33,15.13,,,,,,
7/05/2010,13.75,14.4,15.21,,,,,,
10/05/2010,14.18,14.82,15.59,,,,,,
11/05/2010,13.91,14.58,15.38,,,,,,
12/05/2010,14.67,15.23,16.01,,,,,,
13/05/2010,14.66,15.22,16,,,,,,
14/05/2010,14.13,14.73,15.52,,,,,,
17/05/2010,13.89,14.44,15.26,,,,,,
18/05/2010,14.8,15.27,16.15,,,,,,
19/05/2010,14.93,15.34,16.11,,,,,,
20/05/2010,14.99,15.34,16.07,,,,,,
21/05/2010,15.65,15.88,16.46,,,,,,
24/05/2010,15.19,15.55,16.28,,,,,,
25/05/2010,15.25,15.58,16.3,,,,,,
26/05/2010,15.36,15.65,16.39,,,,,,
27/05/2010,14.92,15.34,16.15,,,,,,
28/05/2010,14.19,14.69,15.65,,,,,,
1/06/2010,14.4,14.9,15.89,,,,,,
2/06/2010,13.94,14.47,15.55,,,,,,
3/06/2010,13.99,14.45,15.54,,,,,,
4/06/2010,14.52,14.87,15.77,,,,,,
7/06/2010,14.33,14.68,15.72,,,,,,
8/06/2010,14.88,15.09,16.12,,,,,,
9/06/2010,15.16,15.38,16.37,,,,,,
10/06/2010,15.36,15.51,16.48,,,,,,
11/06/2010,15.83,15.84,16.64,,,,,,
14/06/2010,16.05,15.99,16.7,,,,,,
15/06/2010,16.18,15.95,16.7,,,,,,
16/06/2010,16.27,16.05,16.72,,,,,,
17/06/2010,15.79,15.6,16.35,,,,,,
18/06/2010,15.58,15.38,16.07,,,,,,
21/06/2010,16.18,15.96,16.7,,,,,,
22/06/2010,16.21,15.92,16.61,,,,,,
23/06/2010,16.25,15.81,16.37,,,,,,
24/06/2010,16.82,16.19,16.67,,,,,,
25/06/2010,17.29,16.39,16.84,,,,,,
28/06/2010,17.19,15.82,16.35,,,,,,
29/06/2010,17.58,15.28,15.87,,,,,,
30/06/2010,18.03,16.06,16.57,,,,,,
1/07/2010,16.28,16.77,16.37,,,,,,
2/07/2010,16.7,17.1,16.59,,,,,,
6/07/2010,16.69,17.09,16.54,,,,,,
7/07/2010,17.06,17.37,16.82,,,,,,
8/07/2010,17.09,17.4,16.82,,,,,,
9/07/2010,16.61,16.99,16.38,,,,,,
12/07/2010,17.1,17.55,16.96,,,,,,
13/07/2010,17.17,17.68,17.16,,,,,,
14/07/2010,16.97,17.45,17,,,,,,
15/07/2010,17.39,17.78,17.26,,,,,,
16/07/2010,17.11,17.47,16.98,,,,,,
19/07/2010,17.61,17.84,17.33,,,,,,
20/07/2010,17.28,17.48,16.99,,,,,,
21/07/2010,17.47,17.68,17.18,,,,,,
22/07/2010,18.3,18.02,17.27,,,,,,
23/07/2010,18.26,18.05,17.28,,,,,,
26/07/2010,18.62,18.26,17.51,,,,,,
27/07/2010,18.42,18.09,17.37,,,,,,
28/07/2010,18.87,18.31,17.54,,,,,,
29/07/2010,19.5,18.51,17.58,,,,,,
30/07/2010,19.57,18.6,17.68,,,,,,
2/08/2010,19.4,18.62,17.79,,,,,,
3/08/2010,18.59,18.03,17.27,,,,,,
4/08/2010,18.88,18.26,17.49,,,,,,
5/08/2010,18.29,17.77,16.98,,,,,,
6/08/2010,18.24,17.95,17.18,,,,,,
9/08/2010,17.73,17.62,16.99,,,,,,
10/08/2010,18.56,18.18,17.41,,,,,,
11/08/2010,18.26,17.92,17.16,,,,,,
12/08/2010,18.97,18.34,17.44,,,,,,
13/08/2010,19.42,18.71,17.77,,,,,,
16/08/2010,18.94,18.47,17.65,,,,,,
17/08/2010,19.38,18.78,17.99,,,,,,
18/08/2010,19.6,18.72,17.81,,,,,,
19/08/2010,19.48,18.62,17.76,,,,,,
20/08/2010,19.95,18.79,17.85,,,,,,
23/08/2010,20.07,19.08,18.05,,,,,,
24/08/2010,20.16,19.25,18.26,,,,,,
25/08/2010,20.03,19.3,18.27,,,,,,
26/08/2010,19.27,18.81,17.85,,,,,,
27/08/2010,19.96,19.37,18.29,,,,,,
30/08/2010,19.81,19.37,18.34,,,,,,
31/08/2010,19.75,19.32,18.26,,,,,,
1/09/2010,20.49,19.96,18.89,,,,,,
2/09/2010,20.81,20.22,19.21,,,,,,
3/09/2010,20.6,20.13,19.17,,,,,,
7/09/2010,21.45,20.96,19.85,,,,,,
8/09/2010,21.38,20.78,19.74,,,,,,
9/09/2010,22.43,21.38,20.28,,,,,,
10/09/2010,22.73,21.71,20.48,,,,,,
13/09/2010,23.34,22.55,21.15,,,,,,
14/09/2010,24.36,23.41,21.6,,,,,,
15/09/2010,23.82,22.73,21.08,,,,,,
16/09/2010,24.48,23.24,21.59,,,,,,
17/09/2010,24.61,23.25,21.55,,,,,,
20/09/2010,24.29,23.08,21.37,,,,,,
21/09/2010,23.79,22.77,21.19,,,,,,
22/09/2010,24.31,23.19,21.51,,,,,,
23/09/2010,24.7,23.62,21.78,,,,,,
24/09/2010,25.44,24.4,22.59,,,,,,
27/09/2010,26.09,24.98,23.08,,,,,,
28/09/2010,26.84,25.29,23.32,,,,,,
29/09/2010,26.82,24.93,23.08,,,,,,
30/09/2010,25.3,23.48,21.78,,,,,,
1/10/2010,23.36,21.56,19.7,,,,,,
4/10/2010,22.99,21.41,19.64,,,,,,
5/10/2010,23.74,21.96,20.04,,,,,,
6/10/2010,23.54,21.84,19.99,,,,,,
7/10/2010,25.16,23.04,20.89,,,,,,
8/10/2010,26.32,23.97,21.58,,,,,,
11/10/2010,26.59,24.34,22.03,,,,,,
12/10/2010,27.45,24.82,22.25,,,,,,
13/10/2010,27.5,24.91,22.31,,,,,,
14/10/2010,27.94,25.23,22.55,,,,,,
15/10/2010,27.06,24.61,22.12,,,,,,
18/10/2010,27.58,24.9,22.23,,,,,,
19/10/2010,28.33,25.47,22.6,,,,,,
20/10/2010,28.81,26.06,23.27,,,,,,
21/10/2010,28.35,25.74,23.07,,,,,,
22/10/2010,28.22,25.6,23.06,,,,,,
25/10/2010,28.5,26.11,23.71,,,,,,
26/10/2010,27.96,25.83,23.66,,,,,,
27/10/2010,28.59,26.28,23.95,,,,,,
28/10/2010,28.71,26.63,24.52,,,,,,
29/10/2010,29.12,26.85,24.57,,,,,,
1/11/2010,29.45,27.25,24.9,,,,,,
2/11/2010,30.12,27.92,25.46,,,,,,
3/11/2010,30.15,27.86,25.39,,,,,,
4/11/2010,31.66,29.24,26.49,,,,,,
5/11/2010,31.76,29.29,26.37,,,,,,
8/11/2010,31.88,29.24,26.25,,,,,,
9/11/2010,33.11,30.3,27.18,,,,,,
10/11/2010,32.81,30.16,27.12,,,,,,
11/11/2010,29.66,27.26,24.21,,,,,,
12/11/2010,26.21,23.89,21.12,,,,,,
15/11/2010,27.03,24.5,21.72,,,,,,
16/11/2010,26.31,23.68,20.84,,,,,,
17/11/2010,26.47,23.91,21.22,,,,,,
18/11/2010,28.15,25.62,23.02,,,,,,
19/11/2010,26.15,23.71,21.29,,,,,,
22/11/2010,26.5,24.15,21.73,,,,,,
23/11/2010,27.33,24.93,22.47,,,,,,
24/11/2010,27.95,25.43,22.88,,,,,,
26/11/2010,28.25,25.72,23.08,,,,,,
29/11/2010,28.35,25.78,23.18,,,,,,
30/11/2010,27.55,24.99,22.32,,,,,,
1/12/2010,28.37,25.71,22.93,,,,,,
2/12/2010,28.45,25.85,23.14,,,,,,
3/12/2010,29.5,26.71,23.88,,,,,,
6/12/2010,29.01,26.23,23.45,,,,,,
7/12/2010,28.41,25.67,22.86,,,,,,
8/12/2010,28.98,26.26,23.39,,,,,,
9/12/2010,28.71,26.01,23.17,,,,,,
10/12/2010,29.13,26.43,23.56,,,,,,
13/12/2010,30.49,27.56,24.47,,,,,,
14/12/2010,30.78,27.71,24.47,,,,,,
15/12/2010,31.11,28.07,24.75,,,,,,
16/12/2010,31,27.94,24.7,,,,,,
17/12/2010,32.5,29.19,25.78,,,,,,
20/12/2010,32.96,29.57,25.96,,,,,,
21/12/2010,33.02,29.55,25.83,,,,,,
22/12/2010,33.13,29.77,26.12,,,,,,
23/12/2010,33.98,30.45,26.57,,,,,,
27/12/2010,33.64,30.04,26.22,,,,,,
28/12/2010,34.39,30.77,26.75,,,,,,
29/12/2010,33.83,30.41,26.59,,,,,,
30/12/2010,30.38,27.68,24.64,,,,,,
31/12/2010,32.12,29.32,26.2,,,,,,
4/01/2011,31,28.3,25.45,,,,,,
5/01/2011,32.2,29.29,26.29,,,,,,
6/01/2011,30.24,27.68,24.96,,,,,,
7/01/2011,31.53,29.15,26.5,,,,,,
10/01/2011,31.74,29.5,26.92,,,,,,
11/01/2011,32.75,30.38,27.52,,,,,,
12/01/2011,32.02,29.89,27.31,,,,,,
13/01/2011,32.06,29.85,27.5,,,,,,
14/01/2011,30.89,28.93,26.85,,,,,,
18/01/2011,31.12,29.3,27.34,,,,,,
19/01/2011,31.18,29.26,27.06,,,,,,
20/01/2011,31.31,29.28,27.02,,,,,,
21/01/2011,32.33,29.98,27.39,,,,,,
24/01/2011,32.31,30,27.44,,,,,,
25/01/2011,31.84,29.54,27.03,,,,,,
26/01/2011,33.13,30.58,27.8,,,,,,
27/01/2011,34.18,31.31,28.2,,,,,,
28/01/2011,33.94,31.29,28.21,,,,,,
31/01/2011,33.97,31.49,28.31,,,,,,
1/02/2011,33.96,31.51,28.48,,,,,,
2/02/2011,35.31,32.76,29.64,,,,,,
3/02/2011,32.04,29.77,27.02,,,,,,
4/02/2011,32.64,30.39,27.69,,,,,,
7/02/2011,32.68,30.63,28.34,,,,,,
8/02/2011,31.16,29.39,27.36,,,,,,
9/02/2011,31.5,29.73,27.46,,,,,,
10/02/2011,32.05,30.19,27.81,,,,,,
11/02/2011,31.3,29.39,27.13,,,,,,
14/02/2011,30.91,28.78,26.71,,,,,,
15/02/2011,30.82,28.21,26.13,,,,,,
16/02/2011,31.77,29.22,27.03,,,,,,
17/02/2011,31.26,28.86,26.74,,,,,,
18/02/2011,31.02,28.42,26.37,,,,,,
22/02/2011,30.96,28.38,26.37,,,,,,
23/02/2011,29.94,27.36,25.34,,,,,,
24/02/2011,30.22,27.83,25.72,,,,,,
25/02/2011,31.52,28.74,26.66,,,,,,
28/02/2011,32.51,29.45,27.26,,,,,,
1/03/2011,29.26,26.93,25.52,,,,,,
2/03/2011,30.38,27.81,26.28,,,,,,
3/03/2011,30.59,27.94,26.42,,,,,,
4/03/2011,29.88,27.45,25.91,,,,,,
7/03/2011,29.99,27.63,26.13,,,,,,
8/03/2011,30.7,28.08,26.49,,,,,,
9/03/2011,30.42,27.77,26.22,,,,,,
10/03/2011,28.71,26.41,24.97,,,,,,
11/03/2011,28.86,26.44,25.08,,,,,,
14/03/2011,27.79,25.6,24.45,,,,,,
15/03/2011,25.65,23.57,22.51,,,,,,
16/03/2011,25.85,23.66,22.59,,,,,,
17/03/2011,26.74,24.6,23.55,,,,,,
18/03/2011,27.71,25.49,24.34,,,,,,
21/03/2011,27.48,25.33,24.17,,,,,,
22/03/2011,27.16,25.25,24.1,,,,,,
23/03/2011,26.58,24.65,23.56,,,,,,
24/03/2011,27.45,25.31,24.23,,,,,,
25/03/2011,27.86,25.62,24.45,,,,,,
28/03/2011,27.05,24.96,23.9,,,,,,
29/03/2011,27.02,24.93,23.89,,,,,,
30/03/2011,27.21,25.23,24.33,,,,,,
31/03/2011,27.11,25.04,24.16,,,,,,
1/04/2011,27.44,25.4,24.52,,,,,,
4/04/2011,28,25.93,25.03,,,,,,
5/04/2011,27.55,25.62,24.98,,,,,,
6/04/2011,26.71,24.97,24.55,,,,,,
7/04/2011,26.5,25.27,24.94,,,,,,
8/04/2011,25.66,24.88,24.67,,,,,,
11/04/2011,26.04,24.84,24.66,,,,,,
12/04/2011,25.58,24.37,24.33,,,,,,
13/04/2011,24.79,23.65,23.9,,,,,,
14/04/2011,24.44,23.06,23.23,,,,,,
15/04/2011,24.59,22.97,23.11,,,,,,
18/04/2011,24.4,22.79,22.97,,,,,,
19/04/2011,24.27,22.62,22.72,,,,,,
20/04/2011,25.2,23.53,23.47,,,,,,
21/04/2011,25.48,23.8,23.56,,,,,,
25/04/2011,25.07,23.4,23.19,,,,,,
26/04/2011,24.94,23.24,23.11,,,,,,
27/04/2011,24.55,22.96,23.16,,,,,,
28/04/2011,23.92,22.51,22.92,,,,,,
29/04/2011,23.38,22.25,22.65,,,,,,
2/05/2011,21.87,22.32,22.89,,,,,,
3/05/2011,22.05,22.39,22.87,,,,,,
4/05/2011,21.35,21.75,22.3,,,,,,
5/05/2011,20.86,21.1,21.69,,,,,,
6/05/2011,20.47,20.81,21.38,,,,,,
9/05/2011,20.96,21.12,21.67,,,,,,
10/05/2011,21.87,21.99,22.48,,,,,,
11/05/2011,20.94,21.19,21.81,,,,,,
12/05/2011,21.33,21.51,22.03,,,,,,
13/05/2011,21.45,21.44,21.86,,,,,,
16/05/2011,21.77,21.42,21.56,,,,,,
17/05/2011,21.93,21.62,21.75,,,,,,
18/05/2011,22.85,22.27,22.27,,,,,,
19/05/2011,21.82,21.61,21.92,,,,,,
20/05/2011,22.41,22.07,22.34,,,,,,
23/05/2011,21.51,21.24,21.72,,,,,,
24/05/2011,21.91,21.68,22.14,,,,,,
25/05/2011,22.64,22.3,22.52,,,,,,
26/05/2011,22.69,22.47,22.68,,,,,,
27/05/2011,22.99,22.86,23.02,,,,,,
31/05/2011,23.18,22.99,23.17,,,,,,
1/06/2011,22.46,22.36,22.52,,,,,,
2/06/2011,23.52,23.38,23.6,,,,,,
3/06/2011,23.95,23.61,23.77,,,,,,
6/06/2011,23.59,23.25,23.42,,,,,,
7/06/2011,24.35,23.5,23.58,,,,,,
8/06/2011,24.95,23.91,23.84,,,,,,
9/06/2011,24.84,23.99,23.95,,,,,,
10/06/2011,25.64,24.54,24.34,,,,,,
13/06/2011,25.59,24.38,24.18,,,,,,
14/06/2011,25.15,24.23,24.02,,,,,,
15/06/2011,25.08,24.15,23.88,,,,,,
16/06/2011,25.92,24.93,24.61,,,,,,
17/06/2011,26.37,25.38,25.05,,,,,,
20/06/2011,27.47,26.21,25.64,,,,,,
21/06/2011,27.49,26.26,25.7,,,,,,
22/06/2011,27.23,26,25.48,,,,,,
23/06/2011,27.58,26.08,25.5,,,,,,
24/06/2011,27.54,26,25.37,,,,,,
27/06/2011,27.8,25.91,25.38,,,,,,
28/06/2011,29.28,27.01,26.1,,,,,,
29/06/2011,29.28,26.92,26.17,,,,,,
30/06/2011,28.36,26.34,25.71,,,,,,
1/07/2011,27.25,26.5,25.53,,,,,,
5/07/2011,27.6,26.94,25.92,,,,,,
6/07/2011,27.68,27,25.98,,,,,,
7/07/2011,29.52,28.42,26.92,,,,,,
8/07/2011,29.36,28.41,26.96,,,,,,
11/07/2011,28.92,28.07,26.72,,,,,,
12/07/2011,30.49,29.41,27.75,,,,,,
13/07/2011,30.24,29.06,27.34,,,,,,
14/07/2011,29.02,28.07,26.69,,,,,,
15/07/2011,28.97,27.89,26.47,,,,,,
18/07/2011,28.94,27.9,26.63,,,,,,
19/07/2011,28.78,27.9,26.69,,,,,,
20/07/2011,28.92,28.04,26.8,,,,,,
21/07/2011,29.85,28.72,27.29,,,,,,
22/07/2011,31.34,29.9,28.11,,,,,,
25/07/2011,30.74,29.49,27.78,,,,,,
26/07/2011,30.94,29.65,28.03,,,,,,
27/07/2011,31.13,29.8,28.16,,,,,,
28/07/2011,29.92,28.66,27.2,,,,,,
29/07/2011,29.81,28.51,27.01,,,,,,
1/08/2011,28.97,27.91,26.53,,,,,,
2/08/2011,28.16,27.25,26.09,,,,,,
3/08/2011,27.69,26.74,25.69,,,,,,
4/08/2011,27.79,26.81,25.62,,,,,,
5/08/2011,27.54,26.54,25.39,,,,,,
8/08/2011,26.98,25.95,24.78,,,,,,
9/08/2011,27.49,26.23,24.92,,,,,,
10/08/2011,27.62,26.32,25,,,,,,
11/08/2011,28.08,26.89,25.37,,,,,,
12/08/2011,27.84,26.99,25.77,,,,,,
15/08/2011,27.48,26.64,25.46,,,,,,
16/08/2011,28.04,27.2,26,,,,,,
17/08/2011,29.49,28.69,27.3,,,,,,
18/08/2011,29.12,28.3,26.94,,,,,,
19/08/2011,30.96,29.68,27.86,,,,,,
22/08/2011,30.79,29.61,27.79,,,,,,
23/08/2011,30.82,29.72,27.93,,,,,,
24/08/2011,30.18,29.17,27.4,,,,,,
25/08/2011,29.66,28.82,27.29,,,,,,
26/08/2011,30.22,29.33,27.74,,,,,,
29/08/2011,29.89,28.98,27.48,,,,,,
30/08/2011,29.62,28.74,27.24,,,,,,
31/08/2011,29.68,28.88,27.41,,,,,,
1/09/2011,29.59,28.73,27.25,,,,,,
2/09/2011,29.18,28.36,26.93,,,,,,
6/09/2011,28.29,27.57,26.26,,,,,,
7/09/2011,28.41,27.78,26.44,,,,,,
8/09/2011,28.73,27.79,26.46,,,,,,
9/09/2011,29.05,27.64,26.35,,,,,,
12/09/2011,29.57,28.18,26.83,,,,,,
13/09/2011,29.41,27.96,26.84,,,,,,
14/09/2011,29.7,28.12,26.85,,,,,,
15/09/2011,29.5,28.18,26.99,,,,,,
16/09/2011,27.52,26.31,25.49,,,,,,
19/09/2011,27.83,26.71,25.87,,,,,,
20/09/2011,27.59,26.79,25.88,,,,,,
21/09/2011,26.83,25.91,25.09,,,,,,
22/09/2011,25.67,24.81,24.11,,,,,,
23/09/2011,24.84,24.13,23.48,,,,,,
26/09/2011,25.09,24.28,23.6,,,,,,
27/09/2011,26.04,24.7,23.96,,,,,,
28/09/2011,25.68,24.3,23.71,,,,,,
29/09/2011,26.85,25.87,25.22,,,,,,
30/09/2011,26.34,25.29,24.6,,,,,,
3/10/2011,24.85,24.14,23.25,,,,,,
4/10/2011,24.69,24.03,23.12,,,,,,
5/10/2011,24.8,24.09,23.24,,,,,,
6/10/2011,24.64,23.97,23.16,,,,,,
7/10/2011,25.16,24.42,23.58,,,,,,
10/10/2011,26.28,25.43,24.43,,,,,,
11/10/2011,25.94,25.1,24.18,,,,,,
12/10/2011,26.01,25.2,24.27,,,,,,
13/10/2011,26.91,26.02,25.04,,,,,,
14/10/2011,27.93,26.87,25.81,,,,,,
17/10/2011,27.79,26.74,25.64,,,,,,
18/10/2011,27.85,26.81,25.69,,,,,,
19/10/2011,26.97,26.09,25.11,,,,,,
20/10/2011,26.8,25.97,25.04,,,,,,
21/10/2011,26.48,25.67,24.76,,,,,,
24/10/2011,27.1,26.24,25.3,,,,,,
25/10/2011,26.94,26.1,25.19,,,,,,
26/10/2011,26.35,25.6,24.78,,,,,,
27/10/2011,26.86,26.05,25.19,,,,,,
28/10/2011,26.15,25.49,24.81,,,,,,
31/10/2011,25.77,25.16,24.52,,,,,,
1/11/2011,25.34,24.8,24.21,,,,,,
2/11/2011,25.42,24.78,24.19,,,,,,
3/11/2011,25.65,24.92,24.3,,,,,,
4/11/2011,25.57,24.78,24.12,,,,,,
7/11/2011,25.32,24.73,24.18,,,,,,
8/11/2011,25.91,25.23,24.68,,,,,,
9/11/2011,25.36,24.76,24.27,,,,,,
10/11/2011,25.39,24.77,24.28,,,,,,
11/11/2011,25,24.39,24.02,,,,,,
14/11/2011,24.75,24.13,23.79,,,,,,
15/11/2011,24.81,24.16,23.75,,,,,,
16/11/2011,24.52,23.98,23.59,,,,,,
17/11/2011,24.04,23.58,23.25,,,,,,
18/11/2011,23.97,23.49,23.1,,,,,,
21/11/2011,24.09,23.58,23.19,,,,,,
22/11/2011,23.44,23.02,22.69,,,,,,
23/11/2011,23.09,22.7,22.46,,,,,,
25/11/2011,22.9,22.53,22.29,,,,,,
28/11/2011,23.12,22.8,22.54,,,,,,
29/11/2011,23.49,23.06,22.7,,,,,,
30/11/2011,23.69,23.33,22.96,,,,,,
1/12/2011,23.59,23.28,23.01,,,,,,
2/12/2011,23.45,23.09,22.78,,,,,,
5/12/2011,24.08,23.7,23.32,,,,,,
6/12/2011,24.18,23.75,23.31,,,,,,
7/12/2011,23.05,22.76,22.43,,,,,,
8/12/2011,24.13,23.69,23.3,,,,,,
9/12/2011,23.4,22.96,22.54,,,,,,
12/12/2011,23.29,22.88,22.49,,,,,,
13/12/2011,23.44,23.05,22.72,,,,,,
14/12/2011,22.8,22.36,22.04,,,,,,
15/12/2011,22.75,22.4,22.13,,,,,,
16/12/2011,23.08,22.69,22.41,,,,,,
19/12/2011,23.09,22.74,22.49,,,,,,
20/12/2011,23.49,23.04,22.72,,,,,,
21/12/2011,23.32,22.92,22.66,,,,,,
22/12/2011,23.44,22.98,22.69,,,,,,
23/12/2011,23.59,23.09,22.7,,,,,,
27/12/2011,23.61,23.14,22.73,,,,,,
28/12/2011,23.13,22.74,22.43,,,,,,
29/12/2011,23.51,23.15,22.8,,,,,,
30/12/2011,23.3,22.95,22.56,,,,,,
3/01/2012,24.51,23.96,23.47,,,,,,
4/01/2012,24.42,23.94,23.55,,,,,,
5/01/2012,23.13,22.72,22.4,,,,,,
6/01/2012,23.29,22.9,22.59,,,,,,
9/01/2012,23.34,22.95,22.66,,,,,,
10/01/2012,23.32,22.91,22.66,,,,,,
11/01/2012,23.69,23.26,23,,,,,,
12/01/2012,23.27,22.84,22.61,,,,,,
13/01/2012,23.84,23.33,23.03,,,,,,
17/01/2012,23.86,23.33,22.97,,,,,,
18/01/2012,24,23.46,23.03,,,,,,
19/01/2012,24.61,23.92,23.31,,,,,,
20/01/2012,24.89,24.2,23.57,,,,,,
23/01/2012,24.96,24.31,23.69,,,,,,
24/01/2012,24.89,24.27,23.67,,,,,,
25/01/2012,24.51,23.99,23.53,,,,,,
26/01/2012,24.73,24.17,23.68,,,,,,
27/01/2012,24.21,23.67,23.2,,,,,,
30/01/2012,23.85,23.29,22.84,,,,,,
31/01/2012,23.64,23.09,22.64,,,,,,
1/02/2012,23.59,23.07,22.65,,,,,,
2/02/2012,23.48,22.9,22.46,,,,,,
3/02/2012,23.94,23.25,22.77,,,,,,
6/02/2012,24.5,23.74,23.12,,,,,,
7/02/2012,24.4,23.58,23.03,,,,,,
8/02/2012,24.48,23.64,23.14,,,,,,
9/02/2012,24.53,23.71,23.23,,,,,,
10/02/2012,24.67,23.8,23.25,,,,,,
13/02/2012,24.64,23.79,23.27,,,,,,
14/02/2012,24.25,23.38,22.83,,,,,,
15/02/2012,24.49,23.57,22.97,,,,,,
16/02/2012,24.59,23.73,23.14,,,,,,
17/02/2012,24.62,23.77,23.16,,,,,,
21/02/2012,25.35,24.47,23.71,,,,,,
22/02/2012,25.76,24.71,23.91,,,,,,
23/02/2012,25.94,24.86,23.99,,,,,,
24/02/2012,26.19,25.22,24.3,,,,,,
27/02/2012,26.5,25.55,24.54,,,,,,
28/02/2012,26.09,25.33,24.53,,,,,,
29/02/2012,25.66,25.01,24.32,,,,,,
1/03/2012,24.85,24.2,24.36,,,,,,
2/03/2012,24.96,24.23,24.27,,,,,,
5/03/2012,24.68,23.93,23.94,,,,,,
6/03/2012,24.05,23.26,23.29,,,,,,
7/03/2012,23.92,23.07,23.17,,,,,,
8/03/2012,23.96,22.98,23.08,,,,,,
9/03/2012,23.66,22.78,22.96,,,,,,
12/03/2012,23.77,22.88,23.01,,,,,,
13/03/2012,24.13,23.21,23.28,,,,,,
14/03/2012,24.44,23.48,23.49,,,,,,
15/03/2012,25.5,24.32,24.17,,,,,,
16/03/2012,25.41,24.27,24.14,,,,,,
19/03/2012,25.66,24.55,24.41,,,,,,
20/03/2012,25.61,24.56,24.38,,,,,,
21/03/2012,25.33,24.2,23.99,,,,,,
22/03/2012,25.91,24.72,24.43,,,,,,
23/03/2012,25.63,24.5,24.27,,,,,,
26/03/2012,24.78,23.81,23.75,,,,,,
27/03/2012,24.3,23.48,23.55,,,,,,
28/03/2012,24.26,23.41,23.46,,,,,,
29/03/2012,24.6,23.68,23.68,,,,,,
30/03/2012,24.71,23.82,23.87,,,,,,
2/04/2012,24.58,23.78,23.89,,,,,,
3/04/2012,24.25,23.46,23.64,,,,,,
4/04/2012,24.42,23.54,23.77,,,,,,
5/04/2012,24.58,23.7,23.96,,,,,,
9/04/2012,24.43,23.61,23.9,,,,,,
10/04/2012,23.87,23.16,23.49,,,,,,
11/04/2012,23.95,23.22,23.54,,,,,,
12/04/2012,24.22,23.52,23.81,,,,,,
13/04/2012,23.37,22.81,23.19,,,,,,
16/04/2012,22.9,22.31,22.65,,,,,,
17/04/2012,23.02,22.57,22.87,,,,,,
18/04/2012,22.34,22.01,22.33,,,,,,
19/04/2012,22.05,21.77,22.19,,,,,,
20/04/2012,21.93,21.55,21.97,,,,,,
23/04/2012,21.91,21.54,21.96,,,,,,
24/04/2012,22,21.61,21.97,,,,,,
25/04/2012,22.04,21.8,22.12,,,,,,
26/04/2012,21.32,21.25,21.64,,,,,,
27/04/2012,21.22,21.21,21.63,,,,,,
30/04/2012,21.17,21.12,21.53,,,,,,
1/05/2012,20.95,21.39,22.23,,,,,,
2/05/2012,20.55,20.99,21.84,,,,,,
3/05/2012,20.65,21.07,21.88,,,,,,
4/05/2012,20.81,21.18,21.99,,,,,,
7/05/2012,21.05,21.38,22.19,,,,,,
8/05/2012,20.37,20.81,21.74,,,,,,
9/05/2012,20.38,20.79,21.7,,,,,,
10/05/2012,20.45,20.83,21.69,,,,,,
11/05/2012,20.22,20.62,21.54,,,,,,
14/05/2012,20.27,20.65,21.55,,,,,,
15/05/2012,20.4,20.79,21.68,,,,,,
16/05/2012,20.73,21.06,21.91,,,,,,
17/05/2012,20.86,21.18,22.03,,,,,,
18/05/2012,20.47,20.8,21.68,,,,,,
21/05/2012,20.38,20.73,21.63,,,,,,
22/05/2012,19.8,20.2,21.13,,,,,,
23/05/2012,19.51,19.98,20.94,,,,,,
24/05/2012,19.58,20.03,20.94,,,,,,
25/05/2012,19.62,20.06,20.93,,,,,,
29/05/2012,19.53,19.92,20.85,,,,,,
30/05/2012,19.48,19.83,20.76,,,,,,
31/05/2012,19.42,19.78,20.75,,,,,,
1/06/2012,19.09,19.46,20.52,,,,,,
4/06/2012,18.9,19.29,20.36,,,,,,
5/06/2012,19.06,19.37,20.35,,,,,,
6/06/2012,19.9,19.98,20.9,,,,,,
7/06/2012,19.76,19.75,20.74,,,,,,
8/06/2012,19.98,19.94,20.83,,,,,,
11/06/2012,20.47,20.15,20.96,,,,,,
12/06/2012,20.36,19.98,20.81,,,,,,
13/06/2012,19.92,19.68,20.57,,,,,,
14/06/2012,19.97,19.51,20.32,,,,,,
15/06/2012,20.84,20.01,20.69,,,,,,
18/06/2012,20.86,19.99,20.56,,,,,,
19/06/2012,21.57,20.79,21.33,,,,,,
20/06/2012,21.74,20.97,21.49,,,,,,
21/06/2012,21.39,20.79,21.39,,,,,,
22/06/2012,20.24,19.75,20.55,,,,,,
25/06/2012,20.3,19.93,20.68,,,,,,
26/06/2012,20.53,20.23,20.93,,,,,,
27/06/2012,21.42,20.95,21.5,,,,,,
28/06/2012,21.21,20.53,21.12,,,,,,
29/06/2012,21.81,21.01,21.5,,,,,,
2/07/2012,21.4,21.77,21.57,,,,,,
3/07/2012,21.98,22.22,21.92,,,,,,
5/07/2012,21.92,22.33,22.17,,,,,,
6/07/2012,22.25,22.62,22.46,,,,,,
9/07/2012,22.7,23.1,22.96,,,,,,
10/07/2012,22.49,23.03,22.92,,,,,,
11/07/2012,22.88,23.29,23.11,,,,,,
12/07/2012,22.46,22.93,22.76,,,,,,
13/07/2012,22.73,23.2,22.99,,,,,,
16/07/2012,22.77,23.22,23,,,,,,
17/07/2012,22.79,23.18,22.96,,,,,,
18/07/2012,22.95,23.33,23.06,,,,,,
19/07/2012,23.25,23.58,23.2,,,,,,
20/07/2012,23.92,23.98,23.29,,,,,,
23/07/2012,23.89,23.96,23.32,,,,,,
24/07/2012,23.49,23.73,23.19,,,,,,
25/07/2012,23.57,23.84,23.36,,,,,,
26/07/2012,22.5,22.92,22.56,,,,,,
27/07/2012,22.52,22.9,22.6,,,,,,
30/07/2012,22.8,23.06,22.73,,,,,,
31/07/2012,22.64,22.9,22.52,,,,,,
1/08/2012,22.56,22.93,22.57,,,,,,
2/08/2012,22.04,22.48,22.2,,,,,,
3/08/2012,22,22.44,22.12,,,,,,
6/08/2012,21.83,22.29,21.95,,,,,,
7/08/2012,21.42,21.91,21.64,,,,,,
8/08/2012,21.09,21.6,21.37,,,,,,
9/08/2012,20.8,21.28,20.99,,,,,,
10/08/2012,20.74,21.23,20.9,,,,,,
13/08/2012,20.39,20.9,20.59,,,,,,
14/08/2012,20.32,20.9,20.63,,,,,,
15/08/2012,20.29,20.98,20.8,,,,,,
16/08/2012,20.15,20.93,20.86,,,,,,
17/08/2012,20.18,20.9,20.81,,,,,,
20/08/2012,20.5,21.17,21.01,,,,,,
21/08/2012,19.78,20.53,20.47,,,,,,
22/08/2012,19.94,20.6,20.52,,,,,,
23/08/2012,19.59,20.33,20.3,,,,,,
24/08/2012,19.58,20.29,20.25,,,,,,
27/08/2012,19.56,20.25,20.25,,,,,,
28/08/2012,20.13,20.74,20.69,,,,,,
29/08/2012,19.76,20.37,20.37,,,,,,
30/08/2012,19.75,20.44,20.44,,,,,,
31/08/2012,19.78,20.51,20.5,,,,,,
4/09/2012,19.34,20.11,20.15,,,,,,
5/09/2012,19.01,19.73,19.83,,,,,,
6/09/2012,18.87,19.52,19.67,,,,,,
7/09/2012,19.38,19.91,19.95,,,,,,
10/09/2012,19.43,20.1,20.21,,,,,,
11/09/2012,19.44,20.16,20.2,,,,,,
12/09/2012,19.72,20.41,20.48,,,,,,
13/09/2012,19.71,20.43,20.53,,,,,,
14/09/2012,19.91,20.77,20.85,,,,,,
17/09/2012,20.03,20.78,20.85,,,,,,
18/09/2012,19.44,20.15,20.27,,,,,,
19/09/2012,18.96,19.69,19.83,,,,,,
20/09/2012,19.21,19.91,20.08,,,,,,
21/09/2012,19.38,20.07,20.19,,,,,,
24/09/2012,19.5,20.27,20.36,,,,,,
25/09/2012,19.86,20.72,20.76,,,,,,
26/09/2012,19.57,20.38,20.43,,,,,,
27/09/2012,19.6,20.39,20.43,,,,,,
28/09/2012,19.58,20.42,20.46,,,,,,
1/10/2012,21.13,21.09,21.05,,,,,,
2/10/2012,21.59,21.5,21.41,,,,,,
3/10/2012,21.58,21.52,21.44,,,,,,
4/10/2012,21.6,21.56,21.49,,,,,,
5/10/2012,21.54,21.48,21.42,,,,,,
8/10/2012,21.42,21.34,21.28,,,,,,
9/10/2012,21.47,21.35,21.27,,,,,,
10/10/2012,21.26,21.23,21.18,,,,,,
11/10/2012,20.45,20.38,20.28,,,,,,
12/10/2012,20.05,20,19.93,,,,,,
15/10/2012,19.85,19.79,19.74,,,,,,
16/10/2012,20.17,20.08,19.98,,,,,,
17/10/2012,20.11,20.06,19.97,,,,,,
18/10/2012,19.79,19.73,19.64,,,,,,
19/10/2012,20.23,20.14,20.03,,,,,,
22/10/2012,20.06,19.96,19.85,,,,,,
23/10/2012,19.65,19.55,19.44,,,,,,
24/10/2012,19.68,19.59,19.49,,,,,,
25/10/2012,19.53,19.44,19.35,,,,,,
26/10/2012,19.35,19.29,19.18,,,,,,
29/10/2012,19.41,19.32,19.19,,,,,,
30/10/2012,19.56,19.47,19.34,,,,,,
31/10/2012,19.46,19.4,19.31,,,,,,
1/11/2012,19.38,19.32,19.24,,,,,,
2/11/2012,19.45,19.4,19.35,,,,,,
5/11/2012,19.33,19.32,19.3,,,,,,
6/11/2012,19.59,19.64,19.67,,,,,,
7/11/2012,18.95,19.08,19.15,,,,,,
8/11/2012,18.84,18.96,19.03,,,,,,
9/11/2012,19.06,19.13,19.16,,,,,,
12/11/2012,19.36,19.38,19.39,,,,,,
13/11/2012,19.35,19.42,19.45,,,,,,
14/11/2012,19.24,19.29,19.31,,,,,,
15/11/2012,19.04,19.09,19.14,,,,,,
16/11/2012,19.15,19.18,19.23,,,,,,
19/11/2012,19.94,19.87,19.84,,,,,,
20/11/2012,19.9,19.85,19.84,,,,,,
21/11/2012,19.64,19.6,19.6,,,,,,
23/11/2012,19.14,19.17,19.2,,,,,,
26/11/2012,19.15,19.19,19.25,,,,,,
27/11/2012,19.23,19.28,19.35,,,,,,
28/11/2012,19.16,19.21,19.27,,,,,,
29/11/2012,19.34,19.39,19.45,,,,,,
30/11/2012,19.34,19.38,19.41,,,,,,
3/12/2012,19.75,19.74,19.71,,,,,,
4/12/2012,19.44,19.42,19.38,,,,,,
5/12/2012,19.57,19.59,19.59,,,,,,
6/12/2012,19.36,19.44,19.52,,,,,,
7/12/2012,19.21,19.35,19.48,,,,,,
10/12/2012,18.76,18.91,19.02,,,,,,
11/12/2012,18.88,19.02,19.13,,,,,,
12/12/2012,18.54,18.71,18.84,,,,,,
13/12/2012,18.54,18.7,18.8,,,,,,
14/12/2012,19.01,19.13,19.22,,,,,,
17/12/2012,19.41,19.5,19.58,,,,,,
18/12/2012,19.39,19.52,19.64,,,,,,
19/12/2012,19.23,19.34,19.45,,,,,,
20/12/2012,19.25,19.36,19.49,,,,,,
21/12/2012,19.25,19.4,19.56,,,,,,
24/12/2012,19.02,19.17,19.35,,,,,,
26/12/2012,19.05,19.22,19.4,,,,,,
27/12/2012,19.45,19.58,19.74,,,,,,
28/12/2012,19.42,19.53,19.68,,,,,,
31/12/2012,19.51,19.6,19.74,,,,,,
2/01/2013,19.69,19.76,19.89,,,,,,
3/01/2013,19.1,19.23,19.4,,,,,,
4/01/2013,18.85,19,19.19,,,,,,
7/01/2013,18.86,19.08,19.31,,,,,,
8/01/2013,18.67,18.94,19.22,,,,,,
9/01/2013,18.72,18.98,19.26,,,,,,
10/01/2013,18.96,19.21,19.5,,,,,,
11/01/2013,19.17,19.36,19.63,,,,,,
14/01/2013,18.9,19.14,19.46,,,,,,
15/01/2013,18.62,18.87,19.23,,,,,,
16/01/2013,18.45,18.68,19.06,,,,,,
17/01/2013,18.42,18.6,18.92,,,,,,
18/01/2013,18.37,18.52,18.84,,,,,,
22/01/2013,18.12,18.24,18.55,,,,,,
23/01/2013,18.5,18.53,18.79,,,,,,
24/01/2013,18.49,18.46,18.73,,,,,,
25/01/2013,18.38,18.42,18.76,,,,,,
28/01/2013,18.73,18.72,19.04,,,,,,
29/01/2013,18.38,18.44,18.77,,,,,,
30/01/2013,18.71,18.74,19.04,,,,,,
31/01/2013,18.78,18.84,19.14,,,,,,
1/02/2013,18.89,18.93,19.21,,,,,,
4/02/2013,18.73,18.77,19,,,,,,
5/02/2013,18.56,18.64,18.93,,,,,,
6/02/2013,18.19,18.22,18.49,,,,,,
7/02/2013,18.16,18.2,18.46,,,,,,
8/02/2013,18.14,18.2,18.44,,,,,,
11/02/2013,18.44,18.46,18.66,,,,,,
12/02/2013,18.08,18.07,18.28,,,,,,
13/02/2013,18.23,18.2,18.41,,,,,,
14/02/2013,17.94,17.77,17.97,,,,,,
15/02/2013,18,17.74,17.89,,,,,,
19/02/2013,18.22,17.96,18.07,,,,,,
20/02/2013,18.35,18.13,18.23,,,,,,
21/02/2013,18.12,17.9,18.07,,,,,,
22/02/2013,18.24,18.15,18.31,,,,,,
25/02/2013,18.01,18.09,18.31,,,,,,
26/02/2013,17.79,18.05,18.26,,,,,,
27/02/2013,17.84,18.08,18.25,,,,,,
28/02/2013,18.38,18.39,18.46,,,,,,
1/03/2013,17.91,18.02,18.49,,,,,,
4/03/2013,18.08,18.15,18.6,,,,,,
5/03/2013,18.19,18.25,18.67,,,,,,
6/03/2013,18.2,18.17,18.58,,,,,,
7/03/2013,18.77,18.63,18.98,,,,,,
8/03/2013,18.75,18.61,18.91,,,,,,
11/03/2013,18.82,18.79,19.09,,,,,,
12/03/2013,18.82,18.75,19.04,,,,,,
13/03/2013,18.8,18.75,19.03,,,,,,
14/03/2013,18.84,18.8,19.07,,,,,,
15/03/2013,18.89,18.85,19.12,,,,,,
18/03/2013,18.29,18.33,18.7,,,,,,
19/03/2013,18.31,18.39,18.8,,,,,,
20/03/2013,18.35,18.42,18.83,,,,,,
21/03/2013,18.21,18.27,18.68,,,,,,
22/03/2013,18.2,18.21,18.6,,,,,,
25/03/2013,17.97,18,18.43,,,,,,
26/03/2013,17.78,17.82,18.28,,,,,,
27/03/2013,17.85,17.82,18.25,,,,,,
28/03/2013,17.66,17.7,18.15,,,,,,
1/04/2013,17.69,17.72,18.13,,,,,,
2/04/2013,17.59,17.66,18.1,,,,,,
3/04/2013,17.5,17.58,18.01,,,,,,
4/04/2013,17.67,17.69,18.06,,,,,,
5/04/2013,17.65,17.67,18.06,,,,,,
8/04/2013,17.7,17.69,18.1,,,,,,
9/04/2013,17.72,17.72,18.11,,,,,,
10/04/2013,17.9,17.88,18.24,,,,,,
11/04/2013,17.84,17.79,18.17,,,,,,
12/04/2013,18.03,17.84,18.21,,,,,,
15/04/2013,17.79,17.55,17.93,,,,,,
16/04/2013,18.01,17.87,18.2,,,,,,
17/04/2013,17.85,17.79,18.13,,,,,,
18/04/2013,17.69,17.61,17.98,,,,,,
19/04/2013,17.97,17.88,18.23,,,,,,
22/04/2013,17.87,17.74,18.08,,,,,,
23/04/2013,17.74,17.67,18.05,,,,,,
24/04/2013,17.4,17.37,17.75,,,,,,
25/04/2013,17.41,17.38,17.75,,,,,,
26/04/2013,17.36,17.42,17.8,,,,,,
29/04/2013,17.49,17.45,17.84,,,,,,
30/04/2013,17.67,17.6,17.97,,,,,,
1/05/2013,17.33,17.72,18.62,,,,,,
2/05/2013,17.6,17.97,18.85,,,,,,
3/05/2013,17.53,17.89,18.77,,,,,,
6/05/2013,17.81,18.14,19.01,,,,,,
7/05/2013,17.64,18,18.89,,,,,,
8/05/2013,17.47,17.83,18.73,,,,,,
9/05/2013,17.47,17.84,18.77,,,,,,
10/05/2013,17.43,17.79,18.7,,,,,,
13/05/2013,17.25,17.63,18.57,,,,,,
14/05/2013,17.02,17.4,18.37,,,,,,
15/05/2013,16.95,17.3,18.25,,,,,,
16/05/2013,16.83,17.17,18.11,,,,,,
17/05/2013,16.89,17.21,18.13,,,,,,
20/05/2013,16.81,17.13,18.07,,,,,,
21/05/2013,16.86,17.22,18.17,,,,,,
22/05/2013,16.65,17.02,18.01,,,,,,
23/05/2013,16.76,17.1,18.09,,,,,,
24/05/2013,16.84,17.19,18.16,,,,,,
28/05/2013,16.72,17.04,18.01,,,,,,
29/05/2013,16.67,16.96,17.9,,,,,,
30/05/2013,16.65,16.93,17.87,,,,,,
31/05/2013,16.55,16.9,17.86,,,,,,
3/06/2013,16.43,16.8,17.77,,,,,,
4/06/2013,16.38,16.74,17.69,,,,,,
5/06/2013,16.38,16.7,17.65,,,,,,
6/06/2013,16.48,16.75,17.65,,,,,,
7/06/2013,16.43,16.77,17.7,,,,,,
10/06/2013,16.38,16.75,17.7,,,,,,
11/06/2013,16.29,16.67,17.63,,,,,,
12/06/2013,16.21,16.57,17.53,,,,,,
13/06/2013,16.24,16.53,17.49,,,,,,
14/06/2013,16.78,17.09,17.96,,,,,,
17/06/2013,16.93,17.25,18.08,,,,,,
18/06/2013,16.76,17.06,17.89,,,,,,
19/06/2013,16.97,17.29,18.08,,,,,,
20/06/2013,16.38,16.66,17.46,,,,,,
21/06/2013,16.74,16.93,17.69,,,,,,
24/06/2013,17.01,17.14,17.86,,,,,,
25/06/2013,17.07,17.34,18.08,,,,,,
26/06/2013,17.01,17.33,18.08,,,,,,
27/06/2013,16.47,17.01,17.83,,,,,,
28/06/2013,16.38,16.92,17.74,,,,,,
1/07/2013,16.69,17.56,17.53,,,,,,
2/07/2013,16.53,17.4,17.37,,,,,,
3/07/2013,16.42,17.25,17.22,,,,,,
5/07/2013,16.26,17.09,17.07,,,,,,
8/07/2013,16.33,17.15,17.11,,,,,,
9/07/2013,16.34,17.14,17.1,,,,,,
10/07/2013,16.25,17.05,17.02,,,,,,
11/07/2013,16.1,16.9,16.89,,,,,,
12/07/2013,16.06,16.85,16.86,,,,,,
15/07/2013,16.16,16.92,16.91,,,,,,
16/07/2013,16,16.76,16.76,,,,,,
17/07/2013,16.08,16.78,16.74,,,,,,
18/07/2013,16.18,16.9,16.83,,,,,,
19/07/2013,16.29,16.98,16.91,,,,,,
22/07/2013,16.4,17.09,17.03,,,,,,
23/07/2013,16.34,17.02,16.96,,,,,,
24/07/2013,16.14,16.84,16.78,,,,,,
25/07/2013,16.39,17.03,16.95,,,,,,
26/07/2013,16.47,17.06,16.96,,,,,,
29/07/2013,16.92,17.43,17.29,,,,,,
30/07/2013,16.93,17.45,17.29,,,,,,
31/07/2013,16.97,17.47,17.3,,,,,,
1/08/2013,16.83,17.36,17.23,,,,,,
2/08/2013,16.79,17.38,17.28,,,,,,
5/08/2013,16.56,17.18,17.1,,,,,,
6/08/2013,16.55,17.16,17.08,,,,,,
7/08/2013,16.78,17.39,17.32,,,,,,
8/08/2013,16.82,17.4,17.31,,,,,,
9/08/2013,16.98,17.54,17.45,,,,,,
12/08/2013,17.16,17.68,17.57,,,,,,
13/08/2013,17.25,17.73,17.61,,,,,,
14/08/2013,17.25,17.74,17.61,,,,,,
15/08/2013,17.19,17.68,17.55,,,,,,
16/08/2013,16.94,17.48,17.38,,,,,,
19/08/2013,16.53,17.1,17.02,,,,,,
20/08/2013,16.47,17.07,17,,,,,,
21/08/2013,16.32,16.9,16.83,,,,,,
22/08/2013,16.28,16.83,16.75,,,,,,
23/08/2013,16.47,16.99,16.9,,,,,,
26/08/2013,16.61,17.11,17.02,,,,,,
27/08/2013,16.46,16.95,16.86,,,,,,
28/08/2013,16.44,16.93,16.84,,,,,,
29/08/2013,16.37,16.89,16.82,,,,,,
30/08/2013,16.34,16.88,16.82,,,,,,
3/09/2013,16.47,17.03,16.94,,,,,,
4/09/2013,16.38,16.96,16.89,,,,,,
5/09/2013,16.51,17.08,17.03,,,,,,
6/09/2013,16.79,17.3,17.23,,,,,,
9/09/2013,17.01,17.49,17.39,,,,,,
10/09/2013,17.18,17.63,17.53,,,,,,
11/09/2013,17.17,17.64,17.56,,,,,,
12/09/2013,17.18,17.73,17.65,,,,,,
13/09/2013,17.09,17.68,17.6,,,,,,
16/09/2013,16.94,17.53,17.44,,,,,,
17/09/2013,16.79,17.4,17.33,,,,,,
18/09/2013,16.89,17.48,17.41,,,,,,
19/09/2013,17.17,17.74,17.65,,,,,,
20/09/2013,17.18,17.74,17.65,,,,,,
23/09/2013,17.25,17.76,17.68,,,,,,
24/09/2013,17.42,17.93,17.82,,,,,,
25/09/2013,17.62,18.19,18.08,,,,,,
26/09/2013,17.51,18.19,18.08,,,,,,
27/09/2013,16.87,17.74,17.67,,,,,,
30/09/2013,17.48,18.14,18.07,,,,,,
1/10/2013,18.32,18.23,18.14,,,,,,
2/10/2013,18.51,18.38,18.26,,,,,,
3/10/2013,18.52,18.4,18.3,,,,,,
4/10/2013,18.48,18.37,18.28,,,,,,
7/10/2013,18.59,18.48,18.39,,,,,,
8/10/2013,18.62,18.52,18.44,,,,,,
9/10/2013,18.59,18.47,18.37,,,,,,
10/10/2013,18.72,18.61,18.51,,,,,,
11/10/2013,18.93,18.8,18.68,,,,,,
14/10/2013,19.05,18.91,18.78,,,,,,
15/10/2013,18.7,18.59,18.47,,,,,,
16/10/2013,19.01,18.86,18.71,,,,,,
17/10/2013,19,18.84,18.69,,,,,,
18/10/2013,19.5,19.22,18.96,,,,,,
21/10/2013,19.42,19.16,18.93,,,,,,
22/10/2013,19.45,19.18,18.96,,,,,,
23/10/2013,19.28,19.05,18.87,,,,,,
24/10/2013,18.97,18.79,18.63,,,,,,
25/10/2013,19.03,18.85,18.67,,,,,,
28/10/2013,18.91,18.73,18.55,,,,,,
29/10/2013,18.45,18.31,18.16,,,,,,
30/10/2013,18.32,18.21,18.08,,,,,,
31/10/2013,18.32,18.19,18.05,,,,,,
1/11/2013,18.25,18.1,17.93,,,,,,
4/11/2013,18.32,18.16,17.99,,,,,,
5/11/2013,18.26,18.09,17.91,,,,,,
6/11/2013,18.1,17.97,17.82,,,,,,
7/11/2013,18.04,17.91,17.76,,,,,,
8/11/2013,18.08,17.95,17.8,,,,,,
11/11/2013,17.97,17.84,17.68,,,,,,
12/11/2013,17.87,17.75,17.61,,,,,,
13/11/2013,17.8,17.69,17.56,,,,,,
14/11/2013,17.64,17.55,17.46,,,,,,
15/11/2013,17.55,17.5,17.45,,,,,,
18/11/2013,17.75,17.67,17.6,,,,,,
19/11/2013,17.65,17.59,17.55,,,,,,
20/11/2013,17.6,17.6,17.6,,,,,,
21/11/2013,17.51,17.58,17.63,,,,,,
22/11/2013,17.4,17.47,17.52,,,,,,
25/11/2013,17.32,17.4,17.45,,,,,,
26/11/2013,17.3,17.38,17.41,,,,,,
27/11/2013,17.22,17.32,17.38,,,,,,
29/11/2013,17.15,17.24,17.3,,,,,,
2/12/2013,16.97,17.09,17.18,,,,,,
3/12/2013,16.81,16.94,17.06,,,,,,
4/12/2013,16.68,16.8,16.92,,,,,,
5/12/2013,16.69,16.8,16.91,,,,,,
6/12/2013,16.59,16.72,16.87,,,,,,
9/12/2013,16.55,16.68,16.82,,,,,,
10/12/2013,16.62,16.77,16.9,,,,,,
11/12/2013,16.51,16.65,16.78,,,,,,
12/12/2013,16.3,16.44,16.58,,,,,,
13/12/2013,16.27,16.4,16.53,,,,,,
16/12/2013,16.27,16.39,16.53,,,,,,
17/12/2013,15.96,16.1,16.28,,,,,,
18/12/2013,15.89,16.03,16.24,,,,,,
19/12/2013,16.15,16.29,16.45,,,,,,
20/12/2013,16.45,16.56,16.72,,,,,,
23/12/2013,16.23,16.36,16.54,,,,,,
24/12/2013,16.21,16.35,16.52,,,,,,
26/12/2013,16.29,16.43,16.62,,,,,,
27/12/2013,16.43,16.56,16.73,,,,,,
30/12/2013,16.38,16.52,16.69,,,,,,
31/12/2013,16.41,16.56,16.73,,,,,,
2/01/2014,16.29,16.44,16.64,,,,,,
3/01/2014,16.08,16.24,16.46,,,,,,
6/01/2014,16.08,16.25,16.47,,,,,,
7/01/2014,16.06,16.22,16.42,,,,,,
8/01/2014,15.74,15.93,16.17,,,,,,
9/01/2014,15.48,15.64,15.88,,,,,,
10/01/2014,15.57,15.72,15.94,,,,,,
13/01/2014,15.6,15.74,15.96,,,,,,
14/01/2014,15.49,15.66,15.88,,,,,,
15/01/2014,15.23,15.42,15.68,,,,,,
16/01/2014,15.45,15.62,15.86,,,,,,
17/01/2014,15.22,15.4,15.67,,,,,,
21/01/2014,15.22,15.41,15.69,,,,,,
22/01/2014,15.03,15.25,15.58,,,,,,
23/01/2014,15.04,15.26,15.58,,,,,,
24/01/2014,15.11,15.29,15.58,,,,,,
27/01/2014,14.8,15.03,15.37,,,,,,
28/01/2014,15.02,15.23,15.55,,,,,,
29/01/2014,14.74,14.95,15.28,,,,,,
30/01/2014,14.99,15.2,15.53,,,,,,
31/01/2014,15.55,15.76,16.03,,,,,,
3/02/2014,15.74,15.94,16.21,,,,,,
4/02/2014,16.06,16.32,16.62,,,,,,
5/02/2014,16.1,16.38,16.65,,,,,,
6/02/2014,15.85,16.12,16.41,,,,,,
7/02/2014,15.73,16.02,16.32,,,,,,
10/02/2014,15.64,15.93,16.26,,,,,,
11/02/2014,15.46,15.73,16.07,,,,,,
12/02/2014,15.81,16.11,16.42,,,,,,
13/02/2014,15.66,16.04,16.36,,,,,,
14/02/2014,15.63,15.99,16.31,,,,,,
18/02/2014,16.16,16.5,16.73,,,,,,
19/02/2014,16.46,16.85,17.06,,,,,,
20/02/2014,16.33,16.69,16.94,,,,,,
21/02/2014,16.72,17.07,17.29,,,,,,
24/02/2014,17.41,17.68,17.78,,,,,,
25/02/2014,17.34,17.68,17.79,,,,,,
26/02/2014,17.29,17.67,17.73,,,,,,
27/02/2014,17.44,18.07,18.08,,,,,,
28/02/2014,16.47,17.66,17.79,,,,,,
3/03/2014,17.8,17.98,18.31,,,,,,
4/03/2014,17.74,17.94,18.27,,,,,,
5/03/2014,18.23,18.36,18.64,,,,,,
6/03/2014,18.32,18.5,18.79,,,,,,
7/03/2014,18.01,18.21,18.54,,,,,,
10/03/2014,18.22,18.36,18.64,,,,,,
11/03/2014,18.03,18.22,18.55,,,,,,
12/03/2014,17.67,17.92,18.28,,,,,,
13/03/2014,17.82,18.09,18.46,,,,,,
14/03/2014,17.25,17.61,18.01,,,,,,
17/03/2014,17.05,17.4,17.8,,,,,,
18/03/2014,17.14,17.48,17.88,,,,,,
19/03/2014,17.32,17.65,18.05,,,,,,
20/03/2014,17.05,17.39,17.81,,,,,,
21/03/2014,16.83,17.2,17.65,,,,,,
24/03/2014,16.84,17.21,17.66,,,,,,
25/03/2014,16.97,17.36,17.82,,,,,,
26/03/2014,17.36,17.74,18.19,,,,,,
27/03/2014,17.87,18.21,18.62,,,,,,
28/03/2014,17.98,18.27,18.66,,,,,,
31/03/2014,17.77,18.13,18.55,,,,,,
1/04/2014,17.18,17.61,18.1,,,,,,
2/04/2014,16.97,17.44,17.94,,,,,,
3/04/2014,17.18,17.61,18.09,,,,,,
4/04/2014,17.35,17.79,18.28,,,,,,
7/04/2014,16.94,17.51,18.04,,,,,,
8/04/2014,17.16,17.78,18.3,,,,,,
9/04/2014,17.04,17.63,18.19,,,,,,
10/04/2014,17.08,17.68,18.24,,,,,,
11/04/2014,16.8,17.46,18.07,,,,,,
14/04/2014,16.59,17.32,17.96,,,,,,
15/04/2014,16.56,17.47,18.1,,,,,,
16/04/2014,16.92,17.69,18.33,,,,,,
17/04/2014,16.66,17.33,18.02,,,,,,
21/04/2014,16.84,17.53,18.19,,,,,,
22/04/2014,16.99,17.62,18.3,,,,,,
23/04/2014,17.42,17.98,18.6,,,,,,
24/04/2014,17.12,17.74,18.4,,,,,,
25/04/2014,17.2,17.85,18.53,,,,,,
28/04/2014,16.94,17.56,18.24,,,,,,
29/04/2014,17.04,17.57,18.24,,,,,,
30/04/2014,17.24,17.72,18.35,,,,,,
1/05/2014,17.8,18.43,19.21,,,,,,
2/05/2014,17.45,18.11,18.89,,,,,,
5/05/2014,17.47,18.14,18.92,,,,,,
6/05/2014,17.2,17.88,18.68,,,,,,
7/05/2014,17.26,17.96,18.78,,,,,,
8/05/2014,17.24,17.94,18.74,,,,,,
9/05/2014,17.2,17.9,18.71,,,,,,
12/05/2014,17.29,17.98,18.78,,,,,,
13/05/2014,17.8,18.46,19.21,,,,,,
14/05/2014,18.25,18.88,19.58,,,,,,
15/05/2014,18.2,18.86,19.58,,,,,,
16/05/2014,17.91,18.59,19.36,,,,,,
19/05/2014,17.77,18.5,19.31,,,,,,
20/05/2014,17.58,18.38,19.23,,,,,,
21/05/2014,17.44,18.32,19.21,,,,,,
22/05/2014,17.38,18.21,19.13,,,,,,
23/05/2014,17.37,18.19,19.07,,,,,,
27/05/2014,17.02,17.87,18.8,,,,,,
28/05/2014,17.11,17.95,18.88,,,,,,
29/05/2014,17.48,18.31,19.19,,,,,,
30/05/2014,17.38,18.19,19.07,,,,,,
2/06/2014,17.18,18.06,19,,,,,,
3/06/2014,17.19,18.09,19.06,,,,,,
4/06/2014,17.04,17.93,18.98,,,,,,
5/06/2014,16.83,17.66,18.71,,,,,,
6/06/2014,16.92,17.72,18.76,,,,,,
9/06/2014,16.98,17.76,18.78,,,,,,
10/06/2014,16.97,17.76,18.79,,,,,,
11/06/2014,16.81,17.62,18.66,,,,,,
12/06/2014,16.7,17.51,18.55,,,,,,
13/06/2014,17.04,17.85,18.89,,,,,,
16/06/2014,17.1,17.97,19.02,,,,,,
17/06/2014,17.06,17.91,18.96,,,,,,
18/06/2014,17.53,18.35,19.34,,,,,,
19/06/2014,17.94,18.69,19.65,,,,,,
20/06/2014,17.92,18.75,19.71,,,,,,
23/06/2014,17.85,18.71,19.7,,,,,,
24/06/2014,17.81,18.69,19.7,,,,,,
25/06/2014,17.72,18.61,19.66,,,,,,
26/06/2014,17.57,18.73,19.81,,,,,,
27/06/2014,16.85,18.32,19.49,,,,,,
30/06/2014,16.62,18.01,19.22,,,,,,
1/07/2014,17.8,19.16,19.2,,,,,,
2/07/2014,17.87,19.28,19.32,,,,,,
3/07/2014,17.81,19.21,19.29,,,,,,
7/07/2014,17.51,18.97,19.06,,,,,,
8/07/2014,17.68,19.15,19.25,,,,,,
9/07/2014,17.42,18.93,19.05,,,,,,
10/07/2014,17.29,18.95,19.07,,,,,,
11/07/2014,17.07,18.86,19.04,,,,,,
14/07/2014,17.19,18.77,18.91,,,,,,
15/07/2014,17.21,18.68,18.82,,,,,,
16/07/2014,17.07,18.55,18.7,,,,,,
17/07/2014,16.92,18.32,18.49,,,,,,
18/07/2014,16.97,18.34,18.47,,,,,,
21/07/2014,17.28,18.68,18.78,,,,,,
22/07/2014,17.16,18.67,18.79,,,,,,
23/07/2014,16.96,18.54,18.7,,,,,,
24/07/2014,17.05,18.67,18.83,,,,,,
25/07/2014,17.14,18.77,18.92,,,,,,
28/07/2014,16.94,18.61,18.78,,,,,,
29/07/2014,16.62,18.34,18.51,,,,,,
30/07/2014,16.63,18.37,18.56,,,,,,
31/07/2014,16.46,18.25,18.46,,,,,,
1/08/2014,16.35,18.2,18.43,,,,,,
4/08/2014,16.32,18.13,18.4,,,,,,
5/08/2014,16.13,17.97,18.29,,,,,,
6/08/2014,16.32,18.01,18.27,,,,,,
7/08/2014,16.05,17.7,17.99,,,,,,
8/08/2014,16.14,17.78,18.08,,,,,,
11/08/2014,16.24,17.83,18.13,,,,,,
12/08/2014,16.05,17.74,18.06,,,,,,
13/08/2014,16.02,17.8,18.13,,,,,,
14/08/2014,15.91,17.75,18.06,,,,,,
15/08/2014,15.92,17.77,18.05,,,,,,
18/08/2014,15.68,17.64,17.95,,,,,,
19/08/2014,15.47,17.37,17.74,,,,,,
20/08/2014,15.7,17.6,17.99,,,,,,
21/08/2014,15.99,17.83,18.18,,,,,,
22/08/2014,15.64,17.51,17.89,,,,,,
25/08/2014,15.36,17.33,17.69,,,,,,
26/08/2014,15.71,17.63,17.99,,,,,,
27/08/2014,15.58,17.5,17.9,,,,,,
28/08/2014,15.56,17.54,17.97,,,,,,
29/08/2014,15.49,17.44,17.88,,,,,,
2/09/2014,15.82,17.73,18.15,,,,,,
3/09/2014,15.62,17.59,18.07,,,,,,
4/09/2014,15.13,17.29,17.83,,,,,,
5/09/2014,15,17.23,17.77,,,,,,
8/09/2014,14.94,17.21,17.7,,,,,,
9/09/2014,14.88,17.08,17.56,,,,,,
10/09/2014,14.52,16.75,17.21,,,,,,
11/09/2014,14.36,16.63,17.13,,,,,,
12/09/2014,13.78,16.32,16.82,,,,,,
15/09/2014,13.67,16.27,16.76,,,,,,
16/09/2014,13.55,16.17,16.66,,,,,,
17/09/2014,13.88,16.25,16.69,,,,,,
18/09/2014,13.79,15.95,16.39,,,,,,
19/09/2014,13.5,15.8,16.23,,,,,,
22/09/2014,14.08,15.64,16.08,,,,,,
23/09/2014,14.15,15.73,16.11,,,,,,
24/09/2014,14.62,15.9,16.23,,,,,,
25/09/2014,14.7,16.08,16.35,,,,,,
26/09/2014,15.41,16.56,16.79,,,,,,
29/09/2014,15.66,16.8,16.98,,,,,,
30/09/2014,15.48,16.45,16.69,,,,,,
1/10/2014,16.04,16.36,16.67,,,,,,
2/10/2014,16.05,16.36,16.66,,,,,,
3/10/2014,16.44,16.7,16.94,,,,,,
6/10/2014,16.98,17.16,17.33,,,,,,
7/10/2014,17.03,17.22,17.4,,,,,,
8/10/2014,16.92,17.14,17.37,,,,,,
9/10/2014,16.7,16.99,17.27,,,,,,
10/10/2014,16.55,16.83,17.14,,,,,,
13/10/2014,16.67,16.96,17.27,,,,,,
14/10/2014,16.81,17.07,17.36,,,,,,
15/10/2014,16.5,16.79,17.1,,,,,,
16/10/2014,16.67,16.91,17.17,,,,,,
17/10/2014,16.62,16.88,17.15,,,,,,
20/10/2014,16.68,16.92,17.16,,,,,,
21/10/2014,16.44,16.73,16.99,,,,,,
22/10/2014,16.5,16.76,17.02,,,,,,
23/10/2014,16.16,16.45,16.76,,,,,,
24/10/2014,16.38,16.65,16.91,,,,,,
27/10/2014,16.03,16.34,16.63,,,,,,
28/10/2014,16.13,16.43,16.71,,,,,,
29/10/2014,16.3,16.6,16.87,,,,,,
30/10/2014,16.3,16.59,16.85,,,,,,
31/10/2014,16.04,16.34,16.62,,,,,,
3/11/2014,15.93,16.23,16.49,,,,,,
4/11/2014,15.68,16.06,16.38,,,,,,
5/11/2014,15.51,15.93,16.27,,,,,,
6/11/2014,15.48,15.89,16.21,,,,,,
7/11/2014,15.69,16.07,16.34,,,,,,
10/11/2014,15.66,16.03,16.32,,,,,,
11/11/2014,16.23,16.5,16.69,,,,,,
12/11/2014,16.36,16.62,16.79,,,,,,
13/11/2014,16.01,16.3,16.5,,,,,,
14/11/2014,15.9,16.22,16.43,,,,,,
17/11/2014,15.77,16.14,16.38,,,,,,
18/11/2014,15.71,16.08,16.33,,,,,,
19/11/2014,15.87,16.23,16.46,,,,,,
20/11/2014,16.1,16.45,16.66,,,,,,
21/11/2014,16.09,16.46,16.67,,,,,,
24/11/2014,16,16.38,16.58,,,,,,
25/11/2014,16,16.36,16.54,,,,,,
26/11/2014,16.12,16.47,16.63,,,,,,
28/11/2014,15.59,15.96,16.18,,,,,,
1/12/2014,15.59,15.95,16.17,,,,,,
2/12/2014,15.24,15.64,15.91,,,,,,
3/12/2014,15.09,15.49,15.76,,,,,,
4/12/2014,15.21,15.59,15.81,,,,,,
5/12/2014,15.14,15.49,15.72,,,,,,
8/12/2014,15.3,15.61,15.82,,,,,,
9/12/2014,15.42,15.74,15.95,,,,,,
10/12/2014,15.47,15.78,15.99,,,,,,
11/12/2014,15.15,15.49,15.75,,,,,,
12/12/2014,14.98,15.37,15.66,,,,,,
15/12/2014,14.96,15.35,15.62,,,,,,
16/12/2014,14.71,15.08,15.33,,,,,,
17/12/2014,14.72,15.1,15.36,,,,,,
18/12/2014,14.99,15.35,15.6,,,,,,
19/12/2014,14.98,15.33,15.6,,,,,,
22/12/2014,14.86,15.23,15.51,,,,,,
23/12/2014,14.83,15.2,15.49,,,,,,
24/12/2014,14.76,15.12,15.43,,,,,,
26/12/2014,14.7,15.07,15.39,,,,,,
29/12/2014,14.6,14.98,15.31,,,,,,
30/12/2014,14.61,15.01,15.34,,,,,,
31/12/2014,14.52,14.92,15.25,,,,,,
2/01/2015,14.17,14.57,14.9,,,,,,
5/01/2015,14.26,14.63,14.95,,,,,,
6/01/2015,14.87,15.19,15.47,,,,,,
7/01/2015,14.78,15.12,15.42,,,,,,
8/01/2015,14.88,15.19,15.46,,,,,,
9/01/2015,14.91,15.2,15.47,,,,,,
12/01/2015,14.76,15.04,15.32,,,,,,
13/01/2015,14.87,15.14,15.4,,,,,,
14/01/2015,14.93,15.19,15.45,,,,,,
15/01/2015,15.35,15.56,15.79,,,,,,
16/01/2015,15.33,15.57,15.81,,,,,,
20/01/2015,15.83,15.99,16.16,,,,,,
21/01/2015,15.92,16.11,16.29,,,,,,
22/01/2015,15.91,16.16,16.37,,,,,,
23/01/2015,15.17,15.49,15.78,,,,,,
26/01/2015,15.35,15.68,15.99,,,,,,
27/01/2015,15.16,15.49,15.83,,,,,,
28/01/2015,15.16,15.46,15.79,,,,,,
29/01/2015,14.85,15.13,15.43,,,,,,
30/01/2015,14.79,15.04,15.33,,,,,,
2/02/2015,14.22,14.49,14.8,,,,,,
3/02/2015,14.47,14.74,15.02,,,,,,
4/02/2015,14.45,14.68,14.97,,,,,,
5/02/2015,14.41,14.52,14.79,,,,,,
6/02/2015,14.51,14.58,14.79,,,,,,
9/02/2015,14.82,14.79,14.94,,,,,,
10/02/2015,14.71,14.69,14.84,,,,,,
11/02/2015,14.71,14.62,14.79,,,,,,
12/02/2015,15.04,14.91,15.07,,,,,,
13/02/2015,14.88,14.84,15.03,,,,,,
17/02/2015,15.14,15.07,15.27,,,,,,
18/02/2015,15.09,15.01,15.2,,,,,,
19/02/2015,14.68,14.64,14.89,,,,,,
20/02/2015,14.39,14.32,14.62,,,,,,
23/02/2015,14.31,14.13,14.43,,,,,,
24/02/2015,14.17,14.15,14.43,,,,,,
25/02/2015,13.79,13.79,14.08,,,,,,
26/02/2015,14.08,13.99,14.25,,,,,,
27/02/2015,13.93,13.77,14.05,,,,,,
2/03/2015,13.64,13.91,14.63,,,,,,
3/03/2015,13.45,13.69,14.39,,,,,,
4/03/2015,13.34,13.53,14.14,,,,,,
5/03/2015,13.44,13.55,14.1,,,,,,
6/03/2015,13.44,13.63,14.2,,,,,,
9/03/2015,13.27,13.47,14.06,,,,,,
10/03/2015,13.02,13.21,13.8,,,,,,
11/03/2015,13.14,13.31,13.87,,,,,,
12/03/2015,13.21,13.36,13.94,,,,,,
13/03/2015,12.7,12.8,13.34,,,,,,
16/03/2015,12.9,12.97,13.54,,,,,,
17/03/2015,12.82,12.93,13.5,,,,,,
18/03/2015,12.73,12.89,13.46,,,,,,
19/03/2015,12.62,12.81,13.39,,,,,,
20/03/2015,12.68,12.85,13.42,,,,,,
23/03/2015,12.74,12.92,13.51,,,,,,
24/03/2015,12.45,12.65,13.3,,,,,,
25/03/2015,12.52,12.69,13.34,,,,,,
26/03/2015,12.34,12.53,13.17,,,,,,
27/03/2015,12.13,12.29,12.97,,,,,,
30/03/2015,11.99,12.16,12.81,,,,,,
31/03/2015,11.93,12.06,12.68,,,,,,
1/04/2015,12.32,12.41,12.95,,,,,,
2/04/2015,12.74,12.8,13.31,,,,,,
6/04/2015,12.54,12.63,13.2,,,,,,
7/04/2015,12.77,12.78,13.3,,,,,,
8/04/2015,12.97,12.89,13.4,,,,,,
9/04/2015,12.8,12.75,13.26,,,,,,
10/04/2015,12.83,12.78,13.3,,,,,,
13/04/2015,13.01,12.85,13.33,,,,,,
14/04/2015,13.19,13.04,13.53,,,,,,
15/04/2015,13,12.92,13.38,,,,,,
16/04/2015,13.43,13.31,13.72,,,,,,
17/04/2015,13.24,13.18,13.61,,,,,,
20/04/2015,12.69,12.67,13.15,,,,,,
21/04/2015,12.41,12.38,12.9,,,,,,
22/04/2015,12.66,12.59,13.08,,,,,,
23/04/2015,13.09,13.03,13.47,,,,,,
24/04/2015,13.23,13.19,13.62,,,,,,
27/04/2015,13.31,13.38,13.83,,,,,,
28/04/2015,13.17,13.22,13.67,,,,,,
29/04/2015,13.09,13.15,13.55,,,,,,
30/04/2015,12.98,13.18,13.6,,,,,,
1/05/2015,12.91,13.33,14.47,,,,,,
4/05/2015,12.51,12.94,14.14,,,,,,
5/05/2015,12.75,13.13,14.32,,,,,,
6/05/2015,12.87,13.25,14.45,,,,,,
7/05/2015,12.96,13.36,14.55,,,,,,
8/05/2015,13.42,13.78,14.93,,,,,,
11/05/2015,13.48,13.81,14.9,,,,,,
12/05/2015,13.58,13.89,14.96,,,,,,
13/05/2015,12.96,13.32,14.46,,,,,,
14/05/2015,12.84,13.2,14.38,,,,,,
15/05/2015,12.89,13.2,14.36,,,,,,
18/05/2015,12.78,13.13,14.33,,,,,,
19/05/2015,12.86,13.21,14.39,,,,,,
20/05/2015,12.59,12.95,14.15,,,,,,
21/05/2015,12.49,12.85,14.06,,,,,,
22/05/2015,12.31,12.66,13.88,,,,,,
26/05/2015,12.08,12.42,13.66,,,,,,
27/05/2015,11.87,12.18,13.53,,,,,,
28/05/2015,11.94,12.27,13.65,,,,,,
29/05/2015,11.98,12.28,13.59,,,,,,
1/06/2015,12.25,12.55,13.85,,,,,,
2/06/2015,12.32,12.65,13.92,,,,,,
3/06/2015,12.05,12.4,13.77,,,,,,
4/06/2015,12.12,12.46,13.8,,,,,,
5/06/2015,12.05,12.42,13.75,,,,,,
8/06/2015,12.16,12.55,13.88,,,,,,
9/06/2015,12.07,12.42,13.77,,,,,,
10/06/2015,12.01,12.33,13.67,,,,,,
11/06/2015,11.64,12.04,13.42,,,,,,
12/06/2015,11.72,12.07,13.5,,,,,,
15/06/2015,11.46,11.83,13.27,,,,,,
16/06/2015,11.31,11.68,13.18,,,,,,
17/06/2015,11.35,11.77,13.29,,,,,,
18/06/2015,11.25,11.69,13.23,,,,,,
19/06/2015,11.12,11.55,13.14,,,,,,
22/06/2015,11.48,11.94,13.44,,,,,,
23/06/2015,11.25,11.77,13.3,,,,,,
24/06/2015,11.51,12.02,13.51,,,,,,
25/06/2015,11.52,11.87,13.32,,,,,,
26/06/2015,11.67,11.95,13.35,,,,,,
29/06/2015,11.82,12.07,13.41,,,,,,
30/06/2015,12.28,12.47,13.76,,,,,,
1/07/2015,12.44,13.67,13.73,,,,,,
2/07/2015,12.3,13.63,13.73,,,,,,
6/07/2015,12.48,13.72,13.8,,,,,,
7/07/2015,12.33,13.57,13.64,,,,,,
8/07/2015,12.31,13.53,13.57,,,,,,
9/07/2015,11.9,13.2,13.28,,,,,,
10/07/2015,12.41,13.65,13.68,,,,,,
13/07/2015,12.56,13.8,13.82,,,,,,
14/07/2015,12.64,13.89,13.92,,,,,,
15/07/2015,12.46,13.75,13.81,,,,,,
16/07/2015,12.27,13.62,13.71,,,,,,
17/07/2015,11.96,13.35,13.44,,,,,,
20/07/2015,11.44,12.92,13.05,,,,,,
21/07/2015,11.42,12.9,13.02,,,,,,
22/07/2015,11.38,12.8,12.92,,,,,,
23/07/2015,11.51,12.83,12.92,,,,,,
24/07/2015,11.24,12.57,12.69,,,,,,
27/07/2015,11.24,12.51,12.61,,,,,,
28/07/2015,11.17,12.42,12.51,,,,,,
29/07/2015,11.46,12.64,12.71,,,,,,
30/07/2015,11.27,12.52,12.6,,,,,,
31/07/2015,11.14,12.4,12.5,,,,,,
3/08/2015,10.89,12.18,12.28,,,,,,
4/08/2015,11.01,12.25,12.35,,,,,,
5/08/2015,10.76,12.01,12.12,,,,,,
6/08/2015,10.7,11.83,11.94,,,,,,
7/08/2015,10.66,11.91,12.03,,,,,,
10/08/2015,10.57,11.85,12,,,,,,
11/08/2015,10.62,11.85,12.03,,,,,,
12/08/2015,10.54,11.74,11.93,,,,,,
13/08/2015,10.49,11.73,11.9,,,,,,
14/08/2015,10.68,11.86,12,,,,,,
17/08/2015,10.63,11.79,11.97,,,,,,
18/08/2015,10.73,11.94,12.11,,,,,,
19/08/2015,10.59,11.79,11.96,,,,,,
20/08/2015,10.62,11.82,11.99,,,,,,
21/08/2015,10.44,11.6,11.77,,,,,,
24/08/2015,10.39,11.51,11.67,,,,,,
25/08/2015,10.6,11.71,11.86,,,,,,
26/08/2015,10.53,11.58,11.71,,,,,,
27/08/2015,11.06,11.91,12.02,,,,,,
28/08/2015,10.97,11.96,12.08,,,,,,
31/08/2015,10.69,11.77,11.95,,,,,,
1/09/2015,10.71,11.78,11.92,,,,,,
2/09/2015,10.73,11.75,11.88,,,,,,
3/09/2015,11.34,12.25,12.29,,,,,,
4/09/2015,11.27,12.21,12.28,,,,,,
8/09/2015,11.07,12.06,12.19,,,,,,
9/09/2015,11.43,12.39,12.49,,,,,,
10/09/2015,11.33,12.27,12.31,,,,,,
11/09/2015,11.66,12.45,12.44,,,,,,
14/09/2015,11.5,12.38,12.36,,,,,,
15/09/2015,11.4,12.31,12.3,,,,,,
16/09/2015,11.47,12.33,12.32,,,,,,
17/09/2015,11.44,12.22,12.18,,,,,,
18/09/2015,10.96,11.7,11.68,,,,,,
21/09/2015,10.93,11.67,11.66,,,,,,
22/09/2015,10.88,11.57,11.53,,,,,,
23/09/2015,10.95,11.55,11.49,,,,,,
24/09/2015,11.19,11.86,11.78,,,,,,
25/09/2015,11.74,12.41,12.31,,,,,,
28/09/2015,11.75,12.38,12.3,,,,,,
29/09/2015,11.76,12.46,12.38,,,,,,
30/09/2015,12.17,12.88,12.8,,,,,,
1/10/2015,13.26,13.06,12.91,,,,,,
2/10/2015,13.53,13.33,13.18,,,,,,
5/10/2015,13.64,13.45,13.33,,,,,,
6/10/2015,13.63,13.45,13.32,,,,,,
7/10/2015,13.98,13.72,13.49,,,,,,
8/10/2015,14.01,13.77,13.56,,,,,,
9/10/2015,14.34,14.06,13.83,,,,,,
12/10/2015,14.24,14.03,13.86,,,,,,
13/10/2015,13.83,13.65,13.51,,,,,,
14/10/2015,14.09,13.89,13.72,,,,,,
15/10/2015,14.13,13.93,13.76,,,,,,
16/10/2015,14.27,14.05,13.85,,,,,,
19/10/2015,14.26,14.06,13.89,,,,,,
20/10/2015,14.06,13.87,13.73,,,,,,
21/10/2015,14.18,13.96,13.76,,,,,,
22/10/2015,14.6,14.26,13.99,,,,,,
23/10/2015,14.28,14.01,13.79,,,,,,
26/10/2015,14.64,14.25,13.98,,,,,,
27/10/2015,14.42,14.09,13.88,,,,,,
28/10/2015,14.65,14.27,14.06,,,,,,
29/10/2015,14.56,14.17,13.94,,,,,,
30/10/2015,14.52,14.17,13.93,,,,,,
2/11/2015,15.11,14.71,14.42,,,,,,
3/11/2015,15.49,15.05,14.68,,,,,,
4/11/2015,14.64,14.31,14.05,,,,,,
5/11/2015,14.76,14.41,14.14,,,,,,
6/11/2015,14.46,14.13,13.88,,,,,,
9/11/2015,13.99,13.69,13.49,,,,,,
10/11/2015,14.71,14.36,14.12,,,,,,
11/11/2015,14.69,14.34,14.07,,,,,,
12/11/2015,14.97,14.6,14.29,,,,,,
13/11/2015,15.04,14.67,14.36,,,,,,
16/11/2015,15.18,14.79,14.47,,,,,,
17/11/2015,14.78,14.4,14.11,,,,,,
18/11/2015,14.47,14.14,13.92,,,,,,
19/11/2015,14.95,14.57,14.31,,,,,,
20/11/2015,15.3,14.93,14.64,,,,,,
23/11/2015,15.41,15.02,14.7,,,,,,
24/11/2015,15,14.64,14.35,,,,,,
25/11/2015,14.91,14.53,14.26,,,,,,
27/11/2015,14.97,14.56,14.27,,,,,,
30/11/2015,14.93,14.46,14.16,,,,,,
1/12/2015,15.44,14.96,14.65,,,,,,
2/12/2015,15.34,14.88,14.53,,,,,,
3/12/2015,15.58,15.12,14.77,,,,,,
4/12/2015,15.48,15.02,14.66,,,,,,
7/12/2015,15.3,14.89,14.57,,,,,,
8/12/2015,15,14.59,14.27,,,,,,
9/12/2015,15.09,14.68,14.35,,,,,,
10/12/2015,14.55,14.18,13.89,,,,,,
11/12/2015,14.58,14.22,13.94,,,,,,
14/12/2015,14.51,14.14,13.88,,,,,,
15/12/2015,14.59,14.24,13.97,,,,,,
16/12/2015,14.59,14.28,14.03,,,,,,
17/12/2015,14.7,14.39,14.14,,,,,,
18/12/2015,15.1,14.71,14.41,,,,,,
21/12/2015,14.97,14.59,14.28,,,,,,
22/12/2015,15.04,14.65,14.34,,,,,,
23/12/2015,15.15,14.76,14.44,,,,,,
24/12/2015,15.06,14.69,14.4,,,,,,
28/12/2015,14.76,14.4,14.13,,,,,,
29/12/2015,14.78,14.44,14.2,,,,,,
30/12/2015,15.15,14.76,14.48,,,,,,
31/12/2015,15.24,14.92,14.64,,,,,,
4/01/2016,14.97,14.65,14.39,,,,,,
5/01/2016,14.57,14.25,13.99,,,,,,
6/01/2016,14.42,14.12,13.88,,,,,,
7/01/2016,14.75,14.45,14.19,,,,,,
8/01/2016,14.46,14.18,13.94,,,,,,
11/01/2016,14.15,13.91,13.7,,,,,,
12/01/2016,14.05,13.78,13.56,,,,,,
13/01/2016,14.47,14.11,13.87,,,,,,
14/01/2016,14.88,14.44,14.17,,,,,,
15/01/2016,14.92,14.48,14.17,,,,,,
19/01/2016,14.75,14.41,14.14,,,,,,
20/01/2016,14.18,13.91,13.69,,,,,,
21/01/2016,14.45,14.16,13.93,,,,,,
22/01/2016,14.42,14.17,13.94,,,,,,
25/01/2016,14.1,13.94,13.76,,,,,,
26/01/2016,14.02,13.87,13.72,,,,,,
27/01/2016,13.58,13.55,13.44,,,,,,
28/01/2016,13.25,13.25,13.23,,,,,,
29/01/2016,13.14,13.08,13.05,,,,,,
1/02/2016,12.83,12.88,12.9,,,,,,
2/02/2016,12.99,12.97,12.97,,,,,,
3/02/2016,12.89,12.84,12.81,,,,,,
4/02/2016,12.89,12.84,12.76,,,,,,
5/02/2016,13.27,13.14,13.02,,,,,,
8/02/2016,13.45,13.35,13.26,,,,,,
9/02/2016,13.39,13.35,13.3,,,,,,
10/02/2016,13.38,13.33,13.31,,,,,,
11/02/2016,13.07,13.02,13,,,,,,
12/02/2016,13.15,13.12,13.07,,,,,,
16/02/2016,13.22,13.2,13.17,,,,,,
17/02/2016,13.16,13.15,13.12,,,,,,
18/02/2016,12.78,12.85,12.85,,,,,,
19/02/2016,12.52,12.67,12.75,,,,,,
22/02/2016,12.61,12.76,12.81,,,,,,
23/02/2016,14,13.9,13.78,,,,,,
24/02/2016,13.97,13.88,13.79,,,,,,
25/02/2016,14.24,14.2,14.07,,,,,,
26/02/2016,13.91,14,13.9,,,,,,
29/02/2016,14.56,14.36,14.2,,,,,,
1/03/2016,14.39,14.25,14.38,,,,,,
2/03/2016,14.67,14.48,14.59,,,,,,
3/03/2016,14.84,14.67,14.79,,,,,,
4/03/2016,14.83,14.7,14.83,,,,,,
7/03/2016,14.66,14.61,14.77,,,,,,
8/03/2016,14.86,14.78,14.95,,,,,,
9/03/2016,14.63,14.58,14.76,,,,,,
10/03/2016,14.82,14.79,14.98,,,,,,
11/03/2016,15.13,15.06,15.22,,,,,,
14/03/2016,15.42,15.33,15.46,,,,,,
15/03/2016,15.32,15.27,15.42,,,,,,
16/03/2016,15.47,15.41,15.54,,,,,,
17/03/2016,15.99,15.91,16.01,,,,,,
18/03/2016,15.97,15.91,16.03,,,,,,
21/03/2016,16.29,16.19,16.26,,,,,,
22/03/2016,16.58,16.43,16.47,,,,,,
23/03/2016,16.71,16.59,16.65,,,,,,
24/03/2016,15.87,15.88,16.02,,,,,,
28/03/2016,15.94,16.03,16.18,,,,,,
29/03/2016,15.86,15.94,16.1,,,,,,
30/03/2016,15.87,15.96,16.08,,,,,,
31/03/2016,15.35,15.45,15.61,,,,,,
1/04/2016,15.18,15.27,15.41,,,,,,
4/04/2016,14.64,14.82,15.03,,,,,,
5/04/2016,14.64,14.79,14.99,,,,,,
6/04/2016,14.62,14.77,14.96,,,,,,
7/04/2016,14.43,14.61,14.83,,,,,,
8/04/2016,14.69,14.88,15.1,,,,,,
11/04/2016,14.15,14.39,14.65,,,,,,
12/04/2016,14.07,14.34,14.6,,,,,,
13/04/2016,14.01,14.29,14.56,,,,,,
14/04/2016,14.13,14.37,14.64,,,,,,
15/04/2016,15.04,15.2,15.41,,,,,,
18/04/2016,15.35,15.54,15.74,,,,,,
19/04/2016,15.17,15.42,15.66,,,,,,
20/04/2016,15.57,15.81,16.06,,,,,,
21/04/2016,15.58,15.79,16.05,,,,,,
22/04/2016,15.26,15.47,15.75,,,,,,
25/04/2016,15.63,15.89,16.18,,,,,,
26/04/2016,15.77,16.05,16.32,,,,,,
27/04/2016,15.55,15.84,16.17,,,,,,
28/04/2016,15.32,15.71,16.06,,,,,,
29/04/2016,16.16,16.32,16.59,,,,,,
2/05/2016,16.21,16.53,17.02,,,,,,
3/05/2016,16.25,16.53,16.99,,,,,,
4/05/2016,16.65,16.9,17.33,,,,,,
5/05/2016,15.84,16.16,16.64,,,,,,
6/05/2016,15.74,16.09,16.6,,,,,,
9/05/2016,15.88,16.26,16.78,,,,,,
10/05/2016,16.02,16.39,16.91,,,,,,
11/05/2016,16.77,17.08,17.53,,,,,,
12/05/2016,16.98,17.21,17.6,,,,,,
13/05/2016,16.74,16.99,17.4,,,,,,
16/05/2016,16.89,17.12,17.52,,,,,,
17/05/2016,16.82,17.1,17.51,,,,,,
18/05/2016,16.81,17.08,17.52,,,,,,
19/05/2016,16.7,16.99,17.48,,,,,,
20/05/2016,17.07,17.33,17.77,,,,,,
23/05/2016,16.8,17.09,17.54,,,,,,
24/05/2016,16.61,16.96,17.45,,,,,,
25/05/2016,17.16,17.43,17.85,,,,,,
26/05/2016,17.42,17.63,18,,,,,,
27/05/2016,17.52,17.68,17.95,,,,,,
31/05/2016,17.49,17.66,17.93,,,,,,
1/06/2016,17.41,17.6,17.96,,,,,,
2/06/2016,18.08,18.1,18.3,,,,,,
3/06/2016,18.75,18.78,18.78,,,,,,
6/06/2016,18.78,18.87,18.94,,,,,,
7/06/2016,19,19.12,19.23,,,,,,
8/06/2016,19.61,19.66,19.73,,,,,,
9/06/2016,19.74,19.8,19.8,,,,,,
10/06/2016,19.7,19.73,19.8,,,,,,
13/06/2016,19.54,19.64,19.75,,,,,,
14/06/2016,19.34,19.42,19.56,,,,,,
15/06/2016,19.76,19.85,19.93,,,,,,
16/06/2016,19.68,19.76,19.84,,,,,,
17/06/2016,19.76,19.9,20.02,,,,,,
20/06/2016,19.69,19.76,19.89,,,,,,
21/06/2016,19.24,19.34,19.54,,,,,,
22/06/2016,19.04,19.17,19.43,,,,,,
23/06/2016,19.04,19.19,19.47,,,,,,
24/06/2016,19,19.16,19.37,,,,,,
27/06/2016,19.48,19.64,19.79,,,,,,
28/06/2016,19.81,19.94,20.04,,,,,,
29/06/2016,20.82,21.01,21.02,,,,,,
30/06/2016,20.15,20.33,20.43,,,,,,
1/07/2016,20.78,20.84,19.72,,,,,,
5/07/2016,20.87,20.94,19.87,,,,,,
6/07/2016,20.57,20.76,19.76,,,,,,
7/07/2016,19.73,20,19.16,,,,,,
8/07/2016,19.57,19.81,19.08,,,,,,
11/07/2016,20.28,20.45,19.66,,,,,,
12/07/2016,19.72,19.97,19.22,,,,,,
13/07/2016,19.48,19.75,19.06,,,,,,
14/07/2016,19.91,20.09,19.34,,,,,,
15/07/2016,19.31,19.58,18.97,,,,,,
18/07/2016,19.37,19.64,19.02,,,,,,
19/07/2016,19.36,19.62,19.02,,,,,,
20/07/2016,19.28,19.56,18.96,,,,,,
21/07/2016,19.56,19.81,19.13,,,,,,
22/07/2016,19.59,19.83,19.17,,,,,,
25/07/2016,19.89,20.09,19.31,,,,,,
26/07/2016,19.52,19.76,19.03,,,,,,
27/07/2016,19.1,19.39,18.76,,,,,,
28/07/2016,18.8,19.18,18.59,,,,,,
29/07/2016,19.05,19.44,18.86,,,,,,
1/08/2016,18.81,19.24,18.68,,,,,,
2/08/2016,19.05,19.48,18.89,,,,,,
3/08/2016,19.04,19.45,18.88,,,,,,
4/08/2016,19.7,20.07,19.38,,,,,,
5/08/2016,20.35,20.71,20.02,,,,,,
8/08/2016,20.55,20.95,20.28,,,,,,
9/08/2016,20.39,20.82,20.21,,,,,,
10/08/2016,19.64,20.11,19.57,,,,,,
11/08/2016,19.6,20.09,19.61,,,,,,
12/08/2016,19.71,20.2,19.7,,,,,,
15/08/2016,19.98,20.45,19.92,,,,,,
16/08/2016,20.26,20.74,20.16,,,,,,
17/08/2016,19.72,20.21,19.69,,,,,,
18/08/2016,19.98,20.46,19.93,,,,,,
19/08/2016,19.77,20.28,19.82,,,,,,
22/08/2016,20.42,20.88,20.34,,,,,,
23/08/2016,20.73,21.16,20.53,,,,,,
24/08/2016,20.22,20.73,20.15,,,,,,
25/08/2016,20.55,21.02,20.41,,,,,,
26/08/2016,20.61,21.09,20.49,,,,,,
29/08/2016,20.67,21.15,20.54,,,,,,
30/08/2016,20.52,21.01,20.42,,,,,,
31/08/2016,20.06,20.56,20.04,,,,,,
1/09/2016,19.59,20.18,19.72,,,,,,
2/09/2016,20.18,20.77,20.25,,,,,,
6/09/2016,20.22,20.85,20.34,,,,,,
7/09/2016,20.29,20.9,20.45,,,,,,
8/09/2016,20.22,20.88,20.45,,,,,,
9/09/2016,19.99,20.69,20.29,,,,,,
12/09/2016,20.24,20.85,20.41,,,,,,
13/09/2016,20.43,20.96,20.47,,,,,,
14/09/2016,20.13,20.73,20.27,,,,,,
15/09/2016,20.48,21.16,20.68,,,,,,
16/09/2016,21.78,22.47,21.59,,,,,,
19/09/2016,22.1,22.75,21.89,,,,,,
20/09/2016,22.13,22.7,21.94,,,,,,
21/09/2016,22.2,22.76,21.99,,,,,,
22/09/2016,22.17,22.67,21.92,,,,,,
23/09/2016,22.13,22.7,22.03,,,,,,
26/09/2016,22.54,23.12,22.37,,,,,,
27/09/2016,23.02,23.44,22.6,,,,,,
28/09/2016,23.27,23.78,22.85,,,,,,
29/09/2016,22.76,23.35,22.48,,,,,,
30/09/2016,22.53,23,22.16,,,,,,
3/10/2016,22.67,21.95,21.17,,,,,,
4/10/2016,23.26,22.44,21.56,,,,,,
5/10/2016,23.81,22.91,21.96,,,,,,
6/10/2016,23.11,22.31,21.46,,,,,,
7/10/2016,23.42,22.63,21.82,,,,,,
10/10/2016,23.13,22.37,21.62,,,,,,
11/10/2016,23.29,22.49,21.73,,,,,,
12/10/2016,23.15,22.43,21.75,,,,,,
13/10/2016,22.92,22.26,21.64,,,,,,
14/10/2016,22.91,22.24,21.57,,,,,,
17/10/2016,23.16,22.46,21.72,,,,,,
18/10/2016,23.02,22.35,21.62,,,,,,
19/10/2016,22.95,22.29,21.58,,,,,,
20/10/2016,22.62,21.99,21.3,,,,,,
21/10/2016,22.71,22.07,21.37,,,,,,
24/10/2016,23.2,22.53,21.75,,,,,,
25/10/2016,22.93,22.28,21.54,,,,,,
26/10/2016,22.67,22.11,21.44,,,,,,
27/10/2016,22.59,22.03,21.39,,,,,,
28/10/2016,22.16,21.62,21,,,,,,
31/10/2016,21.57,21.11,20.56,,,,,,
1/11/2016,21.19,20.8,20.28,,,,,,
2/11/2016,21.7,21.16,20.53,,,,,,
3/11/2016,21.48,21,20.4,,,,,,
4/11/2016,21.73,21.19,20.57,,,,,,
7/11/2016,22.27,21.65,20.93,,,,,,
8/11/2016,21.97,21.34,20.58,,,,,,
9/11/2016,22.11,21.55,20.85,,,,,,
10/11/2016,21.65,21.07,20.34,,,,,,
11/11/2016,21.7,21.07,20.28,,,,,,
14/11/2016,21.63,20.96,20.11,,,,,,
15/11/2016,21.15,20.59,19.84,,,,,,
16/11/2016,20.36,19.87,19.24,,,,,,
17/11/2016,20.22,19.71,19.08,,,,,,
18/11/2016,20.15,19.62,18.99,,,,,,
21/11/2016,20.35,19.79,19.17,,,,,,
22/11/2016,19.75,19.28,18.74,,,,,,
23/11/2016,19.58,19.08,18.55,,,,,,
25/11/2016,19.84,19.26,18.66,,,,,,
28/11/2016,19.94,19.36,18.72,,,,,,
29/11/2016,19.66,19.12,18.5,,,,,,
30/11/2016,19.81,19.27,18.66,,,,,,
1/12/2016,19.36,18.89,18.37,,,,,,
2/12/2016,19.12,18.66,18.2,,,,,,
5/12/2016,18.94,18.48,18.04,,,,,,
6/12/2016,19.51,18.98,18.45,,,,,,
7/12/2016,19.63,19.12,18.55,,,,,,
8/12/2016,19.45,18.96,18.41,,,,,,
9/12/2016,19.24,18.78,18.22,,,,,,
12/12/2016,19.25,18.81,18.26,,,,,,
13/12/2016,18.6,18.33,17.94,,,,,,
14/12/2016,18.03,17.82,17.55,,,,,,
15/12/2016,18.56,18.32,18.03,,,,,,
16/12/2016,18.22,18.04,17.82,,,,,,
19/12/2016,18.23,18.05,17.83,,,,,,
20/12/2016,18.25,18.06,17.84,,,,,,
21/12/2016,18.2,18,17.81,,,,,,
22/12/2016,18.16,17.95,17.7,,,,,,
23/12/2016,18.15,17.97,17.76,,,,,,
27/12/2016,18.54,18.3,18.03,,,,,,
28/12/2016,18.99,18.74,18.39,,,,,,
29/12/2016,19.49,19.22,18.81,,,,,,
30/12/2016,19.51,19.25,18.85,,,,,,
3/01/2017,20.51,20.12,19.58,,,,,,
4/01/2017,20.89,20.41,19.79,,,,,,
5/01/2017,20.78,20.43,19.95,,,,,,
6/01/2017,20.75,20.41,19.92,,,,,,
9/01/2017,20.42,20.23,19.86,,,,,,
10/01/2017,20.48,20.31,19.94,,,,,,
11/01/2017,20.56,20.38,19.98,,,,,,
12/01/2017,20.76,20.52,20.12,,,,,,
13/01/2017,20.52,20.35,20.05,,,,,,
17/01/2017,20.73,20.55,20.2,,,,,,
18/01/2017,20.98,20.8,20.36,,,,,,
19/01/2017,20.18,20.22,19.88,,,,,,
20/01/2017,20.18,20.22,19.93,,,,,,
23/01/2017,20.64,20.63,20.29,,,,,,
24/01/2017,20.58,20.64,20.34,,,,,,
25/01/2017,20.34,20.4,20.13,,,,,,
26/01/2017,20.36,20.36,20.1,,,,,,
27/01/2017,20.33,20.36,20.1,,,,,,
30/01/2017,20.31,20.37,20.12,,,,,,
31/01/2017,20.45,20.46,20.2,,,,,,
1/02/2017,20.84,20.7,20.4,,,,,,
2/02/2017,20.55,20.51,20.26,,,,,,
3/02/2017,21.11,20.91,20.58,,,,,,
6/02/2017,21.18,20.97,20.62,,,,,,
7/02/2017,20.72,20.63,20.33,,,,,,
8/02/2017,20.76,20.73,20.43,,,,,,
9/02/2017,20.65,20.65,20.34,,,,,,
10/02/2017,20.42,20.43,20.15,,,,,,
13/02/2017,20,19.99,19.77,,,,,,
14/02/2017,20.47,20.37,20.11,,,,,,
15/02/2017,20.48,20.43,20.16,,,,,,
16/02/2017,20.36,20.3,20.05,,,,,,
17/02/2017,20.3,20.26,20.03,,,,,,
21/02/2017,20.8,20.74,20.45,,,,,,
22/02/2017,20.71,20.68,20.41,,,,,,
23/02/2017,20.16,20.13,19.88,,,,,,
24/02/2017,19.8,19.81,19.59,,,,,,
27/02/2017,19.09,19.15,19.01,,,,,,
28/02/2017,19.31,19.23,19.06,,,,,,
1/03/2017,19.48,19.34,19.35,,,,,,
2/03/2017,19.66,19.46,19.43,,,,,,
3/03/2017,19.52,19.33,19.31,,,,,,
6/03/2017,19.15,19.04,19.1,,,,,,
7/03/2017,18.4,18.41,18.55,,,,,,
8/03/2017,18.4,18.38,18.51,,,,,,
9/03/2017,18,18.02,18.18,,,,,,
10/03/2017,18.22,18.19,18.29,,,,,,
13/03/2017,18.18,18.15,18.24,,,,,,
14/03/2017,18.16,18.09,18.17,,,,,,
15/03/2017,18.23,18.17,18.23,,,,,,
16/03/2017,18.25,18.17,18.22,,,,,,
17/03/2017,18.17,18.1,18.17,,,,,,
20/03/2017,17.7,17.69,17.8,,,,,,
21/03/2017,17.29,17.32,17.48,,,,,,
22/03/2017,17.3,17.29,17.42,,,,,,
23/03/2017,17.6,17.59,17.72,,,,,,
24/03/2017,17.71,17.69,17.81,,,,,,
27/03/2017,17.7,17.68,17.79,,,,,,
28/03/2017,17.56,17.6,17.77,,,,,,
29/03/2017,17.12,17.22,17.47,,,,,,
30/03/2017,16.81,16.94,17.19,,,,,,
31/03/2017,16.76,16.88,17.11,,,,,,
3/04/2017,16.54,16.68,16.98,,,,,,
4/04/2017,16.16,16.33,16.65,,,,,,
5/04/2017,16.1,16.24,16.52,,,,,,
6/04/2017,16.45,16.49,16.73,,,,,,
7/04/2017,16.77,16.74,16.88,,,,,,
10/04/2017,16.63,16.62,16.8,,,,,,
11/04/2017,16.72,16.76,16.93,,,,,,
12/04/2017,16.7,16.74,16.87,,,,,,
13/04/2017,16.6,16.57,16.65,,,,,,
17/04/2017,16.47,16.52,16.63,,,,,,
18/04/2017,16.7,16.83,16.95,,,,,,
19/04/2017,16.42,16.52,16.71,,,,,,
20/04/2017,16.33,16.41,16.58,,,,,,
21/04/2017,16.41,16.51,16.64,,,,,,
24/04/2017,16.24,16.32,16.52,,,,,,
25/04/2017,16.18,16.28,16.48,,,,,,
26/04/2017,15.38,15.57,15.85,,,,,,
27/04/2017,15.18,15.43,15.68,,,,,,
28/04/2017,16.04,16.13,16.32,,,,,,
1/05/2017,16.18,16.4,16.96,,,,,,
2/05/2017,15.88,16.15,16.79,,,,,,
3/05/2017,15.77,16.02,16.65,,,,,,
4/05/2017,15.37,15.63,16.26,,,,,,
5/05/2017,15.31,15.59,16.21,,,,,,
8/05/2017,15.38,15.68,16.32,,,,,,
9/05/2017,15.44,15.76,16.39,,,,,,
10/05/2017,15.84,16.14,16.72,,,,,,
11/05/2017,15.63,15.96,16.55,,,,,,
12/05/2017,15.51,15.82,16.42,,,,,,
15/05/2017,15.61,15.89,16.47,,,,,,
16/05/2017,15.88,16.15,16.71,,,,,,
17/05/2017,16.3,16.54,17.08,,,,,,
18/05/2017,16.03,16.24,16.72,,,,,,
19/05/2017,16.38,16.59,17.08,,,,,,
22/05/2017,16.51,16.72,17.18,,,,,,
23/05/2017,15.87,16.13,16.69,,,,,,
24/05/2017,15.67,15.94,16.52,,,,,,
25/05/2017,15.66,15.96,16.54,,,,,,
26/05/2017,15.05,15.37,15.99,,,,,,
30/05/2017,15.02,15.28,15.87,,,,,,
31/05/2017,14.87,15.13,15.73,,,,,,
1/06/2017,14.23,14.53,15.18,,,,,,
2/06/2017,13.74,14.04,14.74,,,,,,
5/06/2017,13.89,14.16,14.83,,,,,,
6/06/2017,13.98,14.22,14.87,,,,,,
7/06/2017,14.14,14.33,14.93,,,,,,
8/06/2017,14.34,14.53,15.13,,,,,,
9/06/2017,14.27,14.47,15.07,,,,,,
12/06/2017,14.02,14.21,14.86,,,,,,
13/06/2017,13.79,14.02,14.66,,,,,,
14/06/2017,13.62,13.85,14.54,,,,,,
15/06/2017,13.47,13.68,14.41,,,,,,
16/06/2017,13.44,13.63,14.31,,,,,,
19/06/2017,13.46,13.67,14.33,,,,,,
20/06/2017,13.61,13.82,14.45,,,,,,
21/06/2017,13.06,13.26,13.94,,,,,,
22/06/2017,12.84,13.06,13.78,,,,,,
23/06/2017,12.97,13.17,13.89,,,,,,
26/06/2017,12.61,12.85,13.62,,,,,,
27/06/2017,12.65,12.89,13.65,,,,,,
28/06/2017,12.55,12.76,13.51,,,,,,
29/06/2017,13.3,13.5,14.19,,,,,,
30/06/2017,13.68,13.81,14.47,,,,,,
3/07/2017,13.92,14.61,14.64,,,,,,
5/07/2017,13.72,14.43,14.48,,,,,,
6/07/2017,13.92,14.62,14.66,,,,,,
7/07/2017,14.15,14.83,14.86,,,,,,
10/07/2017,13.56,14.29,14.34,,,,,,
11/07/2017,13.44,14.19,14.25,,,,,,
12/07/2017,13.49,14.25,14.31,,,,,,
13/07/2017,14.14,14.87,14.92,,,,,,
14/07/2017,14.3,15.03,15.07,,,,,,
17/07/2017,14.09,14.84,14.92,,,,,,
18/07/2017,14.1,14.84,14.91,,,,,,
19/07/2017,14.5,15.21,15.29,,,,,,
20/07/2017,14.41,15.15,15.26,,,,,,
21/07/2017,14.4,15.15,15.3,,,,,,
24/07/2017,14.4,15.16,15.32,,,,,,
25/07/2017,13.9,14.7,14.89,,,,,,
26/07/2017,14.23,15,15.2,,,,,,
27/07/2017,14.43,15.13,15.29,,,,,,
28/07/2017,14.37,15.09,15.27,,,,,,
31/07/2017,14.91,15.6,15.72,,,,,,
1/08/2017,14.88,15.56,15.67,,,,,,
2/08/2017,14.79,15.5,15.64,,,,,,
3/08/2017,14.31,15.05,15.22,,,,,,
4/08/2017,14.14,14.88,15.05,,,,,,
7/08/2017,13.87,14.66,14.87,,,,,,
8/08/2017,13.78,14.61,14.85,,,,,,
9/08/2017,13.64,14.5,14.78,,,,,,
10/08/2017,13.24,14.14,14.49,,,,,,
11/08/2017,13.2,14.05,14.35,,,,,,
14/08/2017,13.5,14.3,14.55,,,,,,
15/08/2017,13.13,13.95,14.24,,,,,,
16/08/2017,12.94,13.79,14.07,,,,,,
17/08/2017,13.29,14.1,14.34,,,,,,
18/08/2017,13.41,14.17,14.41,,,,,,
21/08/2017,13.52,14.26,14.51,,,,,,
22/08/2017,13.51,14.26,14.51,,,,,,
23/08/2017,13.67,14.39,14.63,,,,,,
24/08/2017,14.02,14.68,14.88,,,,,,
25/08/2017,14.03,14.69,14.93,,,,,,
28/08/2017,14.31,14.84,15.03,,,,,,
29/08/2017,13.82,14.48,14.71,,,,,,
30/08/2017,13.91,14.53,14.77,,,,,,
31/08/2017,14.4,14.98,15.19,,,,,,
1/09/2017,13.75,14.36,14.61,,,,,,
5/09/2017,14.03,14.63,14.84,,,,,,
6/09/2017,14.29,14.85,15.03,,,,,,
7/09/2017,14.03,14.64,14.83,,,,,,
8/09/2017,14.09,14.64,14.79,,,,,,
11/09/2017,14.29,14.84,14.95,,,,,,
12/09/2017,14.02,14.54,14.66,,,,,,
13/09/2017,14.33,14.8,14.88,,,,,,
14/09/2017,14.27,14.85,14.97,,,,,,
15/09/2017,14.55,15.17,15.23,,,,,,
18/09/2017,14.31,14.92,15.07,,,,,,
19/09/2017,13.76,14.37,14.52,,,,,,
20/09/2017,14.07,14.7,14.85,,,,,,
21/09/2017,14.05,14.73,14.91,,,,,,
22/09/2017,13.98,14.64,14.79,,,,,,
25/09/2017,13.74,14.35,14.53,,,,,,
26/09/2017,13.21,13.91,14.1,,,,,,
27/09/2017,13.08,13.83,14.01,,,,,,
28/09/2017,13.23,13.95,14.1,,,,,,
29/09/2017,13.54,14.1,14.22,,,,,,
2/10/2017,14.31,14.42,14.56,,,,,,
3/10/2017,14.04,14.15,14.27,,,,,,
4/10/2017,14.25,14.35,14.44,,,,,,
5/10/2017,14.39,14.49,14.58,,,,,,
6/10/2017,13.98,14.11,14.28,,,,,,
9/10/2017,14,14.11,14.29,,,,,,
10/10/2017,14.17,14.24,14.4,,,,,,
11/10/2017,14.3,14.38,14.56,,,,,,
12/10/2017,14.28,14.36,14.55,,,,,,
13/10/2017,14.41,14.48,14.64,,,,,,
16/10/2017,14.18,14.28,14.44,,,,,,
17/10/2017,14.03,14.15,14.32,,,,,,
18/10/2017,14.08,14.17,14.31,,,,,,
19/10/2017,14.13,14.22,14.34,,,,,,
20/10/2017,14,14.11,14.24,,,,,,
23/10/2017,13.88,14,14.14,,,,,,
24/10/2017,14.28,14.36,14.46,,,,,,
25/10/2017,14.18,14.28,14.39,,,,,,
26/10/2017,14.11,14.22,14.34,,,,,,
27/10/2017,14.63,14.67,14.71,,,,,,
30/10/2017,14.73,14.79,14.84,,,,,,
31/10/2017,14.74,14.82,14.91,,,,,,
1/11/2017,14.61,14.69,14.78,,,,,,
2/11/2017,14.23,14.36,14.51,,,,,,
3/11/2017,14.38,14.48,14.6,,,,,,
6/11/2017,14.56,14.65,14.75,,,,,,
7/11/2017,14.72,14.76,14.82,,,,,,
8/11/2017,14.84,14.91,14.96,,,,,,
9/11/2017,14.88,14.9,14.95,,,,,,
10/11/2017,14.96,14.96,14.99,,,,,,
13/11/2017,15.13,15.04,15.01,,,,,,
14/11/2017,15.1,15.1,15.08,,,,,,
15/11/2017,15.09,15.09,15.09,,,,,,
16/11/2017,15.26,15.22,15.2,,,,,,
17/11/2017,15.37,15.33,15.29,,,,,,
20/11/2017,14.98,14.99,15.02,,,,,,
21/11/2017,14.88,14.9,14.93,,,,,,
22/11/2017,15.28,15.21,15.18,,,,,,
24/11/2017,15.45,15.36,15.31,,,,,,
27/11/2017,15.39,15.33,15.31,,,,,,
28/11/2017,15.04,15.02,15.04,,,,,,
29/11/2017,15.07,15.03,15.05,,,,,,
30/11/2017,15.08,15.03,15.03,,,,,,
1/12/2017,14.98,14.94,14.93,,,,,,
4/12/2017,15.06,15,14.97,,,,,,
5/12/2017,14.9,14.87,14.85,,,,,,
6/12/2017,14.45,14.46,14.49,,,,,,
7/12/2017,14.31,14.24,14.27,,,,,,
8/12/2017,14.05,13.97,14.03,,,,,,
11/12/2017,13.95,13.87,13.95,,,,,,
12/12/2017,13.77,13.69,13.75,,,,,,
13/12/2017,13.85,13.7,13.73,,,,,,
14/12/2017,13.77,13.62,13.68,,,,,,
15/12/2017,13.66,13.52,13.57,,,,,,
18/12/2017,13.76,13.64,13.71,,,,,,
19/12/2017,14.41,14.23,14.29,,,,,,
20/12/2017,14.57,14.4,14.48,,,,,,
21/12/2017,14.77,14.61,14.68,,,,,,
22/12/2017,14.6,14.54,14.61,,,,,,
26/12/2017,14.7,14.64,14.7,,,,,,
27/12/2017,14.93,14.82,14.86,,,,,,
28/12/2017,15,14.87,14.91,,,,,,
29/12/2017,15.16,15.02,15.04,,,,,,
2/01/2018,15.33,15.19,15.17,,,,,,
3/01/2018,15.31,15.21,15.21,,,,,,
4/01/2018,15.25,15.16,15.19,,,,,,
5/01/2018,15.08,15.02,15.08,,,,,,
8/01/2018,14.78,14.78,14.86,,,,,,
9/01/2018,14.73,14.77,14.86,,,,,,
10/01/2018,14.65,14.72,14.83,,,,,,
11/01/2018,14.18,14.32,14.46,,,,,,
12/01/2018,14.18,14.32,14.45,,,,,,
16/01/2018,13.59,13.77,14,,,,,,
17/01/2018,13.42,13.58,13.78,,,,,,
18/01/2018,13.08,13.24,13.48,,,,,,
19/01/2018,13.25,13.4,13.64,,,,,,
22/01/2018,13.17,13.31,13.56,,,,,,
23/01/2018,13.19,13.36,13.62,,,,,,
24/01/2018,13.16,13.31,13.56,,,,,,
25/01/2018,13.24,13.42,13.68,,,,,,
26/01/2018,13.36,13.52,13.79,,,,,,
29/01/2018,13.67,13.76,14.02,,,,,,
30/01/2018,13.72,13.82,14.05,,,,,,
31/01/2018,13.23,13.37,13.67,,,,,,
1/02/2018,13.37,13.49,13.78,,,,,,
2/02/2018,13.63,13.68,13.9,,,,,,
5/02/2018,13.9,13.86,14.03,,,,,,
6/02/2018,13.84,13.85,14.05,,,,,,
7/02/2018,14,13.98,14.16,,,,,,
8/02/2018,13.58,13.59,13.78,,,,,,
9/02/2018,13.67,13.55,13.7,,,,,,
12/02/2018,13.73,13.61,13.74,,,,,,
13/02/2018,13.48,13.44,13.57,,,,,,
14/02/2018,13.4,13.31,13.42,,,,,,
15/02/2018,13.62,13.51,13.6,,,,,,
16/02/2018,13.38,13.28,13.38,,,,,,
20/02/2018,13.36,13.29,13.42,,,,,,
21/02/2018,13.38,13.27,13.43,,,,,,
22/02/2018,13.71,13.58,13.67,,,,,,
23/02/2018,13.68,13.46,13.57,,,,,,
26/02/2018,13.66,13.43,13.53,,,,,,
27/02/2018,13.01,12.87,13.03,,,,,,
28/02/2018,13.48,13.38,13.49,,,,,,
1/03/2018,13.71,13.82,14.11,,,,,,
2/03/2018,13.42,13.6,13.95,,,,,,
5/03/2018,13.56,13.75,14.11,,,,,,
6/03/2018,13.45,13.63,14.01,,,,,,
7/03/2018,12.79,12.99,13.37,,,,,,
8/03/2018,12.89,13.1,13.48,,,,,,
9/03/2018,12.84,13.06,13.44,,,,,,
12/03/2018,12.93,13.16,13.51,,,,,,
13/03/2018,12.62,12.89,13.27,,,,,,
14/03/2018,12.76,12.97,13.33,,,,,,
15/03/2018,12.74,12.95,13.33,,,,,,
16/03/2018,12.65,12.85,13.23,,,,,,
19/03/2018,12.89,13.05,13.4,,,,,,
20/03/2018,12.56,12.75,13.13,,,,,,
21/03/2018,12.67,12.87,13.26,,,,,,
22/03/2018,12.77,12.95,13.33,,,,,,
23/03/2018,12.57,12.76,13.14,,,,,,
26/03/2018,12.42,12.61,13,,,,,,
27/03/2018,12.54,12.66,13.06,,,,,,
28/03/2018,12.21,12.34,12.78,,,,,,
29/03/2018,12.35,12.46,12.87,,,,,,
2/04/2018,12.52,12.63,12.98,,,,,,
3/04/2018,12.47,12.61,12.96,,,,,,
4/04/2018,12.27,12.43,12.76,,,,,,
5/04/2018,12.35,12.47,12.78,,,,,,
6/04/2018,12.34,12.38,12.66,,,,,,
9/04/2018,12.36,12.42,12.69,,,,,,
10/04/2018,12.13,12.19,12.48,,,,,,
11/04/2018,12.06,12.12,12.4,,,,,,
12/04/2018,12.05,12.13,12.39,,,,,,
13/04/2018,12.08,12.2,12.44,,,,,,
16/04/2018,11.98,12.17,12.42,,,,,,
17/04/2018,11.65,11.82,12.08,,,,,,
18/04/2018,11.74,11.91,12.14,,,,,,
19/04/2018,11.75,11.95,12.19,,,,,,
20/04/2018,11.64,11.87,12.13,,,,,,
23/04/2018,11.21,11.4,11.72,,,,,,
24/04/2018,11.14,11.38,11.69,,,,,,
25/04/2018,10.86,11.12,11.43,,,,,,
26/04/2018,10.97,11.38,11.7,,,,,,
27/04/2018,11.22,11.52,11.79,,,,,,
30/04/2018,11.52,11.75,11.99,,,,,,
1/05/2018,11.69,11.96,13.08,,,,,,
2/05/2018,11.75,12.01,13.11,,,,,,
3/05/2018,11.69,11.95,13.05,,,,,,
4/05/2018,11.51,11.79,12.9,,,,,,
7/05/2018,11.32,11.68,12.78,,,,,,
8/05/2018,11.56,11.92,12.98,,,,,,
9/05/2018,11.29,11.69,12.76,,,,,,
10/05/2018,11.27,11.67,12.76,,,,,,
11/05/2018,11.22,11.6,12.65,,,,,,
14/05/2018,11.26,11.64,12.64,,,,,,
15/05/2018,11.52,11.85,12.73,,,,,,
16/05/2018,11.61,11.89,12.79,,,,,,
17/05/2018,11.56,11.87,12.77,,,,,,
18/05/2018,11.66,11.97,12.85,,,,,,
21/05/2018,12.1,12.39,13.11,,,,,,
22/05/2018,12.15,12.52,13.37,,,,,,
23/05/2018,12.35,12.72,13.58,,,,,,
24/05/2018,12.38,12.7,13.55,,,,,,
25/05/2018,12.46,12.76,13.6,,,,,,
29/05/2018,12.46,12.71,13.5,,,,,,
30/05/2018,12.6,12.82,13.6,,,,,,
31/05/2018,12.79,13.02,13.8,,,,,,
1/06/2018,12.52,12.81,13.59,,,,,,
4/06/2018,11.9,12.22,13.11,,,,,,
5/06/2018,12.02,12.33,13.17,,,,,,
6/06/2018,12.2,12.47,13.25,,,,,,
7/06/2018,11.73,12.02,12.79,,,,,,
8/06/2018,12.25,12.52,13.19,,,,,,
11/06/2018,12.35,12.64,13.33,,,,,,
12/06/2018,12.35,12.67,13.34,,,,,,
13/06/2018,12.51,12.76,13.36,,,,,,
14/06/2018,12.23,12.56,13.22,,,,,,
15/06/2018,12.02,12.35,13.06,,,,,,
18/06/2018,11.99,12.28,12.97,,,,,,
19/06/2018,11.84,12.13,12.83,,,,,,
20/06/2018,11.89,12.19,12.84,,,,,,
21/06/2018,11.87,12.21,12.81,,,,,,
22/06/2018,12.05,12.41,12.98,,,,,,
25/06/2018,12,12.32,12.95,,,,,,
26/06/2018,12.12,12.45,13.11,,,,,,
27/06/2018,11.72,12.05,12.71,,,,,,
28/06/2018,11.88,12.25,12.92,,,,,,
29/06/2018,11.86,12.25,12.95,,,,,,
2/07/2018,11.56,12.33,12.44,,,,,,
3/07/2018,11.39,12.12,12.21,,,,,,
5/07/2018,11.48,12.14,12.21,,,,,,
6/07/2018,11.51,12.19,12.27,,,,,,
9/07/2018,11.4,12.12,12.23,,,,,,
10/07/2018,11.41,12.13,12.24,,,,,,
11/07/2018,11.29,12.03,12.14,,,,,,
12/07/2018,11.08,11.84,11.97,,,,,,
13/07/2018,10.96,11.68,11.8,,,,,,
16/07/2018,11.14,11.83,11.96,,,,,,
17/07/2018,11.13,11.83,11.95,,,,,,
18/07/2018,11.08,11.77,11.91,,,,,,
19/07/2018,10.97,11.67,11.79,,,,,,
20/07/2018,11.12,11.84,11.96,,,,,,
23/07/2018,11.08,11.84,11.96,,,,,,
24/07/2018,11.19,11.96,12.08,,,,,,
25/07/2018,11.19,11.99,12.16,,,,,,
26/07/2018,11.03,11.9,12.11,,,,,,
27/07/2018,10.88,11.78,12.02,,,,,,
30/07/2018,10.82,11.74,11.97,,,,,,
31/07/2018,10.55,11.48,11.69,,,,,,
1/08/2018,10.48,11.29,11.49,,,,,,
2/08/2018,10.59,11.39,11.58,,,,,,
3/08/2018,10.85,11.66,11.83,,,,,,
6/08/2018,10.98,11.77,11.93,,,,,,
7/08/2018,10.88,11.78,12,,,,,,
8/08/2018,10.81,11.69,11.89,,,,,,
9/08/2018,10.84,11.79,12.01,,,,,,
10/08/2018,10.54,11.5,11.75,,,,,,
13/08/2018,10.3,11.34,11.59,,,,,,
14/08/2018,10.34,11.28,11.5,,,,,,
15/08/2018,10.23,11.13,11.36,,,,,,
16/08/2018,10.3,11.14,11.36,,,,,,
17/08/2018,10.18,11.05,11.28,,,,,,
20/08/2018,10.09,10.96,11.2,,,,,,
21/08/2018,10.17,11.05,11.27,,,,,,
22/08/2018,10.18,11.07,11.27,,,,,,
23/08/2018,10.12,11,11.19,,,,,,
24/08/2018,10.23,11.05,11.24,,,,,,
27/08/2018,10.51,11.22,11.4,,,,,,
28/08/2018,10.31,11.11,11.28,,,,,,
29/08/2018,10.37,11.12,11.26,,,,,,
30/08/2018,10.57,11.34,11.44,,,,,,
31/08/2018,10.6,11.42,11.5,,,,,,
4/09/2018,10.64,11.46,11.55,,,,,,
5/09/2018,10.89,11.69,11.84,,,,,,
6/09/2018,10.8,11.56,11.72,,,,,,
7/09/2018,11.01,11.78,11.93,,,,,,
10/09/2018,11.2,12.03,12.18,,,,,,
11/09/2018,11.18,12,12.18,,,,,,
12/09/2018,11.67,12.33,12.44,,,,,,
13/09/2018,11.68,12.45,12.56,,,,,,
14/09/2018,11.16,12.02,12.19,,,,,,
17/09/2018,10.63,11.58,11.76,,,,,,
18/09/2018,10.52,11.5,11.65,,,,,,
19/09/2018,10.76,11.64,11.77,,,,,,
20/09/2018,10.8,11.62,11.76,,,,,,
21/09/2018,10.84,11.68,11.8,,,,,,
24/09/2018,10.38,11.23,11.35,,,,,,
25/09/2018,10.36,11.15,11.25,,,,,,
26/09/2018,9.9,10.91,11.06,,,,,,
27/09/2018,10.05,10.91,11.02,,,,,,
28/09/2018,10.42,11.2,11.29,,,,,,
1/10/2018,11.61,11.69,11.81,,,,,,
2/10/2018,12.07,12.16,12.28,,,,,,
3/10/2018,12.23,12.36,12.51,,,,,,
4/10/2018,12.33,12.47,12.61,,,,,,
5/10/2018,12.63,12.75,12.85,,,,,,
8/10/2018,12.94,13.07,13.17,,,,,,
9/10/2018,12.97,13.13,13.24,,,,,,
10/10/2018,12.85,13.01,13.12,,,,,,
11/10/2018,12.92,13.06,13.17,,,,,,
12/10/2018,13.07,13.19,13.28,,,,,,
15/10/2018,13.43,13.53,13.61,,,,,,
16/10/2018,13.25,13.38,13.45,,,,,,
17/10/2018,13.73,13.8,13.83,,,,,,
18/10/2018,13.87,13.94,13.95,,,,,,
19/10/2018,13.89,14.01,14.07,,,,,,
22/10/2018,13.82,13.96,14,,,,,,
23/10/2018,13.81,13.94,13.97,,,,,,
24/10/2018,14.01,14.09,14.09,,,,,,
25/10/2018,13.97,14.06,14.05,,,,,,
26/10/2018,13.84,13.94,13.95,,,,,,
29/10/2018,13.5,13.62,13.64,,,,,,
30/10/2018,13.32,13.45,13.49,,,,,,
31/10/2018,13.19,13.3,13.35,,,,,,
1/11/2018,13.19,13.28,13.32,,,,,,
2/11/2018,13.44,13.57,13.64,,,,,,
5/11/2018,13.15,13.29,13.38,,,,,,
6/11/2018,12.96,13.08,13.18,,,,,,
7/11/2018,13.01,13.11,13.22,,,,,,
8/11/2018,12.84,12.98,13.12,,,,,,
9/11/2018,12.73,12.87,13.02,,,,,,
12/11/2018,12.94,13.08,13.22,,,,,,
13/11/2018,12.61,12.75,12.9,,,,,,
14/11/2018,12.65,12.8,12.92,,,,,,
15/11/2018,12.65,12.8,12.91,,,,,,
16/11/2018,12.69,12.84,12.95,,,,,,
19/11/2018,12.8,12.93,13.04,,,,,,
20/11/2018,12.46,12.59,12.72,,,,,,
21/11/2018,12.68,12.78,12.88,,,,,,
23/11/2018,12.47,12.58,12.7,,,,,,
26/11/2018,12.48,12.61,12.72,,,,,,
27/11/2018,12.34,12.46,12.59,,,,,,
28/11/2018,12.84,12.93,13.03,,,,,,
29/11/2018,12.87,12.97,13.06,,,,,,
30/11/2018,12.84,12.95,13.06,,,,,,
3/12/2018,12.91,13.02,13.11,,,,,,
4/12/2018,12.75,12.86,12.95,,,,,,
5/12/2018,12.72,12.83,12.92,,,,,,
6/12/2018,12.64,12.74,12.83,,,,,,
7/12/2018,12.87,12.97,13.07,,,,,,
10/12/2018,12.72,12.82,12.92,,,,,,
11/12/2018,12.83,12.91,13.02,,,,,,
12/12/2018,12.74,12.82,12.93,,,,,,
13/12/2018,12.75,12.81,12.9,,,,,,
14/12/2018,12.65,12.75,12.86,,,,,,
17/12/2018,12.49,12.6,12.73,,,,,,
18/12/2018,12.3,12.38,12.53,,,,,,
19/12/2018,12.47,12.54,12.67,,,,,,
20/12/2018,12.43,12.5,12.63,,,,,,
21/12/2018,12.34,12.4,12.54,,,,,,
24/12/2018,12.4,12.45,12.58,,,,,,
26/12/2018,12.39,12.43,12.56,,,,,,
27/12/2018,12.25,12.3,12.44,,,,,,
28/12/2018,12.39,12.44,12.55,,,,,,
31/12/2018,12.03,12.1,12.24,,,,,,
2/01/2019,11.93,12.03,12.17,,,,,,
3/01/2019,11.69,11.82,11.99,,,,,,
4/01/2019,11.93,12.02,12.16,,,,,,
7/01/2019,12.65,12.72,12.85,,,,,,
8/01/2019,12.76,12.89,13.04,,,,,,
9/01/2019,12.87,13.01,13.15,,,,,,
10/01/2019,12.67,12.81,12.92,,,,,,
11/01/2019,12.78,12.92,13.01,,,,,,
14/01/2019,12.75,12.89,13,,,,,,
15/01/2019,13.16,13.25,13.33,,,,,,
16/01/2019,13.17,13.3,13.43,,,,,,
17/01/2019,12.85,13,13.15,,,,,,
18/01/2019,13.03,13.16,13.3,,,,,,
22/01/2019,12.93,13.06,13.2,,,,,,
23/01/2019,12.97,13.08,13.21,,,,,,
24/01/2019,12.98,13.11,13.26,,,,,,
25/01/2019,12.44,12.59,12.75,,,,,,
28/01/2019,12.79,12.89,13.05,,,,,,
29/01/2019,12.69,12.79,12.96,,,,,,
30/01/2019,12.53,12.64,12.86,,,,,,
31/01/2019,12.73,12.81,13.01,,,,,,
1/02/2019,12.6,12.65,12.83,,,,,,
4/02/2019,12.85,12.86,13.01,,,,,,
5/02/2019,12.82,12.84,13.01,,,,,,
6/02/2019,12.9,12.89,13.09,,,,,,
7/02/2019,12.73,12.7,12.93,,,,,,
8/02/2019,12.71,12.66,12.86,,,,,,
11/02/2019,12.67,12.49,12.69,,,,,,
12/02/2019,12.85,12.66,12.8,,,,,,
13/02/2019,12.75,12.58,12.74,,,,,,
14/02/2019,12.61,12.42,12.6,,,,,,
15/02/2019,13.14,13,13.14,,,,,,
19/02/2019,13.35,13.23,13.4,,,,,,
20/02/2019,13.44,13.38,13.57,,,,,,
21/02/2019,13.24,13.2,13.43,,,,,,
22/02/2019,13.37,13.3,13.51,,,,,,
25/02/2019,13.1,13,13.25,,,,,,
26/02/2019,12.88,12.85,13.08,,,,,,
27/02/2019,12.91,12.97,13.21,,,,,,
28/02/2019,12.73,12.78,13.03,,,,,,
1/03/2019,12.62,12.87,13.26,,,,,,
4/03/2019,12.36,12.59,12.98,,,,,,
5/03/2019,12.44,12.64,12.98,,,,,,
6/03/2019,12.16,12.38,12.76,,,,,,
7/03/2019,12.14,12.36,12.75,,,,,,
8/03/2019,12.18,12.37,12.74,,,,,,
11/03/2019,12.29,12.5,12.87,,,,,,
12/03/2019,12.33,12.54,12.9,,,,,,
13/03/2019,12.36,12.54,12.89,,,,,,
14/03/2019,12.41,12.57,12.9,,,,,,
15/03/2019,12.52,12.68,13.03,,,,,,
18/03/2019,12.84,13.01,13.33,,,,,,
19/03/2019,12.78,12.96,13.29,,,,,,
20/03/2019,12.74,12.95,13.3,,,,,,
21/03/2019,12.5,12.73,13.09,,,,,,
22/03/2019,12.57,12.74,13.07,,,,,,
25/03/2019,12.48,12.65,13,,,,,,
26/03/2019,12.59,12.74,13.06,,,,,,
27/03/2019,12.58,12.69,12.99,,,,,,
28/03/2019,12.53,12.63,12.92,,,,,,
29/03/2019,12.53,12.65,12.95,,,,,,
1/04/2019,12.67,12.78,13.08,,,,,,
2/04/2019,12.66,12.8,13.11,,,,,,
3/04/2019,12.42,12.55,12.86,,,,,,
4/04/2019,12.71,12.81,13.11,,,,,,
5/04/2019,12.76,12.87,13.18,,,,,,
8/04/2019,12.57,12.68,12.98,,,,,,
9/04/2019,12.78,12.9,13.19,,,,,,
10/04/2019,12.81,12.98,13.27,,,,,,
11/04/2019,12.66,12.82,13.13,,,,,,
12/04/2019,12.77,12.92,13.23,,,,,,
15/04/2019,12.66,12.79,13.11,,,,,,
16/04/2019,12.51,12.67,13,,,,,,
17/04/2019,12.35,12.53,12.84,,,,,,
18/04/2019,12.76,12.98,13.25,,,,,,
22/04/2019,12.54,12.77,13.09,,,,,,
23/04/2019,12.7,12.9,13.19,,,,,,
24/04/2019,12.68,12.9,13.22,,,,,,
25/04/2019,12.36,12.69,13.02,,,,,,
26/04/2019,12.26,12.65,12.99,,,,,,
29/04/2019,11.63,12.33,12.69,,,,,,
30/04/2019,11.99,12.34,12.69,,,,,,
1/05/2019,12.21,12.54,13.57,,,,,,
2/05/2019,12.23,12.55,13.54,,,,,,
3/05/2019,12.01,12.35,13.39,,,,,,
6/05/2019,11.88,12.22,13.31,,,,,,
7/05/2019,11.95,12.28,13.29,,,,,,
8/05/2019,11.65,12.02,13.04,,,,,,
9/05/2019,11.78,12.12,13.09,,,,,,
10/05/2019,11.72,12.07,13.06,,,,,,
13/05/2019,11.84,12.19,13.19,,,,,,
14/05/2019,11.94,12.26,13.26,,,,,,
15/05/2019,11.85,12.19,13.17,,,,,,
16/05/2019,11.78,12.14,13.15,,,,,,
17/05/2019,11.55,11.93,12.93,,,,,,
20/05/2019,11.62,12.02,13,,,,,,
21/05/2019,11.81,12.17,13.15,,,,,,
22/05/2019,11.62,12.04,13.06,,,,,,
23/05/2019,11.57,11.97,13,,,,,,
24/05/2019,11.66,12.05,13.11,,,,,,
28/05/2019,11.75,12.09,13.12,,,,,,
29/05/2019,11.87,12.24,13.24,,,,,,
30/05/2019,11.76,12.18,13.18,,,,,,
31/05/2019,12.1,12.43,13.34,,,,,,
3/06/2019,12.19,12.5,13.37,,,,,,
4/06/2019,12.42,12.64,13.47,,,,,,
5/06/2019,12.21,12.49,13.4,,,,,,
6/06/2019,12.51,12.72,13.59,,,,,,
7/06/2019,12.5,12.78,13.63,,,,,,
10/06/2019,12.4,12.7,13.54,,,,,,
11/06/2019,12.54,12.83,13.67,,,,,,
12/06/2019,12.62,12.86,13.66,,,,,,
13/06/2019,12.75,12.91,13.71,,,,,,
14/06/2019,12.75,12.92,13.77,,,,,,
17/06/2019,12.66,12.84,13.71,,,,,,
18/06/2019,12.61,12.83,13.74,,,,,,
19/06/2019,12.5,12.74,13.67,,,,,,
20/06/2019,12.43,12.68,13.62,,,,,,
21/06/2019,12.22,12.48,13.44,,,,,,
24/06/2019,12.27,12.47,13.41,,,,,,
25/06/2019,12.33,12.57,13.48,,,,,,
26/06/2019,12.03,12.32,13.24,,,,,,
27/06/2019,12.53,12.78,13.64,,,,,,
28/06/2019,12.32,12.62,13.55,,,,,,
1/07/2019,12.57,13.47,13.56,,,,,,
2/07/2019,12.35,13.27,13.37,,,,,,
3/07/2019,12.54,13.42,13.52,,,,,,
5/07/2019,12.36,13.3,13.4,,,,,,
8/07/2019,12.45,13.41,13.48,,,,,,
9/07/2019,12.35,13.34,13.43,,,,,,
10/07/2019,12.5,13.47,13.55,,,,,,
11/07/2019,12.38,13.38,13.48,,,,,,
12/07/2019,12.3,13.3,13.39,,,,,,
15/07/2019,12.06,13.12,13.23,,,,,,
16/07/2019,11.99,13.03,13.16,,,,,,
17/07/2019,11.79,12.85,12.97,,,,,,
18/07/2019,11.55,12.62,12.75,,,,,,
19/07/2019,11.59,12.62,12.74,,,,,,
22/07/2019,11.56,12.58,12.7,,,,,,
23/07/2019,11.98,12.96,13.08,,,,,,
24/07/2019,12.06,13.03,13.15,,,,,,
25/07/2019,12,12.98,13.1,,,,,,
26/07/2019,12.02,13.02,13.15,,,,,,
29/07/2019,12.07,13.05,13.17,,,,,,
30/07/2019,12.15,13.12,13.25,,,,,,
31/07/2019,12.21,13.2,13.33,,,,,,
1/08/2019,12.12,13.14,13.28,,,,,,
2/08/2019,12.02,13.03,13.17,,,,,,
5/08/2019,11.82,12.86,13,,,,,,
6/08/2019,11.73,12.77,12.91,,,,,,
7/08/2019,11.34,12.48,12.64,,,,,,
8/08/2019,11.43,12.56,12.71,,,,,,
9/08/2019,11.86,12.95,13.11,,,,,,
12/08/2019,11.56,12.67,12.83,,,,,,
13/08/2019,11.72,12.77,12.93,,,,,,
14/08/2019,11.61,12.64,12.8,,,,,,
15/08/2019,11.63,12.68,12.83,,,,,,
16/08/2019,11.64,12.69,12.83,,,,,,
19/08/2019,11.47,12.54,12.68,,,,,,
20/08/2019,11.44,12.52,12.66,,,,,,
21/08/2019,11.39,12.48,12.64,,,,,,
22/08/2019,11.58,12.65,12.77,,,,,,
23/08/2019,11.47,12.52,12.64,,,,,,
26/08/2019,11.43,12.48,12.59,,,,,,
27/08/2019,11.24,12.35,12.49,,,,,,
28/08/2019,11.37,12.48,12.59,,,,,,
29/08/2019,11.21,12.31,12.44,,,,,,
30/08/2019,11.14,12.23,12.38,,,,,,
3/09/2019,11.19,12.17,12.29,,,,,,
4/09/2019,11.01,12.04,12.18,,,,,,
5/09/2019,10.97,11.97,12.08,,,,,,
6/09/2019,11.02,11.97,12.09,,,,,,
9/09/2019,10.92,11.9,12.03,,,,,,
10/09/2019,10.88,11.89,12.03,,,,,,
11/09/2019,10.81,11.85,11.99,,,,,,
12/09/2019,10.76,11.84,11.96,,,,,,
13/09/2019,10.89,11.94,12.04,,,,,,
16/09/2019,11.09,12.26,12.34,,,,,,
17/09/2019,10.94,12.1,12.22,,,,,,
18/09/2019,11,12.07,12.19,,,,,,
19/09/2019,10.99,12,12.11,,,,,,
20/09/2019,11.09,12.07,12.17,,,,,,
23/09/2019,11.22,12.21,12.29,,,,,,
24/09/2019,11.5,12.41,12.47,,,,,,
25/09/2019,11.8,12.66,12.71,,,,,,
26/09/2019,11.63,12.62,12.69,,,,,,
27/09/2019,11.53,12.62,12.71,,,,,,
30/09/2019,11.92,12.65,12.75,,,,,,
1/10/2019,12.88,12.98,13.06,,,,,,
2/10/2019,12.89,13,13.1,,,,,,
3/10/2019,12.74,12.87,12.98,,,,,,
4/10/2019,12.76,12.89,13.01,,,,,,
7/10/2019,12.52,12.64,12.8,,,,,,
8/10/2019,12.46,12.58,12.74,,,,,,
9/10/2019,12.41,12.52,12.66,,,,,,
10/10/2019,12.41,12.51,12.64,,,,,,
11/10/2019,12.41,12.51,12.65,,,,,,
14/10/2019,12.52,12.61,12.71,,,,,,
15/10/2019,12.59,12.69,12.81,,,,,,
16/10/2019,12.35,12.44,12.57,,,,,,
17/10/2019,12.24,12.34,12.47,,,,,,
18/10/2019,12.32,12.41,12.54,,,,,,
21/10/2019,12.27,12.36,12.5,,,,,,
22/10/2019,12.18,12.29,12.42,,,,,,
23/10/2019,12.15,12.24,12.36,,,,,,
24/10/2019,12.3,12.38,12.49,,,,,,
25/10/2019,12.35,12.42,12.55,,,,,,
28/10/2019,12.54,12.63,12.75,,,,,,
29/10/2019,12.34,12.46,12.6,,,,,,
30/10/2019,12.41,12.51,12.64,,,,,,
31/10/2019,12.48,12.58,12.71,,,,,,
1/11/2019,12.48,12.6,12.72,,,,,,
4/11/2019,12.51,12.64,12.76,,,,,,
5/11/2019,12.71,12.82,12.93,,,,,,
6/11/2019,12.56,12.68,12.78,,,,,,
7/11/2019,12.39,12.53,12.66,,,,,,
8/11/2019,12.57,12.66,12.77,,,,,,
11/11/2019,12.57,12.68,12.8,,,,,,
12/11/2019,12.59,12.7,12.81,,,,,,
13/11/2019,12.85,12.93,13.01,,,,,,
14/11/2019,12.81,12.92,13.01,,,,,,
15/11/2019,12.73,12.85,12.96,,,,,,
18/11/2019,12.76,12.88,12.97,,,,,,
19/11/2019,12.69,12.82,12.94,,,,,,
20/11/2019,12.75,12.87,13,,,,,,
21/11/2019,12.61,12.73,12.85,,,,,,
22/11/2019,12.83,12.92,13,,,,,,
25/11/2019,12.82,12.91,12.98,,,,,,
26/11/2019,12.78,12.86,12.92,,,,,,
27/11/2019,12.79,12.86,12.92,,,,,,
29/11/2019,12.94,12.98,13.03,,,,,,
2/12/2019,12.75,12.82,12.9,,,,,,
3/12/2019,12.86,12.92,12.99,,,,,,
4/12/2019,13.06,13.1,13.15,,,,,,
5/12/2019,13.08,13.14,13.2,,,,,,
6/12/2019,13.18,13.23,13.28,,,,,,
9/12/2019,13.38,13.43,13.47,,,,,,
10/12/2019,13.46,13.51,13.56,,,,,,
11/12/2019,13.42,13.5,13.56,,,,,,
12/12/2019,13.52,13.58,13.65,,,,,,
13/12/2019,13.5,13.56,13.62,,,,,,
16/12/2019,13.29,13.38,13.47,,,,,,
17/12/2019,13.27,13.35,13.43,,,,,,
18/12/2019,13.43,13.51,13.59,,,,,,
19/12/2019,13.55,13.63,13.69,,,,,,
20/12/2019,13.54,13.63,13.71,,,,,,
23/12/2019,13.45,13.54,13.64,,,,,,
24/12/2019,13.37,13.47,13.58,,,,,,
26/12/2019,13.44,13.54,13.65,,,,,,
27/12/2019,13.54,13.63,13.74,,,,,,
30/12/2019,13.53,13.64,13.75,,,,,,
31/12/2019,13.42,13.54,13.66,,,,,,
2/01/2020,13.13,13.24,13.36,,,,,,
3/01/2020,13.31,13.39,13.49,,,,,,
6/01/2020,13.73,13.79,13.86,,,,,,
7/01/2020,13.59,13.67,13.76,,,,,,
8/01/2020,13.47,13.56,13.66,,,,,,
9/01/2020,13.71,13.76,13.82,,,,,,
10/01/2020,14.07,14.07,14.07,,,,,,
13/01/2020,14.16,14.15,14.14,,,,,,
14/01/2020,14.32,14.31,14.3,,,,,,
15/01/2020,14.52,14.48,14.45,,,,,,
16/01/2020,14.43,14.38,14.34,,,,,,
17/01/2020,14.45,14.4,14.36,,,,,,
21/01/2020,14.55,14.49,14.43,,,,,,
22/01/2020,14.66,14.57,14.48,,,,,,
23/01/2020,14.57,14.47,14.38,,,,,,
24/01/2020,14.39,14.32,14.26,,,,,,
27/01/2020,14.21,14.13,14.12,,,,,,
28/01/2020,14.54,14.4,14.36,,,,,,
29/01/2020,14.49,14.32,14.23,,,,,,
30/01/2020,14.59,14.31,14.19,,,,,,
31/01/2020,14.61,14.35,14.23,,,,,,
3/02/2020,14.89,14.6,14.44,,,,,,
4/02/2020,14.71,14.49,14.36,,,,,,
5/02/2020,14.73,14.51,14.41,,,,,,
6/02/2020,14.74,14.54,14.45,,,,,,
7/02/2020,14.92,14.69,14.59,,,,,,
10/02/2020,15.04,14.74,14.64,,,,,,
11/02/2020,15.41,15.04,14.91,,,,,,
12/02/2020,15.78,15.06,14.89,,,,,,
13/02/2020,15.16,14.78,14.66,,,,,,
14/02/2020,15.06,14.55,14.45,,,,,,
18/02/2020,15.28,14.87,14.71,,,,,,
19/02/2020,15.58,15.08,14.88,,,,,,
20/02/2020,15.4,14.94,14.77,,,,,,
21/02/2020,15.59,15.12,14.92,,,,,,
24/02/2020,15.27,14.73,14.6,,,,,,
25/02/2020,15.15,14.74,14.62,,,,,,
26/02/2020,14.79,14.54,14.47,,,,,,
27/02/2020,14.39,14.2,14.16,,,,,,
28/02/2020,14.46,14.14,14.06,,,,,,
2/03/2020,13.81,13.81,13.96,,,,,,
3/03/2020,13.76,13.74,13.9,,,,,,
4/03/2020,13.47,13.47,13.63,,,,,,
5/03/2020,13.42,13.39,13.55,,,,,,
6/03/2020,13.02,13.02,13.23,,,,,,
9/03/2020,12.61,12.58,12.81,,,,,,
10/03/2020,12.59,12.53,12.69,,,,,,
11/03/2020,12.26,12.25,12.44,,,,,,
12/03/2020,11.62,11.63,11.83,,,,,,
13/03/2020,11.7,11.64,11.81,,,,,,
16/03/2020,11.09,11.06,11.24,,,,,,
17/03/2020,10.89,10.86,11.04,,,,,,
18/03/2020,10.67,10.63,10.8,,,,,,
19/03/2020,10.59,10.54,10.69,,,,,,
20/03/2020,10.91,10.83,10.96,,,,,,
23/03/2020,11.04,10.9,11.04,,,,,,
24/03/2020,11.27,11.11,11.24,,,,,,
25/03/2020,11.41,11.27,11.38,,,,,,
26/03/2020,11.33,11.22,11.35,,,,,,
27/03/2020,11.1,11.05,11.23,,,,,,
30/03/2020,10.73,10.77,10.99,,,,,,
31/03/2020,10.42,10.5,10.76,,,,,,
1/04/2020,10.04,10.08,10.35,,,,,,
2/04/2020,10.29,10.32,10.54,,,,,,
3/04/2020,10.31,10.33,10.53,,,,,,
6/04/2020,10.45,10.42,10.59,,,,,,
7/04/2020,10.38,10.38,10.57,,,,,,
8/04/2020,10.37,10.39,10.64,,,,,,
9/04/2020,10.43,10.49,10.76,,,,,,
13/04/2020,10.17,10.29,10.56,,,,,,
14/04/2020,10.05,10.25,10.49,,,,,,
15/04/2020,10.16,10.28,10.52,,,,,,
16/04/2020,10.16,10.33,10.56,,,,,,
17/04/2020,10.37,10.53,10.76,,,,,,
20/04/2020,10.06,10.26,10.53,,,,,,
21/04/2020,9.75,10.01,10.34,,,,,,
22/04/2020,9.83,10.01,10.3,,,,,,
23/04/2020,9.84,10.01,10.3,,,,,,
24/04/2020,9.73,9.81,10.07,,,,,,
27/04/2020,9.21,9.38,9.67,,,,,,
28/04/2020,9.34,9.52,9.82,,,,,,
29/04/2020,9.76,9.92,10.21,,,,,,
30/04/2020,10.39,10.37,10.63,,,,,,
1/05/2020,10.97,11.2,11.88,,,,,,
4/05/2020,10.4,10.65,11.37,,,,,,
5/05/2020,10.78,11.02,11.71,,,,,,
6/05/2020,10.27,10.53,11.24,,,,,,
7/05/2020,10.33,10.56,11.25,,,,,,
8/05/2020,10.29,10.5,11.18,,,,,,
11/05/2020,10.12,10.34,11.05,,,,,,
12/05/2020,10.25,10.45,11.16,,,,,,
13/05/2020,10.26,10.44,11.16,,,,,,
14/05/2020,10.46,10.56,11.25,,,,,,
15/05/2020,10.38,10.5,11.21,,,,,,
18/05/2020,10.8,10.9,11.6,,,,,,
19/05/2020,10.85,10.9,11.61,,,,,,
20/05/2020,11.19,11.16,11.79,,,,,,
21/05/2020,10.98,11,11.68,,,,,,
22/05/2020,10.93,10.93,11.63,,,,,,
26/05/2020,11.05,11.1,11.76,,,,,,
27/05/2020,10.8,10.94,11.65,,,,,,
28/05/2020,10.8,10.91,11.59,,,,,,
29/05/2020,10.91,10.97,11.64,,,,,,
1/06/2020,11,11.08,11.73,,,,,,
2/06/2020,11.22,11.3,11.96,,,,,,
3/06/2020,11.62,11.7,12.34,,,,,,
4/06/2020,11.73,11.8,12.45,,,,,,
5/06/2020,12.02,12.09,12.71,,,,,,
8/06/2020,11.94,12.03,12.67,,,,,,
9/06/2020,12,12.16,12.8,,,,,,
10/06/2020,12.23,12.38,12.97,,,,,,
11/06/2020,11.94,12.1,12.72,,,,,,
12/06/2020,11.87,12.04,12.62,,,,,,
15/06/2020,12.04,12.13,12.67,,,,,,
16/06/2020,12.19,12.28,12.8,,,,,,
17/06/2020,12.11,12.26,12.77,,,,,,
18/06/2020,11.89,12.04,12.56,,,,,,
19/06/2020,12.05,12.18,12.71,,,,,,
22/06/2020,11.92,12.06,12.66,,,,,,
23/06/2020,11.79,11.92,12.57,,,,,,
24/06/2020,11.75,11.84,12.49,,,,,,
25/06/2020,11.81,11.92,12.57,,,,,,
26/06/2020,11.55,11.62,12.26,,,,,,
29/06/2020,11.71,11.77,12.4,,,,,,
30/06/2020,11.84,11.96,12.56,,,,,,
1/07/2020,12.17,12.81,12.52,,,,,,
2/07/2020,12.24,12.89,12.56,,,,,,
6/07/2020,11.93,12.59,12.29,,,,,,
7/07/2020,12.18,12.83,12.49,,,,,,
8/07/2020,12.08,12.78,12.46,,,,,,
9/07/2020,11.84,12.57,12.3,,,,,,
10/07/2020,11.76,12.48,12.25,,,,,,
13/07/2020,11.58,12.31,12.11,,,,,,
14/07/2020,11.32,12.05,11.85,,,,,,
15/07/2020,11.82,12.5,12.25,,,,,,
16/07/2020,11.79,12.48,12.25,,,,,,
17/07/2020,11.73,12.43,12.21,,,,,,
20/07/2020,11.72,12.43,12.23,,,,,,
21/07/2020,11.67,12.38,12.2,,,,,,
22/07/2020,11.86,12.56,12.38,,,,,,
23/07/2020,11.77,12.46,12.3,,,,,,
24/07/2020,11.49,12.18,12.05,,,,,,
27/07/2020,12.12,12.72,12.47,,,,,,
28/07/2020,12.01,12.63,12.41,,,,,,
29/07/2020,12.01,12.65,12.44,,,,,,
30/07/2020,12.11,12.73,12.49,,,,,,
31/07/2020,12.64,13.2,12.91,,,,,,
3/08/2020,12.72,13.29,13,,,,,,
4/08/2020,12.78,13.35,13.06,,,,,,
5/08/2020,12.54,13.15,12.89,,,,,,
6/08/2020,12.94,13.5,13.17,,,,,,
7/08/2020,12.67,13.25,12.95,,,,,,
10/08/2020,12.55,13.16,12.88,,,,,,
11/08/2020,12.74,13.32,13.05,,,,,,
12/08/2020,12.84,13.4,13.08,,,,,,
13/08/2020,13.11,13.61,13.29,,,,,,
14/08/2020,13.1,13.6,13.28,,,,,,
17/08/2020,13.06,13.62,13.32,,,,,,
18/08/2020,12.89,13.44,13.14,,,,,,
19/08/2020,13.24,13.76,13.43,,,,,,
20/08/2020,13.01,13.55,13.25,,,,,,
21/08/2020,12.83,13.39,13.09,,,,,,
24/08/2020,12.71,13.33,13.07,,,,,,
25/08/2020,12.76,13.38,13.13,,,,,,
26/08/2020,12.58,13.21,12.98,,,,,,
27/08/2020,12.77,13.39,13.14,,,,,,
28/08/2020,12.6,13.22,12.98,,,,,,
31/08/2020,12.66,13.28,13.06,,,,,,
1/09/2020,12.6,13.24,13.04,,,,,,
2/09/2020,12.44,13.12,13.01,,,,,,
3/09/2020,12.07,12.74,12.65,,,,,,
4/09/2020,11.93,12.61,12.51,,,,,,
8/09/2020,12.04,12.68,12.54,,,,,,
9/09/2020,12.03,12.67,12.51,,,,,,
10/09/2020,11.91,12.58,12.46,,,,,,
11/09/2020,11.92,12.6,12.47,,,,,,
14/09/2020,11.76,12.5,12.36,,,,,,
15/09/2020,12.08,12.71,12.52,,,,,,
16/09/2020,12.35,12.92,12.75,,,,,,
17/09/2020,12.62,13.23,13.05,,,,,,
18/09/2020,12.77,13.38,13.17,,,,,,
21/09/2020,12.55,13.13,12.96,,,,,,
22/09/2020,12.89,13.41,13.2,,,,,,
23/09/2020,12.82,13.33,13.11,,,,,,
24/09/2020,12.84,13.37,13.15,,,,,,
25/09/2020,13,13.51,13.26,,,,,,
28/09/2020,12.59,13.05,12.83,,,,,,
29/09/2020,12.99,13.42,13.15,,,,,,
30/09/2020,13.07,13.51,13.22,,,,,,
1/10/2020,13.58,13.28,12.96,,,,,,
2/10/2020,13.55,13.27,12.96,,,,,,
5/10/2020,13.61,13.33,13.03,,,,,,
6/10/2020,13.88,13.55,13.22,,,,,,
7/10/2020,14.14,13.73,13.34,,,,,,
8/10/2020,14.17,13.74,13.37,,,,,,
9/10/2020,14.23,13.73,13.33,,,,,,
12/10/2020,13.84,13.42,13.05,,,,,,
13/10/2020,14.01,13.58,13.2,,,,,,
14/10/2020,14.2,13.71,13.3,,,,,,
15/10/2020,14.18,13.66,13.22,,,,,,
16/10/2020,14.43,13.8,13.27,,,,,,
19/10/2020,14.72,14.01,13.44,,,,,,
20/10/2020,14.54,13.89,13.38,,,,,,
21/10/2020,14.5,13.83,13.36,,,,,,
22/10/2020,14.78,14.07,13.54,,,,,,
23/10/2020,14.72,13.99,13.45,,,,,,
26/10/2020,14.77,13.98,13.41,,,,,,
27/10/2020,14.83,13.91,13.27,,,,,,
28/10/2020,14.89,13.88,13.21,,,,,,
29/10/2020,14.4,13.49,12.89,,,,,,
30/10/2020,14.36,13.39,12.82,,,,,,
2/11/2020,14.97,13.88,13.19,,,,,,
3/11/2020,14.72,13.67,13,,,,,,
4/11/2020,14.65,13.7,13.03,,,,,,
5/11/2020,14.48,13.65,12.99,,,,,,
6/11/2020,14.91,14.13,13.43,,,,,,
9/11/2020,14.88,14.14,13.43,,,,,,
10/11/2020,14.68,14.04,13.4,,,,,,
11/11/2020,14.49,13.83,13.22,,,,,,
12/11/2020,14.92,14.12,13.46,,,,,,
13/11/2020,14.96,14.07,13.39,,,,,,
16/11/2020,15.47,14.43,13.66,,,,,,
17/11/2020,15.31,14.38,13.64,,,,,,
18/11/2020,15.45,14.54,13.79,,,,,,
19/11/2020,15.28,14.42,13.69,,,,,,
20/11/2020,15.21,14.27,13.55,,,,,,
23/11/2020,15.15,14.25,13.59,,,,,,
24/11/2020,15.04,14.13,13.49,,,,,,
25/11/2020,14.77,13.95,13.4,,,,,,
27/11/2020,14.82,14.02,13.48,,,,,,
30/11/2020,14.51,13.82,13.31,,,,,,
1/12/2020,14.51,13.96,13.49,,,,,,
2/12/2020,14.6,13.97,13.5,,,,,,
3/12/2020,14.71,14.04,13.54,,,,,,
4/12/2020,14.44,13.84,13.37,,,,,,
7/12/2020,14.45,13.86,13.44,,,,,,
8/12/2020,14.39,13.79,13.39,,,,,,
9/12/2020,14.97,14.25,13.75,,,,,,
10/12/2020,14.66,13.97,13.54,,,,,,
11/12/2020,14.43,13.78,13.41,,,,,,
14/12/2020,14.12,13.55,13.26,,,,,,
15/12/2020,14.21,13.63,13.34,,,,,,
16/12/2020,14.49,13.85,13.56,,,,,,
17/12/2020,14.68,14,13.68,,,,,,
18/12/2020,14.44,13.84,13.55,,,,,,
21/12/2020,14.53,13.89,13.61,,,,,,
22/12/2020,14.54,13.85,13.56,,,,,,
23/12/2020,14.83,14.04,13.67,,,,,,
24/12/2020,14.9,14.13,13.77,,,,,,
28/12/2020,14.98,14.23,13.85,,,,,,
29/12/2020,15.04,14.31,13.93,,,,,,
30/12/2020,15.28,14.53,14.06,,,,,,
31/12/2020,15.49,14.68,14.19,,,,,,
4/01/2021,15.76,14.95,14.44,,,,,,
5/01/2021,16.12,15.15,14.57,,,,,,
6/01/2021,16.25,15.23,14.62,,,,,,
7/01/2021,15.6,14.78,14.28,,,,,,
8/01/2021,15.6,14.77,14.34,,,,,,
11/01/2021,15.67,14.77,14.32,,,,,,
12/01/2021,15.46,14.61,14.2,,,,,,
13/01/2021,15.84,14.95,14.47,,,,,,
14/01/2021,16.67,15.72,15.06,,,,,,
15/01/2021,16.45,15.58,14.99,,,,,,
19/01/2021,16.1,15.25,14.66,,,,,,
20/01/2021,16.27,15.41,14.82,,,,,,
21/01/2021,16.05,15.29,14.78,,,,,,
22/01/2021,15.87,15.08,14.61,,,,,,
25/01/2021,15.74,15.02,14.62,,,,,,
26/01/2021,15.74,15.04,14.62,,,,,,
27/01/2021,15.8,15.11,14.67,,,,,,
28/01/2021,15.59,14.94,14.52,,,,,,
29/01/2021,15.83,15.08,14.6,,,,,,
1/02/2021,16.15,15.3,14.8,,,,,,
2/02/2021,16.29,15.35,14.78,,,,,,
3/02/2021,16.04,15.21,14.69,,,,,,
4/02/2021,16.05,15.32,14.79,,,,,,
5/02/2021,16.42,15.7,15.11,,,,,,
8/02/2021,16.27,15.61,15.08,,,,,,
9/02/2021,16.44,15.76,15.2,,,,,,
10/02/2021,16.71,15.84,15.25,,,,,,
11/02/2021,16.55,15.79,15.25,,,,,,
12/02/2021,16.38,15.64,15.13,,,,,,
16/02/2021,16.73,15.92,15.39,,,,,,
17/02/2021,16.96,16.11,15.54,,,,,,
18/02/2021,17.51,16.59,15.92,,,,,,
19/02/2021,17.79,16.89,16.23,,,,,,
22/02/2021,18.78,17.44,16.67,,,,,,
23/02/2021,18.41,17.01,16.34,,,,,,
24/02/2021,18.16,17.17,16.47,,,,,,
25/02/2021,17.84,16.84,16.24,,,,,,
26/02/2021,17.53,16.45,15.85,,,,,,
1/03/2021,16.21,15.71,15.53,,,,,,
2/03/2021,16.43,15.84,15.62,,,,,,
3/03/2021,16.14,15.62,15.46,,,,,,
4/03/2021,16.26,15.7,15.54,,,,,,
5/03/2021,16.4,15.84,15.68,,,,,,
8/03/2021,16.2,15.71,15.58,,,,,,
9/03/2021,15.9,15.44,15.3,,,,,,
10/03/2021,15.96,15.53,15.42,,,,,,
11/03/2021,16.36,15.89,15.75,,,,,,
12/03/2021,16.13,15.72,15.63,,,,,,
15/03/2021,16.12,15.73,15.64,,,,,,
16/03/2021,16.3,15.88,15.76,,,,,,
17/03/2021,15.99,15.66,15.58,,,,,,
18/03/2021,15.89,15.56,15.5,,,,,,
19/03/2021,15.76,15.45,15.4,,,,,,
22/03/2021,15.53,15.29,15.27,,,,,,
23/03/2021,15.43,15.18,15.13,,,,,,
24/03/2021,15.63,15.4,15.31,,,,,,
25/03/2021,15.09,14.95,14.92,,,,,,
26/03/2021,15.19,15.02,14.97,,,,,,
29/03/2021,14.92,14.83,14.84,,,,,,
30/03/2021,14.92,14.85,14.85,,,,,,
31/03/2021,14.77,14.77,14.78,,,,,,
1/04/2021,14.71,14.72,14.74,,,,,,
5/04/2021,14.84,14.74,14.7,,,,,,
6/04/2021,15.16,15.03,14.94,,,,,,
7/04/2021,15.14,15.05,15.03,,,,,,
8/04/2021,15.18,15.18,15.19,,,,,,
9/04/2021,15.46,15.41,15.35,,,,,,
12/04/2021,15.35,15.36,15.36,,,,,,
13/04/2021,15.43,15.5,15.47,,,,,,
14/04/2021,15.86,15.88,15.84,,,,,,
15/04/2021,16.38,16.31,16.22,,,,,,
16/04/2021,16.72,16.57,16.43,,,,,,
19/04/2021,16.29,16.21,16.16,,,,,,
20/04/2021,16.77,16.72,16.58,,,,,,
21/04/2021,16.94,16.89,16.72,,,,,,
22/04/2021,16.92,16.88,16.76,,,,,,
23/04/2021,16.91,16.88,16.8,,,,,,
26/04/2021,17.17,17.09,17.03,,,,,,
27/04/2021,17.94,17.75,17.63,,,,,,
28/04/2021,17.3,17.14,17.06,,,,,,
29/04/2021,17.08,16.93,16.85,,,,,,
30/04/2021,17.44,16.98,16.86,,,,,,
3/05/2021,16.73,16.68,16.72,,,,,,
4/05/2021,17.12,17.07,17.08,,,,,,
5/05/2021,17.53,17.48,17.43,,,,,,
6/05/2021,17.55,17.58,17.56,,,,,,
7/05/2021,17.49,17.56,17.56,,,,,,
10/05/2021,17.49,17.55,17.55,,,,,,
11/05/2021,18.1,18.09,17.97,,,,,,
12/05/2021,17.84,17.9,17.81,,,,,,
13/05/2021,17.11,17.23,17.21,,,,,,
14/05/2021,16.96,17.06,17.09,,,,,,
17/05/2021,16.99,17.12,17.19,,,,,,
18/05/2021,17.21,17.36,17.41,,,,,,
19/05/2021,16.95,17.1,17.17,,,,,,
20/05/2021,17.04,17.17,17.23,,,,,,
21/05/2021,16.67,16.84,16.91,,,,,,
24/05/2021,16.83,16.98,17.04,,,,,,
25/05/2021,17.04,17.18,17.24,,,,,,
26/05/2021,16.78,16.93,17.06,,,,,,
27/05/2021,17.12,17.22,17.35,,,,,,
28/05/2021,17.36,17.39,17.49,,,,,,
1/06/2021,17.69,17.71,17.84,,,,,,
2/06/2021,17.68,17.73,17.87,,,,,,
3/06/2021,17.43,17.48,17.64,,,,,,
4/06/2021,17.71,17.77,17.9,,,,,,
7/06/2021,17.38,17.47,17.64,,,,,,
8/06/2021,17.71,17.75,17.93,,,,,,
9/06/2021,17.73,17.75,17.92,,,,,,
10/06/2021,17.66,17.73,17.94,,,,,,
11/06/2021,17.54,17.67,17.89,,,,,,
14/06/2021,17.29,17.39,17.61,,,,,,
15/06/2021,17.05,17.2,17.43,,,,,,
16/06/2021,17.04,17.2,17.48,,,,,,
17/06/2021,16.55,16.71,16.99,,,,,,
18/06/2021,16.43,16.66,16.95,,,,,,
21/06/2021,16.78,17.07,17.36,,,,,,
22/06/2021,16.43,16.74,17.03,,,,,,
23/06/2021,16.69,17.01,17.29,,,,,,
24/06/2021,16.93,17.24,17.5,,,,,,
25/06/2021,16.9,17.31,17.59,,,,,,
28/06/2021,17.23,17.61,17.87,,,,,,
29/06/2021,17.23,17.54,17.8,,,,,,
30/06/2021,17.63,17.89,18.08,,,,,,
1/07/2021,17.94,18.11,17.21,,,,,,
2/07/2021,18.15,18.37,17.49,,,,,,
6/07/2021,17.87,18.2,17.36,,,,,,
7/07/2021,17.75,18.02,17.18,,,,,,
8/07/2021,17.45,17.78,16.96,,,,,,
9/07/2021,17.28,17.66,16.93,,,,,,
12/07/2021,16.99,17.42,16.71,,,,,,
13/07/2021,17.08,17.49,16.78,,,,,,
14/07/2021,16.93,17.36,16.64,,,,,,
15/07/2021,17.33,17.72,16.95,,,,,,
16/07/2021,17.71,18.1,17.28,,,,,,
19/07/2021,17.07,17.52,16.75,,,,,,
20/07/2021,17.41,17.86,17.05,,,,,,
21/07/2021,17.67,18.09,17.26,,,,,,
22/07/2021,17.62,18.08,17.26,,,,,,
23/07/2021,18.17,18.59,17.72,,,,,,
26/07/2021,18.42,18.81,17.89,,,,,,
27/07/2021,18.35,18.77,17.8,,,,,,
28/07/2021,18.61,19.02,17.97,,,,,,
29/07/2021,18.3,18.8,17.76,,,,,,
30/07/2021,17.91,18.43,17.47,,,,,,
2/08/2021,17.95,18.5,17.62,,,,,,
3/08/2021,17.98,18.55,17.7,,,,,,
4/08/2021,17.93,18.53,17.71,,,,,,
5/08/2021,18.62,19.18,18.28,,,,,,
6/08/2021,18.68,19.23,18.31,,,,,,
9/08/2021,18.47,19.01,18.11,,,,,,
10/08/2021,19.59,19.94,18.89,,,,,,
11/08/2021,19.47,19.96,18.95,,,,,,
12/08/2021,19.54,20.11,19.15,,,,,,
13/08/2021,19.95,20.52,19.46,,,,,,
16/08/2021,20.03,20.63,19.51,,,,,,
17/08/2021,20.02,20.63,19.57,,,,,,
18/08/2021,20.17,20.78,19.73,,,,,,
19/08/2021,19.79,20.41,19.45,,,,,,
20/08/2021,19.58,20.25,19.33,,,,,,
23/08/2021,19.58,20.29,19.4,,,,,,
24/08/2021,19.58,20.31,19.44,,,,,,
25/08/2021,19.73,20.46,19.58,,,,,,
26/08/2021,19.68,20.34,19.52,,,,,,
27/08/2021,20.04,20.68,19.86,,,,,,
30/08/2021,20.22,20.85,20.01,,,,,,
31/08/2021,19.84,20.55,19.82,,,,,,
1/09/2021,19.67,20.44,19.77,,,,,,
2/09/2021,19.9,20.62,19.97,,,,,,
3/09/2021,19.62,20.32,19.72,,,,,,
7/09/2021,19.48,20.15,19.58,,,,,,
8/09/2021,19.49,20.08,19.54,,,,,,
9/09/2021,19.24,19.92,19.43,,,,,,
10/09/2021,18.79,19.51,19.08,,,,,,
13/09/2021,18.98,19.69,19.26,,,,,,
14/09/2021,18.96,19.66,19.23,,,,,,
15/09/2021,19.52,20.26,19.73,,,,,,
16/09/2021,19.49,20.13,19.59,,,,,,
17/09/2021,19.18,19.86,19.29,,,,,,
20/09/2021,18.86,19.59,19.05,,,,,,
21/09/2021,18.97,19.75,19.24,,,,,,
22/09/2021,19.33,20.07,19.52,,,,,,
23/09/2021,19.49,20.29,19.73,,,,,,
24/09/2021,19.1,19.93,19.36,,,,,,
27/09/2021,18.73,19.68,19.18,,,,,,
28/09/2021,18.98,19.84,19.3,,,,,,
29/09/2021,18.94,19.72,19.23,,,,,,
30/09/2021,19.83,20.34,19.76,,,,,,
1/10/2021,20.06,19.53,18.91,,,,,,
4/10/2021,19.69,19.22,18.65,,,,,,
5/10/2021,19.85,19.39,18.83,,,,,,
6/10/2021,19.77,19.34,18.83,,,,,,
7/10/2021,19.84,19.4,18.94,,,,,,
8/10/2021,20.29,19.81,19.31,,,,,,
11/10/2021,20.33,19.85,19.35,,,,,,
12/10/2021,20.07,19.62,19.15,,,,,,
13/10/2021,19.86,19.43,18.99,,,,,,
14/10/2021,19.59,19.25,18.88,,,,,,
15/10/2021,19.8,19.46,19.14,,,,,,
18/10/2021,19.35,19.14,18.94,,,,,,
19/10/2021,18.87,18.69,18.55,,,,,,
20/10/2021,18.97,18.73,18.52,,,,,,
21/10/2021,18.94,18.63,18.39,,,,,,
22/10/2021,19.08,18.74,18.45,,,,,,
25/10/2021,19.39,18.99,18.7,,,,,,
26/10/2021,19.66,19.26,18.93,,,,,,
27/10/2021,19.7,19.31,19,,,,,,
28/10/2021,19.62,19.26,18.96,,,,,,
29/10/2021,19.27,18.95,18.68,,,,,,
1/11/2021,19.37,19.09,18.8,,,,,,
2/11/2021,19.54,19.29,19,,,,,,
3/11/2021,19.38,19.16,18.9,,,,,,
4/11/2021,19.63,19.39,19.11,,,,,,
5/11/2021,19.94,19.64,19.29,,,,,,
8/11/2021,19.92,19.63,19.29,,,,,,
9/11/2021,19.9,19.6,19.23,,,,,,
10/11/2021,19.6,19.38,19.04,,,,,,
11/11/2021,20.12,19.87,19.48,,,,,,
12/11/2021,20.01,19.78,19.41,,,,,,
15/11/2021,19.74,19.53,19.17,,,,,,
16/11/2021,19.99,19.72,19.32,,,,,,
17/11/2021,20.42,20.08,19.61,,,,,,
18/11/2021,20.18,19.89,19.48,,,,,,
19/11/2021,19.99,19.73,19.38,,,,,,
22/11/2021,19.76,19.48,19.15,,,,,,
23/11/2021,20.11,19.77,19.38,,,,,,
24/11/2021,19.93,19.59,19.23,,,,,,
26/11/2021,19.35,18.94,18.6,,,,,,
29/11/2021,19.19,18.8,18.47,,,,,,
30/11/2021,18.6,18.28,18.04,,,,,,
1/12/2021,18.6,18.27,18.03,,,,,,
2/12/2021,18.62,18.21,17.91,,,,,,
3/12/2021,18.75,18.34,18.02,,,,,,
6/12/2021,19.16,18.69,18.3,,,,,,
7/12/2021,19.48,19.05,18.6,,,,,,
8/12/2021,19.82,19.41,18.93,,,,,,
9/12/2021,19.69,19.29,18.82,,,,,,
10/12/2021,19.71,19.32,18.89,,,,,,
13/12/2021,19.64,19.25,18.85,,,,,,
14/12/2021,19.65,19.25,18.91,,,,,,
15/12/2021,19.29,18.93,18.67,,,,,,
16/12/2021,19.4,19.04,18.76,,,,,,
17/12/2021,19.11,18.72,18.4,,,,,,
20/12/2021,18.59,18.25,18,,,,,,
21/12/2021,18.74,18.37,18.1,,,,,,
22/12/2021,19.26,18.82,18.48,,,,,,
23/12/2021,19.24,18.87,18.59,,,,,,
27/12/2021,19.21,18.89,18.63,,,,,,
28/12/2021,18.96,18.66,18.41,,,,,,
29/12/2021,19.1,18.81,18.56,,,,,,
30/12/2021,18.78,18.49,18.26,,,,,,
31/12/2021,18.88,18.6,18.39,,,,,,
3/01/2022,18.74,18.5,18.34,,,,,,
4/01/2022,18.75,18.47,18.32,,,,,,
5/01/2022,18.34,18.1,17.99,,,,,,
6/01/2022,18.19,17.92,17.78,,,,,,
7/01/2022,18.05,17.8,17.69,,,,,,
10/01/2022,17.83,17.59,17.51,,,,,,
11/01/2022,18.11,17.83,17.66,,,,,,
12/01/2022,18.34,18.08,17.9,,,,,,
13/01/2022,18.09,17.87,17.71,,,,,,
14/01/2022,18.31,18.08,17.91,,,,,,
18/01/2022,18.66,18.42,18.2,,,,,,
19/01/2022,19.07,18.78,18.51,,,,,,
20/01/2022,18.93,18.67,18.43,,,,,,
21/01/2022,18.9,18.6,18.37,,,,,,
24/01/2022,18.81,18.49,18.28,,,,,,
25/01/2022,18.78,18.41,18.22,,,,,,
26/01/2022,18.49,18.19,18.03,,,,,,
27/01/2022,18.41,18.08,17.95,,,,,,
28/01/2022,18.2,17.86,17.76,,,,,,
31/01/2022,18.22,17.8,17.6,,,,,,
1/02/2022,18.48,18.03,17.77,,,,,,
2/02/2022,17.93,17.61,17.46,,,,,,
3/02/2022,17.99,17.7,17.55,,,,,,
4/02/2022,18.23,17.79,17.59,,,,,,
7/02/2022,18.05,17.7,17.57,,,,,,
8/02/2022,18.08,17.72,17.56,,,,,,
9/02/2022,18.48,17.98,17.8,,,,,,
10/02/2022,18.3,17.89,17.78,,,,,,
11/02/2022,18.26,17.81,17.73,,,,,,
14/02/2022,18.12,17.66,17.58,,,,,,
15/02/2022,18.07,17.57,17.49,,,,,,
16/02/2022,18.07,17.56,17.47,,,,,,
17/02/2022,18.28,17.74,17.64,,,,,,
18/02/2022,18.2,17.62,17.52,,,,,,
22/02/2022,18.48,17.89,17.71,,,,,,
23/02/2022,18.53,17.88,17.69,,,,,,
24/02/2022,18.32,17.91,17.75,,,,,,
25/02/2022,17.99,17.6,17.48,,,,,,
28/02/2022,18,17.7,17.51,,,,,,
1/03/2022,18.34,18.12,18.17,,,,,,
2/03/2022,18.64,18.48,18.5,,,,,,
3/03/2022,18.93,18.72,18.72,,,,,,
4/03/2022,19.35,19.09,19.08,,,,,,
7/03/2022,19.27,19.14,19.19,,,,,,
8/03/2022,19.43,19.31,19.35,,,,,,
9/03/2022,18.94,18.92,19.07,,,,,,
10/03/2022,19.1,19.06,19.16,,,,,,
11/03/2022,19.24,19.19,19.25,,,,,,
14/03/2022,19.13,19.1,19.19,,,,,,
15/03/2022,18.73,18.68,18.81,,,,,,
16/03/2022,18.56,18.47,18.55,,,,,,
17/03/2022,18.69,18.61,18.68,,,,,,
18/03/2022,18.93,18.81,18.84,,,,,,
21/03/2022,19.28,19.16,19.18,,,,,,
22/03/2022,19.15,19.1,19.17,,,,,,
23/03/2022,19.24,19.18,19.24,,,,,,
24/03/2022,19.26,19.19,19.25,,,,,,
25/03/2022,19.61,19.46,19.48,,,,,,
28/03/2022,19.59,19.48,19.53,,,,,,
29/03/2022,19.11,19.01,19.1,,,,,,
30/03/2022,19.47,19.36,19.4,,,,,,
31/03/2022,19.49,19.32,19.34,,,,,,
1/04/2022,19.37,19.19,19.24,,,,,,
4/04/2022,19.61,19.42,19.47,,,,,,
5/04/2022,19.65,19.5,19.55,,,,,,
6/04/2022,19.59,19.44,19.5,,,,,,
7/04/2022,19.84,19.7,19.74,,,,,,
8/04/2022,20.41,20.27,20.23,,,,,,
11/04/2022,20.31,20.2,20.25,,,,,,
12/04/2022,20.22,20.18,20.28,,,,,,
13/04/2022,20.1,20.1,20.19,,,,,,
14/04/2022,20.06,20.03,20.14,,,,,,
18/04/2022,20.26,20.2,20.31,,,,,,
19/04/2022,19.74,19.67,19.8,,,,,,
20/04/2022,19.62,19.55,19.68,,,,,,
21/04/2022,19.87,19.81,19.93,,,,,,
22/04/2022,19.24,19.21,19.34,,,,,,
25/04/2022,18.95,18.88,19,,,,,,
26/04/2022,18.99,18.93,19.02,,,,,,
27/04/2022,19.02,18.9,18.98,,,,,,
28/04/2022,19.42,19.23,19.29,,,,,,
29/04/2022,19.35,19.15,19.25,,,,,,
2/05/2022,18.85,18.99,19.29,,,,,,
3/05/2022,18.62,18.78,19.1,,,,,,
4/05/2022,18.62,18.78,19.1,,,,,,
5/05/2022,18.78,18.91,19.22,,,,,,
6/05/2022,19.16,19.26,19.51,,,,,,
9/05/2022,18.66,18.8,19.09,,,,,,
10/05/2022,18.54,18.66,18.96,,,,,,
11/05/2022,18.55,18.69,18.98,,,,,,
12/05/2022,18.64,18.76,19.02,,,,,,
13/05/2022,19.17,19.26,19.48,,,,,,
16/05/2022,19.68,19.79,19.98,,,,,,
17/05/2022,20,20.08,20.26,,,,,,
18/05/2022,19.83,19.95,20.18,,,,,,
19/05/2022,19.77,19.9,20.11,,,,,,
20/05/2022,19.95,20.07,20.27,,,,,,
23/05/2022,19.77,19.93,20.2,,,,,,
24/05/2022,19.75,19.91,20.16,,,,,,
25/05/2022,19.68,19.84,20.08,,,,,,
26/05/2022,19.54,19.7,19.97,,,,,,
27/05/2022,19.61,19.75,20,,,,,,
31/05/2022,19.4,19.57,19.87,,,,,,
1/06/2022,19.44,19.61,19.93,,,,,,
2/06/2022,19.35,19.53,19.83,,,,,,
3/06/2022,19.29,19.47,19.79,,,,,,
6/06/2022,19.56,19.74,20.07,,,,,,
7/06/2022,18.97,19.21,19.59,,,,,,
8/06/2022,18.98,19.23,19.59,,,,,,
9/06/2022,19.29,19.51,19.86,,,,,,
10/06/2022,18.87,19.07,19.46,,,,,,
13/06/2022,18.71,18.86,19.27,,,,,,
14/06/2022,18.7,18.8,19.18,,,,,,
15/06/2022,18.46,18.57,18.92,,,,,,
16/06/2022,18.58,18.67,18.97,,,,,,
17/06/2022,18.6,18.73,19.02,,,,,,
21/06/2022,18.66,18.78,19.08,,,,,,
22/06/2022,18.45,18.49,18.82,,,,,,
23/06/2022,18.38,18.36,18.62,,,,,,
24/06/2022,18.37,18.31,18.59,,,,,,
27/06/2022,18.3,18.26,18.56,,,,,,
28/06/2022,18.53,18.5,18.76,,,,,,
29/06/2022,18.55,18.51,18.78,,,,,,
30/06/2022,18.83,18.5,18.77,,,,,,
1/07/2022,18.07,18.36,17.86,,,,,,
5/07/2022,17.8,18.07,17.56,,,,,,
6/07/2022,17.99,18.24,17.64,,,,,,
7/07/2022,18.52,18.67,18.02,,,,,,
8/07/2022,19.02,19.14,18.4,,,,,,
11/07/2022,18.86,19.05,18.33,,,,,,
12/07/2022,18.69,18.89,18.17,,,,,,
13/07/2022,19.14,19.26,18.49,,,,,,
14/07/2022,18.97,19.12,18.37,,,,,,
15/07/2022,19.25,19.39,18.62,,,,,,
18/07/2022,19.41,19.53,18.74,,,,,,
19/07/2022,18.84,19.03,18.31,,,,,,
20/07/2022,18.67,18.85,18.13,,,,,,
21/07/2022,18.35,18.53,17.84,,,,,,
22/07/2022,17.89,18.06,17.42,,,,,,
25/07/2022,17.47,17.66,17.07,,,,,,
26/07/2022,17.47,17.65,17,,,,,,
27/07/2022,17.4,17.57,16.95,,,,,,
28/07/2022,17.72,17.84,17.17,,,,,,
29/07/2022,17.54,17.69,17.06,,,,,,
1/08/2022,17.6,17.72,17.09,,,,,,
2/08/2022,17.69,17.8,17.18,,,,,,
3/08/2022,17.77,17.89,17.27,,,,,,
4/08/2022,17.55,17.68,17.1,,,,,,
5/08/2022,17.94,18.02,17.41,,,,,,
8/08/2022,17.96,18.05,17.47,,,,,,
9/08/2022,17.98,18.02,17.41,,,,,,
10/08/2022,18.28,18.3,17.68,,,,,,
11/08/2022,18.49,18.51,17.86,,,,,,
12/08/2022,18.6,18.59,17.94,,,,,,
15/08/2022,18.54,18.51,17.88,,,,,,
16/08/2022,18.27,18.25,17.6,,,,,,
17/08/2022,18.24,18.21,17.57,,,,,,
18/08/2022,17.77,17.77,17.17,,,,,,
19/08/2022,18.09,18.04,17.4,,,,,,
22/08/2022,17.94,17.92,17.32,,,,,,
23/08/2022,17.89,17.84,17.23,,,,,,
24/08/2022,18.04,17.96,17.37,,,,,,
25/08/2022,17.9,17.78,17.21,,,,,,
26/08/2022,18.47,18.27,17.64,,,,,,
29/08/2022,18.44,18.28,17.68,,,,,,
30/08/2022,18.1,17.96,17.41,,,,,,
31/08/2022,17.89,17.77,17.25,,,,,,
1/09/2022,17.99,17.82,17.25,,,,,,
2/09/2022,18.15,18.01,17.47,,,,,,
6/09/2022,17.98,17.8,17.27,,,,,,
7/09/2022,18.05,17.82,17.28,,,,,,
8/09/2022,17.93,17.72,17.25,,,,,,
9/09/2022,18.22,17.83,17.38,,,,,,
12/09/2022,18.35,17.95,17.48,,,,,,
13/09/2022,18.38,17.98,17.47,,,,,,
14/09/2022,18.27,17.97,17.46,,,,,,
15/09/2022,18.18,17.88,17.32,,,,,,
16/09/2022,17.88,17.56,17.05,,,,,,
19/09/2022,17.69,17.37,16.82,,,,,,
20/09/2022,18.19,17.8,17.2,,,,,,
21/09/2022,18.22,17.81,17.18,,,,,,
22/09/2022,18.49,18,17.36,,,,,,
23/09/2022,18.28,17.64,17.02,,,,,,
26/09/2022,18.35,17.62,16.96,,,,,,
27/09/2022,18.19,17.59,16.93,,,,,,
28/09/2022,18.29,17.71,16.99,,,,,,
29/09/2022,18.44,17.77,16.99,,,,,,
30/09/2022,18.42,17.68,16.94,,,,,,
3/10/2022,17.42,16.75,16.47,,,,,,
4/10/2022,17.91,17.14,16.75,,,,,,
5/10/2022,17.95,17.19,16.84,,,,,,
6/10/2022,18.46,17.58,17.14,,,,,,
7/10/2022,18.68,17.8,17.27,,,,,,
10/10/2022,18.61,17.73,17.23,,,,,,
11/10/2022,18.74,17.81,17.25,,,,,,
12/10/2022,18.68,17.8,17.29,,,,,,
13/10/2022,18.81,17.85,17.26,,,,,,
14/10/2022,18.84,17.87,17.29,,,,,,
17/10/2022,18.77,17.88,17.36,,,,,,
18/10/2022,18.67,17.78,17.29,,,,,,
19/10/2022,18.65,17.74,17.28,,,,,,
20/10/2022,18.39,17.5,17.08,,,,,,
21/10/2022,18.38,17.48,17.05,,,,,,
24/10/2022,18.13,17.2,16.75,,,,,,
25/10/2022,18.11,17.18,16.68,,,,,,
26/10/2022,17.86,16.92,16.43,,,,,,
27/10/2022,17.71,16.79,16.29,,,,,,
28/10/2022,17.58,16.65,16.19,,,,,,
31/10/2022,17.97,16.89,16.29,,,,,,
1/11/2022,18.43,17.39,16.81,,,,,,
2/11/2022,18.47,17.48,16.95,,,,,,
3/11/2022,18.47,17.48,16.95,,,,,,
4/11/2022,18.71,17.77,17.23,,,,,,
7/11/2022,18.68,17.72,17.14,,,,,,
8/11/2022,19,18.06,17.49,,,,,,
9/11/2022,19.38,18.4,17.74,,,,,,
10/11/2022,19.41,18.4,17.69,,,,,,
11/11/2022,19.64,18.6,17.89,,,,,,
14/11/2022,19.83,18.79,18.07,,,,,,
15/11/2022,20.29,19.16,18.36,,,,,,
16/11/2022,20.27,19.06,18.28,,,,,,
17/11/2022,19.73,18.62,17.92,,,,,,
18/11/2022,20.05,18.84,18.09,,,,,,
21/11/2022,19.86,18.7,17.98,,,,,,
22/11/2022,19.74,18.65,17.95,,,,,,
23/11/2022,19.55,18.48,17.81,,,,,,
25/11/2022,19.33,18.36,17.77,,,,,,
28/11/2022,19.38,18.35,17.75,,,,,,
29/11/2022,19.53,18.46,17.84,,,,,,
30/11/2022,19.63,18.56,17.93,,,,,,
1/12/2022,19.62,18.56,17.95,,,,,,
2/12/2022,19.48,18.33,17.65,,,,,,
5/12/2022,19.55,18.43,17.78,,,,,,
6/12/2022,19.39,18.28,17.66,,,,,,
7/12/2022,19.48,18.35,17.71,,,,,,
8/12/2022,19.68,18.51,17.83,,,,,,
9/12/2022,19.6,18.46,17.79,,,,,,
12/12/2022,19.38,18.32,17.69,,,,,,
13/12/2022,19.76,18.6,17.9,,,,,,
14/12/2022,20.29,19.01,18.19,,,,,,
15/12/2022,19.98,18.78,18,,,,,,
16/12/2022,20.09,18.82,17.99,,,,,,
19/12/2022,20.14,18.93,18.11,,,,,,
20/12/2022,20.58,19.22,18.28,,,,,,
21/12/2022,20.75,19.32,18.37,,,,,,
22/12/2022,20.89,19.44,18.44,,,,,,
23/12/2022,20.98,19.5,18.5,,,,,,
27/12/2022,20.32,18.99,18.14,,,,,,
28/12/2022,20.16,18.83,18.03,,,,,,
29/12/2022,20.29,18.92,18.13,,,,,,
30/12/2022,20.04,18.72,17.98,,,,,,
3/01/2023,19.7,18.44,17.77,,,,,,
4/01/2023,19.54,18.35,17.72,,,,,,
5/01/2023,19.34,18.21,17.59,,,,,,
6/01/2023,18.96,17.91,17.34,,,,,,
9/01/2023,19.17,18.06,17.44,,,,,,
10/01/2023,19.64,18.33,17.61,,,,,,
11/01/2023,19.65,18.34,17.63,,,,,,
12/01/2023,19.59,18.34,17.66,,,,,,
13/01/2023,19.73,18.41,17.68,,,,,,
17/01/2023,20.14,18.78,18.03,,,,,,
18/01/2023,19.82,18.54,17.88,,,,,,
19/01/2023,19.68,18.41,17.77,,,,,,
20/01/2023,19.72,18.41,17.77,,,,,,
23/01/2023,19.7,18.44,17.8,,,,,,
24/01/2023,19.88,18.62,17.96,,,,,,
25/01/2023,20.11,18.84,18.17,,,,,,
26/01/2023,20.68,19.32,18.53,,,,,,
27/01/2023,20.96,19.61,18.79,,,,,,
30/01/2023,21.21,19.9,19.07,,,,,,
31/01/2023,21.76,20.44,19.53,,,,,,
1/02/2023,21.37,20.12,19.29,,,,,,
2/02/2023,21.66,20.39,19.6,,,,,,
3/02/2023,21.24,19.99,19.28,,,,,,
6/02/2023,20.66,19.5,18.89,,,,,,
7/02/2023,20.84,19.68,19.05,,,,,,
8/02/2023,21.2,19.87,19.17,,,,,,
9/02/2023,21.45,20.01,19.3,,,,,,
10/02/2023,21.58,20.04,19.37,,,,,,
13/02/2023,21.2,19.68,19.09,,,,,,
14/02/2023,21.57,20,19.39,,,,,,
15/02/2023,21.38,19.72,19.22,,,,,,
16/02/2023,21.45,19.77,19.28,,,,,,
17/02/2023,21.41,19.8,19.32,,,,,,
21/02/2023,21.33,19.93,19.42,,,,,,
22/02/2023,21.29,19.9,19.45,,,,,,
23/02/2023,21.58,20.34,19.81,,,,,,
24/02/2023,21.28,19.67,19.23,,,,,,
27/02/2023,22.09,20.29,19.71,,,,,,
28/02/2023,22.08,20.07,19.58,,,,,,
1/03/2023,20.57,20.02,19.87,,,,,,
2/03/2023,20.31,19.75,19.56,,,,,,
3/03/2023,20.92,20.25,19.92,,,,,,
6/03/2023,20.87,20.23,19.92,,,,,,
7/03/2023,21.02,20.44,20.16,,,,,,
8/03/2023,20.88,20.31,20.06,,,,,,
9/03/2023,21.15,20.58,20.33,,,,,,
10/03/2023,21.16,20.6,20.37,,,,,,
13/03/2023,20.8,20.29,20.08,,,,,,
14/03/2023,20.68,20.17,19.93,,,,,,
15/03/2023,20.5,20,19.77,,,,,,
16/03/2023,20.76,20.23,19.95,,,,,,
17/03/2023,20.67,20.15,19.87,,,,,,
20/03/2023,20.48,19.99,19.75,,,,,,
21/03/2023,20.8,20.28,20.02,,,,,,
22/03/2023,21.14,20.56,20.25,,,,,,
23/03/2023,20.89,20.39,20.11,,,,,,
24/03/2023,20.82,20.34,20.07,,,,,,
27/03/2023,20.93,20.45,20.17,,,,,,
28/03/2023,21.31,20.83,20.53,,,,,,
29/03/2023,21.25,20.82,20.53,,,,,,
30/03/2023,21.96,21.5,21.14,,,,,,
31/03/2023,22.25,21.83,21.47,,,,,,
3/04/2023,22.4,21.97,21.66,,,,,,
4/04/2023,22.47,22.07,21.78,,,,,,
5/04/2023,22.95,22.55,22.23,,,,,,
6/04/2023,23.61,23.18,22.82,,,,,,
10/04/2023,23.56,23.07,22.75,,,,,,
11/04/2023,24.37,23.68,23.33,,,,,,
12/04/2023,24.05,23.34,23.05,,,,,,
13/04/2023,24.04,23.39,23.09,,,,,,
14/04/2023,24.1,23.46,23.12,,,,,,
17/04/2023,24.44,23.8,23.45,,,,,,
18/04/2023,24.54,23.94,23.61,,,,,,
19/04/2023,24.37,23.85,23.55,,,,,,
20/04/2023,25.25,24.74,24.4,,,,,,
21/04/2023,24.83,24.34,24.06,,,,,,
24/04/2023,25.91,25.32,24.95,,,,,,
25/04/2023,26.65,25.97,25.55,,,,,,
26/04/2023,26.51,25.78,25.4,,,,,,
27/04/2023,26.99,26.35,26.01,,,,,,
28/04/2023,26.99,26.35,26.01,,,,,,
1/05/2023,25.54,25.25,24.85,,,,,,
2/05/2023,25.14,24.83,24.45,,,,,,
3/05/2023,25.17,24.84,24.47,,,,,,
4/05/2023,25.52,25.19,24.82,,,,,,
5/05/2023,26.32,25.97,25.53,,,,,,
8/05/2023,26.09,25.73,25.33,,,,,,
9/05/2023,26.19,25.84,25.45,,,,,,
10/05/2023,26.66,26.3,25.88,,,,,,
11/05/2023,26.02,25.69,25.29,,,,,,
12/05/2023,26.22,25.86,25.43,,,,,,
15/05/2023,26.29,25.95,25.53,,,,,,
16/05/2023,26.07,25.73,25.29,,,,,,
17/05/2023,25.91,25.59,25.17,,,,,,
18/05/2023,25.61,25.31,24.9,,,,,,
19/05/2023,25.78,25.49,25.06,,,,,,
22/05/2023,25.99,25.65,25.2,,,,,,
23/05/2023,25.81,25.49,25.01,,,,,,
24/05/2023,25.49,25.21,24.8,,,,,,
25/05/2023,24.83,24.6,24.29,,,,,,
26/05/2023,25.37,25.14,24.83,,,,,,
30/05/2023,25.33,25,24.71,,,,,,
31/05/2023,25.06,24.74,24.48,,,,,,
1/06/2023,24.88,24.61,24.39,,,,,,
2/06/2023,24.73,24.51,24.33,,,,,,
5/06/2023,24.4,24.19,24.05,,,,,,
6/06/2023,24.58,24.29,24.12,,,,,,
7/06/2023,24.5,24.24,24.1,,,,,,
8/06/2023,25.48,25.09,24.88,,,,,,
9/06/2023,25.38,25.02,24.84,,,,,,
12/06/2023,25.47,25.15,24.98,,,,,,
13/06/2023,25.16,24.77,24.62,,,,,,
14/06/2023,25.84,25.37,25.18,,,,,,
15/06/2023,26,25.63,25.41,,,,,,
16/06/2023,26.43,26.09,25.83,,,,,,
20/06/2023,26.22,26.03,25.85,,,,,,
21/06/2023,25.88,25.85,25.73,,,,,,
22/06/2023,24.93,24.97,24.95,,,,,,
23/06/2023,24.18,24.29,24.29,,,,,,
26/06/2023,23.72,23.66,23.64,,,,,,
27/06/2023,23.03,22.98,22.99,,,,,,
28/06/2023,22.57,22.6,22.65,,,,,,
29/06/2023,22.07,22.08,22.23,,,,,,
30/06/2023,22.89,22.79,22.89,,,,,,
3/07/2023,23.32,23.39,22.08,,,,,,
5/07/2023,23.53,23.58,22.19,,,,,,
6/07/2023,23.25,23.3,22.01,,,,,,
7/07/2023,23.53,23.62,22.26,,,,,,
10/07/2023,23.44,23.56,22.21,,,,,,
11/07/2023,23.53,23.66,22.33,,,,,,
12/07/2023,23.91,24.03,22.69,,,,,,
13/07/2023,24.01,24.14,22.76,,,,,,
14/07/2023,24.32,24.46,23.04,,,,,,
17/07/2023,23.8,23.95,22.58,,,,,,
18/07/2023,23.86,24.01,22.64,,,,,,
19/07/2023,24.21,24.32,22.87,,,,,,
20/07/2023,24.67,24.75,23.27,,,,,,
21/07/2023,25.01,25.09,23.59,,,,,,
24/07/2023,24.92,25.05,23.6,,,,,,
25/07/2023,24.69,24.87,23.49,,,,,,
26/07/2023,24.39,24.59,23.22,,,,,,
27/07/2023,24.43,24.64,23.27,,,,,,
28/07/2023,23.92,24.14,22.81,,,,,,
31/07/2023,24.11,24.29,22.92,,,,,,
1/08/2023,24.39,24.57,23.21,,,,,,
2/08/2023,24.2,24.39,23.05,,,,,,
3/08/2023,24.02,24.19,22.89,,,,,,
4/08/2023,23.69,23.88,22.6,,,,,,
7/08/2023,23.74,23.96,22.67,,,,,,
8/08/2023,23.45,23.7,22.46,,,,,,
9/08/2023,23.71,23.91,22.66,,,,,,
10/08/2023,23.95,24.17,22.94,,,,,,
11/08/2023,24.33,24.56,23.25,,,,,,
14/08/2023,24.05,24.27,22.99,,,,,,
15/08/2023,23.77,24.01,22.74,,,,,,
16/08/2023,24.19,24.42,23.15,,,,,,
17/08/2023,24,24.26,23.04,,,,,,
18/08/2023,23.76,24.06,22.9,,,,,,
21/08/2023,23.4,23.71,22.6,,,,,,
22/08/2023,23.4,23.71,22.66,,,,,,
23/08/2023,23.85,24.18,23.1,,,,,,
24/08/2023,24.29,24.63,23.51,,,,,,
25/08/2023,24.83,25.16,23.94,,,,,,
28/08/2023,25.57,25.82,24.37,,,,,,
29/08/2023,25.45,25.76,24.35,,,,,,
30/08/2023,25.34,25.68,24.27,,,,,,
31/08/2023,25.06,25.43,24.02,,,,,,
1/09/2023,25.81,26.05,24.57,,,,,,
5/09/2023,26.65,26.9,25.34,,,,,,
6/09/2023,26.22,26.47,25.02,,,,,,
7/09/2023,26.68,26.88,25.37,,,,,,
8/09/2023,26.31,26.6,25.13,,,,,,
11/09/2023,26.4,26.66,25.23,,,,,,
12/09/2023,26.83,27.07,25.6,,,,,,
13/09/2023,26.54,26.81,25.42,,,,,,
14/09/2023,26.98,27.22,25.81,,,,,,
15/09/2023,26.91,27.16,25.82,,,,,,
18/09/2023,27.11,27.36,26,,,,,,
19/09/2023,27.44,27.72,26.26,,,,,,
20/09/2023,26.79,27.15,25.82,,,,,,
21/09/2023,26.93,27.26,25.86,,,,,,
22/09/2023,26.97,27.28,25.88,,,,,,
25/09/2023,26.31,26.58,25.28,,,,,,
26/09/2023,26.02,26.24,25.01,,,,,,
27/09/2023,26.13,26.37,25.13,,,,,,
28/09/2023,26.73,26.96,25.67,,,,,,
29/09/2023,26.27,26.48,25.26,,,,,,
2/10/2023,26.35,25.18,24.27,,,,,,
3/10/2023,25.67,24.58,23.82,,,,,,
4/10/2023,25.93,24.71,23.89,,,,,,
5/10/2023,26.16,24.89,24,,,,,,
6/10/2023,26.74,25.45,24.45,,,,,,
9/10/2023,27.18,25.86,24.78,,,,,,
10/10/2023,27.05,25.81,24.82,,,,,,
11/10/2023,26.4,25.21,24.3,,,,,,
12/10/2023,26.35,25.2,24.33,,,,,,
13/10/2023,27.03,25.74,24.73,,,,,,
16/10/2023,27.05,25.75,24.73,,,,,,
17/10/2023,27.49,26.19,25.13,,,,,,
18/10/2023,27.48,26.17,25.12,,,,,,
19/10/2023,27.29,25.99,24.96,,,,,,
20/10/2023,26.85,25.58,24.58,,,,,,
23/10/2023,27.48,26.15,25.07,,,,,,
24/10/2023,27.53,26.2,25.09,,,,,,
25/10/2023,27.63,26.29,25.16,,,,,,
26/10/2023,27.04,25.74,24.67,,,,,,
27/10/2023,27.34,26.01,24.89,,,,,,
30/10/2023,26.75,25.48,24.47,,,,,,
31/10/2023,27.09,25.72,24.62,,,,,,
1/11/2023,27.51,26.12,24.95,,,,,,
2/11/2023,27.48,26.14,24.97,,,,,,
3/11/2023,27.77,26.4,25.2,,,,,,
6/11/2023,27.95,26.59,25.42,,,,,,
7/11/2023,27.59,26.25,25.1,,,,,,
8/11/2023,27.21,25.85,24.71,,,,,,
9/11/2023,27.78,26.41,25.27,,,,,,
10/11/2023,27.29,25.93,24.82,,,,,,
13/11/2023,27.71,26.31,25.11,,,,,,
14/11/2023,27.18,25.81,24.69,,,,,,
15/11/2023,27.15,25.81,24.74,,,,,,
16/11/2023,27.19,25.86,24.79,,,,,,
17/11/2023,27.18,25.87,24.81,,,,,,
20/11/2023,27.56,26.23,25.13,,,,,,
21/11/2023,27.75,26.45,25.33,,,,,,
22/11/2023,27.22,25.94,24.89,,,,,,
24/11/2023,26.98,25.75,24.77,,,,,,
27/11/2023,27.2,25.96,24.94,,,,,,
28/11/2023,26.99,25.86,24.9,,,,,,
29/11/2023,26.86,25.73,24.76,,,,,,
30/11/2023,26.04,25.04,24.24,,,,,,
1/12/2023,25.09,24.26,23.65,,,,,,
4/12/2023,25.81,24.74,24.02,,,,,,
5/12/2023,24.96,24.03,23.47,,,,,,
6/12/2023,23,22.29,21.84,,,,,,
7/12/2023,23.03,22.23,21.73,,,,,,
8/12/2023,23.36,22.46,21.88,,,,,,
11/12/2023,22.47,21.65,21.17,,,,,,
12/12/2023,22.59,21.74,21.19,,,,,,
13/12/2023,21.97,21.19,20.76,,,,,,
14/12/2023,22.18,21.36,20.92,,,,,,
15/12/2023,21.99,21.26,20.89,,,,,,
18/12/2023,21.31,20.68,20.38,,,,,,
19/12/2023,21.43,20.91,20.64,,,,,,
20/12/2023,20.92,20.47,20.24,,,,,,
21/12/2023,20.24,19.95,19.84,,,,,,
22/12/2023,20.62,20.33,20.23,,,,,,
26/12/2023,20.53,20.24,20.15,,,,,,
27/12/2023,20.6,20.39,20.36,,,,,,
28/12/2023,21.76,21.39,21.23,,,,,,
29/12/2023,20.58,20.42,20.41,,,,,,
2/01/2024,20.9,20.58,20.49,,,,,,
3/01/2024,20.85,20.51,20.37,,,,,,
4/01/2024,21.08,20.73,20.56,,,,,,
5/01/2024,21.11,20.74,20.59,,,,,,
8/01/2024,21.74,21.22,20.95,,,,,,
9/01/2024,21.7,21.19,20.93,,,,,,
10/01/2024,21.41,20.91,20.66,,,,,,
11/01/2024,21.76,21.23,20.91,,,,,,
12/01/2024,21.61,21.08,20.79,,,,,,
16/01/2024,22.52,21.88,21.49,,,,,,
17/01/2024,22.35,21.74,21.39,,,,,,
18/01/2024,23.04,22.29,21.82,,,,,,
19/01/2024,23.57,22.77,22.21,,,,,,
22/01/2024,23.5,22.76,22.25,,,,,,
23/01/2024,23.75,22.99,22.41,,,,,,
24/01/2024,24.46,23.59,22.92,,,,,,
25/01/2024,24.04,23.28,22.74,,,,,,
26/01/2024,23.77,23,22.55,,,,,,
29/01/2024,23.53,22.75,22.3,,,,,,
30/01/2024,23.91,23.07,22.61,,,,,,
31/01/2024,24.13,23.25,22.77,,,,,,
1/02/2024,23.56,22.76,22.43,,,,,,
2/02/2024,23.89,23.03,22.68,,,,,,
5/02/2024,23.53,22.77,22.5,,,,,,
6/02/2024,23.56,22.86,22.52,,,,,,
7/02/2024,23.88,23.2,22.87,,,,,,
8/02/2024,23.98,23.21,22.9,,,,,,
9/02/2024,24.02,23.3,22.99,,,,,,
12/02/2024,23.56,22.84,22.6,,,,,,
13/02/2024,23.3,22.62,22.37,,,,,,
14/02/2024,23.37,22.74,22.47,,,,,,
15/02/2024,22.82,22.24,22,,,,,,
16/02/2024,23.08,22.59,22.35,,,,,,
20/02/2024,22.75,22.21,22.01,,,,,,
21/02/2024,22.77,22.28,22.11,,,,,,
22/02/2024,22.83,22.17,21.96,,,,,,
23/02/2024,22.62,21.82,21.63,,,,,,
26/02/2024,23.15,22.16,21.92,,,,,,
27/02/2024,23.84,22.68,22.37,,,,,,
28/02/2024,24.01,22.69,22.41,,,,,,
29/02/2024,22.58,21.69,21.53,,,,,,
1/03/2024,21.09,20.91,21.01,,,,,,
4/03/2024,20.6,20.48,20.64,,,,,,
5/03/2024,20.87,20.64,20.74,,,,,,
6/03/2024,21.45,21.14,21.21,,,,,,
7/03/2024,21.28,21.03,21.15,,,,,,
8/03/2024,21.15,20.93,21,,,,,,
11/03/2024,21.95,21.69,21.7,,,,,,
12/03/2024,21.89,21.63,21.61,,,,,,
13/03/2024,21.93,21.67,21.61,,,,,,
14/03/2024,21.77,21.51,21.5,,,,,,
15/03/2024,22.12,21.76,21.7,,,,,,
18/03/2024,22.16,21.82,21.77,,,,,,
19/03/2024,21.64,21.36,21.39,,,,,,
20/03/2024,21.77,21.47,21.42,,,,,,
21/03/2024,22.06,21.78,21.74,,,,,,
22/03/2024,21.85,21.6,21.6,,,,,,
25/03/2024,21.95,21.66,21.65,,,,,,
26/03/2024,22.39,22.01,21.92,,,,,,
27/03/2024,22.19,21.87,21.83,,,,,,
28/03/2024,22.52,22.15,22.05,,,,,,
1/04/2024,22.72,22.35,22.22,,,,,,
2/04/2024,22.32,22,21.97,,,,,,
3/04/2024,22.22,21.84,21.76,,,,,,
4/04/2024,22.36,21.98,21.91,,,,,,
5/04/2024,21.99,21.61,21.55,,,,,,
8/04/2024,21.59,21.26,21.21,,,,,,
9/04/2024,21.49,21.13,21.07,,,,,,
10/04/2024,21.46,21.09,21.01,,,,,,
11/04/2024,20.85,20.53,20.5,,,,,,
12/04/2024,20.45,20.13,20.1,,,,,,
15/04/2024,20.02,19.82,19.83,,,,,,
16/04/2024,19.63,19.53,19.52,,,,,,
17/04/2024,19.32,19.27,19.32,,,,,,
18/04/2024,19.59,19.54,19.6,,,,,,
19/04/2024,19.73,19.5,19.56,,,,,,
22/04/2024,19.8,19.61,19.68,,,,,,
23/04/2024,19.91,19.66,19.7,,,,,,
24/04/2024,20,19.77,19.8,,,,,,
25/04/2024,19.48,19.16,19.23,,,,,,
26/04/2024,19.4,19.09,19.18,,,,,,
29/04/2024,20.2,19.78,19.79,,,,,,
30/04/2024,19.71,19.41,19.46,,,,,,
1/05/2024,19.22,19.25,19.52,,,,,,
2/05/2024,19.25,19.29,19.57,,,,,,
3/05/2024,19.28,19.3,19.57,,,,,,
6/05/2024,19.48,19.45,19.71,,,,,,
7/05/2024,19.95,19.93,20.16,,,,,,
8/05/2024,19.6,19.63,19.92,,,,,,
9/05/2024,19.58,19.6,19.87,,,,,,
10/05/2024,19.3,19.33,19.62,,,,,,
13/05/2024,18.63,18.67,18.98,,,,,,
14/05/2024,18.87,18.88,19.18,,,,,,
15/05/2024,18.65,18.7,19.01,,,,,,
16/05/2024,18.33,18.37,18.67,,,,,,
17/05/2024,18.13,18.19,18.49,,,,,,
20/05/2024,18.68,18.68,18.94,,,,,,
21/05/2024,18.56,18.6,18.89,,,,,,
22/05/2024,18.23,18.25,18.55,,,,,,
23/05/2024,18.26,18.27,18.56,,,,,,
24/05/2024,18.41,18.39,18.69,,,,,,
28/05/2024,18.73,18.7,18.97,,,,,,
29/05/2024,18.35,18.32,18.62,,,,,,
30/05/2024,18.19,18.18,18.48,,,,,,
31/05/2024,18.3,18.29,18.56,,,,,,
3/06/2024,18.78,18.76,19.01,,,,,,
4/06/2024,18.86,18.86,19.11,,,,,,
5/06/2024,19.13,19.04,19.27,,,,,,
6/06/2024,19.22,19.1,19.36,,,,,,
7/06/2024,19,18.88,19.12,,,,,,
10/06/2024,18.63,18.59,18.83,,,,,,
11/06/2024,18.79,18.75,18.95,,,,,,
12/06/2024,19.1,19.08,19.22,,,,,,
13/06/2024,19.59,19.64,19.73,,,,,,
14/06/2024,19.43,19.49,19.66,,,,,,
17/06/2024,18.98,19.06,19.27,,,,,,
18/06/2024,18.92,18.99,19.24,,,,,,
20/06/2024,18.89,19.02,19.29,,,,,,
21/06/2024,18.97,19.16,19.43,,,,,,
24/06/2024,19.41,19.72,19.94,,,,,,
25/06/2024,19.1,19.49,19.77,,,,,,
26/06/2024,19.24,19.51,19.81,,,,,,
27/06/2024,20.12,20.21,20.45,,,,,,
28/06/2024,20.31,20.3,20.59,,,,,,
1/07/2024,20.23,20.58,19.7,,,,,,
2/07/2024,20.61,20.85,19.8,,,,,,
3/07/2024,20.53,20.84,19.88,,,,,,
5/07/2024,20.14,20.52,19.72,,,,,,
8/07/2024,20.13,20.47,19.67,,,,,,
9/07/2024,19.62,20.03,19.31,,,,,,
10/07/2024,19.81,20.2,19.45,,,,,,
11/07/2024,19.43,19.83,19.11,,,,,,
12/07/2024,19.2,19.62,18.93,,,,,,
15/07/2024,19.76,20.12,19.32,,,,,,
16/07/2024,19.62,20.02,19.27,,,,,,
17/07/2024,19.36,19.74,19.02,,,,,,
18/07/2024,18.94,19.31,18.63,,,,,,
19/07/2024,18.66,18.98,18.32,,,,,,
22/07/2024,18.3,18.65,17.98,,,,,,
23/07/2024,18.16,18.51,17.82,,,,,,
24/07/2024,17.91,18.23,17.55,,,,,,
25/07/2024,18.66,18.94,18.11,,,,,,
26/07/2024,18.42,18.75,17.95,,,,,,
29/07/2024,19.01,19.32,18.47,,,,,,
30/07/2024,19.12,19.44,18.62,,,,,,
31/07/2024,18.94,19.31,18.51,,,,,,
1/08/2024,18.5,18.84,18.14,,,,,,
2/08/2024,18.1,18.42,17.75,,,,,,
5/08/2024,18.08,18.41,17.71,,,,,,
6/08/2024,17.87,18.21,17.53,,,,,,
7/08/2024,18.14,18.46,17.75,,,,,,
8/08/2024,18.57,18.84,18.13,,,,,,
9/08/2024,18.48,18.77,18.09,,,,,,
12/08/2024,18.29,18.57,17.93,,,,,,
13/08/2024,18.39,18.66,18.03,,,,,,
14/08/2024,17.97,18.26,17.65,,,,,,
15/08/2024,17.88,18.19,17.58,,,,,,
16/08/2024,18.03,18.35,17.74,,,,,,
19/08/2024,18.02,18.37,17.78,,,,,,
20/08/2024,17.57,17.92,17.37,,,,,,
21/08/2024,17.65,17.97,17.4,,,,,,
22/08/2024,17.85,18.17,17.56,,,,,,
23/08/2024,18.39,18.72,18.03,,,,,,
26/08/2024,19.04,19.37,18.63,,,,,,
27/08/2024,19.6,19.93,19.12,,,,,,
28/08/2024,19.54,19.84,19.06,,,,,,
29/08/2024,19.89,20.11,19.25,,,,,,
30/08/2024,19.38,19.66,18.86,,,,,,
3/09/2024,19.49,19.81,19,,,,,,
4/09/2024,19.24,19.56,18.8,,,,,,
5/09/2024,19.22,19.53,18.77,,,,,,
6/09/2024,18.91,19.27,18.54,,,,,,
9/09/2024,18.83,19.11,18.39,,,,,,
10/09/2024,18.47,18.78,18.07,,,,,,
11/09/2024,18.73,19.07,18.3,,,,,,
12/09/2024,19.07,19.42,18.6,,,,,,
13/09/2024,19.01,19.41,18.64,,,,,,
16/09/2024,19.18,19.59,18.78,,,,,,
17/09/2024,19.98,20.37,19.46,,,,,,
18/09/2024,21.16,21.55,20.26,,,,,,
19/09/2024,21.93,22.04,20.74,,,,,,
20/09/2024,22.66,22.74,21.1,,,,,,
23/09/2024,22.55,22.61,21.11,,,,,,
24/09/2024,23.12,23.12,21.54,,,,,,
25/09/2024,23.42,23.41,21.72,,,,,,
26/09/2024,23.31,23.23,21.64,,,,,,
27/09/2024,22.79,22.64,21.2,,,,,,
30/09/2024,22.67,22.47,21.05,,,,,,
1/10/2024,22.97,21.45,20.38,,,,,,
2/10/2024,22.68,21.15,20.16,,,,,,
3/10/2024,23.24,21.55,20.44,,,,,,
4/10/2024,23.01,21.27,20.18,,,,,,
7/10/2024,22.55,20.93,19.95,,,,,,
8/10/2024,22.49,20.94,19.99,,,,,,
9/10/2024,22.04,20.49,19.57,,,,,,
10/10/2024,22.16,20.58,19.65,,,,,,
11/10/2024,22.24,20.59,19.62,,,,,,
14/10/2024,22.39,20.7,19.72,,,,,,
15/10/2024,22.82,20.99,19.94,,,,,,
16/10/2024,22,20.37,19.44,,,,,,
17/10/2024,22.16,20.45,19.5,,,,,,
18/10/2024,22.18,20.44,19.51,,,,,,
21/10/2024,21.83,20.19,19.32,,,,,,
22/10/2024,21.73,20.13,19.32,,,,,,
23/10/2024,22.34,20.61,19.67,,,,,,
24/10/2024,22.2,20.5,19.59,,,,,,
25/10/2024,22.14,20.45,19.57,,,,,,
28/10/2024,21.96,20.31,19.44,,,,,,
29/10/2024,22.08,20.45,19.56,,,,,,
30/10/2024,22.22,20.57,19.66,,,,,,
31/10/2024,22.74,21.05,20.07,,,,,,
1/11/2024,22.07,20.5,19.6,,,,,,
4/11/2024,21.93,20.35,19.49,,,,,,
5/11/2024,21.9,20.31,19.46,,,,,,
6/11/2024,22.03,20.46,19.6,,,,,,
7/11/2024,22.2,20.67,19.82,,,,,,
8/11/2024,21.82,20.39,19.62,,,,,,
11/11/2024,21.36,19.95,19.2,,,,,,
12/11/2024,21.35,19.93,19.17,,,,,,
13/11/2024,21.17,19.73,19.01,,,,,,
14/11/2024,21.56,20.06,19.29,,,,,,
15/11/2024,21.58,20.1,19.36,,,,,,
18/11/2024,22.2,20.65,19.84,,,,,,
19/11/2024,22.02,20.54,19.76,,,,,,
20/11/2024,21.65,20.21,19.49,,,,,,
21/11/2024,21.38,19.98,19.29,,,,,,
22/11/2024,21.36,20.03,19.37,,,,,,
25/11/2024,21.15,19.88,19.23,,,,,,
26/11/2024,21.57,20.27,19.58,,,,,,
27/11/2024,21.69,20.36,19.65,,,,,,
29/11/2024,21.08,19.83,19.13,,,,,,
2/12/2024,21.07,19.78,19.09,,,,,,
3/12/2024,21.37,20.01,19.31,,,,,,
4/12/2024,21.26,19.9,19.19,,,,,,
5/12/2024,21.2,19.85,19.18,,,,,,
6/12/2024,21.81,20.29,19.53,,,,,,
9/12/2024,21.5,19.99,19.24,,,,,,
10/12/2024,21.04,19.62,18.97,,,,,,
11/12/2024,21.28,19.78,19.08,,,,,,
12/12/2024,20.89,19.5,18.86,,,,,,
13/12/2024,20.72,19.26,18.63,,,,,,
16/12/2024,20.68,19.2,18.55,,,,,,
17/12/2024,19.84,18.53,18.06,,,,,,
18/12/2024,19.65,18.28,17.84,,,,,,
19/12/2024,19.4,18.05,17.63,,,,,,
20/12/2024,19.51,18.05,17.6,,,,,,
23/12/2024,19.54,18.1,17.67,,,,,,
24/12/2024,19.54,18.14,17.74,,,,,,
26/12/2024,19.26,17.89,17.52,,,,,,
27/12/2024,19.37,17.92,17.54,,,,,,
30/12/2024,19.13,17.79,17.47,,,,,,
31/12/2024,19.26,17.85,17.5,,,,,,
2/01/2025,19.73,18.37,17.93,,,,,,
3/01/2025,19.65,18.27,17.83,,,,,,
6/01/2025,19.33,18,17.64,,,,,,
7/01/2025,19.45,18.11,17.72,,,,,,
8/01/2025,19.24,17.96,17.6,,,,,,
9/01/2025,19.1,17.95,17.6,,,,,,
10/01/2025,19.22,18.07,17.7,,,,,,
13/01/2025,18.9,17.92,17.6,,,,,,
14/01/2025,18.32,17.39,17.13,,,,,,
15/01/2025,18.01,17.07,16.83,,,,,,
16/01/2025,18.41,17.22,16.94,,,,,,
17/01/2025,18.22,17.1,16.79,,,,,,
21/01/2025,17.79,16.83,16.59,,,,,,
22/01/2025,18.16,17.08,16.82,,,,,,
23/01/2025,18.69,17.32,17.03,,,,,,
24/01/2025,19.02,17.62,17.26,,,,,,
27/01/2025,19.17,17.74,17.38,,,,,,
28/01/2025,19.23,17.8,17.47,,,,,,
29/01/2025,19.45,17.99,17.64,,,,,,
30/01/2025,19.47,17.99,17.65,,,,,,
31/01/2025,19.35,17.88,17.54,,,,,,
3/02/2025,19.26,17.83,17.5,,,,,,
4/02/2025,19.66,18.15,17.79,,,,,,
5/02/2025,19.76,18.13,17.76,,,,,,
6/02/2025,19.57,18.06,17.69,,,,,,
7/02/2025,19.36,17.86,17.5,,,,,,
10/02/2025,19.5,17.97,17.61,,,,,,
11/02/2025,19.87,18.28,17.92,,,,,,
12/02/2025,19.76,18.34,18,,,,,,
13/02/2025,20.17,18.84,18.45,,,,,,
14/02/2025,20.42,19.16,18.78,,,,,,
18/02/2025,20.52,19.16,18.78,,,,,,
19/02/2025,20.69,19.39,18.99,,,,,,
20/02/2025,21.05,19.75,19.29,,,,,,
21/02/2025,21.31,19.92,19.47,,,,,,
24/02/2025,21.09,19.57,19.21,,,,,,
25/02/2025,21.46,19.97,19.55,,,,,,
26/02/2025,20.64,19.59,19.23,,,,,,
27/02/2025,19.69,18.89,18.57,,,,,,
28/02/2025,19.51,18.52,18.12,,,,,,
3/03/2025,18.22,17.86,17.98,,,,,,
4/03/2025,18.1,17.74,17.84,,,,,,
5/03/2025,18.2,17.89,17.99,,,,,,
6/03/2025,18.13,17.8,17.91,,,,,,
7/03/2025,18.31,17.99,18.07,,,,,,
10/03/2025,18.85,18.58,18.65,,,,,,
11/03/2025,18.67,18.41,18.5,,,,,,
12/03/2025,18.86,18.63,18.72,,,,,,
13/03/2025,19.25,18.98,19.05,,,,,,
14/03/2025,19.19,18.93,19.03,,,,,,
17/03/2025,19.97,19.57,19.58,,,,,,
18/03/2025,19.99,19.65,19.7,,,,,,
19/03/2025,19.69,19.36,19.43,,,,,,
20/03/2025,20,19.65,19.7,,,,,,
21/03/2025,19.72,19.39,19.48,,,,,,
24/03/2025,19.26,18.96,19.08,,,,,,
25/03/2025,19.51,19.19,19.32,,,,,,
26/03/2025,19.35,19.06,19.2,,,,,,
27/03/2025,19.09,18.83,18.98,,,,,,
28/03/2025,18.96,18.75,18.92,,,,,,
31/03/2025,18.86,18.65,18.83,,,,,,
1/04/2025,19.35,19.13,19.31,,,,,,
2/04/2025,19.59,19.39,19.56,,,,,,
3/04/2025,19.11,18.97,19.17,,,,,,
4/04/2025,18.84,18.68,18.85,,,,,,
7/04/2025,18.68,18.49,18.62,,,,,,
8/04/2025,18.31,18.14,18.31,,,,,,
9/04/2025,17.91,17.73,17.88,,,,,,
10/04/2025,18.12,17.91,18.03,,,,,,
11/04/2025,18,17.83,17.97,,,,,,
14/04/2025,17.87,17.69,17.86,,,,,,
15/04/2025,17.52,17.41,17.59,,,,,,
16/04/2025,17.86,17.72,17.86,,,,,,
17/04/2025,17.93,17.81,17.93,,,,,,
21/04/2025,17.81,17.74,17.89,,,,,,
22/04/2025,17.99,17.96,18.11,,,,,,
23/04/2025,17.94,17.88,18.03,,,,,,
24/04/2025,17.92,17.85,17.98,,,,,,
25/04/2025,18.18,18.18,18.28,,,,,,
28/04/2025,17.84,17.85,17.99,,,,,,
29/04/2025,17.62,17.54,17.69,,,,,,
30/04/2025,17.46,17.25,17.42,,,,,,
1/05/2025,17.16,17.33,17.73,,,,,,
2/05/2025,17.2,17.35,17.74,,,,,,
5/05/2025,17.47,17.62,17.99,,,,,,
6/05/2025,17.44,17.58,17.96,,,,,,
7/05/2025,17.13,17.28,17.68,,,,,,
8/05/2025,17.5,17.64,18,,,,,,
9/05/2025,17.78,17.92,18.27,,,,,,
12/05/2025,17.7,17.87,18.24,,,,,,
13/05/2025,18.22,18.41,18.78,,,,,,
14/05/2025,18.06,18.24,18.62,,,,,,
15/05/2025,17.67,17.83,18.22,,,,,,
16/05/2025,17.52,17.69,18.07,,,,,,
19/05/2025,17.45,17.65,18.05,,,,,,
20/05/2025,17.34,17.53,17.94,,,,,,
21/05/2025,17.7,17.86,18.25,,,,,,
22/05/2025,17.4,17.6,18.03,,,,,,
23/05/2025,17.29,17.49,17.93,,,,,,
27/05/2025,17.22,17.41,17.86,,,,,,
28/05/2025,16.9,17.12,17.59,,,,,,
29/05/2025,17,17.19,17.67,,,,,,
30/05/2025,17.05,17.23,17.69,,,,,,
2/06/2025,16.88,17.09,17.55,,,,,,
3/06/2025,16.9,17.15,17.6,,,,,,
4/06/2025,16.75,17.03,17.51,,,,,,
5/06/2025,16.57,16.88,17.39,,,,,,
6/06/2025,16.49,16.86,17.39,,,,,,
9/06/2025,16.67,17.01,17.52,,,,,,
10/06/2025,16.48,16.85,17.36,,,,,,
11/06/2025,16.42,16.81,17.34,,,,,,
12/06/2025,16.27,16.7,17.23,,,,,,
13/06/2025,16.13,16.57,17.13,,,,,,
16/06/2025,16.52,16.94,17.51,,,,,,
17/06/2025,16.08,16.51,17.1,,,,,,
18/06/2025,15.88,16.31,16.94,,,,,,
20/06/2025,16.1,16.57,17.18,,,,,,
23/06/2025,16.04,16.57,17.2,,,,,,
24/06/2025,15.77,16.36,17.04,,,,,,
25/06/2025,15.98,16.61,17.26,,,,,,
26/06/2025,15.65,16.42,17.11,,,,,,
27/06/2025,15.81,16.71,17.37,,,,,,
#REF!,15.755,16.2,16.94,,,,,,
1/07/2025,15.7,16.48,16.24,,,,,,
2/07/2025,15.58,16.33,16.09,,,,,,
3/07/2025,16.38,17.06,16.76,,,,,,
7/07/2025,16.28,17.01,16.72,,,,,,
8/07/2025,16.13,16.83,16.57,,,,,,
9/07/2025,16.56,17.22,16.93,,,,,,
10/07/2025,16.26,16.95,16.67,,,,,,
11/07/2025,16.57,17.25,16.94,,,,,,
14/07/2025,16.3,17,16.71,,,,,,
15/07/2025,16.56,17.22,16.91,,,,,,
16/07/2025,16.56,17.23,16.93,,,,,,
17/07/2025,16.74,17.39,17.06,,,,,,
18/07/2025,16.82,17.43,17.08,,,,,,
21/07/2025,16.37,17.03,16.72,,,,,,
22/07/2025,16.28,16.9,16.6,,,,,,
23/07/2025,16.24,16.87,16.57,,,,,,
24/07/2025,16.57,17.15,16.84,,,,,,
25/07/2025,16.29,16.93,16.62,,,,,,
28/07/2025,16.43,17.05,16.73,,,,,,
29/07/2025,16.59,17.19,16.86,,,,,,
30/07/2025,16.45,17.06,16.74,,,,,,
31/07/2025,16.35,16.97,16.67,,,,,,
1/08/2025,16.18,16.78,16.51,,,,,,
4/08/2025,16.25,16.88,16.62,,,,,,
5/08/2025,16.09,16.75,16.5,,,,,,
6/08/2025,16.01,16.66,16.41,,,,,,
7/08/2025,16.01,16.68,16.43,,,,,,
8/08/2025,16.25,16.92,16.66,,,,,,
11/08/2025,16.49,17.13,16.82,,,,,,
12/08/2025,16.94,17.55,17.21,,,,,,
13/08/2025,16.85,17.53,17.23,,,,,,
14/08/2025,16.58,17.28,16.99,,,,,,
15/08/2025,16.44,17.13,16.84,,,,,,
18/08/2025,16.25,16.96,16.69,,,,,,
19/08/2025,16.31,17.01,16.73,,,,,,
20/08/2025,16.57,17.27,16.97,,,,,,
21/08/2025,16.35,17.08,16.81,,,,,,
22/08/2025,16.48,17.15,16.85,,,,,,
25/08/2025,16.4,17.09,16.8,,,,,,
26/08/2025,16.41,17.11,16.81,,,,,,
27/08/2025,16.47,17.13,16.83,,,,,,
28/08/2025,16.48,17.12,16.81,,,,,,
29/08/2025,16.37,17.01,16.71,,,,,,
2/09/2025,16.15,16.78,16.52,,,,,,
3/09/2025,16.03,16.65,16.38,,,,,,
4/09/2025,15.69,16.33,16.08,,,,,,
5/09/2025,15.55,16.16,15.91,,,,,,
8/09/2025,15.63,16.26,15.95,,,,,,
9/09/2025,15.84,16.49,16.14,,,,,,
10/09/2025,15.93,16.57,16.23,,,,,,
11/09/2025,15.82,16.5,16.14,,,,,,
12/09/2025,15.79,16.52,16.13,,,,,,
15/09/2025,16,16.73,16.37,,,,,,
16/09/2025,15.9,16.56,16.21,,,,,,
17/09/2025,15.54,16.27,15.9,,,,,,
18/09/2025,15.38,16.1,15.71,,,,,,
19/09/2025,15.46,16.14,15.72,,,,,,
22/09/2025,15.25,15.91,15.55,,,,,,
23/09/2025,15.66,16.15,15.72,,,,,,
24/09/2025,15.64,16.13,15.72,,,,,,
25/09/2025,15.76,16.28,15.8,,,,,,
26/09/2025,15.87,16.38,15.92,,,,,,
29/09/2025,16.02,16.45,15.99,,,,,,
30/09/2025,16.1,16.6,16.14,,,,,,
1/10/2025,16.13,15.71,15.6,,,,,,
2/10/2025,16.4,15.92,15.79,,,,,,
3/10/2025,16.47,15.99,15.84,,,,,,
6/10/2025,16.81,16.31,16.15,,,,,,
7/10/2025,16.63,16.14,15.99,,,,,,
8/10/2025,16.29,15.83,15.69,,,,,,
9/10/2025,16.26,15.78,15.64,,,,,,
10/10/2025,16.1,15.62,15.49,,,,,,
13/10/2025,15.61,15.16,15.06,,,,,,
14/10/2025,15.88,15.37,15.21,,,,,,
15/10/2025,15.69,15.17,15.01,,,,,,
16/10/2025,15.8,15.27,15.11,,,,,,
17/10/2025,15.5,14.99,14.85,,,,,,
20/10/2025,15.72,15.21,15.06,,,,,,
21/10/2025,15.24,14.75,14.64,,,,,,
22/10/2025,15.1,14.61,14.48,,,,,,
23/10/2025,15.29,14.78,14.63,,,,,,
24/10/2025,14.97,14.48,14.36,,,,,,
27/10/2025,14.46,14.08,14.01,,,,,,
28/10/2025,14.37,14.02,13.95,,,,,,
29/10/2025,14.42,14.09,14.03,,,,,,
30/10/2025,14.28,13.98,13.91,,,,,,
31/10/2025,14.43,14.05,13.98,,,,,,
3/11/2025,14.65,14.23,14.13,,,,,,
4/11/2025,14.22,13.85,13.82,,,,,,
5/11/2025,14.11,13.75,13.71,,,,,,
6/11/2025,14.19,13.85,13.79,,,,,,
7/11/2025,14.1,13.73,13.68,,,,,,
10/11/2025,14.2,13.79,13.7,,,,,,
11/11/2025,14.25,13.86,13.78,,,,,,
12/11/2025,14.52,14.07,13.99,,,,,,
13/11/2025,14.44,13.99,13.92,,,,,,
14/11/2025,14.96,14.49,14.39,,,,,,
17/11/2025,14.8,14.37,14.31,,,,,,
18/11/2025,14.7,14.24,14.18,,,,,,
19/11/2025,14.66,14.2,14.13,,,,,,
20/11/2025,14.66,14.19,14.13,,,,,,
21/11/2025,14.78,14.29,14.22,,,,,,
24/11/2025,14.82,14.35,14.29,,,,,,
25/11/2025,14.91,14.45,14.39,,,,,,
26/11/2025,15.14,14.68,14.63,,,,,,
28/11/2025,15.21,14.73,14.68,,,,,,
1/12/2025,14.76,14.29,14.28,,,,,,
2/12/2025,14.98,14.47,14.4,,,,,,
3/12/2025,14.93,14.45,14.41,,,,,,
4/12/2025,14.88,14.42,14.4,,,,,,
5/12/2025,14.8,14.38,14.37,,,,,,
8/12/2025,14.82,14.44,14.42,,,,,,
9/12/2025,14.67,14.3,14.29,,,,,,
10/12/2025,14.91,14.49,14.46,,,,,,
11/12/2025,14.85,14.47,14.45,,,,,,
12/12/2025,15.1,14.7,14.67,,,,,,
15/12/2025,14.95,14.58,14.58,,,,,,
16/12/2025,14.82,14.44,14.46,,,,,,
17/12/2025,14.76,14.36,14.37,,,,,,
18/12/2025,14.48,14.1,14.13,,,,,,
19/12/2025,14.82,14.42,14.44,,,,,,
22/12/2025,14.99,14.59,14.58,,,,,,
23/12/2025,15.2,14.82,14.77,,,,,,
24/12/2025,15.29,14.9,14.86,,,,,,
26/12/2025,15.17,14.81,14.83,,,,,,
29/12/2025,15.26,14.91,14.94,,,,,,
30/12/2025,14.84,14.55,14.63,,,,,,
31/12/2025,15.01,14.66,14.71,,,,,,
2/01/2026,14.6,14.28,14.34,,,,,,
5/01/2026,14.73,14.38,14.43,,,,,,
6/01/2026,14.76,14.37,14.4,,,,,,
7/01/2026,14.98,14.59,14.61,,,,,,
8/01/2026,14.97,14.59,14.62,,,,,,
9/01/2026,14.89,14.55,14.57,,,,,,
12/01/2026,14.84,14.51,14.53,,,,,,
13/01/2026,14.89,14.56,14.59,,,,,,
14/01/2026,14.68,14.35,14.38,,,,,,
15/01/2026,14.57,14.2,14.21,,,,,,
16/01/2026,14.96,14.54,14.54,,,,,,
20/01/2026,14.72,14.34,14.35,,,,,,
21/01/2026,14.74,14.34,14.33,,,,,,
22/01/2026,14.96,14.5,14.49,,,,,,
23/01/2026,14.73,14.31,14.32,,,,,,
26/01/2026,14.79,14.3,14.31,,,,,,
27/01/2026,14.83,14.37,14.37,,,,,,
28/01/2026,14.71,14.3,14.34,,,,,,
29/01/2026,14.7,14.31,14.33,,,,,,
30/01/2026,14.27,13.84,13.85,,,,,,
2/02/2026,14.26,13.78,13.79,,,,,,
3/02/2026,14.63,14.18,14.17,,,,,,
4/02/2026,14.44,14.05,14.03,,,,,,
5/02/2026,14.27,13.84,13.82,,,,,,
6/02/2026,14.11,13.71,13.69,,,,,,
9/02/2026,14.35,13.96,13.93,,,,,,
10/02/2026,14.12,13.76,13.72,,,,,,
11/02/2026,13.84,13.52,13.52,,,,,,
12/02/2026,13.75,13.48,13.48,,,,,,
13/02/2026,13.78,13.49,13.48,,,,,,
17/02/2026,13.86,13.48,13.48,,,,,,
18/02/2026,14.17,13.76,13.72,,,,,,
19/02/2026,14.07,13.7,13.66,,,,,,
20/02/2026,14.3,13.87,13.82,,,,,,
23/02/2026,14.45,14,13.96,,,,,,
24/02/2026,14.55,14.01,14,,,,,,
25/02/2026,14.59,14,13.97,,,,,,
26/02/2026,14.41,13.95,13.93,,,,,,
27/02/2026,14.3,13.89,13.87,,,,,,
2/03/2026,13.91,13.9,14.23,,,,,,
3/03/2026,13.93,13.93,14.25,,,,,,
4/03/2026,13.73,13.79,14.14,,,,,,
5/03/2026,13.72,13.79,14.16,,,,,,
6/03/2026,14.1,14.19,14.54,,,,,,
9/03/2026,14.59,14.68,15.02,,,,,,
10/03/2026,14.38,14.51,14.89,,,,,,
11/03/2026,14.25,14.41,14.81,,,,,,
12/03/2026,14.38,14.55,14.92,,,,,,
13/03/2026,14.37,14.57,14.93,,,,,,
16/03/2026,14.19,14.38,14.78,,,,,,
17/03/2026,14.45,14.62,15.01,,,,,,
18/03/2026,14.8,14.94,15.29,,,,,,
19/03/2026,15.37,15.46,15.75,,,,,,
20/03/2026,15.7,15.83,16.15,,,,,,
23/03/2026,15.52,15.7,16.07,,,,,,
24/03/2026,15.88,16.01,16.34,,,,,,
25/03/2026,15.55,15.72,16.09,,,,,,
26/03/2026,15.87,16.03,16.35,,,,,,
27/03/2026,15.76,15.96,16.31,,,,,,
30/03/2026,15.55,15.77,16.16,,,,,,
31/03/2026,15.52,15.68,16.05,,,,,,
1/04/2026,15.29,15.47,15.85,,,,,,
2/04/2026,15,15.21,15.61,,,,,,
6/04/2026,14.97,15.16,15.57,,,,,,
7/04/2026,14.58,14.79,15.2,,,,,,
8/04/2026,14.23,14.47,14.9,,,,,,
9/04/2026,13.92,14.11,14.53,,,,,,
10/04/2026,13.75,13.89,14.29,,,,,,
13/04/2026,13.68,13.88,14.26,,,,,,
14/04/2026,13.88,14.09,14.44,,,,,,
15/04/2026,13.51,13.7,14.09,,,,,,
16/04/2026,13.66,13.8,14.2,,,,,,
17/04/2026,13.31,13.48,13.9,,,,,,
20/04/2026,13.47,13.64,14.02,,,,,,
21/04/2026,13.43,13.72,14.15,,,,,,
22/04/2026,13.57,13.81,14.23,,,,,,
23/04/2026,13.6,13.89,14.31,,,,,,
24/04/2026,13.93,14.11,14.51,,,,,,
27/04/2026,13.83,13.97,14.38,,,,,,
28/04/2026,14.11,14.23,14.63,,,,,,
29/04/2026,14.68,14.77,15.15,,,,,,
30/04/2026,14.58,14.61,15.05,,,,,,
1/05/2026,14.95,15.39,16.21,,,,,,
4/05/2026,15.29,15.76,16.56,,,,,,
5/05/2026,15.37,15.83,16.63,,,,,,
6/05/2026,14.81,15.3,16.15,,,,,,
7/05/2026,14.54,15.02,15.86,,,,,,
8/05/2026,14.69,15.16,15.99,,,,,,
11/05/2026,14.91,15.39,16.23,,,,,,
12/05/2026,15.01,15.52,16.35,,,,,,
13/05/2026,15.38,15.84,16.64,,,,,,
14/05/2026,14.99,15.49,16.33,,,,,,
15/05/2026,14.8,15.29,16.14,,,,,,
18/05/2026,14.73,15.21,16.06,,,,,,
19/05/2026,15.01,15.46,16.28,,,,,,
20/05/2026,14.73,15.22,16.06,,,,,,
21/05/2026,14.9,15.37,16.23,,,,,,
22/05/2026,14.7,15.17,16.04,,,,,,
26/05/2026,14.54,15,15.88,,,,,,
27/05/2026,14.14,14.6,15.47,,,,,,
28/05/2026,13.93,14.41,15.28,,,,,,
29/05/2026,14.06,14.54,15.4,,,,,,
1/06/2026,14.45,14.94,15.82,,,,,,
2/06/2026,14.38,14.9,15.79,,,,,,
3/06/2026,14.24,14.75,15.66,,,,,,
4/06/2026,14.27,14.73,15.62,,,,,,
5/06/2026,14.14,14.63,15.53,,,,,,
8/06/2026,14.12,14.61,15.51,,,,,,
9/06/2026,14.08,14.52,15.42,,,,,,
10/06/2026,13.92,14.39,15.25,,,,,,
11/06/2026,13.79,14.34,15.21,,,,,,
12/06/2026,13.7,14.23,15.09,,,,,,
15/06/2026,13.68,14.19,15.05,,,,,,
16/06/2026,13.82,14.31,15.18,,,,,,
17/06/2026,13.85,14.37,15.27,,,,,,
18/06/2026,13.59,14.13,15.06,,,,,,
22/06/2026,13.35,13.84,14.75,,,,,,
23/06/2026,13.42,13.95,14.85,,,,,,
24/06/2026,13.42,14.02,14.95,,,,,,
25/06/2026,13.55,14.1,15,,,,,,
26/06/2026,13.98,14.51,15.44,,,,,,
29/06/2026,14.29,14.78,15.72,,,,,,
30/06/2026,14.34,14.82,15.76,,,,,,
1/07/2026,14.99,15.88,15.7,,,,,,
2/07/2026,14.85,15.77,15.6,,,,,,
6/07/2026,15.22,16.11,15.89,,,,,,
7/07/2026,15.14,16.06,15.85,,,,,,
8/07/2026,15.11,16.07,15.87,,,,,,
9/07/2026,15.12,16.09,15.9,,,,,,
10/07/2026,14.88,15.85,15.67,,,,,,
13/07/2026,14.75,15.66,15.46,,,,,,
14/07/2026,14.88,15.8,15.61,,,,,,
15/07/2026,14.85,15.77,15.59,,,,,,
16/07/2026,14.44,15.37,15.2,,,,,,
17/07/2026,14.83,15.73,15.55,,,,,,
20/07/2026,14.82,15.72,15.56,,,,,,
21/07/2026,14.88,15.8,15.62,,,,,,
22/07/2026,14.74,15.65,15.48,,,,,,
23/07/2026,14.69,15.58,15.4,,,,,,
24/07/2026,14.77,15.63,15.44,,,,,,
27/07/2026,14.58,15.47,15.31,,,,,,
28/07/2026,14.55,15.41,15.23,,,,,,
29/07/2026,14.5,15.4,15.23,,,,,,
30/07/2026,14.43,15.33,15.17,,,,,,
31/07/2026,14.66,15.53,15.35,,,,,,
3/08/2026,15.01,15.91,15.71,,,,,,
4/08/2026,15.04,15.98,15.8,,,,,,
5/08/2026,15.15,16.1,15.91,,,,,,
6/08/2026,15.57,16.49,16.28,,,,,,
7/08/2026,16.45,17.33,17.03,,,,,,
10/08/2026,16.47,17.44,17.17,,,,,,
11/08/2026,16.73,17.71,17.39,,,,,,
12/08/2026,16.42,17.44,17.17,,,,,,
13/08/2026,16.82,17.81,17.49,,,,,,
14/08/2026,16.6,17.62,17.31,,,,,,
17/08/2026,16.87,17.89,17.57,,,,,,
18/08/2026,17.47,18.46,18.03,,,,,,
19/08/2026,17.55,18.55,18.13,,,,,,
20/08/2026,17.52,18.5,18.07,,,,,,
21/08/2026,17.61,18.53,18.1,,,,,,
24/08/2026,17.65,18.59,18.17,,,,,,
25/08/2026,17.27,18.27,17.91,,,,,,
26/08/2026,17.59,18.56,18.06,,,,,,
27/08/2026,18.19,19.19,18.54,,,,,,
28/08/2026,17.56,18.58,18.11,,,,,,
31/08/2026,17.81,18.83,18.33,,,,,,
1/09/2026,18.36,19.33,18.73,,,,,,
2/09/2026,18.7,19.64,18.92,,,,,,
3/09/2026,18.07,19.04,18.44,,,,,,
4/09/2026,18.07,19.05,18.44,,,,,,
8/09/2026,18.1,19.09,18.51,,,,,,
