Date,W1,W2,W3,,,
3/01/2005,302.25,309.25,316,,,
4/01/2005,296,304,309.75,,,
5/01/2005,299.75,307.25,314,,,
6/01/2005,308.25,315.5,322.25,,,
7/01/2005,309.75,317,323.25,,,
10/01/2005,307.75,315.25,321.25,,,
11/01/2005,306.5,314,320.25,,,
12/01/2005,307.25,314.25,321.5,,,
13/01/2005,307.5,315.25,322.5,,,
14/01/2005,297.5,305.25,312.25,,,
18/01/2005,296.5,304.25,311.5,,,
19/01/2005,299,306.25,312.5,,,
20/01/2005,294.75,302.25,308.25,,,
21/01/2005,295.75,302.75,309.75,,,
24/01/2005,295.25,302.75,309.75,,,
25/01/2005,297,304.5,311.5,,,
26/01/2005,295.25,303.25,309.5,,,
27/01/2005,289.5,297.5,304,,,
28/01/2005,290,297.5,304.75,,,
31/01/2005,291,298.75,305.5,,,
1/02/2005,292.25,300.75,307.25,,,
2/02/2005,288.25,296.75,303.25,,,
3/02/2005,289.75,298.5,305,,,
4/02/2005,287.75,296.5,303.25,,,
7/02/2005,292.5,301,307.25,,,
8/02/2005,291.75,300.5,305.25,,,
9/02/2005,290,299,304.5,,,
10/02/2005,296.25,304.5,309.75,,,
11/02/2005,294.5,303,309,,,
14/02/2005,301.75,309.25,316.5,,,
15/02/2005,299.25,306.75,313.5,,,
16/02/2005,292.5,299.75,306.5,,,
17/02/2005,295.5,303.25,311,,,
18/02/2005,296,304,311,,,
22/02/2005,312.5,320.75,325.5,,,
23/02/2005,316,324.5,331,,,
24/02/2005,312.75,321.25,327.75,,,
25/02/2005,323.25,333.25,339.25,,,
28/02/2005,337.25,345.25,351.5,,,
1/03/2005,330,338.25,344.5,,,
2/03/2005,332,340.5,347.25,,,
3/03/2005,330,338,344.75,,,
4/03/2005,329,337,343.5,,,
7/03/2005,323.25,332.25,338,,,
8/03/2005,329,337.25,343.75,,,
9/03/2005,333.5,340.75,347.5,,,
10/03/2005,340,348,355,,,
11/03/2005,351.5,358,366,,,
14/03/2005,348,354,361.5,,,
15/03/2005,368,375,380,,,
16/03/2005,361,368,372.75,,,
17/03/2005,366.5,374,377.5,,,
18/03/2005,356.5,364,368.75,,,
21/03/2005,342.5,351.25,355.5,,,
22/03/2005,344.5,353.75,358.5,,,
23/03/2005,336.75,345.75,350.5,,,
24/03/2005,338.5,347,353,,,
28/03/2005,336,345.5,351.25,,,
29/03/2005,334.5,343.5,349.5,,,
30/03/2005,333.5,342.5,348.5,,,
31/03/2005,331,341,346,,,
1/04/2005,322.5,333,339.25,,,
4/04/2005,316.5,325.25,332,,,
5/04/2005,311.25,321.25,327,,,
6/04/2005,314.25,324.5,331.25,,,
7/04/2005,314.25,324.5,331.5,,,
8/04/2005,310,320,328,,,
11/04/2005,313.5,323.5,329.5,,,
12/04/2005,311,321.25,328.5,,,
13/04/2005,310.5,320.5,327,,,
14/04/2005,309,318.25,325,,,
15/04/2005,305.25,314.25,320.5,,,
18/04/2005,301.75,311.25,317.75,,,
19/04/2005,308,317.75,324.75,,,
20/04/2005,310.75,321,328,,,
21/04/2005,311,320.75,328.5,,,
22/04/2005,309.25,319.25,326.5,,,
25/04/2005,320.75,330.5,337.5,,,
26/04/2005,322.75,333.5,340.75,,,
27/04/2005,319.5,329.25,337.25,,,
28/04/2005,317.25,327.25,336,,,
29/04/2005,318,326,334.5,,,
2/05/2005,314.5,323.25,331.75,,,
3/05/2005,308.25,317.75,326,,,
4/05/2005,308.25,317.25,325.75,,,
5/05/2005,305,313.75,322,,,
6/05/2005,309.5,317,326,,,
9/05/2005,305.5,313.5,323,,,
10/05/2005,312.5,321.5,331.25,,,
11/05/2005,306,313.75,322.75,,,
12/05/2005,301.5,308.75,317.75,,,
13/05/2005,296.5,302.75,311.75,,,
16/05/2005,306.25,316,325.25,,,
17/05/2005,310,319.5,329.5,,,
18/05/2005,315,324.75,334.75,,,
19/05/2005,309.5,318.75,328.75,,,
20/05/2005,313,323.5,332.5,,,
23/05/2005,333.75,344.25,352.25,,,
24/05/2005,332,342.25,351.5,,,
25/05/2005,330.25,340.25,349.75,,,
26/05/2005,337.75,347.25,356.5,,,
27/05/2005,335,344.25,354.25,,,
31/05/2005,331.75,342.25,350.25,,,
1/06/2005,331.5,341.5,350.75,,,
2/06/2005,323.5,333.25,343.5,,,
3/06/2005,323.25,334.5,343,,,
6/06/2005,322.5,332.25,341.25,,,
7/06/2005,319.25,329.25,340,,,
8/06/2005,313.25,324.25,334.5,,,
9/06/2005,314.25,324.5,335.75,,,
10/06/2005,313.5,324.5,335.5,,,
13/06/2005,313.75,324,335.25,,,
14/06/2005,316,326.25,337.5,,,
15/06/2005,323,333,344.75,,,
16/06/2005,323.5,333.25,343.5,,,
17/06/2005,327.5,337.5,348.75,,,
20/06/2005,339,348.5,359.75,,,
21/06/2005,335,345,356.5,,,
22/06/2005,336,345.75,358.25,,,
23/06/2005,331.75,342.25,354.25,,,
24/06/2005,339.5,350.25,362.5,,,
27/06/2005,331,340.5,352,,,
28/06/2005,327.75,338.25,350.5,,,
29/06/2005,328.5,338.5,351,,,
30/06/2005,321.5,331.5,344,,,
1/07/2005,324.25,334.5,348.25,,,
5/07/2005,337,346.5,360.5,,,
6/07/2005,332,342,355.75,,,
7/07/2005,334.75,344,357.25,,,
8/07/2005,328.5,337.25,351.25,,,
11/07/2005,327,335.25,349,,,
12/07/2005,323.75,332.5,345.5,,,
13/07/2005,332,339.75,353.5,,,
14/07/2005,338,344.5,359.5,,,
15/07/2005,348.5,362.25,375.25,,,
18/07/2005,352.25,367,380,,,
19/07/2005,338.5,352,365,,,
20/07/2005,333.25,348.25,360.75,,,
21/07/2005,327,342.5,355.25,,,
22/07/2005,330.5,344.5,358,,,
25/07/2005,325.75,340.75,353,,,
26/07/2005,328.5,343.5,356,,,
27/07/2005,330.5,345.25,358,,,
28/07/2005,333,347,359.5,,,
29/07/2005,327.75,342.25,354.5,,,
1/08/2005,330.5,345.25,357.5,,,
2/08/2005,332,347.5,359.5,,,
3/08/2005,326,341.5,354.5,,,
4/08/2005,325,339.75,352.5,,,
5/08/2005,320,336,349,,,
8/08/2005,322.25,337.5,350.5,,,
9/08/2005,319.5,334.5,346.75,,,
10/08/2005,323.5,337.5,349.5,,,
11/08/2005,326.25,342.5,355.5,,,
12/08/2005,321.25,335.75,348.5,,,
15/08/2005,315.75,331.25,343.75,,,
16/08/2005,310.25,325,337.75,,,
17/08/2005,314.25,329.25,341.75,,,
18/08/2005,320.75,335.5,348,,,
19/08/2005,325.25,339.25,351.5,,,
22/08/2005,323,336.75,349.25,,,
23/08/2005,317.25,331.5,344.5,,,
24/08/2005,314,328.5,341.25,,,
25/08/2005,315.75,331,344.25,,,
26/08/2005,312.25,327.5,339.75,,,
29/08/2005,310.5,326.25,339.75,,,
30/08/2005,307.25,323.25,337,,,
31/08/2005,301.5,317.5,331.5,,,
1/09/2005,306.75,322.5,336,,,
2/09/2005,305,320,334,,,
6/09/2005,305.5,321,335.25,,,
7/09/2005,303.5,318.75,333.25,,,
8/09/2005,309,323.5,336.75,,,
9/09/2005,313,325.75,339.75,,,
12/09/2005,313,326.5,340.5,,,
13/09/2005,316.5,329.5,343.25,,,
14/09/2005,311.5,327.25,341.5,,,
15/09/2005,322.75,337,343,,,
16/09/2005,324.25,338,344.5,,,
19/09/2005,320.25,334.75,341,,,
20/09/2005,321.25,336,343.25,,,
21/09/2005,325.25,339.75,346,,,
22/09/2005,332.25,346.5,353.5,,,
23/09/2005,333.5,348,355.5,,,
26/09/2005,329.25,344,350,,,
27/09/2005,327,341.5,348.25,,,
28/09/2005,328.75,343.25,349.5,,,
29/09/2005,333.5,347.25,354,,,
30/09/2005,346.25,361.5,368.5,,,
3/10/2005,348.75,362.5,369.25,,,
4/10/2005,347.25,361.5,368.5,,,
5/10/2005,345,359.25,366.5,,,
6/10/2005,345.25,359.25,366.5,,,
7/10/2005,338,352.5,360,,,
10/10/2005,339.75,354,361.5,,,
11/10/2005,342.75,357.75,364,,,
12/10/2005,347.5,361.5,369,,,
13/10/2005,343.5,357.5,365,,,
14/10/2005,339,353.5,361,,,
17/10/2005,336.25,351.25,358,,,
18/10/2005,328.75,343.5,350.5,,,
19/10/2005,327.75,341.75,350,,,
20/10/2005,332.25,346.75,354.5,,,
21/10/2005,330,345,352,,,
24/10/2005,323.25,338.5,346.75,,,
25/10/2005,325.5,340.25,349,,,
26/10/2005,323.5,338.75,346.5,,,
27/10/2005,324.5,339.75,348,,,
28/10/2005,317.75,333,341.25,,,
31/10/2005,317,332.75,341,,,
1/11/2005,317,332.75,341.25,,,
2/11/2005,313,328.5,337.25,,,
3/11/2005,313.25,328.75,337.25,,,
4/11/2005,311.25,327.25,336,,,
7/11/2005,310,325.75,334.75,,,
8/11/2005,313,329.25,338,,,
9/11/2005,315,331.25,339.75,,,
10/11/2005,309.75,326,335.25,,,
11/11/2005,311.5,328.25,337,,,
14/11/2005,311.75,328,336.5,,,
15/11/2005,307,323.25,332,,,
16/11/2005,306.75,322.5,331.5,,,
17/11/2005,304.75,321,330.5,,,
18/11/2005,302,317.75,327,,,
21/11/2005,298.5,313.25,322.75,,,
22/11/2005,297,312.75,321.75,,,
23/11/2005,297,312.75,321.5,,,
25/11/2005,297,312.25,320.75,,,
28/11/2005,297.5,313.25,323,,,
29/11/2005,300.5,316.75,325.5,,,
30/11/2005,304,320.75,329.5,,,
1/12/2005,305.5,322,331.5,,,
2/12/2005,303.5,319.75,328.75,,,
5/12/2005,304.5,320.25,329.5,,,
6/12/2005,299.75,315.75,325,,,
7/12/2005,297.25,313.25,322,,,
8/12/2005,295.5,312.25,321.25,,,
9/12/2005,293,307.5,317,,,
12/12/2005,299.5,314.75,324,,,
13/12/2005,304,318.5,327.25,,,
14/12/2005,309.5,323.75,333.25,,,
15/12/2005,318.75,328.5,337.25,,,
16/12/2005,319.75,328.75,338,,,
19/12/2005,323.25,332,341.75,,,
20/12/2005,328,337.25,346.75,,,
21/12/2005,327.5,337,347.5,,,
22/12/2005,330.75,340.25,349.75,,,
23/12/2005,334.5,343,353.25,,,
27/12/2005,340,349,358.5,,,
28/12/2005,345.5,354.25,363.75,,,
29/12/2005,337.25,347.25,356,,,
30/12/2005,339.25,348.75,357.25,,,
3/01/2006,346,355.5,364.75,,,
4/01/2006,346.25,355.75,365.25,,,
5/01/2006,339.75,349.25,358.75,,,
6/01/2006,330.75,340.75,350,,,
9/01/2006,326.5,337,346.25,,,
10/01/2006,329.25,339.5,348.25,,,
11/01/2006,330.5,341.25,350,,,
12/01/2006,333.25,344,353,,,
13/01/2006,334.75,345.25,353.75,,,
17/01/2006,328.75,338.75,348,,,
18/01/2006,322.5,333.5,342.5,,,
19/01/2006,326.5,337,346,,,
20/01/2006,326.5,337.25,346.75,,,
23/01/2006,326,337,346.5,,,
24/01/2006,332.5,343.25,353.25,,,
25/01/2006,342,352.75,362.5,,,
26/01/2006,344.5,355.75,365,,,
27/01/2006,343.5,354.75,364,,,
30/01/2006,345.25,356,365.5,,,
31/01/2006,343.25,354.5,364.5,,,
1/02/2006,339.25,350.25,360.25,,,
2/02/2006,347.25,358.5,368.75,,,
3/02/2006,356.5,367.75,378,,,
6/02/2006,355,365.75,375.5,,,
7/02/2006,351.75,363.25,373,,,
8/02/2006,356.75,368.75,378,,,
9/02/2006,363.25,374.75,384,,,
10/02/2006,355.25,367.25,376,,,
13/02/2006,348,360,368.75,,,
14/02/2006,347.25,358.5,369,,,
15/02/2006,352,363.25,374,,,
16/02/2006,359,370,379.75,,,
17/02/2006,368,379.5,389.75,,,
21/02/2006,372.5,384,393.25,,,
22/02/2006,365.5,377.5,387.25,,,
23/02/2006,366.25,377.5,387,,,
24/02/2006,368.25,380,389.75,,,
27/02/2006,373.25,385.75,396,,,
28/02/2006,370.25,381,393.5,,,
1/03/2006,362.75,374,385.25,,,
2/03/2006,369,380.5,391.75,,,
3/03/2006,373.5,385,396,,,
6/03/2006,370,380,391.5,,,
7/03/2006,370.5,381,392,,,
8/03/2006,376,384.5,395.75,,,
9/03/2006,370.75,381,393.25,,,
10/03/2006,374.5,381.5,393.5,,,
13/03/2006,360,367.5,379.5,,,
14/03/2006,352,362.5,374,,,
15/03/2006,362,373.5,384.25,,,
16/03/2006,352.75,364.75,377,,,
17/03/2006,357.5,370,380.5,,,
20/03/2006,350.25,362.25,373.5,,,
21/03/2006,352.5,364.75,375.5,,,
22/03/2006,349.25,362,372,,,
23/03/2006,344,356.25,367.75,,,
24/03/2006,342.5,354.5,365.5,,,
27/03/2006,339.75,351.75,363.5,,,
28/03/2006,341.25,354.5,365.75,,,
29/03/2006,341.75,354.5,365.5,,,
30/03/2006,344.5,357.25,368.5,,,
31/03/2006,347.75,361.5,371.25,,,
3/04/2006,342,355,366.5,,,
4/04/2006,342.75,356,367.5,,,
5/04/2006,347,360,371.25,,,
6/04/2006,352.5,366,377.25,,,
7/04/2006,351.25,364.75,375.5,,,
10/04/2006,361,373.75,385.25,,,
11/04/2006,367.5,380.5,392.25,,,
12/04/2006,360.5,374.5,385.5,,,
13/04/2006,357.5,371.25,381.5,,,
17/04/2006,349.5,362.5,374.5,,,
18/04/2006,355,368.25,379.5,,,
19/04/2006,354.75,367.75,380.75,,,
20/04/2006,353,366.25,378.5,,,
21/04/2006,352.75,365.25,378,,,
24/04/2006,350.75,363.5,376,,,
25/04/2006,350,363.5,376.25,,,
26/04/2006,348.5,361.75,374.5,,,
27/04/2006,342.5,355.75,368.5,,,
28/04/2006,346.25,358.5,371.5,,,
1/05/2006,353.25,365,377.5,,,
2/05/2006,355.25,366.5,379,,,
3/05/2006,354,365,377.5,,,
4/05/2006,352.25,362.5,375,,,
5/05/2006,361.25,372.25,386,,,
8/05/2006,363.5,375.5,388.5,,,
9/05/2006,375.5,384.75,397.25,,,
10/05/2006,377.5,384.5,396.75,,,
11/05/2006,382.5,392,404.5,,,
12/05/2006,394,401.5,413.5,,,
15/05/2006,399.5,411.75,429,,,
16/05/2006,403.5,415.5,433,,,
17/05/2006,423,433.75,453.5,,,
18/05/2006,418.5,431.5,447.5,,,
19/05/2006,416.25,429.5,446.25,,,
22/05/2006,426.25,440,456.5,,,
23/05/2006,419.75,433.5,450.5,,,
24/05/2006,411.75,425,442,,,
25/05/2006,409.5,423.25,441,,,
26/05/2006,415.5,429,446.25,,,
30/05/2006,412,426,443.25,,,
31/05/2006,393.5,408,425,,,
1/06/2006,392,408,425,,,
2/06/2006,403.75,417.5,436.25,,,
5/06/2006,398.5,414.25,431.75,,,
6/06/2006,385,399.25,416.75,,,
7/06/2006,387.75,403.5,419.75,,,
8/06/2006,383.5,398.75,416.75,,,
9/06/2006,372.5,389,405.5,,,
12/06/2006,373.75,389.5,406.5,,,
13/06/2006,369.75,387,403.5,,,
14/06/2006,361.25,377.75,396,,,
15/06/2006,361.5,376.5,395,,,
16/06/2006,359,376.75,393.5,,,
19/06/2006,358.5,376.25,395.25,,,
20/06/2006,367,384.75,403.75,,,
21/06/2006,372,389.25,409.5,,,
22/06/2006,365.5,382.25,401.75,,,
23/06/2006,363.25,381.5,400.25,,,
26/06/2006,368.5,385.75,403,,,
27/06/2006,378.25,394.5,414.25,,,
28/06/2006,372,388,407.75,,,
29/06/2006,374,395,414.5,,,
30/06/2006,371.5,396,414.5,,,
3/07/2006,384.25,402,421,,,
5/07/2006,386.5,404.75,423,,,
6/07/2006,390,407.25,425.75,,,
7/07/2006,381.5,398.25,416.5,,,
10/07/2006,382.5,403,422.5,,,
11/07/2006,398,416.5,435.5,,,
12/07/2006,390,414.5,434,,,
13/07/2006,376,395.5,416.25,,,
14/07/2006,366,397.5,417.5,,,
17/07/2006,393,412.5,429.5,,,
18/07/2006,398,417.25,434.25,,,
19/07/2006,393,412.75,429.5,,,
20/07/2006,406.5,424.5,444,,,
21/07/2006,407.25,426.25,444.5,,,
24/07/2006,400.5,420.75,437,,,
25/07/2006,393.25,413.5,430.5,,,
26/07/2006,382,404.25,421,,,
27/07/2006,387.75,407.5,424.5,,,
28/07/2006,388.5,408,424.5,,,
31/07/2006,397.5,416.5,436.25,,,
1/08/2006,392.5,413.25,431.25,,,
2/08/2006,401.5,421.5,439,,,
3/08/2006,395.25,414.5,435,,,
4/08/2006,396,417.25,435,,,
7/08/2006,393,413.75,432.25,,,
8/08/2006,384,405.25,422.75,,,
9/08/2006,388,409.25,426.5,,,
10/08/2006,386.5,407.5,425.75,,,
11/08/2006,373.75,395.5,413.75,,,
14/08/2006,374,394.25,412,,,
15/08/2006,376.75,397.25,414.5,,,
16/08/2006,371.5,391.5,410,,,
17/08/2006,363.5,383,400.5,,,
18/08/2006,364.5,383.25,402,,,
21/08/2006,365.75,385.5,405,,,
22/08/2006,359.75,380,398,,,
23/08/2006,366,387,404.5,,,
24/08/2006,375.5,395.75,414.5,,,
25/08/2006,378.5,398.25,417.5,,,
28/08/2006,384.75,404.25,424,,,
29/08/2006,380.5,400.75,419.5,,,
30/08/2006,397.5,416.5,436.5,,,
31/08/2006,404,422.25,439,,,
1/09/2006,401.25,419.5,439,,,
5/09/2006,404,422,438.75,,,
6/09/2006,399,417,435.25,,,
7/09/2006,403.5,420.25,437.75,,,
8/09/2006,400,415.5,434,,,
11/09/2006,398,413,430.5,,,
12/09/2006,388.75,402.5,421,,,
13/09/2006,381.5,397.5,416.25,,,
14/09/2006,377,390.5,409.25,,,
15/09/2006,392.5,410,420,,,
18/09/2006,395.5,413,422.5,,,
19/09/2006,409,426,436,,,
20/09/2006,407.75,425.5,435,,,
21/09/2006,421.5,439.25,446,,,
22/09/2006,419,436.25,444,,,
25/09/2006,413.75,432,441,,,
26/09/2006,423,440.5,448.25,,,
27/09/2006,424.25,442.5,448.5,,,
28/09/2006,445.5,459,462,,,
29/09/2006,443,458,460,,,
2/10/2006,446,463,465,,,
3/10/2006,439.5,456.5,460,,,
4/10/2006,465,479.5,479,,,
5/10/2006,464,477.5,477.5,,,
6/10/2006,464,477.5,474.5,,,
9/10/2006,494,507.5,504.5,,,
10/10/2006,501,514.5,499,,,
11/10/2006,531,544.5,528.5,,,
12/10/2006,515.5,525,509,,,
13/10/2006,525.5,532,518.5,,,
16/10/2006,542.5,544.5,522.5,,,
17/10/2006,531,537.5,518,,,
18/10/2006,512.5,519,503,,,
19/10/2006,513,524.5,501.5,,,
20/10/2006,505,524.5,501.5,,,
23/10/2006,517,531.5,510,,,
24/10/2006,522.5,538,513,,,
25/10/2006,516.75,533,512.5,,,
26/10/2006,507.5,524.5,508,,,
27/10/2006,508.5,525,505.5,,,
30/10/2006,501,520.5,500,,,
31/10/2006,483,503,484,,,
1/11/2006,487.5,508.5,493,,,
2/11/2006,491.5,510.5,493.25,,,
3/11/2006,492.5,514,498,,,
6/11/2006,498,518.75,503.5,,,
7/11/2006,497,519,505,,,
8/11/2006,504,525.5,515.5,,,
9/11/2006,488,508.5,501.5,,,
10/11/2006,480.5,501,497,,,
13/11/2006,477,498.75,500.5,,,
14/11/2006,486.5,506,504.5,,,
15/11/2006,481.5,502.5,501.5,,,
16/11/2006,468.75,489,487.25,,,
17/11/2006,474,494,493.5,,,
20/11/2006,475,493.75,494,,,
21/11/2006,479.75,501.75,502.5,,,
22/11/2006,486.25,506.25,507,,,
24/11/2006,500,519,520.5,,,
27/11/2006,490.25,514,516.5,,,
28/11/2006,487.25,508,512.5,,,
29/11/2006,490.5,511.5,516,,,
30/11/2006,502,521.5,526,,,
1/12/2006,500,520.75,525,,,
4/12/2006,499.5,518,522,,,
5/12/2006,498,517.25,520.5,,,
6/12/2006,475,495.5,500,,,
7/12/2006,477.5,495.75,502.25,,,
8/12/2006,469,485.75,494,,,
11/12/2006,475,490,498,,,
12/12/2006,465,482,491,,,
13/12/2006,472.5,488.5,497.25,,,
14/12/2006,477,491.5,499,,,
15/12/2006,494.25,501,491,,,
18/12/2006,487.5,494.75,484,,,
19/12/2006,492,498.25,485.75,,,
20/12/2006,493.75,500.25,486.5,,,
21/12/2006,503.25,507.75,492,,,
22/12/2006,514,517.5,503.75,,,
26/12/2006,516.75,522,504.5,,,
27/12/2006,507,515,498.25,,,
28/12/2006,504.25,510,497,,,
29/12/2006,501,508,497.5,,,
2/01/2007,501,508,497.5,,,
3/01/2007,476.5,486.75,479.5,,,
4/01/2007,467.5,477,473,,,
5/01/2007,470.25,480,477,,,
8/01/2007,464,475,473.5,,,
9/01/2007,453,465.25,466.25,,,
10/01/2007,449.5,459.25,463,,,
11/01/2007,456.5,469.5,470,,,
12/01/2007,479.5,492,493.75,,,
16/01/2007,464,477,481.5,,,
17/01/2007,477,486.75,492.5,,,
18/01/2007,471,484,489.5,,,
19/01/2007,467,480,486.25,,,
22/01/2007,465,478.75,487,,,
23/01/2007,480.25,493,500.25,,,
24/01/2007,466,480,488,,,
25/01/2007,468.75,481.25,490.5,,,
26/01/2007,463.5,478,485,,,
29/01/2007,456.5,472,478,,,
30/01/2007,459.5,473.25,481.5,,,
31/01/2007,467.5,481,488,,,
1/02/2007,460.25,474.5,482.5,,,
2/02/2007,461.25,475.75,483.25,,,
5/02/2007,458.5,472.5,480.5,,,
6/02/2007,451,467,474.25,,,
7/02/2007,452,465.5,475.5,,,
8/02/2007,457,472.5,480.5,,,
9/02/2007,460.25,475.75,483,,,
12/02/2007,455.75,469.5,478.75,,,
13/02/2007,459,474.25,482.5,,,
14/02/2007,451,465.25,475.25,,,
15/02/2007,453.25,467.75,478.25,,,
16/02/2007,468,481,491.5,,,
20/02/2007,464.5,478,487.25,,,
21/02/2007,476,490.5,499.75,,,
22/02/2007,489.5,502,511.5,,,
23/02/2007,484.25,498.5,508.75,,,
26/02/2007,483,496,506.25,,,
27/02/2007,470.25,483.5,494,,,
28/02/2007,474.5,488,498.5,,,
1/03/2007,468,479,490,,,
2/03/2007,459.5,473.75,485.25,,,
5/03/2007,468,480.75,491.5,,,
6/03/2007,459.5,473,485.5,,,
7/03/2007,466.5,478,489.5,,,
8/03/2007,464,475.5,487.75,,,
9/03/2007,465.5,476.5,489.25,,,
12/03/2007,460,470.75,483.25,,,
13/03/2007,456,466.5,479.75,,,
14/03/2007,446,463.25,476,,,
15/03/2007,455.5,469.5,479.75,,,
16/03/2007,460.75,474,484,,,
19/03/2007,455,470,480.5,,,
20/03/2007,462.75,476.25,486.5,,,
21/03/2007,465.5,479.25,489.5,,,
22/03/2007,467,480.5,491.5,,,
23/03/2007,461.5,475,485,,,
26/03/2007,458,470.25,481,,,
27/03/2007,454,468,478.5,,,
28/03/2007,456.5,471.25,482.5,,,
29/03/2007,461,475,485.5,,,
30/03/2007,438,453.75,469,,,
2/04/2007,428,442,454,,,
3/04/2007,419,434.75,447,,,
4/04/2007,431.25,446,457.5,,,
5/04/2007,445,458.5,469.5,,,
9/04/2007,447.5,462,473.5,,,
10/04/2007,457.75,474,483,,,
11/04/2007,456.25,470.75,481.75,,,
12/04/2007,458,474,485,,,
13/04/2007,478.5,490,499,,,
16/04/2007,475.25,488.25,497.5,,,
17/04/2007,477.5,490.75,499.5,,,
18/04/2007,474.5,489,496.5,,,
19/04/2007,496,507.75,509.75,,,
20/04/2007,502,514.75,516.75,,,
23/04/2007,494,505.5,512.5,,,
24/04/2007,483.5,497.5,506,,,
25/04/2007,506.25,520.5,527.5,,,
26/04/2007,507,521,527.75,,,
27/04/2007,500.5,512.5,521,,,
30/04/2007,485.5,495.5,508.5,,,
1/05/2007,488.5,501,510.75,,,
2/05/2007,479.5,493.5,505,,,
3/05/2007,481,494.5,504.5,,,
4/05/2007,482,494.75,506,,,
7/05/2007,482,494,506,,,
8/05/2007,469,481,492.75,,,
9/05/2007,471,482,493.75,,,
10/05/2007,473,481.5,492,,,
11/05/2007,483,493,505,,,
14/05/2007,489,496.5,509.5,,,
15/05/2007,502,515,522,,,
16/05/2007,496.75,509.25,517.25,,,
17/05/2007,485.5,498.25,506.5,,,
18/05/2007,471.25,484.25,494.5,,,
21/05/2007,479.5,492.5,503,,,
22/05/2007,471,484.75,496.25,,,
23/05/2007,476.5,489.75,502.25,,,
24/05/2007,491,503.75,514.5,,,
25/05/2007,501,514.75,525,,,
29/05/2007,491,505.25,516.5,,,
30/05/2007,510.75,524.75,536,,,
31/05/2007,517,532,543,,,
1/06/2007,520.75,535.5,547,,,
4/06/2007,520.25,535.5,546.5,,,
5/06/2007,527.25,543.25,554.5,,,
6/06/2007,519.75,534.5,547.5,,,
7/06/2007,524.5,541.25,554.25,,,
8/06/2007,527.5,542.5,556.5,,,
11/06/2007,556,571.75,583.75,,,
12/06/2007,565,580.25,593.5,,,
13/06/2007,589.5,605,613,,,
14/06/2007,606.5,622.5,621.5,,,
15/06/2007,606.5,620.75,622,,,
18/06/2007,601,617.5,622.75,,,
19/06/2007,581,597,601.5,,,
20/06/2007,605,616,623.5,,,
21/06/2007,606,622,628,,,
22/06/2007,592.25,605,612.5,,,
25/06/2007,589.5,604.5,614.75,,,
26/06/2007,608.5,626,634,,,
27/06/2007,606,621.5,628.5,,,
28/06/2007,609,623.75,633,,,
29/06/2007,582,597,610.5,,,
2/07/2007,569.5,583.25,597.5,,,
3/07/2007,571.5,583,597,,,
5/07/2007,591,604,616,,,
6/07/2007,600.5,610,622.5,,,
9/07/2007,588.5,599.5,613,,,
10/07/2007,592,601.75,615.75,,,
11/07/2007,611,622,634,,,
12/07/2007,611.5,621.5,636.75,,,
13/07/2007,614,620.75,635.25,,,
16/07/2007,601.75,618,626,,,
17/07/2007,601.25,617.25,624.75,,,
18/07/2007,623.5,642.5,647,,,
19/07/2007,620,635.25,637.5,,,
20/07/2007,616.25,633.5,633.5,,,
23/07/2007,620.25,637.5,640.5,,,
24/07/2007,642,659,658,,,
25/07/2007,634,652.5,648.5,,,
26/07/2007,651,669,663,,,
27/07/2007,653.25,669,662.75,,,
30/07/2007,637.5,656.75,651,,,
31/07/2007,630,649,648,,,
1/08/2007,636,656,653.25,,,
2/08/2007,641.75,663.5,656.25,,,
3/08/2007,650,669,661.25,,,
6/08/2007,664,683.5,675,,,
7/08/2007,662.5,682.5,679.5,,,
8/08/2007,679,701,692,,,
9/08/2007,673.5,691,683.5,,,
10/08/2007,667,684.5,678,,,
13/08/2007,666.5,690.5,685.25,,,
14/08/2007,692.5,711,703,,,
15/08/2007,678.5,697,695.5,,,
16/08/2007,673,687.5,686,,,
17/08/2007,672,688.5,684.25,,,
20/08/2007,675,691,689,,,
21/08/2007,691.5,704,704.5,,,
22/08/2007,718.5,731.75,729.25,,,
23/08/2007,722.5,739,739,,,
24/08/2007,725.75,742,742,,,
27/08/2007,722.25,738,739,,,
28/08/2007,720.5,738.25,739,,,
29/08/2007,742,758.5,756,,,
30/08/2007,770,784.5,777.5,,,
31/08/2007,767,775.5,771.25,,,
4/09/2007,807,805.5,801.25,,,
5/09/2007,842.5,835.5,831.25,,,
6/09/2007,816,824,824,,,
7/09/2007,840,843.5,843.5,,,
10/09/2007,849,861,861.5,,,
11/09/2007,871,890.5,891.5,,,
12/09/2007,840,860.5,861.5,,,
13/09/2007,825.5,845,850.5,,,
14/09/2007,838,846,854,,,
17/09/2007,875,877,753,,,
18/09/2007,869,872.5,748.5,,,
19/09/2007,845,849.5,734,,,
20/09/2007,850,854.25,743.5,,,
21/09/2007,874,877.5,767.5,,,
24/09/2007,877.75,883.25,782.5,,,
25/09/2007,887.25,892,793,,,
26/09/2007,917.25,922,823,,,
27/09/2007,933,936.5,841,,,
28/09/2007,939,947,852.5,,,
1/10/2007,952.5,960.5,875,,,
2/10/2007,922.5,930.5,845,,,
3/10/2007,927,935.5,846,,,
4/10/2007,906,916,831,,,
5/10/2007,890,902,832.5,,,
8/10/2007,860,872,802.5,,,
9/10/2007,845.5,858.5,800,,,
10/10/2007,853,868.5,813,,,
11/10/2007,883,898.5,837,,,
12/10/2007,857.5,873,815,,,
15/10/2007,833.5,852.5,803.5,,,
16/10/2007,828.5,847.5,801.5,,,
17/10/2007,820.5,840.75,794.5,,,
18/10/2007,825.5,844.5,804.5,,,
19/10/2007,855.5,874.5,831,,,
22/10/2007,871,891.5,845.5,,,
23/10/2007,841,861.5,819.25,,,
24/10/2007,811,831.5,789.25,,,
25/10/2007,802,821.25,780.5,,,
26/10/2007,800,822,784.5,,,
29/10/2007,828.5,848,808,,,
30/10/2007,814,835.5,798,,,
31/10/2007,808,829.5,792.5,,,
1/11/2007,778.25,800.25,768,,,
2/11/2007,778.5,799.5,769,,,
5/11/2007,785,808.5,774.5,,,
6/11/2007,797,820.5,795,,,
7/11/2007,787.75,808,787,,,
8/11/2007,762,789,765,,,
9/11/2007,762,784.5,764,,,
12/11/2007,761,781.5,767.5,,,
13/11/2007,748,769,753.5,,,
14/11/2007,752.5,773.5,756,,,
15/11/2007,765.5,786.5,768,,,
16/11/2007,749.5,770.5,755,,,
19/11/2007,756.25,778,765,,,
20/11/2007,773.5,796,783,,,
21/11/2007,803.5,826,813,,,
23/11/2007,826.5,845.5,830.5,,,
26/11/2007,814,834,827.5,,,
27/11/2007,829,851.75,841.5,,,
28/11/2007,859,881.75,871.5,,,
29/11/2007,869,888.25,882,,,
30/11/2007,867,885.5,880.5,,,
3/12/2007,855,876.75,872,,,
4/12/2007,875,894,891,,,
5/12/2007,863.75,885,886.5,,,
6/12/2007,871,891.5,891,,,
7/12/2007,903.5,921.5,918.5,,,
10/12/2007,909,929.5,930,,,
11/12/2007,894,910.5,913,,,
12/12/2007,934,940.5,943,,,
13/12/2007,934,953.5,955.5,,,
14/12/2007,939,979.5,974.5,,,
17/12/2007,966,961.25,770.5,,,
18/12/2007,952,946,769.5,,,
19/12/2007,973.5,969,784.75,,,
20/12/2007,954,955.5,779.5,,,
21/12/2007,949,949,789.5,,,
24/12/2007,935.25,936.25,792,,,
26/12/2007,941.25,943.5,806.5,,,
27/12/2007,915,919,792,,,
28/12/2007,885,893,778,,,
31/12/2007,885,893,775.5,,,
2/01/2008,915,922.5,790.75,,,
3/01/2008,945,952.5,812,,,
4/01/2008,931.5,944.5,817.25,,,
7/01/2008,903,915.75,804,,,
8/01/2008,907.5,920.5,809,,,
9/01/2008,889.5,902.5,791,,,
10/01/2008,882.5,892.5,776,,,
11/01/2008,909.25,922.5,806,,,
14/01/2008,917,934,836,,,
15/01/2008,932,945,850.25,,,
16/01/2008,926.5,941,851.5,,,
17/01/2008,940.5,956.5,864,,,
18/01/2008,962.5,977.5,878.5,,,
22/01/2008,934,949,890.75,,,
23/01/2008,905,919.5,860.75,,,
24/01/2008,909,923.5,859.5,,,
25/01/2008,933,947.5,879,,,
28/01/2008,963,977.5,908,,,
29/01/2008,944,962,883.5,,,
30/01/2008,922.5,939,866.25,,,
31/01/2008,929.5,945.5,873.5,,,
1/02/2008,943,960.5,874.5,,,
4/02/2008,973,989.75,904.5,,,
5/02/2008,1003,1019.75,934.5,,,
6/02/2008,1033,1049.75,956,,,
7/02/2008,1063,1079.75,953.5,,,
8/02/2008,1093,1109.75,983.5,,,
11/02/2008,1048,1085,979,,,
12/02/2008,1007,1025,930,,,
13/02/2008,991.5,1007.5,909,,,
14/02/2008,1032,1041,941,,,
15/02/2008,1027.5,1042,937.5,,,
19/02/2008,1036,1047.5,959.75,,,
20/02/2008,1020,1033.5,954.5,,,
21/02/2008,1029.5,1045.5,969,,,
22/02/2008,1049.5,1064.5,986.5,,,
25/02/2008,1109.5,1124.5,1046.5,,,
26/02/2008,1199.5,1214.5,1136.5,,,
27/02/2008,1280,1250,1145,,,
28/02/2008,1169,1165,1057,,,
29/02/2008,1073,1086,1000,,,
3/03/2008,1093,1102.5,1019,,,
4/03/2008,1077.5,1087.5,1007,,,
5/03/2008,1096,1105,1047,,,
6/03/2008,1114,1125,1075,,,
7/03/2008,1092.5,1105,1068.5,,,
10/03/2008,1140,1163,1121.75,,,
11/03/2008,1240,1223,1181.75,,,
12/03/2008,1270,1282.5,1245,,,
13/03/2008,1234,1244,1213.5,,,
14/03/2008,1160,1191.5,1162,,,
17/03/2008,1131.5,1102,1125,,,
18/03/2008,1164,1138,1145,,,
19/03/2008,1074,1048,1055,,,
20/03/2008,987.5,986.5,984,,,
24/03/2008,1020,1018.5,1029,,,
25/03/2008,1067.5,1068.5,1082.5,,,
26/03/2008,1033,1032.5,1043,,,
27/03/2008,1014,1017.5,1028,,,
28/03/2008,989,996,1000,,,
31/03/2008,929,937,946,,,
1/04/2008,895,912.5,918.5,,,
2/04/2008,936.5,950.5,963.5,,,
3/04/2008,937,952.5,961.5,,,
4/04/2008,974.25,991.5,1003,,,
7/04/2008,921.25,934.5,947.5,,,
8/04/2008,934,947.5,961.5,,,
9/04/2008,934,946.75,960.5,,,
10/04/2008,923,936.25,949.75,,,
11/04/2008,896.5,910.5,924,,,
14/04/2008,896,910.5,924,,,
15/04/2008,895.75,910.5,924.5,,,
16/04/2008,924.5,939,953.25,,,
17/04/2008,913,928,942.25,,,
18/04/2008,870,885,899.5,,,
21/04/2008,845.75,859.5,874,,,
22/04/2008,851.75,866,880.5,,,
23/04/2008,817.75,831.5,845.75,,,
24/04/2008,809.25,824,838,,,
25/04/2008,800.5,815.5,829.75,,,
28/04/2008,826,841,855,,,
29/04/2008,794,808.5,823.25,,,
30/04/2008,787.25,801,815.5,,,
1/05/2008,776.5,790,804.25,,,
2/05/2008,796,809,823,,,
5/05/2008,792.5,805.5,819.75,,,
6/05/2008,806,818,832,,,
7/05/2008,795,807.5,821.75,,,
8/05/2008,809,822,835.75,,,
9/05/2008,791.5,804.5,818.5,,,
12/05/2008,793.5,805.5,819.75,,,
13/05/2008,785.5,795.75,810,,,
14/05/2008,761,764,778.25,,,
15/05/2008,771.5,786,806,,,
16/05/2008,775.5,790,809.75,,,
19/05/2008,791,805.75,825,,,
20/05/2008,784,799,818.5,,,
21/05/2008,778,793,814,,,
22/05/2008,745,760.25,782,,,
23/05/2008,752.5,767.75,789.5,,,
27/05/2008,759,774.25,796,,,
28/05/2008,759,774.5,796.25,,,
29/05/2008,743.5,759.25,781,,,
30/05/2008,761.5,777.5,799.25,,,
2/06/2008,782.5,798.75,820.25,,,
3/06/2008,750.5,767,789.75,,,
4/06/2008,753,769.5,792.5,,,
5/06/2008,785.5,801.75,824.5,,,
6/06/2008,811,827.25,850.25,,,
9/06/2008,788.5,805,828.5,,,
10/06/2008,809,825.5,849,,,
11/06/2008,869,885.5,909,,,
12/06/2008,851,868,891.5,,,
13/06/2008,882,899.5,922,,,
16/06/2008,876.5,894.25,917.5,,,
17/06/2008,898.25,916.25,939.5,,,
18/06/2008,904,922,945.5,,,
19/06/2008,881,898.75,922,,,
20/06/2008,866.5,884.25,907.25,,,
23/06/2008,866.25,884.25,908,,,
24/06/2008,870,888,912,,,
25/06/2008,901.75,920.25,943.75,,,
26/06/2008,924,942.75,965.75,,,
27/06/2008,895.5,912,935.5,,,
30/06/2008,843.5,858.75,881.75,,,
1/07/2008,849.75,864.75,888,,,
2/07/2008,865.25,880.25,903.5,,,
3/07/2008,872.75,887.5,910.25,,,
7/07/2008,822,836,859,,,
8/07/2008,823.25,836.5,859.75,,,
9/07/2008,814,825.75,849.25,,,
10/07/2008,806.5,818,842.25,,,
11/07/2008,819,830.75,855,,,
14/07/2008,810,818,842.25,,,
15/07/2008,811,834.75,857,,,
16/07/2008,834,857.25,879.75,,,
17/07/2008,809.5,833.75,856.5,,,
18/07/2008,804,828.5,851.5,,,
21/07/2008,791,814.75,838,,,
22/07/2008,796.75,819.75,842,,,
23/07/2008,783.25,806.75,829.5,,,
24/07/2008,787.75,811.25,833.25,,,
25/07/2008,811,834.5,855,,,
28/07/2008,797.75,821.75,843.75,,,
29/07/2008,792,816.5,839.75,,,
30/07/2008,787.75,812.5,835.75,,,
31/07/2008,783.75,808.75,831.75,,,
1/08/2008,794,819,841.75,,,
4/08/2008,758.75,783.75,807.5,,,
5/08/2008,780,804.75,828.75,,,
6/08/2008,765.75,790.75,814.75,,,
7/08/2008,822.25,847,870,,,
8/08/2008,765.25,790.25,814.5,,,
11/08/2008,793.75,818.5,843,,,
12/08/2008,790.25,815.25,839.5,,,
13/08/2008,850.25,875.25,899.5,,,
14/08/2008,864.5,889.5,914,,,
15/08/2008,824.25,849.25,874,,,
18/08/2008,859.75,884.75,909,,,
19/08/2008,845.25,870.25,894.5,,,
20/08/2008,874.75,899.5,924.25,,,
21/08/2008,897.25,922.25,946.75,,,
22/08/2008,865.5,890.5,915,,,
25/08/2008,840.25,864.75,889,,,
26/08/2008,830.5,854.5,878.25,,,
27/08/2008,802.75,825.75,849.25,,,
28/08/2008,789,811,834.75,,,
29/08/2008,779.25,801.25,825.25,,,
2/09/2008,744.25,766.75,790.75,,,
3/09/2008,752.25,774.75,798.5,,,
4/09/2008,755.25,777,800.75,,,
5/09/2008,729.75,751.5,774.75,,,
8/09/2008,722.75,743.75,767.25,,,
9/09/2008,711.5,730.5,753.75,,,
10/09/2008,706.75,725.75,748.75,,,
11/09/2008,707.25,726.25,748.75,,,
12/09/2008,703.75,719.25,741.75,,,
15/09/2008,727,749,762,,,
16/09/2008,690,712,723.25,,,
17/09/2008,725.75,746,758.75,,,
18/09/2008,692.75,712.75,725.5,,,
19/09/2008,718,737.75,750.25,,,
22/09/2008,737.75,757.75,770.75,,,
23/09/2008,750.5,770.25,783.5,,,
24/09/2008,730.25,750.75,765,,,
25/09/2008,736.25,756.5,770.5,,,
26/09/2008,716,737,751,,,
29/09/2008,668,689,703.5,,,
30/09/2008,680,701.25,716.25,,,
1/10/2008,669.75,691.75,706.25,,,
2/10/2008,636,657.75,671.75,,,
3/10/2008,640.25,661.75,676.25,,,
6/10/2008,595.25,616,629.75,,,
7/10/2008,603.25,624.75,638.75,,,
8/10/2008,608,629,643,,,
9/10/2008,604.75,626,640.75,,,
10/10/2008,563.5,583.75,597.5,,,
13/10/2008,588.5,609,622.5,,,
14/10/2008,573,593.75,607.5,,,
15/10/2008,555.75,576,589.75,,,
16/10/2008,555.25,575.25,588.25,,,
17/10/2008,566.25,586.5,600.25,,,
20/10/2008,563.5,583.75,597.25,,,
21/10/2008,549,569,583,,,
22/10/2008,517.75,537.5,550.75,,,
23/10/2008,523,542,555.5,,,
24/10/2008,516.25,534.75,547.5,,,
27/10/2008,529.5,549,561.75,,,
28/10/2008,514,534,547.5,,,
29/10/2008,561.25,581.25,595,,,
30/10/2008,538,558.75,572.25,,,
31/10/2008,536.25,556.75,570.5,,,
3/11/2008,562,582.5,596,,,
4/11/2008,572.5,593.25,607.25,,,
5/11/2008,537.25,558,571.75,,,
6/11/2008,522.5,543.25,557,,,
7/11/2008,521,542,556,,,
10/11/2008,520,540.75,555.25,,,
11/11/2008,523.25,544,558.75,,,
12/11/2008,533,553.5,568.25,,,
13/11/2008,538.25,558.75,573.5,,,
14/11/2008,554.25,574.5,589,,,
17/11/2008,533.75,554,568.25,,,
18/11/2008,529.75,549.5,564,,,
19/11/2008,527,546.5,560.5,,,
20/11/2008,511.75,531,544.75,,,
21/11/2008,499,518,531.75,,,
24/11/2008,537.5,556.75,570.25,,,
25/11/2008,534,552.75,566.5,,,
26/11/2008,535.5,554,567.75,,,
28/11/2008,542.5,561.25,574.75,,,
1/12/2008,509.75,528,541.75,,,
2/12/2008,509.75,528.5,542.25,,,
3/12/2008,500.75,519.75,533.25,,,
4/12/2008,467.75,486,499.5,,,
5/12/2008,457.75,475.5,488.5,,,
8/12/2008,473,490.5,503.75,,,
9/12/2008,472.25,489.5,502.75,,,
10/12/2008,492.5,509.5,522.5,,,
11/12/2008,491.25,507.5,520.75,,,
12/12/2008,506.75,513,526,,,
15/12/2008,520,532.75,545.5,,,
16/12/2008,544,557,569.5,,,
17/12/2008,557.5,570.25,582.5,,,
18/12/2008,571.5,584.25,596.5,,,
19/12/2008,563.25,576,587.75,,,
22/12/2008,569,581.5,593.5,,,
23/12/2008,575.25,587.75,598.25,,,
24/12/2008,582.25,594.75,606,,,
26/12/2008,599.25,611.75,623,,,
29/12/2008,592,604.5,615.75,,,
30/12/2008,604.75,617.5,628.75,,,
31/12/2008,610.75,623.5,634,,,
2/01/2009,611,623.75,634.5,,,
5/01/2009,616.75,629.5,641,,,
6/01/2009,643.5,656.5,668,,,
7/01/2009,613.25,626,637.25,,,
8/01/2009,612.5,625.5,636.25,,,
9/01/2009,629.5,642.25,653.25,,,
12/01/2009,569.75,582.5,594,,,
13/01/2009,570.75,583.5,595.25,,,
14/01/2009,574.25,587,598,,,
15/01/2009,568.75,581.5,592.75,,,
16/01/2009,578.25,590.75,602.25,,,
20/01/2009,550,562.75,574,,,
21/01/2009,571.75,584.5,595.75,,,
22/01/2009,566.75,579.5,591.25,,,
23/01/2009,582.75,595.5,606.25,,,
26/01/2009,592.5,605.25,616.25,,,
27/01/2009,584.75,597.5,609,,,
28/01/2009,595.25,608,619.5,,,
29/01/2009,578,591,602.75,,,
30/01/2009,568,580.75,592.75,,,
2/02/2009,563.75,576.75,588.75,,,
3/02/2009,552.5,565.5,577.25,,,
4/02/2009,542.25,555.25,567.75,,,
5/02/2009,561.75,574.75,586.25,,,
6/02/2009,557,570,582.25,,,
9/02/2009,565,578,590.5,,,
10/02/2009,556,569,581.5,,,
11/02/2009,543.25,556,568.25,,,
12/02/2009,538.75,551.5,563.75,,,
13/02/2009,535.5,548.25,560.75,,,
17/02/2009,515.5,528,540.25,,,
18/02/2009,510.75,523,534.75,,,
19/02/2009,519.5,531,543.25,,,
20/02/2009,519.25,530.5,542.25,,,
23/02/2009,510.5,521.5,533.5,,,
24/02/2009,515.25,526.25,538.5,,,
25/02/2009,524.75,535.75,547.5,,,
26/02/2009,514,525,536.75,,,
27/02/2009,510.5,521.5,533.25,,,
2/03/2009,494.75,506,518,,,
3/03/2009,490.25,501.75,513.75,,,
4/03/2009,511.75,523,535,,,
5/03/2009,504,515,527,,,
6/03/2009,516.25,527,538.75,,,
9/03/2009,513,523.25,535.25,,,
10/03/2009,522.75,532.75,544.75,,,
11/03/2009,498.75,508.25,520.25,,,
12/03/2009,515.25,525,537.25,,,
13/03/2009,506.5,518.25,530.75,,,
16/03/2009,544.25,556.75,581.25,,,
17/03/2009,552.5,564.75,589,,,
18/03/2009,530,542.5,567,,,
19/03/2009,555.25,567.75,591.75,,,
20/03/2009,550.25,562.5,586.75,,,
23/03/2009,549.25,561.75,586.25,,,
24/03/2009,535,547.5,572,,,
25/03/2009,508,520.75,546.25,,,
26/03/2009,514.5,527,552.5,,,
27/03/2009,507.25,520,545.75,,,
30/03/2009,512.5,525.25,551.5,,,
31/03/2009,532.75,545.25,569.5,,,
1/04/2009,525.5,538.25,563.25,,,
2/04/2009,550.5,562.75,587.25,,,
3/04/2009,563.5,575.75,600.5,,,
6/04/2009,557,569,594.25,,,
7/04/2009,539.75,551.75,577.5,,,
8/04/2009,532,543.75,570.5,,,
9/04/2009,522,533.5,560.5,,,
13/04/2009,523.25,534.75,561.75,,,
14/04/2009,522.25,534,561.25,,,
15/04/2009,515.25,527,554,,,
16/04/2009,524.75,536.5,564,,,
17/04/2009,523,534.75,562.25,,,
20/04/2009,504.5,516.25,543.25,,,
21/04/2009,509.5,520.75,547.5,,,
22/04/2009,516.75,528,555.25,,,
23/04/2009,529.25,540.75,567.75,,,
24/04/2009,532.25,543.25,570.5,,,
27/04/2009,508,519.5,546.5,,,
28/04/2009,510.5,522,549,,,
29/04/2009,520.75,532,559,,,
30/04/2009,524.25,536.5,563.25,,,
1/05/2009,557.25,570,596.5,,,
4/05/2009,538.5,551,577.5,,,
5/05/2009,541.5,553.5,580.25,,,
6/05/2009,547.75,558.75,585.5,,,
7/05/2009,559,570.25,597,,,
8/05/2009,580.5,591,617.25,,,
11/05/2009,580.5,590.75,617,,,
12/05/2009,582.5,592.75,619.5,,,
13/05/2009,578.75,588.75,615.25,,,
14/05/2009,581.5,593.25,619.75,,,
15/05/2009,577.5,604,626.25,,,
18/05/2009,590.5,616.5,638.5,,,
19/05/2009,588.75,614.5,637.25,,,
20/05/2009,597.75,623.75,646.25,,,
21/05/2009,593.5,619.5,642,,,
22/05/2009,612.5,638.5,661,,,
26/05/2009,612,638,660.75,,,
27/05/2009,625.75,651.75,674.25,,,
28/05/2009,630.5,656.75,678.75,,,
29/05/2009,637.25,663.75,686,,,
1/06/2009,674.5,701,723,,,
2/06/2009,669.5,696.5,719.5,,,
3/06/2009,617.5,645,669,,,
4/06/2009,635.25,663.25,687.75,,,
5/06/2009,623,651,676,,,
8/06/2009,598,626,651.5,,,
9/06/2009,613.75,642,667.25,,,
10/06/2009,596,624.5,650.5,,,
11/06/2009,594.75,623.25,649.75,,,
12/06/2009,584.75,613.25,640.25,,,
15/06/2009,575.25,603.5,630.25,,,
16/06/2009,565.75,594.25,621,,,
17/06/2009,566,594.75,621.25,,,
18/06/2009,560.25,589.25,615.75,,,
19/06/2009,555.25,584.5,610.75,,,
22/06/2009,546,575,601.5,,,
23/06/2009,546.75,575.75,600.5,,,
24/06/2009,539.75,567.75,592.25,,,
25/06/2009,533,561.5,586.25,,,
26/06/2009,534.25,563,587.25,,,
29/06/2009,528.5,557.75,583,,,
30/06/2009,511.25,540.75,565.75,,,
1/07/2009,506.25,535.5,561.5,,,
2/07/2009,500.25,529,555,,,
6/07/2009,490.5,519.25,545.25,,,
7/07/2009,483.75,512.5,538.5,,,
8/07/2009,488.5,517.25,543.25,,,
9/07/2009,494.25,522.25,548.5,,,
10/07/2009,491.75,518.75,545.25,,,
13/07/2009,515.75,542.75,569,,,
14/07/2009,501.75,530,556.5,,,
15/07/2009,534.75,561.5,579.5,,,
16/07/2009,533.25,559.5,577.5,,,
17/07/2009,541.75,568,586.25,,,
20/07/2009,542.25,568.75,587.25,,,
21/07/2009,534.75,561.5,580,,,
22/07/2009,522,549,568,,,
23/07/2009,531.75,559,577.5,,,
24/07/2009,516.25,543.5,562,,,
27/07/2009,520.5,547.75,566,,,
28/07/2009,516.25,543.75,562.5,,,
29/07/2009,511.5,539,557.25,,,
30/07/2009,516.25,543.75,562,,,
31/07/2009,528.25,555.75,573.75,,,
3/08/2009,549.25,577.25,595.25,,,
4/08/2009,542.25,570.25,588.75,,,
5/08/2009,528.75,556.75,575.25,,,
6/08/2009,500.25,528.25,547,,,
7/08/2009,489.5,516.75,536,,,
10/08/2009,494.25,520,539.25,,,
11/08/2009,485.25,512.5,531.75,,,
12/08/2009,490.25,517.75,537,,,
13/08/2009,481.5,509.25,528.5,,,
14/08/2009,481.75,509.5,528.75,,,
17/08/2009,471.75,499.5,518.5,,,
18/08/2009,470.5,498.25,517.25,,,
19/08/2009,466,493.5,512.75,,,
20/08/2009,469,496.5,515.5,,,
21/08/2009,460.25,487.25,506.75,,,
24/08/2009,471.75,499.25,518.75,,,
25/08/2009,471,498.75,518.25,,,
26/08/2009,478.75,506.75,526.25,,,
27/08/2009,475,503,522.5,,,
28/08/2009,467,495.25,514.75,,,
31/08/2009,471,498.75,518.25,,,
1/09/2009,459.25,487.25,506.75,,,
2/09/2009,457,485.75,505.25,,,
3/09/2009,451.25,478.75,498.5,,,
4/09/2009,444,471.75,491.5,,,
8/09/2009,431.5,459,478.75,,,
9/09/2009,429,456.25,476,,,
10/09/2009,432.75,458.75,478.5,,,
11/09/2009,441.75,467.25,487,,,
14/09/2009,431,454,473.75,,,
15/09/2009,470.5,490.25,502.75,,,
16/09/2009,467.25,487,499.5,,,
17/09/2009,461.75,481.5,494,,,
18/09/2009,457.25,476.75,489.5,,,
21/09/2009,456,475.75,488.25,,,
22/09/2009,455.75,475.5,488,,,
23/09/2009,460,479.5,492,,,
24/09/2009,473,492.75,506.75,,,
25/09/2009,449.75,469.75,484.5,,,
28/09/2009,455.75,475.25,490,,,
29/09/2009,447.5,467.25,481,,,
30/09/2009,457.5,477,489.25,,,
1/10/2009,452.75,472.5,484.75,,,
2/10/2009,441.25,460.75,473.5,,,
5/10/2009,442.75,462.25,474.5,,,
6/10/2009,460.25,479.25,492,,,
7/10/2009,463.25,482.75,495.5,,,
8/10/2009,474,493.25,507,,,
9/10/2009,468,487.5,501.75,,,
12/10/2009,494.25,513.25,526.25,,,
13/10/2009,511.25,530.25,543,,,
14/10/2009,513,532,544.75,,,
15/10/2009,505,523.75,536.5,,,
16/10/2009,498.75,517.75,530,,,
19/10/2009,517.75,536.5,548,,,
20/10/2009,517.5,535.5,547.5,,,
21/10/2009,542.5,560.25,571.25,,,
22/10/2009,551.75,569.25,580,,,
23/10/2009,547.75,566.75,579,,,
26/10/2009,527,546.25,557.75,,,
27/10/2009,503.25,522,534,,,
28/10/2009,494.75,513.75,526.25,,,
29/10/2009,503.75,523.25,536.25,,,
30/10/2009,494.25,514,527,,,
2/11/2009,516.75,536.75,549,,,
3/11/2009,515.75,535.75,548.75,,,
4/11/2009,521,540.75,553.75,,,
5/11/2009,512.25,532.25,545.25,,,
6/11/2009,497.25,517.25,530.5,,,
9/11/2009,520,540,553.25,,,
10/11/2009,523,543,556.25,,,
11/11/2009,531.75,552,565,,,
12/11/2009,531.75,552.25,565.25,,,
13/11/2009,539,559.75,572.75,,,
16/11/2009,562.25,583.75,596,,,
17/11/2009,574.75,596.5,608.75,,,
18/11/2009,566.25,588,599.5,,,
19/11/2009,562.5,584,595.5,,,
20/11/2009,559.75,580.75,592.25,,,
23/11/2009,557.25,578.5,591,,,
24/11/2009,533,553.5,566.25,,,
25/11/2009,550.25,571.5,584.25,,,
27/11/2009,548.75,569.75,582.25,,,
30/11/2009,567.5,588.75,600.5,,,
1/12/2009,562.5,584,596.5,,,
2/12/2009,554.5,576,588.5,,,
3/12/2009,549.75,571.5,584.25,,,
4/12/2009,536.75,558,570.75,,,
7/12/2009,526.5,548,561,,,
8/12/2009,519.25,539.75,552.75,,,
9/12/2009,515,535.25,548.5,,,
10/12/2009,517.75,537,550.25,,,
11/12/2009,519.25,537.5,550.75,,,
14/12/2009,525,543.5,556.75,,,
15/12/2009,536.75,550,560.25,,,
16/12/2009,537.25,550.75,561.5,,,
17/12/2009,518.5,532,543.25,,,
18/12/2009,528,541.25,552.5,,,
21/12/2009,519.5,533,544.25,,,
22/12/2009,523,536.25,547.75,,,
23/12/2009,529,542.5,554,,,
24/12/2009,524.5,538,549.75,,,
28/12/2009,550.75,564,575,,,
29/12/2009,541,554.5,566.25,,,
30/12/2009,544.75,558.25,569.75,,,
31/12/2009,541.5,555,566,,,
4/01/2010,557.75,570.75,581.75,,,
5/01/2010,553,565.5,575.5,,,
6/01/2010,567.25,579.75,589.5,,,
7/01/2010,557.75,570,580,,,
8/01/2010,568.5,580.75,590.5,,,
11/01/2010,572.5,584.75,594.5,,,
12/01/2010,535.75,548.75,559.25,,,
13/01/2010,537,550,561,,,
14/01/2010,527.75,540.75,551.5,,,
15/01/2010,510,523.5,534.75,,,
19/01/2010,500.5,514.25,526.5,,,
20/01/2010,497.5,511.25,523.75,,,
21/01/2010,499.5,513,525,,,
22/01/2010,498.5,512.25,524,,,
25/01/2010,498.25,512,523.5,,,
26/01/2010,494,507.75,519.75,,,
27/01/2010,483.75,497.75,509.5,,,
28/01/2010,487,501,512.75,,,
29/01/2010,474,488.25,500.25,,,
1/02/2010,474.75,489.5,501.5,,,
2/02/2010,487.25,501.5,513,,,
3/02/2010,469,483.5,495.5,,,
4/02/2010,475.75,490,502.25,,,
5/02/2010,473.25,488,500.5,,,
8/02/2010,484,499,511.5,,,
9/02/2010,482.25,497.25,510,,,
10/02/2010,496.75,511.75,524.25,,,
11/02/2010,493.5,508.5,521.25,,,
12/02/2010,486.5,501.25,514,,,
16/02/2010,505,519.5,532.25,,,
17/02/2010,494.75,509.25,522,,,
18/02/2010,485,499.5,512.25,,,
19/02/2010,489.75,504,516.75,,,
22/02/2010,501.25,515.25,527.75,,,
23/02/2010,491.75,505.75,518.25,,,
24/02/2010,500.25,513.75,526.25,,,
25/02/2010,489.75,503.75,516.25,,,
26/02/2010,506.5,519.25,531.25,,,
1/03/2010,492.75,504.5,516.75,,,
2/03/2010,492,504.5,516.75,,,
3/03/2010,503.5,515.75,528.25,,,
4/03/2010,490.5,502.25,514.5,,,
5/03/2010,482.25,493.5,505.75,,,
8/03/2010,484.5,495,507.75,,,
9/03/2010,478.5,489.5,502.25,,,
10/03/2010,470.75,481.5,494.5,,,
11/03/2010,468.5,478.75,491.5,,,
12/03/2010,472.25,485.25,498,,,
15/03/2010,479.25,492,507.5,,,
16/03/2010,487,499.75,515.75,,,
17/03/2010,496,508.75,524.75,,,
18/03/2010,489.25,501.75,517.25,,,
19/03/2010,483.75,496.5,511.5,,,
22/03/2010,486.5,499,514,,,
23/03/2010,476.75,489.25,505.25,,,
24/03/2010,476,488.75,504.25,,,
25/03/2010,466.5,479.5,495.5,,,
26/03/2010,464.75,478,493.75,,,
29/03/2010,464.75,478,494,,,
30/03/2010,472,485.25,501.5,,,
31/03/2010,450.5,464,480.5,,,
1/04/2010,454.75,468.5,485,,,
5/04/2010,453.5,467.25,484,,,
6/04/2010,463.5,477.25,494,,,
7/04/2010,475.25,488.75,505.5,,,
8/04/2010,469.25,482.5,499.75,,,
9/04/2010,465.75,479.25,496.5,,,
12/04/2010,467.75,480.5,497.75,,,
13/04/2010,476,488.75,506.25,,,
14/04/2010,474.75,487.25,504.25,,,
15/04/2010,480.25,492.75,509.75,,,
16/04/2010,490.5,502.5,519.25,,,
19/04/2010,467.75,479.5,496.5,,,
20/04/2010,486,498.5,515,,,
21/04/2010,487.25,499.75,516,,,
22/04/2010,498.5,511,527.25,,,
23/04/2010,493.25,505.5,521.75,,,
26/04/2010,476,488,504.75,,,
27/04/2010,478.25,490.5,507,,,
28/04/2010,476.25,488,504.25,,,
29/04/2010,484.5,495.5,511.5,,,
30/04/2010,491.75,503,518.75,,,
3/05/2010,490,501.75,517.75,,,
4/05/2010,499.75,510.75,526.5,,,
5/05/2010,501,512,527.75,,,
6/05/2010,497.25,508.25,524,,,
7/05/2010,500.25,510.5,526.5,,,
10/05/2010,482.5,492.75,509.5,,,
11/05/2010,483.75,493.25,510.25,,,
12/05/2010,482.75,491.5,508.5,,,
13/05/2010,471,479,496,,,
14/05/2010,463.5,471.5,488.75,,,
17/05/2010,469,486.25,517.5,,,
18/05/2010,467.75,485.25,516.5,,,
19/05/2010,469.25,486.75,517,,,
20/05/2010,469.75,486.75,517,,,
21/05/2010,472,489.25,520,,,
24/05/2010,467.5,485,516.5,,,
25/05/2010,460.5,478,508.75,,,
26/05/2010,461.75,479,510,,,
27/05/2010,467.75,485.25,515,,,
28/05/2010,457.75,475.25,505.5,,,
1/06/2010,450.75,468.25,498.75,,,
2/06/2010,442.5,460.25,491.5,,,
3/06/2010,441.75,459.25,490.75,,,
4/06/2010,435.75,452.25,483.5,,,
7/06/2010,432.25,449.25,480,,,
8/06/2010,432.25,449,479.5,,,
9/06/2010,428,444.75,475,,,
10/06/2010,433.25,450,479.75,,,
11/06/2010,440.75,457,485.5,,,
14/06/2010,451.5,467.5,494,,,
15/06/2010,451.75,467.5,494,,,
16/06/2010,461.25,476.75,504.5,,,
17/06/2010,462.75,478.5,508.75,,,
18/06/2010,461.75,477.75,508.75,,,
21/06/2010,462,477.25,507.25,,,
22/06/2010,460.75,475.75,504.25,,,
23/06/2010,462.25,475.75,502.5,,,
24/06/2010,463,477.5,504.25,,,
25/06/2010,456.25,471,497.5,,,
28/06/2010,449.5,465,493.75,,,
29/06/2010,442,457,485.25,,,
30/06/2010,464.75,480.25,506.5,,,
1/07/2010,484,499.75,524.25,,,
2/07/2010,487.75,503,529,,,
6/07/2010,492.75,507.5,535.5,,,
7/07/2010,515.75,530.5,559.25,,,
8/07/2010,534,548.5,577,,,
9/07/2010,523.5,538,566.5,,,
12/07/2010,521.25,535.75,564.25,,,
13/07/2010,535.75,549.25,578.25,,,
14/07/2010,548.25,559,588.25,,,
15/07/2010,596.25,624.5,642.5,,,
16/07/2010,587.25,616,636.75,,,
19/07/2010,582.25,611.5,633.25,,,
20/07/2010,577,607,630,,,
21/07/2010,588.25,618.75,640.75,,,
22/07/2010,596.5,627.5,650,,,
23/07/2010,596.25,627.25,651.5,,,
26/07/2010,589.5,621,647.5,,,
27/07/2010,595,627,653.5,,,
28/07/2010,615.5,647,670.75,,,
29/07/2010,627.5,659.5,683,,,
30/07/2010,661.5,693.75,713.5,,,
2/08/2010,693.25,723.5,741.75,,,
3/08/2010,680,709.75,730.5,,,
4/08/2010,725.75,755.5,771,,,
5/08/2010,785.75,815.25,818,,,
6/08/2010,725.75,755.25,758,,,
9/08/2010,712.5,743.75,757.75,,,
10/08/2010,694.75,726.75,744.75,,,
11/08/2010,694.75,725,738.75,,,
12/08/2010,713,743.75,756.25,,,
13/08/2010,702.5,734.25,750.75,,,
16/08/2010,663.75,696.25,716.5,,,
17/08/2010,651,683.75,706,,,
18/08/2010,656,688.75,709.75,,,
19/08/2010,681.25,714.25,731.5,,,
20/08/2010,679,712,729,,,
23/08/2010,692.25,725.5,744.25,,,
24/08/2010,674.75,707.75,726.75,,,
25/08/2010,647.75,680.5,699.5,,,
26/08/2010,656.5,688.5,711.75,,,
27/08/2010,662.5,695,720.25,,,
30/08/2010,671.25,704.5,727,,,
31/08/2010,652.5,685.75,710,,,
1/09/2010,675.5,708.75,733,,,
2/09/2010,680.75,713.75,737.75,,,
3/09/2010,708.25,741.25,764,,,
7/09/2010,702.5,735.25,761,,,
8/09/2010,678.75,711,739.25,,,
9/09/2010,706.75,738,766.25,,,
10/09/2010,704.75,736.75,765.75,,,
13/09/2010,713.75,745,773.75,,,
14/09/2010,704.5,736,765,,,
15/09/2010,726.75,756.5,766.25,,,
16/09/2010,719.25,748.75,758.75,,,
17/09/2010,739.25,768.25,777.25,,,
20/09/2010,731.75,761,769.25,,,
21/09/2010,718,748,757.75,,,
22/09/2010,719.75,750.25,759.75,,,
23/09/2010,697.25,728.25,738.75,,,
24/09/2010,720,749.5,758,,,
27/09/2010,706.5,736,745.75,,,
28/09/2010,684.75,715.25,725.5,,,
29/09/2010,683.5,715.25,725.75,,,
30/09/2010,674,707,718.75,,,
1/10/2010,655,688.5,703.25,,,
4/10/2010,647.25,680.75,696.75,,,
5/10/2010,663.5,698.25,714.25,,,
6/10/2010,658.25,693,709,,,
7/10/2010,659.25,693.75,709.75,,,
8/10/2010,719.25,753.75,769.5,,,
11/10/2010,709.25,744.5,760,,,
12/10/2010,710,745.25,759.25,,,
13/10/2010,702.75,738.25,751.75,,,
14/10/2010,700.75,736.75,752,,,
15/10/2010,704.5,740.75,757.75,,,
18/10/2010,690,727.75,747.5,,,
19/10/2010,671.5,709,729,,,
20/10/2010,683,719.75,739.25,,,
21/10/2010,668.75,705.75,724.5,,,
22/10/2010,670.75,708.25,727.25,,,
25/10/2010,674,712.25,731,,,
26/10/2010,692,731,750,,,
27/10/2010,702.75,741.5,760.25,,,
28/10/2010,718.25,758,775.5,,,
29/10/2010,717.25,757.25,775,,,
1/11/2010,702.5,742.5,761.75,,,
2/11/2010,694.25,734,755.5,,,
3/11/2010,690.25,729.5,753,,,
4/11/2010,713.75,753.5,775.25,,,
5/11/2010,728.75,769,794,,,
8/11/2010,736.25,776.25,801.25,,,
9/11/2010,721.75,761.25,788,,,
10/11/2010,710,750,776.5,,,
11/11/2010,704,744,769,,,
12/11/2010,669.25,709.5,732.5,,,
15/11/2010,672.75,712.5,735,,,
16/11/2010,626.25,664.75,687.25,,,
17/11/2010,632.5,671.5,695.75,,,
18/11/2010,645.25,684.5,709.25,,,
19/11/2010,644.5,684,708.5,,,
22/11/2010,645.5,684.5,709.25,,,
23/11/2010,642,680.75,705.5,,,
24/11/2010,647.5,685.25,710,,,
26/11/2010,648.25,687.25,712,,,
29/11/2010,650.25,690.5,715.75,,,
30/11/2010,650.25,690.5,715.75,,,
1/12/2010,697.5,740,763.25,,,
2/12/2010,706.5,748.5,767.5,,,
3/12/2010,738,779,790.75,,,
6/12/2010,752,793,811.75,,,
7/12/2010,743,784.75,805.5,,,
8/12/2010,742,784,808.5,,,
9/12/2010,748.25,788.5,814,,,
10/12/2010,735.5,775.5,801.25,,,
13/12/2010,740.25,780.25,806.75,,,
14/12/2010,721,763.25,788.25,,,
15/12/2010,764.75,791.25,798.75,,,
16/12/2010,749.75,776.75,787.5,,,
17/12/2010,756.75,784.25,794.5,,,
20/12/2010,769.5,796.5,807.75,,,
21/12/2010,765,792.5,806.25,,,
22/12/2010,783.5,809.75,822.5,,,
23/12/2010,783,810.25,823,,,
27/12/2010,780.25,807.25,818.75,,,
28/12/2010,798.25,824,835.25,,,
29/12/2010,799.25,825.75,836.25,,,
30/12/2010,784.75,811.75,823.5,,,
31/12/2010,794.25,820.75,832,,,
3/01/2011,805.5,830.5,840.25,,,
4/01/2011,789.25,816.25,827.25,,,
5/01/2011,808.25,835,846.25,,,
6/01/2011,789,816.25,828.25,,,
7/01/2011,774,801.75,821,,,
10/01/2011,767.25,795,816.75,,,
11/01/2011,759.5,787.25,808.25,,,
12/01/2011,770.5,798.25,823,,,
13/01/2011,783.5,812.25,837.5,,,
14/01/2011,773.25,803,827.75,,,
18/01/2011,793.25,822.25,846.25,,,
19/01/2011,797.25,826,849.25,,,
20/01/2011,803.5,832,853.25,,,
21/01/2011,824.5,850.25,866.75,,,
24/01/2011,835.25,861.75,878.75,,,
25/01/2011,838.25,865.5,882.5,,,
26/01/2011,856.5,884.25,901.25,,,
27/01/2011,846.25,875,894.5,,,
28/01/2011,825.75,855.5,874.75,,,
31/01/2011,840.75,870.75,889.5,,,
1/02/2011,835.75,866.25,886,,,
2/02/2011,863,894,914.75,,,
3/02/2011,859,890,912,,,
4/02/2011,853.75,884.75,908.25,,,
7/02/2011,858.75,890.5,916.75,,,
8/02/2011,874.25,906,932.5,,,
9/02/2011,886,917.75,944.75,,,
10/02/2011,862.75,894.5,921,,,
11/02/2011,867,898.75,925.5,,,
14/02/2011,872,904,931,,,
15/02/2011,840.25,872.25,900,,,
16/02/2011,837,869.5,897.75,,,
17/02/2011,850.75,883.5,913.75,,,
18/02/2011,822.25,855.75,886,,,
22/02/2011,762.25,795.75,826.5,,,
23/02/2011,763,798.25,831.25,,,
24/02/2011,747.25,782.5,814.25,,,
25/02/2011,776.5,811.25,841,,,
28/02/2011,782.5,817,848.25,,,
1/03/2011,775.75,810.25,840.75,,,
2/03/2011,776.75,811.25,839.75,,,
3/03/2011,790.5,823.5,853,,,
4/03/2011,800.5,832.25,860,,,
7/03/2011,769,800.75,830.25,,,
8/03/2011,751.25,779.75,811.5,,,
9/03/2011,732.25,758.75,791,,,
10/03/2011,714,740.5,772.5,,,
11/03/2011,695,718.75,750.75,,,
14/03/2011,700.5,720.75,753,,,
15/03/2011,667.75,700.5,737.75,,,
16/03/2011,662,696,734.5,,,
17/03/2011,710.25,745.25,784,,,
18/03/2011,723,758.5,797.25,,,
21/03/2011,721,757,797,,,
22/03/2011,722.25,757.75,796.5,,,
23/03/2011,714.25,750.25,789,,,
24/03/2011,739.5,774.75,812.5,,,
25/03/2011,733.25,768.75,806.5,,,
28/03/2011,725.25,761,798.75,,,
29/03/2011,737.25,772.75,810.25,,,
30/03/2011,727.25,763.25,801.25,,,
31/03/2011,763.25,799.25,838,,,
1/04/2011,759.5,796,834.25,,,
4/04/2011,790,826.75,865.75,,,
5/04/2011,786.25,822.75,860.25,,,
6/04/2011,782.25,818.25,855.75,,,
7/04/2011,773.25,809,845.25,,,
8/04/2011,797.5,832.25,867.5,,,
11/04/2011,798.25,831.75,867,,,
12/04/2011,759.5,792.25,830.5,,,
13/04/2011,752.75,788,827.25,,,
14/04/2011,740.5,776.25,814.75,,,
15/04/2011,744.25,780,817.25,,,
18/04/2011,775,810.75,846.75,,,
19/04/2011,785.75,821,858.75,,,
20/04/2011,785,820.75,859.75,,,
21/04/2011,799.5,834.75,875,,,
25/04/2011,826,861.25,902.75,,,
26/04/2011,811.25,847,890,,,
27/04/2011,777,812,856.75,,,
28/04/2011,743,777.5,822.25,,,
29/04/2011,769.25,801.25,846.5,,,
2/05/2011,759.75,791.75,835,,,
3/05/2011,760.75,793.25,834,,,
4/05/2011,741,772,813.75,,,
5/05/2011,722.5,754,797.25,,,
6/05/2011,724.5,759.5,803,,,
9/05/2011,759.25,790.5,833,,,
10/05/2011,769,798.75,841.5,,,
11/05/2011,727.75,759,805,,,
12/05/2011,700.5,735.5,782.25,,,
13/05/2011,696,727.75,777,,,
16/05/2011,736.5,784.25,840.75,,,
17/05/2011,764,807.25,858.25,,,
18/05/2011,817,858.5,902.75,,,
19/05/2011,812,855.25,901,,,
20/05/2011,806.5,849.25,893,,,
23/05/2011,803,850.5,898.25,,,
24/05/2011,779.75,828.5,878.75,,,
25/05/2011,796.5,845.5,895.75,,,
26/05/2011,814.5,863,907,,,
27/05/2011,819.75,868.25,909.25,,,
31/05/2011,782.25,832,882,,,
1/06/2011,759.25,809.25,860,,,
2/06/2011,769.75,818.75,871.5,,,
3/06/2011,773.75,819.5,871,,,
6/06/2011,744,790.25,843,,,
7/06/2011,733.75,780.5,837,,,
8/06/2011,748,792.25,849.5,,,
9/06/2011,745,782.75,837.75,,,
10/06/2011,759.25,785.75,825.75,,,
13/06/2011,743,776,816.5,,,
14/06/2011,731.25,762,802.5,,,
15/06/2011,708.5,739.25,779.75,,,
16/06/2011,673.25,708.25,753.75,,,
17/06/2011,672.25,708,753.25,,,
20/06/2011,659.25,695.75,745.25,,,
21/06/2011,674.25,705.5,754.25,,,
22/06/2011,638.25,673.25,719.5,,,
23/06/2011,649,669.25,714.25,,,
24/06/2011,635.75,661,705.5,,,
27/06/2011,622.75,650.75,695.75,,,
28/06/2011,640.25,671.75,715,,,
29/06/2011,641.25,674.25,717.5,,,
30/06/2011,584.75,614.25,657.5,,,
1/07/2011,584.5,612.25,660,,,
5/07/2011,613.75,635.5,680.75,,,
6/07/2011,611.25,627,671.75,,,
7/07/2011,624.5,634.5,675.5,,,
8/07/2011,650.5,651.25,690.5,,,
11/07/2011,636,639.25,674,,,
12/07/2011,662.75,672,705.25,,,
13/07/2011,702,714.5,742.75,,,
14/07/2011,691.25,707,738,,,
15/07/2011,694.75,723.5,754.25,,,
18/07/2011,689.5,718.25,750.75,,,
19/07/2011,693.5,726.75,757.75,,,
20/07/2011,697,735.25,768.75,,,
21/07/2011,677.25,716.75,751.75,,,
22/07/2011,692.25,731,763.5,,,
25/07/2011,688.5,729,761.75,,,
26/07/2011,694,734.5,767.5,,,
27/07/2011,704.75,745.25,777,,,
28/07/2011,693.25,735,767,,,
29/07/2011,672.5,715.75,746.75,,,
1/08/2011,676.5,720.75,751.75,,,
2/08/2011,718,758.75,788,,,
3/08/2011,710.5,750,780,,,
4/08/2011,681.75,725.5,757.5,,,
5/08/2011,679,723,760.25,,,
8/08/2011,656.5,694.75,732.5,,,
9/08/2011,671.75,703.75,740.75,,,
10/08/2011,685,719.25,755.25,,,
11/08/2011,701.25,733,769.75,,,
12/08/2011,702.5,732.25,765.5,,,
15/08/2011,712.5,741.5,775,,,
16/08/2011,724.75,752,781.25,,,
17/08/2011,727.5,758,787.75,,,
18/08/2011,707.75,739.25,770.25,,,
19/08/2011,730.75,761.25,789,,,
22/08/2011,735.5,766,796.5,,,
23/08/2011,757.25,784.5,813.75,,,
24/08/2011,749.25,777.25,806,,,
25/08/2011,757.25,787.75,817.5,,,
26/08/2011,762.25,797,826.5,,,
29/08/2011,757.25,795,827.75,,,
30/08/2011,750.25,790.75,825,,,
31/08/2011,745.25,791.5,827,,,
1/09/2011,715.5,761,797.5,,,
2/09/2011,730,775.5,810,,,
6/09/2011,716.25,760,795.25,,,
7/09/2011,714.75,751.5,789,,,
8/09/2011,709.25,738,774.25,,,
9/09/2011,701,729.75,764.5,,,
12/09/2011,699.75,727.25,762.25,,,
13/09/2011,688.75,702,737,,,
14/09/2011,701.75,704.5,738,,,
15/09/2011,696,731.25,752,,,
16/09/2011,688.25,726.75,748.25,,,
19/09/2011,673,710.5,732.75,,,
20/09/2011,674.75,711.5,734,,,
21/09/2011,666.75,701.75,722.75,,,
22/09/2011,633.75,667.25,687.5,,,
23/09/2011,640.75,675.25,692.75,,,
26/09/2011,648.25,683.25,699.5,,,
27/09/2011,658.25,692,707.75,,,
28/09/2011,638.75,671.75,687,,,
29/09/2011,654.25,685.75,700,,,
30/09/2011,609.25,646.5,668.5,,,
3/10/2011,619.5,657,681.25,,,
4/10/2011,604,640,665.5,,,
5/10/2011,625.25,660,685.25,,,
6/10/2011,616,652.5,677.25,,,
7/10/2011,607.5,644,668.5,,,
10/10/2011,611.5,647.75,671.5,,,
11/10/2011,660.75,695,716.5,,,
12/10/2011,626.75,663.25,687.5,,,
13/10/2011,618,653.5,677.75,,,
14/10/2011,622.75,656.5,679.75,,,
17/10/2011,624.25,658,681,,,
18/10/2011,625.25,656.25,678,,,
19/10/2011,619.5,651.75,675,,,
20/10/2011,630.75,663,684.25,,,
21/10/2011,632,665.75,684.75,,,
24/10/2011,642.5,677.5,695.25,,,
25/10/2011,636.25,672.75,695,,,
26/10/2011,619.5,656.25,678.75,,,
27/10/2011,644,679.75,702.25,,,
28/10/2011,644.5,680.5,703.25,,,
31/10/2011,628.25,664.5,687.25,,,
1/11/2011,630,665.75,688,,,
2/11/2011,623.5,659,680.25,,,
3/11/2011,636,668.25,688,,,
4/11/2011,636.75,664.5,684.75,,,
7/11/2011,638.75,666.25,688.25,,,
8/11/2011,657,679.5,700.25,,,
9/11/2011,643,662.25,681.5,,,
10/11/2011,620,647,666.75,,,
11/11/2011,616.75,646,666.75,,,
14/11/2011,615.75,638.25,657.5,,,
15/11/2011,632.75,647.75,664,,,
16/11/2011,616.75,637.75,657,,,
17/11/2011,592.5,612,631.5,,,
18/11/2011,598.25,614.75,633.5,,,
21/11/2011,591.5,609,627.5,,,
22/11/2011,594,603,621.25,,,
23/11/2011,579.25,594.25,612,,,
25/11/2011,574.5,589,605.5,,,
28/11/2011,574.75,593,610.25,,,
29/11/2011,594.5,616,631.75,,,
30/11/2011,595.75,614,630,,,
1/12/2011,602,614.25,632,,,
2/12/2011,612.25,625.5,641.25,,,
5/12/2011,598.75,611.5,629,,,
6/12/2011,598.75,613,632.5,,,
7/12/2011,583,600.5,621.25,,,
8/12/2011,576.75,597,618.75,,,
9/12/2011,573.5,596,617.75,,,
12/12/2011,575.5,594.25,614,,,
13/12/2011,591.75,600.5,620.25,,,
14/12/2011,588,580.75,601.25,,,
15/12/2011,579.25,599.25,615,,,
16/12/2011,583.75,603.5,620,,,
19/12/2011,599.75,619,636,,,
20/12/2011,607.75,626.75,643.75,,,
21/12/2011,617,635.75,652.25,,,
22/12/2011,621.75,640,655.25,,,
23/12/2011,622,639.5,655.5,,,
27/12/2011,644.75,662,676,,,
28/12/2011,651.25,668.5,682.75,,,
29/12/2011,645.25,664.75,679.75,,,
30/12/2011,652.75,671.25,686.25,,,
3/01/2012,657,676,691.75,,,
4/01/2012,650,668,684,,,
5/01/2012,629.25,648.5,664.75,,,
6/01/2012,624.75,643.75,660.25,,,
9/01/2012,641.75,660.75,676.75,,,
10/01/2012,639.75,659,675.5,,,
11/01/2012,641,660.25,678,,,
12/01/2012,605,627,648,,,
13/01/2012,602.25,624.25,645.75,,,
17/01/2012,604.75,628,648.25,,,
18/01/2012,592.25,614.5,633.25,,,
19/01/2012,605.75,623.5,639,,,
20/01/2012,610.5,628.5,643.75,,,
23/01/2012,619.75,637.75,654.25,,,
24/01/2012,633.5,650.75,666.25,,,
25/01/2012,641.25,656.25,671.25,,,
26/01/2012,653.5,666.75,680,,,
27/01/2012,647.25,661.75,674.75,,,
30/01/2012,644.75,658.75,671.25,,,
31/01/2012,666,680.25,691,,,
1/02/2012,674.25,687.5,697.25,,,
2/02/2012,662.75,678,691.75,,,
3/02/2012,660.75,674,689,,,
6/02/2012,668.5,679.75,692,,,
7/02/2012,662.25,672.25,684.75,,,
8/02/2012,660.75,668.5,679,,,
9/02/2012,646,655.25,668,,,
10/02/2012,630,638,648.5,,,
13/02/2012,641.25,646.5,657.25,,,
14/02/2012,635,639,649.75,,,
15/02/2012,626,634,646.75,,,
16/02/2012,628.75,635.25,648,,,
17/02/2012,644,647.75,659.75,,,
21/02/2012,633,636.75,651.5,,,
22/02/2012,644.5,645.75,660,,,
23/02/2012,641.75,641,655,,,
24/02/2012,641,641.25,653,,,
27/02/2012,645.75,652.75,663.5,,,
28/02/2012,662.25,668.25,679.5,,,
29/02/2012,664.25,668,680.5,,,
1/03/2012,659.25,664,676,,,
2/03/2012,670.75,674.5,686.25,,,
5/03/2012,667.75,672,682.75,,,
6/03/2012,654,657.75,668.25,,,
7/03/2012,633,639.25,650.5,,,
8/03/2012,630.5,634.75,645.75,,,
9/03/2012,638.75,643,653.5,,,
12/03/2012,652.75,651.25,659.25,,,
13/03/2012,651.5,649,658,,,
14/03/2012,651.75,643.75,654.5,,,
15/03/2012,664.75,672.5,686.5,,,
16/03/2012,672,677.25,690.5,,,
19/03/2012,652.25,661,676.75,,,
20/03/2012,642.5,651.5,667.25,,,
21/03/2012,636.25,645.75,661.5,,,
22/03/2012,646.25,655.5,670.25,,,
23/03/2012,654.25,664.5,679,,,
26/03/2012,659.5,670.25,685,,,
27/03/2012,639.75,652.75,669.5,,,
28/03/2012,630.75,643.5,660.25,,,
29/03/2012,612.5,627.25,644.5,,,
30/03/2012,660.75,674,690,,,
2/04/2012,657,669.5,685.25,,,
3/04/2012,658,669,683.5,,,
4/04/2012,639.25,649.75,663.75,,,
5/04/2012,638.5,646.25,659.25,,,
9/04/2012,643,649,663.75,,,
10/04/2012,625.75,632,648.5,,,
11/04/2012,628,633.5,650.5,,,
12/04/2012,639.25,644.5,657,,,
13/04/2012,623.5,630.25,644.5,,,
16/04/2012,616.25,621.25,634.25,,,
17/04/2012,615.5,620.25,634.75,,,
18/04/2012,610.75,615.75,631.75,,,
19/04/2012,624.75,630,645,,,
20/04/2012,615.75,623,638.75,,,
23/04/2012,625,632.5,648.25,,,
24/04/2012,624.5,632.5,647.5,,,
25/04/2012,616.5,626.5,641.75,,,
26/04/2012,626,635.5,648.75,,,
27/04/2012,642.25,650,662.75,,,
30/04/2012,647.75,654.5,666.5,,,
1/05/2012,633.75,643,657.75,,,
2/05/2012,607,614.5,630.25,,,
3/05/2012,608.25,615.5,631.5,,,
4/05/2012,603.75,609.5,624.25,,,
7/05/2012,606.25,612,626.75,,,
8/05/2012,609,615,629,,,
9/05/2012,591.25,600,614.75,,,
10/05/2012,594.75,601.25,616.5,,,
11/05/2012,592.75,597,611.75,,,
14/05/2012,597.75,598.25,612.75,,,
15/05/2012,608.5,622.25,643.75,,,
16/05/2012,638.75,651.25,671,,,
17/05/2012,657.75,669.5,688.75,,,
18/05/2012,695.25,703,720,,,
21/05/2012,704,714,729.25,,,
22/05/2012,685.5,697.5,716.5,,,
23/05/2012,665.5,679.75,700.5,,,
24/05/2012,663,678.25,700,,,
25/05/2012,680,694.5,715.5,,,
29/05/2012,656.75,672.25,695,,,
30/05/2012,653.75,669.25,691.75,,,
31/05/2012,643.75,660.75,684.25,,,
1/06/2012,612.25,630.75,656.75,,,
4/06/2012,627.75,646,672.5,,,
5/06/2012,613.25,630.5,657,,,
6/06/2012,624.25,639.25,665,,,
7/06/2012,641.75,658,682.25,,,
8/06/2012,630.25,648,672.75,,,
11/06/2012,630.5,648.25,671.75,,,
12/06/2012,616,634.75,659.5,,,
13/06/2012,616,634.25,659.5,,,
14/06/2012,623.5,641.25,666.5,,,
15/06/2012,609.5,626.75,651.25,,,
18/06/2012,630.25,648.5,672.5,,,
19/06/2012,649.5,669,693.5,,,
20/06/2012,664,683,706,,,
21/06/2012,661.75,678.5,700.25,,,
22/06/2012,673.25,687.5,706.75,,,
25/06/2012,724.25,741,759.25,,,
26/06/2012,729,747,766.25,,,
27/06/2012,732,751.25,772.25,,,
28/06/2012,726,746,766.75,,,
29/06/2012,739,757.25,776.75,,,
2/07/2012,754.5,772.5,790.75,,,
3/07/2012,782.25,799.25,813.75,,,
5/07/2012,822.5,838,847,,,
6/07/2012,791.25,806.25,821.75,,,
9/07/2012,810.75,828.25,843.75,,,
10/07/2012,804.75,821.25,835.25,,,
11/07/2012,807.75,826.25,838.25,,,
12/07/2012,832.75,846.75,859.75,,,
13/07/2012,842,847.75,862.5,,,
16/07/2012,884.5,897.75,903.75,,,
17/07/2012,885,897.25,903,,,
18/07/2012,903.25,912.5,916.5,,,
19/07/2012,935,934.5,913.5,,,
20/07/2012,943.25,948.25,925,,,
23/07/2012,912.75,919,910,,,
24/07/2012,878.75,888.25,885.25,,,
25/07/2012,903.25,915,910,,,
26/07/2012,884,897.25,900.25,,,
27/07/2012,898,911.25,913,,,
30/07/2012,914.5,927.25,926.5,,,
31/07/2012,888.25,902.5,904.25,,,
1/08/2012,879.5,893.75,898.75,,,
2/08/2012,865,879.5,884.5,,,
3/08/2012,891.25,903.75,905,,,
6/08/2012,893.25,906.25,911.25,,,
7/08/2012,889,902.75,907.75,,,
8/08/2012,899.25,913.5,917.5,,,
9/08/2012,913,927,930,,,
10/08/2012,885.25,901.25,910.75,,,
13/08/2012,856.75,875.75,886,,,
14/08/2012,839.75,858.25,867.5,,,
15/08/2012,846.75,866.25,876,,,
16/08/2012,861.75,881.75,891.5,,,
17/08/2012,874.5,894.5,902.75,,,
20/08/2012,879.5,902.75,912.25,,,
21/08/2012,900.5,922,930,,,
22/08/2012,896.5,917,925.25,,,
23/08/2012,874.5,894.75,904.25,,,
24/08/2012,867.5,888.5,898.5,,,
27/08/2012,862,881.25,892,,,
28/08/2012,854.75,875.5,886.5,,,
29/08/2012,885.5,905.75,913.25,,,
30/08/2012,883.5,903,911,,,
31/08/2012,870,889.5,899.5,,,
4/09/2012,866,888.75,899.5,,,
5/09/2012,845.75,867.75,880.5,,,
6/09/2012,872,891.75,903.75,,,
7/09/2012,884.75,905,915.5,,,
10/09/2012,868.25,889.75,901.5,,,
11/09/2012,860,883.75,895.75,,,
12/09/2012,867,890,902.75,,,
13/09/2012,879,902,914.75,,,
14/09/2012,897.5,924.25,936.5,,,
17/09/2012,878,890.25,891.75,,,
18/09/2012,863.5,875.75,875.75,,,
19/09/2012,881.5,893.75,895,,,
20/09/2012,879.5,891.5,892,,,
21/09/2012,897.25,908,905.5,,,
24/09/2012,892,903.75,904.25,,,
25/09/2012,886.5,898.25,899,,,
26/09/2012,869.25,881.25,883.75,,,
27/09/2012,855.5,868.25,870.25,,,
28/09/2012,902.5,912.25,906.25,,,
1/10/2012,884.25,896,895,,,
2/10/2012,871.5,883,884.5,,,
3/10/2012,873,884,884.5,,,
4/10/2012,869.25,879.75,879.75,,,
5/10/2012,857.5,868.75,869.5,,,
8/10/2012,861,871.25,871.75,,,
9/10/2012,864.25,875.75,876.5,,,
10/10/2012,869.75,881,881.5,,,
11/10/2012,886,897,897.75,,,
12/10/2012,856.75,869.25,872.75,,,
15/10/2012,848.25,860.5,864,,,
16/10/2012,847.75,860.25,864,,,
17/10/2012,856.25,868.75,871.75,,,
18/10/2012,868.5,880.75,884.25,,,
19/10/2012,872.5,883.75,886.75,,,
22/10/2012,878.25,890.25,893.5,,,
23/10/2012,868.75,882,886.25,,,
24/10/2012,884,897.25,901.25,,,
25/10/2012,872.75,886.75,892.5,,,
26/10/2012,863.75,878.5,885,,,
29/10/2012,858,872.75,879.75,,,
30/10/2012,856.75,871.75,879,,,
31/10/2012,864.5,879.25,886.25,,,
1/11/2012,868.5,883.25,890.25,,,
2/11/2012,864.5,878.5,885.5,,,
5/11/2012,866,879.25,886.25,,,
6/11/2012,877,890.5,897.5,,,
7/11/2012,894,907.75,914,,,
8/11/2012,902.5,916.5,922.5,,,
9/11/2012,886.5,901.5,908,,,
12/11/2012,857.75,872.5,879.25,,,
13/11/2012,851,865.75,872.5,,,
14/11/2012,848.75,864,870.75,,,
15/11/2012,845.5,861.25,867.75,,,
16/11/2012,838,853.75,860.25,,,
19/11/2012,841.75,857.75,864,,,
20/11/2012,845,860.5,866.25,,,
21/11/2012,845.25,859.75,866,,,
23/11/2012,847.75,861.5,868,,,
26/11/2012,849,863.75,870.5,,,
27/11/2012,873,888.5,895.25,,,
28/11/2012,876,891.25,897.75,,,
29/11/2012,869.25,885.5,893,,,
30/11/2012,844.75,863.5,872,,,
3/12/2012,842,860.75,869.25,,,
4/12/2012,838.5,856.5,865.25,,,
5/12/2012,842.25,860,868.5,,,
6/12/2012,845.25,862,871,,,
7/12/2012,844.25,861,870.25,,,
10/12/2012,832.75,848.75,860.25,,,
11/12/2012,805.75,821.5,833.75,,,
12/12/2012,794.75,812,824.5,,,
13/12/2012,793,808.5,821.25,,,
14/12/2012,801,814,826.25,,,
17/12/2012,808,820.25,827.25,,,
18/12/2012,811.25,823,829,,,
19/12/2012,805.75,817.25,823,,,
20/12/2012,790.5,802,807.75,,,
21/12/2012,792,802,808.75,,,
24/12/2012,793.75,803.5,810.25,,,
26/12/2012,774.5,784.5,791.5,,,
27/12/2012,772.25,782.25,790,,,
28/12/2012,778.75,788.5,795,,,
31/12/2012,778,787.75,793.75,,,
2/01/2013,755.25,766,773,,,
3/01/2013,755.5,764.75,771.25,,,
4/01/2013,747.25,756.75,763.25,,,
7/01/2013,751.25,761,767.75,,,
8/01/2013,750.5,760.25,767.25,,,
9/01/2013,745.5,754.5,761.5,,,
10/01/2013,744.5,753.5,760.25,,,
11/01/2013,754.75,762,767,,,
14/01/2013,767,773.5,777,,,
15/01/2013,782.75,791,794.25,,,
16/01/2013,785,793.75,797.25,,,
17/01/2013,781.25,789.75,795.25,,,
18/01/2013,791.25,799.75,804.5,,,
22/01/2013,779.25,788.5,793.25,,,
23/01/2013,774.75,783.75,788.75,,,
24/01/2013,768.5,777,782.25,,,
25/01/2013,776.5,784.75,788.5,,,
28/01/2013,779.25,788,792.5,,,
29/01/2013,777,785.75,791.25,,,
30/01/2013,787,795.75,800.25,,,
31/01/2013,779.5,788,793.25,,,
1/02/2013,765,773.25,778.25,,,
4/02/2013,763,770.75,776,,,
5/02/2013,757.5,764.25,768.5,,,
6/02/2013,761.5,769.25,772.25,,,
7/02/2013,756,763,763.5,,,
8/02/2013,756.25,762.5,762.75,,,
11/02/2013,741.5,749.25,750.75,,,
12/02/2013,732,739.5,741.25,,,
13/02/2013,735.5,743.5,745.75,,,
14/02/2013,732,740.25,743.75,,,
15/02/2013,742.25,748.5,751,,,
19/02/2013,732.25,738.75,741.75,,,
20/02/2013,738.5,745.25,748,,,
21/02/2013,721.25,724,728,,,
22/02/2013,715,718.75,723.5,,,
25/02/2013,699.25,705.25,710,,,
26/02/2013,705.75,711,714,,,
27/02/2013,704.25,712,715,,,
28/02/2013,707.75,714.5,716.5,,,
1/03/2013,713.25,720.5,722.25,,,
4/03/2013,696,702.5,704.5,,,
5/03/2013,696.25,706,709.5,,,
6/03/2013,676.25,683.75,688.75,,,
7/03/2013,686.75,695.5,699,,,
8/03/2013,690,697,698.75,,,
11/03/2013,694,700,701.75,,,
12/03/2013,700.5,703.5,703.75,,,
13/03/2013,707.25,710,708.25,,,
14/03/2013,714.25,724.75,720,,,
15/03/2013,723,721.25,726.75,,,
18/03/2013,712.75,713,719.75,,,
19/03/2013,722,720.75,726.5,,,
20/03/2013,736,734,739.25,,,
21/03/2013,728.75,727.5,732.75,,,
22/03/2013,729.75,729.25,735,,,
25/03/2013,727.25,729,735.5,,,
26/03/2013,731.5,732.25,738.75,,,
27/03/2013,736.75,736,742.5,,,
28/03/2013,687.75,691,699.25,,,
1/04/2013,664,669,678.25,,,
2/04/2013,670.75,677.25,688,,,
3/04/2013,696.5,701.25,710.25,,,
4/04/2013,694,699.5,708,,,
5/04/2013,699,704.25,712.25,,,
8/04/2013,712.5,717.5,725.25,,,
9/04/2013,708.75,714,721.25,,,
10/04/2013,696.75,703,711.75,,,
11/04/2013,697.75,703.25,709.5,,,
12/04/2013,714.75,719.5,725.25,,,
15/04/2013,693.75,699.25,705.75,,,
16/04/2013,703.5,707.75,713.5,,,
17/04/2013,703.75,707.25,713.75,,,
18/04/2013,702.75,706.75,713.75,,,
19/04/2013,709,711.5,718,,,
22/04/2013,702.25,702.5,710.25,,,
23/04/2013,697.5,695.5,703,,,
24/04/2013,691.75,692,699.75,,,
25/04/2013,701.25,703.75,711.75,,,
26/04/2013,688.75,692.5,701,,,
29/04/2013,709.75,716.5,725.25,,,
30/04/2013,721.75,731,740.25,,,
1/05/2013,710.5,721,730.5,,,
2/05/2013,718.75,728.5,738,,,
3/05/2013,711.25,721,730.5,,,
6/05/2013,693,702.75,712.5,,,
7/05/2013,699.5,709,718.75,,,
8/05/2013,696.75,706,715.25,,,
9/05/2013,716.25,723.5,731.5,,,
10/05/2013,696.75,704.25,712.5,,,
13/05/2013,701.5,709.75,718,,,
14/05/2013,701.5,710.75,719.5,,,
15/05/2013,693.75,702.25,718.5,,,
16/05/2013,687.75,696,713,,,
17/05/2013,683.25,691,707.5,,,
20/05/2013,685.25,692.75,708.5,,,
21/05/2013,680.5,688,703.5,,,
22/05/2013,688.5,695.75,710.5,,,
23/05/2013,703.25,709.75,723,,,
24/05/2013,697.5,704.5,718,,,
28/05/2013,693.75,701.75,717.75,,,
29/05/2013,702.75,711.25,727.25,,,
30/05/2013,698.75,708,723.5,,,
31/05/2013,705.5,715.5,730,,,
3/06/2013,708.75,718.5,732.75,,,
4/06/2013,709,717.75,731.75,,,
5/06/2013,701.5,709,722.75,,,
6/06/2013,697.75,705.5,720.5,,,
7/06/2013,696.25,704.75,719.25,,,
10/06/2013,689.75,699,713.75,,,
11/06/2013,696.75,705,719.5,,,
12/06/2013,683,691,705.25,,,
13/06/2013,685.5,693.75,706.75,,,
14/06/2013,680.75,688.75,701.5,,,
17/06/2013,680.5,687.75,701,,,
18/06/2013,687.5,694.75,708,,,
19/06/2013,707,714.25,727,,,
20/06/2013,700.5,707.75,719.75,,,
21/06/2013,698,705,717,,,
24/06/2013,679,687.75,702,,,
25/06/2013,675.75,685,699.5,,,
26/06/2013,667,677,692.25,,,
27/06/2013,663.5,673.75,689,,,
28/06/2013,648.5,657.75,671.5,,,
1/07/2013,645.75,655,669.25,,,
2/07/2013,649.5,658.25,671.25,,,
3/07/2013,657.75,665,677.5,,,
5/07/2013,656,660,670.5,,,
8/07/2013,660,663,674.75,,,
9/07/2013,675.5,677.5,690.5,,,
10/07/2013,672,679,692.75,,,
11/07/2013,679.25,683,696.5,,,
12/07/2013,675.5,681,693.75,,,
15/07/2013,669.5,682.25,694.25,,,
16/07/2013,669.5,682.5,694.5,,,
17/07/2013,665,677.75,690.5,,,
18/07/2013,660.5,673,684.25,,,
19/07/2013,664.5,675.25,685.5,,,
22/07/2013,659.75,671.25,682.5,,,
23/07/2013,653.75,665.5,676.25,,,
24/07/2013,653.25,664,673.75,,,
25/07/2013,649.25,660.75,671.75,,,
26/07/2013,650.25,661.5,671.5,,,
29/07/2013,651.5,663.25,673.25,,,
30/07/2013,655.25,667.75,678,,,
31/07/2013,664.25,677,687.75,,,
1/08/2013,658,670.5,681,,,
2/08/2013,660.5,673,682.5,,,
5/08/2013,645.25,657.75,668,,,
6/08/2013,650.5,662.75,673.5,,,
7/08/2013,643.5,656.25,667.75,,,
8/08/2013,641.25,653.75,665.5,,,
9/08/2013,633.5,647.25,660.5,,,
12/08/2013,635,649,663.5,,,
13/08/2013,628.25,641.5,655.5,,,
14/08/2013,630.5,642.75,655.5,,,
15/08/2013,637.5,649.5,661.75,,,
16/08/2013,631,643.5,656.25,,,
19/08/2013,641.5,653.5,666.25,,,
20/08/2013,634.25,646,657.5,,,
21/08/2013,638.75,649.25,660.75,,,
22/08/2013,630.5,640.5,652.25,,,
23/08/2013,634.5,646,658,,,
26/08/2013,654.75,666.75,678.75,,,
27/08/2013,650.75,663.75,675.5,,,
28/08/2013,646.5,659.5,671.5,,,
29/08/2013,641.25,654.25,665.75,,,
30/08/2013,643.25,654,665.5,,,
3/09/2013,636.5,647.25,658.75,,,
4/09/2013,634.25,646.25,659,,,
5/09/2013,627.25,640.25,653.25,,,
6/09/2013,635,647.75,660.25,,,
9/09/2013,628.75,641.25,653.5,,,
10/09/2013,633.75,646.5,657.75,,,
11/09/2013,635,648,659,,,
12/09/2013,641.75,653,664.25,,,
13/09/2013,627.75,641.5,652.25,,,
16/09/2013,641.25,652,656.5,,,
17/09/2013,643,653.5,658.5,,,
18/09/2013,646.5,657.5,662.75,,,
19/09/2013,657,667.5,673,,,
20/09/2013,646.25,657,662.75,,,
23/09/2013,653.5,664,670,,,
24/09/2013,658.25,668.5,673.75,,,
25/09/2013,670.5,680.75,685.5,,,
26/09/2013,678.25,688.25,692.25,,,
27/09/2013,683,691.5,694.25,,,
30/09/2013,678.5,687,689.75,,,
1/10/2013,681.25,689.5,692.5,,,
2/10/2013,686,693.75,696,,,
3/10/2013,689.25,697,701.25,,,
4/10/2013,687,696.25,701.75,,,
7/10/2013,694.75,704.5,709.75,,,
8/10/2013,693.5,703.5,708.5,,,
9/10/2013,690.5,700.5,705,,,
10/10/2013,685.5,695.25,698.75,,,
11/10/2013,692.25,701,702.75,,,
14/10/2013,692.5,701.75,704.75,,,
15/10/2013,685.75,695.5,699.5,,,
16/10/2013,681.5,691,694.5,,,
17/10/2013,686,696,699.25,,,
18/10/2013,705.75,714.5,716.5,,,
21/10/2013,699.75,709.75,712.75,,,
22/10/2013,700.75,710.75,713.75,,,
23/10/2013,701.75,711.5,715,,,
24/10/2013,696.5,707,712.25,,,
25/10/2013,690.75,701.75,707.5,,,
28/10/2013,681,692,697.5,,,
29/10/2013,681.25,692.5,697,,,
30/10/2013,675,686.5,692,,,
31/10/2013,667.5,679.5,685,,,
1/11/2013,667.75,679.75,686.25,,,
4/11/2013,662.75,674.25,680.25,,,
5/11/2013,656,667.25,673,,,
6/11/2013,653.25,662.75,668.25,,,
7/11/2013,653,663.75,669.75,,,
8/11/2013,649.75,661.5,668,,,
11/11/2013,646.25,657.25,662.75,,,
12/11/2013,645.25,655.75,661,,,
13/11/2013,645.5,655.5,660,,,
14/11/2013,644.75,655.25,659.5,,,
15/11/2013,644.5,654.5,658.5,,,
18/11/2013,642.25,652.5,656,,,
19/11/2013,650.25,659.25,663.25,,,
20/11/2013,647.25,655.5,659.25,,,
21/11/2013,648.75,654.75,658.5,,,
22/11/2013,649.5,657,661.25,,,
25/11/2013,652.5,659.25,664,,,
26/11/2013,646.5,656,660.5,,,
27/11/2013,651.25,663.5,668,,,
29/11/2013,655,668.75,673.75,,,
2/12/2013,649.75,661.75,666.5,,,
3/12/2013,653.75,668.25,672.25,,,
4/12/2013,647.25,661.75,666.25,,,
5/12/2013,638,652,657,,,
6/12/2013,637.25,651,656.5,,,
9/12/2013,639,650.5,655.5,,,
10/12/2013,629.5,638.75,644.25,,,
11/12/2013,630.25,640.75,646.75,,,
12/12/2013,622.5,633.75,640.25,,,
13/12/2013,618.25,628.75,634.75,,,
16/12/2013,621.75,627.75,629.25,,,
17/12/2013,619.75,626,627.5,,,
18/12/2013,612.75,619.25,622.25,,,
19/12/2013,610.75,617.5,621,,,
20/12/2013,613.5,620.75,624.75,,,
23/12/2013,609.5,616.75,620.25,,,
24/12/2013,606.25,613.5,618,,,
26/12/2013,606,613.5,618.75,,,
27/12/2013,609,616.25,621.25,,,
30/12/2013,600.5,607.5,612.75,,,
31/12/2013,605.25,612,616.75,,,
2/01/2014,597,603.75,608.25,,,
3/01/2014,605.75,611.25,614.5,,,
6/01/2014,605.75,611.25,614.25,,,
7/01/2014,602.5,607.75,611.5,,,
8/01/2014,588.75,594.5,598.5,,,
9/01/2014,584.25,589.5,594.25,,,
10/01/2014,569,575,580.75,,,
13/01/2014,573.5,580.5,587.25,,,
14/01/2014,579.25,586.25,593.25,,,
15/01/2014,567.75,574.75,581.25,,,
16/01/2014,572.75,579.75,586.5,,,
17/01/2014,563.5,570.5,577,,,
21/01/2014,562.25,569,575.5,,,
22/01/2014,561.25,568,574,,,
23/01/2014,570,576.25,582.25,,,
24/01/2014,565.25,571.5,577,,,
27/01/2014,563.5,569.75,575.25,,,
28/01/2014,566,571.75,576.5,,,
29/01/2014,551.5,556,559.5,,,
30/01/2014,553.5,556.25,559.75,,,
31/01/2014,555.75,558.25,561.5,,,
3/02/2014,563.75,565.75,568.75,,,
4/02/2014,584.5,586.75,590,,,
5/02/2014,587.5,589.25,593.25,,,
6/02/2014,580.75,582.25,586,,,
7/02/2014,577.5,579.25,583.75,,,
10/02/2014,584.75,585,589.75,,,
11/02/2014,590.25,589,593.25,,,
12/02/2014,587,586.25,590.75,,,
13/02/2014,595.5,594,597.5,,,
14/02/2014,598.5,596.25,600.5,,,
18/02/2014,612,607.5,611.25,,,
19/02/2014,620.25,613.5,617,,,
20/02/2014,616.25,613.5,617.25,,,
21/02/2014,609.75,605.5,609.25,,,
24/02/2014,617.75,617,621,,,
25/02/2014,615,618,623.75,,,
26/02/2014,600,605.5,611,,,
27/02/2014,582.25,589.25,595.75,,,
28/02/2014,599,602.25,608.25,,,
3/03/2014,626.75,631.5,635.75,,,
4/03/2014,639.75,643.5,647,,,
5/03/2014,637.25,642.5,646,,,
6/03/2014,641.5,646,649.5,,,
7/03/2014,646.25,654,659,,,
10/03/2014,645,640.75,646,,,
11/03/2014,663.25,659,664.25,,,
12/03/2014,688,683.75,688.25,,,
13/03/2014,679,673.75,678,,,
14/03/2014,690.25,687.25,690.25,,,
17/03/2014,674.5,678.25,686.25,,,
18/03/2014,692.5,695.5,702.75,,,
19/03/2014,715.75,717,723.75,,,
20/03/2014,703.75,705.5,712,,,
21/03/2014,693.25,695.5,702.5,,,
24/03/2014,714.5,716.75,723.5,,,
25/03/2014,708.25,711.75,718.75,,,
26/03/2014,696.75,701.25,708.75,,,
27/03/2014,710.5,714.5,722.25,,,
28/03/2014,695.5,699.25,706.75,,,
31/03/2014,697.25,701.5,708.75,,,
1/04/2014,685.25,690,697.75,,,
2/04/2014,669.25,675,683.25,,,
3/04/2014,676,681.75,690.25,,,
4/04/2014,669.75,676.5,685.25,,,
7/04/2014,676.25,683.5,692.75,,,
8/04/2014,681,689.25,698.75,,,
9/04/2014,669,677.25,687,,,
10/04/2014,662.25,670,679.75,,,
11/04/2014,660.25,668.25,678,,,
14/04/2014,678.75,686.75,696.25,,,
15/04/2014,701.75,709.75,718.75,,,
16/04/2014,688,695.25,704.5,,,
17/04/2014,691.25,699,708.25,,,
21/04/2014,668.25,675.5,685,,,
22/04/2014,673,679.5,689,,,
23/04/2014,676.5,682.75,691.75,,,
24/04/2014,689,696.5,705.5,,,
25/04/2014,700.25,708.25,716.5,,,
28/04/2014,700.25,708.5,716.75,,,
29/04/2014,708,716.5,724,,,
30/04/2014,713,721.5,729.75,,,
1/05/2014,698.75,707.25,716,,,
2/05/2014,707.75,716,724.25,,,
5/05/2014,721.25,729,737,,,
6/05/2014,731.75,739,747.5,,,
7/05/2014,729.75,737.75,746.5,,,
8/05/2014,726.75,735.25,743.75,,,
9/05/2014,714,722.5,731,,,
12/05/2014,705.5,715,724,,,
13/05/2014,700,709.25,718,,,
14/05/2014,681,690.25,699,,,
15/05/2014,678.25,687,702.75,,,
16/05/2014,674.25,683.25,698.75,,,
19/05/2014,674.5,683.75,699.75,,,
20/05/2014,670.5,680.5,697,,,
21/05/2014,664.25,675.25,692.25,,,
22/05/2014,659.25,670,688.25,,,
23/05/2014,652.5,663.75,682.25,,,
27/05/2014,641,653,672.5,,,
28/05/2014,638.75,650.5,670,,,
29/05/2014,632.5,644.5,663.75,,,
30/05/2014,627.25,639.75,660.5,,,
2/06/2014,620.75,631.75,654.25,,,
3/06/2014,612.5,623,645.25,,,
4/06/2014,614.5,625,646.5,,,
5/06/2014,605.75,616.25,637,,,
6/06/2014,618.25,630.25,651,,,
9/06/2014,612.5,624.75,648.25,,,
10/06/2014,601.25,613,637,,,
11/06/2014,589.25,601.5,626.25,,,
12/06/2014,585.25,597,621,,,
13/06/2014,586,596.5,617,,,
16/06/2014,581,591.25,611.25,,,
17/06/2014,581.75,590.75,612,,,
18/06/2014,587,596.25,617.75,,,
19/06/2014,593.5,602.5,623.75,,,
20/06/2014,585.25,593.25,615.75,,,
23/06/2014,579.75,589,612.25,,,
24/06/2014,571,580.75,602.5,,,
25/06/2014,575.5,584.25,606,,,
26/06/2014,582.25,584.75,604,,,
27/06/2014,585.25,593.75,612.75,,,
30/06/2014,564.75,577.5,598.25,,,
1/07/2014,559.75,572.5,595,,,
2/07/2014,561.75,575.5,598.25,,,
3/07/2014,568,579.5,603.75,,,
7/07/2014,545,556.75,580.5,,,
8/07/2014,545.25,556.25,580.25,,,
9/07/2014,539.5,551.25,575,,,
10/07/2014,536.75,548.5,570.5,,,
11/07/2014,514.75,526,547.75,,,
14/07/2014,549.75,537.75,560.5,,,
15/07/2014,537.75,561,582,,,
16/07/2014,538,562,583.5,,,
17/07/2014,550.75,573.5,594.75,,,
18/07/2014,532.25,556.25,577.75,,,
21/07/2014,530,554.25,577.25,,,
22/07/2014,524.5,548.75,572.5,,,
23/07/2014,530.75,554.5,577.75,,,
24/07/2014,528.75,550.25,572.75,,,
25/07/2014,538,559.75,581.5,,,
28/07/2014,534.75,557.75,580.25,,,
29/07/2014,520,543.75,568.25,,,
30/07/2014,527.25,549.5,572.75,,,
31/07/2014,530.25,550.25,572.25,,,
1/08/2014,534.25,553.25,574,,,
4/08/2014,544,564.5,583.5,,,
5/08/2014,552.5,572.75,592.5,,,
6/08/2014,568,586.75,605.5,,,
7/08/2014,561.5,579,599,,,
8/08/2014,549.25,566,585.25,,,
11/08/2014,546.5,562.75,581.25,,,
12/08/2014,538,551.25,570.75,,,
13/08/2014,528,545.5,565.75,,,
14/08/2014,537.25,552.75,573,,,
15/08/2014,551.25,563.5,583.5,,,
18/08/2014,542.5,554.25,573.75,,,
19/08/2014,546,558.5,577.25,,,
20/08/2014,539.5,550,568.75,,,
21/08/2014,546.25,555.5,572.25,,,
22/08/2014,552,562.25,580.25,,,
25/08/2014,542.5,554.5,574.25,,,
26/08/2014,541.5,556.5,577,,,
27/08/2014,547.25,562.25,582.5,,,
28/08/2014,556.5,571.75,591.25,,,
29/08/2014,550.25,563.5,582.5,,,
2/09/2014,543.5,555,573.5,,,
3/09/2014,523.5,535.75,556.5,,,
4/09/2014,525.25,530.25,550,,,
5/09/2014,531.5,535.25,553,,,
8/09/2014,533.5,533.5,550.75,,,
9/09/2014,527.5,527.5,544,,,
10/09/2014,518.75,519.75,536,,,
11/09/2014,503,509.5,526.25,,,
12/09/2014,498.25,502.5,520,,,
15/09/2014,500.75,518.25,529.25,,,
16/09/2014,496.25,512.75,524,,,
17/09/2014,499.25,516.25,527.25,,,
18/09/2014,488.5,505.75,517.25,,,
19/09/2014,474.5,491,502.5,,,
22/09/2014,476.75,489.5,499,,,
23/09/2014,476,488.25,496.75,,,
24/09/2014,480.25,492.25,501,,,
25/09/2014,474,487.75,497,,,
26/09/2014,474.25,487.5,497,,,
29/09/2014,481.25,494,502.75,,,
30/09/2014,477.75,490.5,498.75,,,
1/10/2014,479,492.25,501.25,,,
2/10/2014,482.75,496,504.75,,,
3/10/2014,485.75,497,505.25,,,
6/10/2014,491.5,503.5,512.25,,,
7/10/2014,506.25,518.25,525.5,,,
8/10/2014,507.75,519.25,526,,,
9/10/2014,493.25,505.25,511.75,,,
10/10/2014,498.5,509.5,515.25,,,
13/10/2014,505.25,517,522.5,,,
14/10/2014,509.25,521.25,528,,,
15/10/2014,506,518,525,,,
16/10/2014,517,528.75,535.5,,,
17/10/2014,516,528,534.5,,,
20/10/2014,513.5,526.25,532.5,,,
21/10/2014,519.25,533,540.5,,,
22/10/2014,522.25,536,543.75,,,
23/10/2014,526.75,540.25,548,,,
24/10/2014,517.75,531,538.75,,,
27/10/2014,522.75,536.5,544,,,
28/10/2014,530.75,544.5,552.5,,,
29/10/2014,538.25,551,558,,,
30/10/2014,536,549,557,,,
31/10/2014,532.5,545.75,553.25,,,
3/11/2014,538.25,550.75,557.25,,,
4/11/2014,530.5,542,548,,,
5/11/2014,524.75,536.25,543,,,
6/11/2014,520.25,532,539.5,,,
7/11/2014,514.5,526.25,534,,,
10/11/2014,517.25,527.25,535,,,
11/11/2014,525.25,530.75,538.25,,,
12/11/2014,542.75,548,555.25,,,
13/11/2014,553.75,556,562.5,,,
14/11/2014,560.5,562.75,569.5,,,
17/11/2014,551.75,553.75,560.75,,,
18/11/2014,549,551,557.75,,,
19/11/2014,537.75,541,547.25,,,
20/11/2014,547.25,552.5,559.25,,,
21/11/2014,547.25,553.5,560.5,,,
24/11/2014,542.25,549.5,557,,,
25/11/2014,551.5,557.75,564.75,,,
26/11/2014,562,562.75,569.25,,,
28/11/2014,577.25,578.5,584.5,,,
1/12/2014,606.75,606.75,612.5,,,
2/12/2014,605.25,603.25,608.75,,,
3/12/2014,597,589.5,595.25,,,
4/12/2014,599.75,589.75,595,,,
5/12/2014,609,594,599,,,
8/12/2014,610,598,602,,,
9/12/2014,600.5,585.75,589.5,,,
10/12/2014,593.25,581.75,585,,,
11/12/2014,610.25,597.5,600.25,,,
12/12/2014,627.5,606.5,608.75,,,
15/12/2014,619,621.25,620.25,,,
16/12/2014,623.25,626.25,626,,,
17/12/2014,648.5,650.75,646.75,,,
18/12/2014,655.25,656.75,654,,,
19/12/2014,632.25,635,634.25,,,
22/12/2014,625.75,629.25,630.75,,,
23/12/2014,635.5,638.5,639,,,
24/12/2014,611.5,615.25,616.5,,,
26/12/2014,610.75,614.75,616.5,,,
29/12/2014,615.5,619,620.25,,,
30/12/2014,602,606,608,,,
31/12/2014,589.75,594.5,597.5,,,
2/01/2015,581.25,586.75,589,,,
5/01/2015,589,593.75,596,,,
6/01/2015,591.75,596,598.75,,,
7/01/2015,579.5,584,587.75,,,
8/01/2015,567,572,576.75,,,
9/01/2015,563.75,567.75,572.5,,,
12/01/2015,555.5,560,564.75,,,
13/01/2015,548,552,557.5,,,
14/01/2015,537.75,540.75,545.25,,,
15/01/2015,532.75,535.75,540,,,
16/01/2015,532.75,534.75,538.25,,,
20/01/2015,537,539.75,544.25,,,
21/01/2015,536.75,540,543.5,,,
22/01/2015,533.75,537.25,540.75,,,
23/01/2015,530,532.75,536.5,,,
26/01/2015,520.5,524.25,529.25,,,
27/01/2015,519,523,528.75,,,
28/01/2015,505.25,510.25,516,,,
29/01/2015,507.75,512.5,517,,,
30/01/2015,502.75,506.75,511.5,,,
2/02/2015,492.75,497.25,501.75,,,
3/02/2015,513.75,517.75,522.25,,,
4/02/2015,511,514,518.25,,,
5/02/2015,525.75,527.25,528.5,,,
6/02/2015,527,529,531.25,,,
9/02/2015,529.75,530.25,533.5,,,
10/02/2015,521.75,522.25,526.25,,,
11/02/2015,525.75,523.75,527,,,
12/02/2015,521.25,519.75,522.5,,,
13/02/2015,533,529.25,532.25,,,
17/02/2015,534.75,531.75,535,,,
18/02/2015,527.75,523.75,526,,,
19/02/2015,527.75,519.5,521.75,,,
20/02/2015,510.25,507,511.5,,,
23/02/2015,505.75,504,508.75,,,
24/02/2015,505.75,503.75,508.25,,,
25/02/2015,497.75,497.25,501.75,,,
26/02/2015,503.25,500.5,504.75,,,
27/02/2015,517.5,513,516.75,,,
2/03/2015,508,500,504,,,
3/03/2015,508.75,506,509.75,,,
4/03/2015,493.5,496,503,,,
5/03/2015,481.25,480.5,487.75,,,
6/03/2015,485.75,482.5,486.5,,,
9/03/2015,494.25,490,494.25,,,
10/03/2015,496.5,493.25,497,,,
11/03/2015,503,499,501.75,,,
12/03/2015,513.25,507.25,509.5,,,
13/03/2015,508.75,502,503.25,,,
16/03/2015,514,516.5,526,,,
17/03/2015,503.5,506.75,516.5,,,
18/03/2015,510.75,514.25,524,,,
19/03/2015,512,515.75,524.75,,,
20/03/2015,530,533.75,542.75,,,
23/03/2015,534,538,547,,,
24/03/2015,523.5,528.25,537.5,,,
25/03/2015,519,523.75,533.25,,,
26/03/2015,499.25,504.75,514.25,,,
27/03/2015,507.75,512,521,,,
30/03/2015,530.25,533.25,542.25,,,
31/03/2015,511.75,514,522.5,,,
1/04/2015,528.5,529.5,538,,,
2/04/2015,536.25,535.75,544.25,,,
6/04/2015,527.75,527.75,536.5,,,
7/04/2015,526,525,533.5,,,
8/04/2015,526.25,523.75,532.25,,,
9/04/2015,518.75,517.5,525.5,,,
10/04/2015,526.5,524,532.5,,,
13/04/2015,502.25,500.25,509.25,,,
14/04/2015,497,496.5,505.5,,,
15/04/2015,490.75,489,498,,,
16/04/2015,494.5,490.75,499.25,,,
17/04/2015,494.5,489.25,497.75,,,
20/04/2015,498.75,498.25,507,,,
21/04/2015,500.75,500.25,509,,,
22/04/2015,498.75,499,507.75,,,
23/04/2015,497.75,501.25,510.5,,,
24/04/2015,486,488.5,498,,,
27/04/2015,470.25,473.25,482.5,,,
28/04/2015,471.5,476.25,485.75,,,
29/04/2015,477.25,483.5,493.25,,,
30/04/2015,467,474,483.75,,,
1/05/2015,470,474,482.75,,,
4/05/2015,469.25,472.75,481.25,,,
5/05/2015,464,466.5,474.75,,,
6/05/2015,475.75,479.25,487.25,,,
7/05/2015,465.75,472.75,480.75,,,
8/05/2015,476.5,481.5,489.25,,,
11/05/2015,476.25,481,488,,,
12/05/2015,479.25,480.5,487.5,,,
13/05/2015,481,481.5,488,,,
14/05/2015,501.75,514.25,521,,,
15/05/2015,511,517.5,532,,,
18/05/2015,521.75,529.25,543.5,,,
19/05/2015,510.25,518.5,533.5,,,
20/05/2015,513,520,533.5,,,
21/05/2015,522,529.5,542.5,,,
22/05/2015,515.25,523,537,,,
26/05/2015,493.5,501,515.75,,,
27/05/2015,487.75,492.75,506.75,,,
28/05/2015,488.75,494.5,509.5,,,
29/05/2015,477,482.25,497,,,
1/06/2015,493.75,498.75,512.75,,,
2/06/2015,512.5,517.25,530.75,,,
3/06/2015,510.75,515,528.5,,,
4/06/2015,523.75,529.25,543,,,
5/06/2015,517,521.5,533,,,
8/06/2015,528,534,546,,,
9/06/2015,532.25,538.75,552,,,
10/06/2015,513.5,521.25,535,,,
11/06/2015,504.25,511.5,525.5,,,
12/06/2015,503.75,510.5,524.75,,,
15/06/2015,489.25,495.25,509.75,,,
16/06/2015,488.75,494.5,508.25,,,
17/06/2015,491.25,497,510.75,,,
18/06/2015,488,493.25,507.25,,,
19/06/2015,488.5,492.5,506.25,,,
22/06/2015,501.25,506,519.5,,,
23/06/2015,521.5,527,539,,,
24/06/2015,518,523.25,535,,,
25/06/2015,532,538,548.5,,,
26/06/2015,562.25,568,576,,,
29/06/2015,580.5,583.5,590.75,,,
30/06/2015,614.75,615.75,622,,,
1/07/2015,587.5,588.5,596.75,,,
2/07/2015,585.75,590.5,599.25,,,
6/07/2015,588.5,595.5,603.75,,,
7/07/2015,579.5,585.25,592.75,,,
8/07/2015,572.25,577.5,584.75,,,
9/07/2015,572.25,578,586,,,
10/07/2015,581.5,576,583.5,,,
13/07/2015,586.75,575.75,582,,,
14/07/2015,583.5,571,576.5,,,
15/07/2015,566.75,574.5,582.25,,,
16/07/2015,562.25,571,579,,,
17/07/2015,554,563.5,572,,,
20/07/2015,532.75,542.5,551.75,,,
21/07/2015,524.75,533.25,541.5,,,
22/07/2015,516.75,524.5,531.75,,,
23/07/2015,521.5,528.75,535,,,
24/07/2015,511.75,519.75,527,,,
27/07/2015,502.5,511.75,519.25,,,
28/07/2015,510.75,520.25,528.25,,,
29/07/2015,496.25,505.25,513,,,
30/07/2015,496.5,504.25,511.25,,,
31/07/2015,499.25,504.75,510.5,,,
3/08/2015,499,505,512,,,
4/08/2015,493.5,500.25,508,,,
5/08/2015,502,507.25,514,,,
6/08/2015,507,511.25,518.5,,,
7/08/2015,510.5,515.75,523,,,
10/08/2015,525.5,529.5,536.75,,,
11/08/2015,507.25,512.25,519.5,,,
12/08/2015,492.25,497.25,503.75,,,
13/08/2015,503.25,509,514.75,,,
14/08/2015,506.5,511.75,516.75,,,
17/08/2015,500.5,504.5,509.75,,,
18/08/2015,494.25,498.75,503.5,,,
19/08/2015,496.25,500,503.75,,,
20/08/2015,506.25,511.25,515.5,,,
21/08/2015,499.5,504,508,,,
24/08/2015,503.25,508,512.5,,,
25/08/2015,495,499.5,505.75,,,
26/08/2015,489.75,494.25,501,,,
27/08/2015,484.25,489.75,497.75,,,
28/08/2015,477,483.75,491.75,,,
31/08/2015,482.5,485,490.25,,,
1/09/2015,484,486.25,491,,,
2/09/2015,473,479,486.5,,,
3/09/2015,456.5,465.25,473.75,,,
4/09/2015,457.75,467.75,476.25,,,
8/09/2015,465.25,475,483,,,
9/09/2015,462,472.25,480.25,,,
10/09/2015,468,478,486,,,
11/09/2015,475.5,485,493.5,,,
14/09/2015,485.75,501.25,510,,,
15/09/2015,494.75,502.5,507.75,,,
16/09/2015,488.25,495.25,500.5,,,
17/09/2015,481.5,488.5,493.5,,,
18/09/2015,486.75,493.5,498.25,,,
21/09/2015,496.75,504,508.75,,,
22/09/2015,495.5,502.75,507.5,,,
23/09/2015,507.5,515,519.5,,,
24/09/2015,497.25,504.25,508.75,,,
25/09/2015,507.75,515,519.5,,,
28/09/2015,505.5,512.75,517.5,,,
29/09/2015,503.75,511.25,516,,,
30/09/2015,512.75,519.5,524.25,,,
1/10/2015,518.25,524.25,528.25,,,
2/10/2015,513.25,519,523.25,,,
5/10/2015,515.5,521.5,526,,,
6/10/2015,526.25,533,537.75,,,
7/10/2015,516.75,523.75,528.5,,,
8/10/2015,511.5,519,524,,,
9/10/2015,509.25,516.75,521.75,,,
12/10/2015,506.75,514.5,519.25,,,
13/10/2015,519,527,532,,,
14/10/2015,508.25,516.25,521.25,,,
15/10/2015,502.5,510.5,515.25,,,
16/10/2015,492.25,500,505,,,
19/10/2015,485.75,493.25,497.75,,,
20/10/2015,491.25,498.25,502.75,,,
21/10/2015,494.75,501.25,505.5,,,
22/10/2015,490.75,497,501.5,,,
23/10/2015,490.5,497.25,501.5,,,
26/10/2015,509,514.75,519.25,,,
27/10/2015,509.25,514.25,518.75,,,
28/10/2015,506,511.75,516.5,,,
29/10/2015,515,519.5,523.5,,,
30/10/2015,522,525.5,529,,,
2/11/2015,508,512,516,,,
3/11/2015,516.5,519.5,523,,,
4/11/2015,526.25,528.5,531.75,,,
5/11/2015,526.25,527,528.5,,,
6/11/2015,523.25,525.5,529.25,,,
9/11/2015,501.75,505.5,509.75,,,
10/11/2015,490.75,495.5,500,,,
11/11/2015,494.75,497.5,500.5,,,
12/11/2015,498,500.25,503,,,
13/11/2015,495.75,497.75,501.25,,,
16/11/2015,494,495.5,498.75,,,
17/11/2015,487.5,487,490.75,,,
18/11/2015,483.25,485,489.25,,,
19/11/2015,490.75,492.25,495.5,,,
20/11/2015,488.5,490,492.75,,,
23/11/2015,495,497.75,501.5,,,
24/11/2015,484.25,488.5,492.75,,,
25/11/2015,479.25,487.5,492.5,,,
27/11/2015,465.75,479,484.75,,,
30/11/2015,460,475.5,484,,,
1/12/2015,456.5,471.5,479.25,,,
2/12/2015,452.25,467.25,474.25,,,
3/12/2015,464.75,478.75,486,,,
4/12/2015,471.25,484.5,491.25,,,
7/12/2015,470.25,482.75,489.75,,,
8/12/2015,470.75,481.5,488,,,
9/12/2015,478,489.75,495.5,,,
10/12/2015,484.5,495.5,501,,,
11/12/2015,482.75,490.5,496.25,,,
14/12/2015,487.75,493.5,499.25,,,
15/12/2015,494.25,500.25,504.75,,,
16/12/2015,483.5,490,495.5,,,
17/12/2015,484,491,497.25,,,
18/12/2015,486.75,493,499,,,
21/12/2015,479,486.25,493.25,,,
22/12/2015,471.75,479,486.75,,,
23/12/2015,469.5,477,485,,,
24/12/2015,467.5,474.5,482.75,,,
28/12/2015,466.5,473.25,481,,,
29/12/2015,475.75,482,489,,,
30/12/2015,469.75,476.5,483.5,,,
31/12/2015,470,476.5,483.25,,,
4/01/2016,458.25,464.5,472.25,,,
5/01/2016,461.25,466.75,474.25,,,
6/01/2016,462.75,468.25,475.75,,,
7/01/2016,468.5,473.25,480.5,,,
8/01/2016,478.5,483.75,490.25,,,
11/01/2016,469,474.5,481,,,
12/01/2016,481.25,486.5,492.75,,,
13/01/2016,478,482.75,489,,,
14/01/2016,468.75,474.25,480.5,,,
15/01/2016,473.75,478.5,484.5,,,
19/01/2016,474.5,479,485,,,
20/01/2016,471.5,475.75,481.25,,,
21/01/2016,475,479.75,485,,,
22/01/2016,475.5,480.25,485.25,,,
25/01/2016,481.5,486.75,492.25,,,
26/01/2016,484.75,490,495.5,,,
27/01/2016,476.5,482.25,488,,,
28/01/2016,472.25,478,484,,,
29/01/2016,479.25,485,490.5,,,
1/02/2016,475.25,480.5,485.75,,,
2/02/2016,475.25,480,485.25,,,
3/02/2016,480,483.75,488.25,,,
4/02/2016,472.75,476.75,481.75,,,
5/02/2016,466.75,470.5,475.75,,,
8/02/2016,458.5,463,468.25,,,
9/02/2016,457.5,461.75,466.5,,,
10/02/2016,461.25,465,469.5,,,
11/02/2016,458.25,463.5,468.75,,,
12/02/2016,457.5,462.5,467.75,,,
16/02/2016,464.25,469,474,,,
17/02/2016,468.5,474.5,480.25,,,
18/02/2016,462.25,468.5,475.5,,,
19/02/2016,461.75,466.75,474,,,
22/02/2016,458.5,464,471.75,,,
23/02/2016,448,455.75,464,,,
24/02/2016,442.75,451.25,459.75,,,
25/02/2016,445.25,454,462.25,,,
26/02/2016,443.25,452.25,459.5,,,
29/02/2016,445,453.25,460.25,,,
1/03/2016,438.5,446,452.5,,,
2/03/2016,442.75,450.25,456.25,,,
3/03/2016,453.25,459.75,465.75,,,
4/03/2016,454.75,460.75,466.75,,,
7/03/2016,457.75,462.75,469,,,
8/03/2016,461.25,465.25,471.75,,,
9/03/2016,463.75,468.25,474.75,,,
10/03/2016,471.5,477,483.25,,,
11/03/2016,469.75,475.75,482.75,,,
14/03/2016,471.5,478.75,485.75,,,
15/03/2016,477.25,484.5,494.25,,,
16/03/2016,470.75,478.25,488,,,
17/03/2016,462.5,470,479.75,,,
18/03/2016,463,470.25,480,,,
21/03/2016,466.5,473.5,483.5,,,
22/03/2016,466.75,474.5,484.5,,,
23/03/2016,463,470.75,480.75,,,
24/03/2016,463,470.75,480.75,,,
28/03/2016,471,478,488,,,
29/03/2016,476.75,483.75,493.25,,,
30/03/2016,464,471.5,481.5,,,
31/03/2016,473.5,480.75,490.25,,,
1/04/2016,475.75,483,492.5,,,
4/04/2016,474.75,481.25,490.75,,,
5/04/2016,474,480.75,490.25,,,
6/04/2016,463,469.75,479.5,,,
7/04/2016,457,464.5,474.25,,,
8/04/2016,460.25,466.75,476.25,,,
11/04/2016,447.25,454.25,464.25,,,
12/04/2016,452.5,458.75,468.25,,,
13/04/2016,461.5,467.5,477,,,
14/04/2016,459.75,466.75,476.75,,,
15/04/2016,459.75,467.5,477,,,
18/04/2016,472.75,481,489.75,,,
19/04/2016,486.25,494.25,503.5,,,
20/04/2016,504.25,512.25,521,,,
21/04/2016,495.75,503.5,512.25,,,
22/04/2016,467,474,483.5,,,
25/04/2016,471.25,477.75,487.25,,,
26/04/2016,479.75,487.75,497.25,,,
27/04/2016,474.25,483.5,493.25,,,
28/04/2016,475.5,485.5,495.25,,,
29/04/2016,478,488.5,498.25,,,
2/05/2016,477,487.75,498.5,,,
3/05/2016,459.75,470.75,481.25,,,
4/05/2016,460.5,471.25,481.5,,,
5/05/2016,453,463.25,473.25,,,
6/05/2016,453.25,463.75,474.5,,,
9/05/2016,447,456.5,467.25,,,
10/05/2016,451.5,461.25,472,,,
11/05/2016,449.5,459,469.25,,,
12/05/2016,458.5,468,477.75,,,
13/05/2016,465,474.75,484,,,
16/05/2016,474.75,484,499,,,
17/05/2016,481.75,491.25,506,,,
18/05/2016,480,490,506,,,
19/05/2016,468.75,479.5,497.5,,,
20/05/2016,467.75,478.75,496.5,,,
23/05/2016,462,473,491,,,
24/05/2016,464,475,493.25,,,
25/05/2016,466,477.25,495,,,
26/05/2016,481.25,491.75,508.5,,,
27/05/2016,481.5,491.75,508.25,,,
31/05/2016,464.5,475.5,493.5,,,
1/06/2016,473.75,485,503,,,
2/06/2016,485.5,496.25,514,,,
3/06/2016,497.25,506.75,523,,,
6/06/2016,507.5,517.75,535.5,,,
7/06/2016,509,519.25,538,,,
8/06/2016,519.5,530.5,548.25,,,
9/06/2016,510.25,521.5,539.5,,,
10/06/2016,495,506.5,524.75,,,
13/06/2016,491.25,503.25,523.25,,,
14/06/2016,485,497.75,518.25,,,
15/06/2016,477.5,489.5,510.25,,,
16/06/2016,472.5,484.75,504.25,,,
17/06/2016,481.25,494.75,513,,,
20/06/2016,473,487.5,507.5,,,
21/06/2016,458.5,472.5,493.25,,,
22/06/2016,458.75,472.25,493,,,
23/06/2016,454.25,465.75,486.25,,,
24/06/2016,454.75,465,484.75,,,
27/06/2016,446.75,458.25,478,,,
28/06/2016,443.75,457.25,477,,,
29/06/2016,429.5,444.5,465.25,,,
30/06/2016,431.25,445.5,465.5,,,
1/07/2016,416.25,430.25,450.75,,,
5/07/2016,419.5,433.5,453.5,,,
6/07/2016,415.75,428.5,448,,,
7/07/2016,412,425.5,446.25,,,
8/07/2016,420.75,435,456.5,,,
11/07/2016,416.25,430.5,453,,,
12/07/2016,424,438.5,461,,,
13/07/2016,426.25,439.75,463,,,
14/07/2016,421.75,434,458.5,,,
15/07/2016,424.75,449.75,472.75,,,
18/07/2016,429.5,454.5,477.75,,,
19/07/2016,418,442.5,465.5,,,
20/07/2016,413,436,459,,,
21/07/2016,417.75,441.25,464.5,,,
22/07/2016,425.25,450.25,475.25,,,
25/07/2016,429,456.25,483.5,,,
26/07/2016,415,442,469.25,,,
27/07/2016,414.75,441.5,467.25,,,
28/07/2016,410.25,437.25,462,,,
29/07/2016,407.75,435.75,460.25,,,
1/08/2016,406,433,458.5,,,
2/08/2016,401.25,428,454.5,,,
3/08/2016,410.25,436.25,462.25,,,
4/08/2016,403.25,430.5,457,,,
5/08/2016,416,438,459.75,,,
8/08/2016,417,438.75,459.75,,,
9/08/2016,417,436.75,459.25,,,
10/08/2016,421.75,441.5,462.75,,,
11/08/2016,416.25,437,460.25,,,
12/08/2016,422.5,440,462,,,
15/08/2016,422,438.25,456.25,,,
16/08/2016,423.5,439.5,457.75,,,
17/08/2016,426,443,461.25,,,
18/08/2016,427,444.25,462.5,,,
19/08/2016,427,444.75,464,,,
22/08/2016,415.25,435.25,458,,,
23/08/2016,407.75,427.5,450,,,
24/08/2016,404,426.25,448.5,,,
25/08/2016,401.25,423.75,446.75,,,
26/08/2016,383.5,407.5,432,,,
29/08/2016,370.5,397,421,,,
30/08/2016,363.25,392.25,415,,,
31/08/2016,361,388.25,410.25,,,
1/09/2016,368.25,394.75,416.75,,,
2/09/2016,373.25,399.25,421.25,,,
6/09/2016,371,398.5,419.25,,,
7/09/2016,375.25,402.75,422.25,,,
8/09/2016,377,406,427.25,,,
9/09/2016,376,403.5,424.75,,,
12/09/2016,383.25,409.25,430,,,
13/09/2016,374.75,401,421.75,,,
14/09/2016,376.75,403,424.5,,,
15/09/2016,399.5,422.25,437,,,
16/09/2016,403.25,425,439,,,
19/09/2016,404,424.75,438.25,,,
20/09/2016,406,426.75,440,,,
21/09/2016,407.75,429.25,442.75,,,
22/09/2016,405.5,428.25,442,,,
23/09/2016,404.75,428,441.75,,,
26/09/2016,396,419.75,433.75,,,
27/09/2016,404,426,439.5,,,
28/09/2016,403.25,426,439.75,,,
29/09/2016,399,421.75,435.5,,,
30/09/2016,402,424.75,438,,,
3/10/2016,395.5,417.25,430.5,,,
4/10/2016,395.5,417,430.25,,,
5/10/2016,405,425.75,439.5,,,
6/10/2016,395.75,417,431.25,,,
7/10/2016,394.75,414.75,428.75,,,
10/10/2016,403.75,423.75,437,,,
11/10/2016,407.25,425,438,,,
12/10/2016,396.75,416.5,430,,,
13/10/2016,416,434.75,448.5,,,
14/10/2016,421,439.25,452.5,,,
17/10/2016,423.75,442,455.75,,,
18/10/2016,420,440,454,,,
19/10/2016,420.25,440.75,455.25,,,
20/10/2016,417,437.5,452.75,,,
21/10/2016,414.5,435,450.5,,,
24/10/2016,402.5,424.5,441,,,
25/10/2016,404.25,426.75,442.75,,,
26/10/2016,411.5,432,447.25,,,
27/10/2016,414.5,433.5,448.75,,,
28/10/2016,408.5,428.25,443.75,,,
31/10/2016,416.25,433.75,448.25,,,
1/11/2016,414.25,431.5,446,,,
2/11/2016,417.75,434.5,449,,,
3/11/2016,412,429.75,445,,,
4/11/2016,414.25,432,446.75,,,
7/11/2016,410,427.75,443.5,,,
8/11/2016,415.25,432,448,,,
9/11/2016,406.75,424.5,440.5,,,
10/11/2016,404.75,422.75,437.5,,,
11/11/2016,403,421.5,436.75,,,
14/11/2016,394,412.5,426.25,,,
15/11/2016,399,418.75,432.25,,,
16/11/2016,397,414.25,428,,,
17/11/2016,403,420,433.25,,,
18/11/2016,408,425.25,439,,,
21/11/2016,410.25,427,440.5,,,
22/11/2016,407.25,427.25,441.25,,,
23/11/2016,401.5,423.75,437.25,,,
25/11/2016,395.75,419.5,434,,,
28/11/2016,389.5,416.5,430.25,,,
29/11/2016,384,408.75,422.25,,,
30/11/2016,380.5,402.75,415.5,,,
1/12/2016,371.5,395.5,408.75,,,
2/12/2016,387.5,404.25,417,,,
5/12/2016,389.25,408.25,420.25,,,
6/12/2016,389.5,406.75,419.25,,,
7/12/2016,386.25,401,412.5,,,
8/12/2016,390.75,408.25,418.75,,,
9/12/2016,400.25,416.25,426.5,,,
12/12/2016,401.25,417.25,427.75,,,
13/12/2016,398,417.5,428.25,,,
14/12/2016,391.5,418,429,,,
15/12/2016,409.25,421.25,433.75,,,
16/12/2016,409.25,421.75,434.75,,,
19/12/2016,405,417.5,431.25,,,
20/12/2016,403.25,416,430.5,,,
21/12/2016,399.5,412.25,426.5,,,
22/12/2016,397,410,424,,,
23/12/2016,393.5,406.75,420.75,,,
27/12/2016,409.5,421.5,434.5,,,
28/12/2016,401.5,414.5,428.5,,,
29/12/2016,404.75,417.75,431.75,,,
30/12/2016,408,420.5,434.25,,,
3/01/2017,406.5,418,431.5,,,
4/01/2017,418.5,429.25,442,,,
5/01/2017,426.25,436.5,449.25,,,
6/01/2017,423.25,434.75,448.25,,,
9/01/2017,427.25,440,454,,,
10/01/2017,426.75,439.75,454.25,,,
11/01/2017,418.75,432.25,447.25,,,
12/01/2017,426.25,439.25,453.5,,,
13/01/2017,426,439.75,454.75,,,
17/01/2017,433.5,448.25,463.25,,,
18/01/2017,431,446,461.5,,,
19/01/2017,423.5,439.25,455.25,,,
20/01/2017,428.25,443.25,458.5,,,
23/01/2017,433.25,447,461.5,,,
24/01/2017,426.75,441,456,,,
25/01/2017,424.5,438.5,453.5,,,
26/01/2017,427,440.5,455,,,
27/01/2017,420.5,434.5,449.25,,,
30/01/2017,414,428.25,442.5,,,
31/01/2017,420.75,433.5,447.25,,,
1/02/2017,433.75,446,459.75,,,
2/02/2017,434.5,447,460.75,,,
3/02/2017,430.25,443,456.25,,,
6/02/2017,422.5,435.5,448.75,,,
7/02/2017,430.75,442.5,455.25,,,
8/02/2017,432.5,443.5,456,,,
9/02/2017,443.5,455.25,467,,,
10/02/2017,449,463,474.75,,,
13/02/2017,452.25,467,478.75,,,
14/02/2017,449.5,463.5,475.5,,,
15/02/2017,454.75,468.25,480,,,
16/02/2017,447.75,461.25,473.75,,,
17/02/2017,441,455.5,468.5,,,
21/02/2017,436,449.75,464.25,,,
22/02/2017,441.25,456,469.75,,,
23/02/2017,438,453.5,467,,,
24/02/2017,431.25,448,462,,,
27/02/2017,418.75,438.75,453.25,,,
28/02/2017,424.75,443.75,458.5,,,
1/03/2017,435.5,457,470.75,,,
2/03/2017,432,452.75,467,,,
3/03/2017,433.75,453.5,468.25,,,
6/03/2017,438.25,458.5,473,,,
7/03/2017,436,456.5,471.5,,,
8/03/2017,427.5,447,462.75,,,
9/03/2017,426,444,459.75,,,
10/03/2017,422.75,440.5,456.25,,,
13/03/2017,412.25,430.5,446.5,,,
14/03/2017,412,430.5,445.75,,,
15/03/2017,436,450.75,465.25,,,
16/03/2017,436,451,465.5,,,
17/03/2017,436.25,451.5,466.75,,,
20/03/2017,430.25,445.5,460.75,,,
21/03/2017,426.5,442.25,458.25,,,
22/03/2017,422.25,437.5,453.5,,,
23/03/2017,421,436,451,,,
24/03/2017,424.75,439.5,454.5,,,
27/03/2017,420.75,434.75,450,,,
28/03/2017,424.5,437.5,452.5,,,
29/03/2017,425.5,438.5,453.75,,,
30/03/2017,421,434,449.25,,,
31/03/2017,426.5,439,453.5,,,
3/04/2017,427.75,440.25,454.5,,,
4/04/2017,427,440,454.5,,,
5/04/2017,429.75,442.5,456.75,,,
6/04/2017,423.25,436,450.25,,,
7/04/2017,424,436.25,449.75,,,
10/04/2017,428.75,441.75,455,,,
11/04/2017,433.25,447.5,461,,,
12/04/2017,433.25,446.25,459.75,,,
13/04/2017,429.75,442.75,455.75,,,
17/04/2017,421,435.75,449.5,,,
18/04/2017,422.5,437,450.75,,,
19/04/2017,419,434.5,448.5,,,
20/04/2017,406.25,421.75,436.5,,,
21/04/2017,405,421,435.5,,,
24/04/2017,402.5,419.25,434.25,,,
25/04/2017,408.75,427,441,,,
26/04/2017,407.75,426.5,439.25,,,
27/04/2017,413.5,431.25,444.5,,,
28/04/2017,418.5,432.25,445.75,,,
1/05/2017,442.75,456,468.75,,,
2/05/2017,441.5,454,468,,,
3/05/2017,443,454,467.25,,,
4/05/2017,426,437.75,452.25,,,
5/05/2017,427.5,442.25,456.25,,,
8/05/2017,418,433.5,448.75,,,
9/05/2017,421.75,429.5,444.5,,,
10/05/2017,424,431.75,446.75,,,
11/05/2017,426,433.75,448,,,
12/05/2017,425,432.75,446.75,,,
15/05/2017,423.25,438,458.75,,,
16/05/2017,424.25,438.25,459.5,,,
17/05/2017,427,440.25,461.75,,,
18/05/2017,425.75,439.75,461.5,,,
19/05/2017,435.25,448.5,469.75,,,
22/05/2017,434.25,448,469.75,,,
23/05/2017,429.5,444,466.25,,,
24/05/2017,432.5,446,467.75,,,
25/05/2017,430.75,444.25,466.5,,,
26/05/2017,438.25,451.25,473.5,,,
30/05/2017,429.5,444,466.5,,,
31/05/2017,429.25,443.75,466.5,,,
1/06/2017,429,443.5,466,,,
2/06/2017,429.5,443.75,465,,,
5/06/2017,429.5,443.75,463.75,,,
6/06/2017,435.75,450.25,471,,,
7/06/2017,444.75,459.25,480,,,
8/06/2017,449.25,463.25,484.5,,,
9/06/2017,445.75,460,481.25,,,
12/06/2017,434,448.5,470.75,,,
13/06/2017,445,459.25,480.75,,,
14/06/2017,443,457.25,479,,,
15/06/2017,453.75,469,490.5,,,
16/06/2017,465.25,481.5,502.75,,,
19/06/2017,467,483,503.75,,,
20/06/2017,472.5,487.75,509,,,
21/06/2017,464.5,479.5,502,,,
22/06/2017,461.25,475.25,497.5,,,
23/06/2017,459.75,473.5,495.25,,,
26/06/2017,450,465.5,488,,,
27/06/2017,453.25,469,491.25,,,
28/06/2017,457.25,473,495.25,,,
29/06/2017,480.25,496,515.5,,,
30/06/2017,511,526,545,,,
3/07/2017,536.75,555,574,,,
5/07/2017,539.25,560,580,,,
6/07/2017,519,539,561.25,,,
7/07/2017,515.25,535,557.75,,,
10/07/2017,530.5,550,574,,,
11/07/2017,535.5,553,576.5,,,
12/07/2017,522.5,537,560.5,,,
13/07/2017,495.5,511.75,535,,,
14/07/2017,494.75,510.75,534.75,,,
17/07/2017,506,530.25,550,,,
18/07/2017,503.75,526.75,546,,,
19/07/2017,503,526.75,546.5,,,
20/07/2017,505.75,529.25,549.5,,,
21/07/2017,499.25,522.5,543,,,
24/07/2017,488.75,513.5,536.25,,,
25/07/2017,474,499,522,,,
26/07/2017,477.75,502.75,524,,,
27/07/2017,479.75,504.75,525.25,,,
28/07/2017,481,506,526.25,,,
31/07/2017,474.5,499.75,520.75,,,
1/08/2017,461.25,487.75,509.5,,,
2/08/2017,460.75,487.75,509.25,,,
3/08/2017,457.75,485,506.5,,,
4/08/2017,454.75,482.5,503.75,,,
7/08/2017,463.5,490.75,511.25,,,
8/08/2017,457,484,504.75,,,
9/08/2017,459.5,486.75,507.5,,,
10/08/2017,440.5,468.75,490.25,,,
11/08/2017,439.25,467,488.75,,,
14/08/2017,441,467.75,488,,,
15/08/2017,429.5,456,477.25,,,
16/08/2017,419.25,447,469.5,,,
17/08/2017,414,440.75,463.75,,,
18/08/2017,416,442.5,465.25,,,
21/08/2017,409.5,437,460.25,,,
22/08/2017,402.25,429,452.75,,,
23/08/2017,403.25,430,453,,,
24/08/2017,409,434.5,457.25,,,
25/08/2017,409.5,435.25,458.25,,,
28/08/2017,400,428,451.5,,,
29/08/2017,402.75,429.75,453.5,,,
30/08/2017,403.5,429.75,452.75,,,
31/08/2017,410.25,434.5,457,,,
1/09/2017,420.5,438.75,460,,,
5/09/2017,430.5,443,463.25,,,
6/09/2017,421.75,445.75,467,,,
7/09/2017,413.5,437.25,458.75,,,
8/09/2017,413.75,437.75,459.25,,,
11/09/2017,412.25,434.75,455.25,,,
12/09/2017,419.5,442,462,,,
13/09/2017,420.75,443.25,462.75,,,
14/09/2017,428.25,443,462.5,,,
15/09/2017,449,468,481,,,
18/09/2017,443.5,463.75,477,,,
19/09/2017,443,464,478,,,
20/09/2017,449.75,469.75,483.25,,,
21/09/2017,452.5,472,485,,,
22/09/2017,449.5,469.5,483,,,
25/09/2017,454,473.75,487,,,
26/09/2017,453.75,473.5,487,,,
27/09/2017,461.5,480.75,493.5,,,
28/09/2017,455,474.25,487.25,,,
29/09/2017,448.25,466.5,479.25,,,
2/10/2017,444.75,463.25,476.5,,,
3/10/2017,448,465.5,478.25,,,
4/10/2017,442,460.5,474.25,,,
5/10/2017,440.75,459.5,473.75,,,
6/10/2017,443.5,462.75,476.75,,,
9/10/2017,436,456,470,,,
10/10/2017,435.25,455.25,468.75,,,
11/10/2017,433.25,452.25,464.75,,,
12/10/2017,430.5,449.5,461.75,,,
13/10/2017,439.5,458,470.5,,,
16/10/2017,436.5,455,468.25,,,
17/10/2017,434.75,453.75,467.5,,,
18/10/2017,430,449.25,463.5,,,
19/10/2017,432.75,451.25,465.25,,,
20/10/2017,426,444.5,458.75,,,
23/10/2017,436.75,455,468.75,,,
24/10/2017,438,456,469.5,,,
25/10/2017,435.5,453.75,467.75,,,
26/10/2017,431.75,450.25,464.25,,,
27/10/2017,427.25,445.25,459.25,,,
30/10/2017,424.75,443,456.5,,,
31/10/2017,418.5,436,449.25,,,
1/11/2017,418,436,449.25,,,
2/11/2017,426,444.5,457.75,,,
3/11/2017,425.75,444.5,457.5,,,
6/11/2017,430.75,448.25,460.75,,,
7/11/2017,427.25,444.75,457.25,,,
8/11/2017,426.75,443.75,456,,,
9/11/2017,429,445,456,,,
10/11/2017,431.5,449,460,,,
13/11/2017,424.25,443.25,455,,,
14/11/2017,428,445.25,456.75,,,
15/11/2017,420,437.75,450,,,
16/11/2017,421.5,438,449.75,,,
17/11/2017,427.25,443.5,454.25,,,
20/11/2017,422,438.5,449.75,,,
21/11/2017,424.75,441.25,453,,,
22/11/2017,422.75,440.75,453.5,,,
24/11/2017,415.75,434.75,447.5,,,
27/11/2017,409.5,428.25,441,,,
28/11/2017,410.75,429.25,440.75,,,
29/11/2017,416.5,434.75,446,,,
30/11/2017,409.25,433,445,,,
1/12/2017,414.5,438.5,451,,,
4/12/2017,410.25,435.25,447.5,,,
5/12/2017,406,432.75,445,,,
6/12/2017,398.5,425.25,438,,,
7/12/2017,394.25,421.5,435,,,
8/12/2017,392,419,432.25,,,
11/12/2017,387.75,413.5,427.25,,,
12/12/2017,387.25,410.75,424,,,
13/12/2017,392.25,416.75,429.25,,,
14/12/2017,395,418.25,430.75,,,
15/12/2017,418.25,430.75,444,,,
18/12/2017,420.5,433.5,446.75,,,
19/12/2017,419.5,432.75,446.5,,,
20/12/2017,423.5,436.25,450,,,
21/12/2017,427,439,451.75,,,
22/12/2017,424.75,437.5,450,,,
26/12/2017,422.25,435.5,448.5,,,
27/12/2017,428,441.25,454.5,,,
28/12/2017,427.75,440.75,454.25,,,
29/12/2017,427,440.25,453.25,,,
2/01/2018,433.5,446.25,459.75,,,
3/01/2018,436,448.25,460.75,,,
4/01/2018,434,446.5,459.25,,,
5/01/2018,430.75,442.75,455.75,,,
8/01/2018,427.75,440.5,453,,,
9/01/2018,432.25,445.25,457.5,,,
10/01/2018,434.25,447.75,460.5,,,
11/01/2018,433.25,446.75,458.75,,,
12/01/2018,420.5,434.25,446.5,,,
16/01/2018,416.5,430,443.75,,,
17/01/2018,421.5,434.5,447.75,,,
18/01/2018,425.25,438.25,451.25,,,
19/01/2018,422.75,435.5,448.75,,,
22/01/2018,425.75,438.5,452,,,
23/01/2018,421.5,434.25,448,,,
24/01/2018,433,445.5,458.25,,,
25/01/2018,434.5,447.25,459.75,,,
26/01/2018,441,453.75,466.5,,,
29/01/2018,449.25,462,474.5,,,
30/01/2018,457.25,470.75,483.5,,,
31/01/2018,451.75,465.5,479,,,
1/02/2018,451,464.25,478,,,
2/02/2018,446.75,459.75,473.5,,,
5/02/2018,440.25,452.5,467,,,
6/02/2018,446.25,459,473,,,
7/02/2018,460.5,473,486.25,,,
8/02/2018,456.25,469.25,482.5,,,
9/02/2018,449,461,474.75,,,
12/02/2018,464,476,489.5,,,
13/02/2018,460.75,473.75,487.5,,,
14/02/2018,455.75,469.25,483.75,,,
15/02/2018,461.75,475.25,490,,,
16/02/2018,457.75,471.5,486.5,,,
20/02/2018,449.25,462.5,478.25,,,
21/02/2018,447.25,459.5,474.75,,,
22/02/2018,451.25,464.25,479,,,
23/02/2018,452.25,464.25,479,,,
26/02/2018,459.5,472.75,487.5,,,
27/02/2018,463.25,477,491.25,,,
28/02/2018,484.5,495,507.25,,,
1/03/2018,505.5,515.5,528.5,,,
2/03/2018,492,500,514.5,,,
5/03/2018,502.25,509.25,523.25,,,
6/03/2018,502,507,521.25,,,
7/03/2018,493,497.25,513,,,
8/03/2018,494.75,499.25,515.25,,,
9/03/2018,489,489.25,505.5,,,
12/03/2018,489.75,490.75,507.5,,,
13/03/2018,485.5,486.5,504.5,,,
14/03/2018,495.75,488.75,506.25,,,
15/03/2018,478.75,496,512.5,,,
16/03/2018,467.75,485,502,,,
19/03/2018,450.75,467.75,484.5,,,
20/03/2018,453,468.75,485.25,,,
21/03/2018,453.5,469.25,485.5,,,
22/03/2018,455.75,472,488,,,
23/03/2018,460.25,476.5,492.5,,,
26/03/2018,454.25,471.5,487.75,,,
27/03/2018,449,466.5,483.25,,,
28/03/2018,445.5,462.75,479.5,,,
29/03/2018,451,468.5,485.25,,,
2/04/2018,446.25,463.5,480.75,,,
3/04/2018,457.5,474,490.75,,,
4/04/2018,455.75,473,490,,,
5/04/2018,464.75,481.25,498,,,
6/04/2018,472.25,488.5,505.5,,,
9/04/2018,490.75,506,522.5,,,
10/04/2018,492,508.5,525.75,,,
11/04/2018,487.25,504.25,522.75,,,
12/04/2018,481,498.25,516.75,,,
13/04/2018,472.5,489.25,507.75,,,
16/04/2018,462.25,479,497.5,,,
17/04/2018,466.25,481.5,499.25,,,
18/04/2018,475.25,489.25,507,,,
19/04/2018,476.75,490.75,508.5,,,
20/04/2018,463.25,477.25,495.75,,,
23/04/2018,461.5,474.5,493.25,,,
24/04/2018,472.5,484.25,501.75,,,
25/04/2018,486.25,499,515.25,,,
26/04/2018,480.75,489.5,506.75,,,
27/04/2018,495.5,498.5,515.5,,,
30/04/2018,512.5,510.5,526.25,,,
1/05/2018,529.75,529.25,544,,,
2/05/2018,525.75,526.75,542.25,,,
3/05/2018,540.5,538,552.75,,,
4/05/2018,527.5,526.25,541.75,,,
7/05/2018,514,511.5,528.75,,,
8/05/2018,517.75,514.5,531.5,,,
9/05/2018,514.5,510.5,527.25,,,
10/05/2018,507.75,506.5,523,,,
11/05/2018,489.5,498.75,515.75,,,
14/05/2018,480.5,491.25,508,,,
15/05/2018,493.5,509.75,531.5,,,
16/05/2018,494.25,510.25,531.75,,,
17/05/2018,497.5,513.5,534.75,,,
18/05/2018,518.25,534,554.75,,,
21/05/2018,507.25,524.5,546.75,,,
22/05/2018,521.5,538.5,559.75,,,
23/05/2018,531,547.75,568.25,,,
24/05/2018,530.25,547,566.5,,,
25/05/2018,543,559.75,578.5,,,
29/05/2018,536.5,553.5,572,,,
30/05/2018,522,539,558.25,,,
31/05/2018,526.25,543,562.75,,,
1/06/2018,523.25,540.75,561.75,,,
4/06/2018,505.25,522.75,545,,,
5/06/2018,510,527.5,549.5,,,
6/06/2018,519.75,537.5,558.25,,,
7/06/2018,526.75,544.25,565.25,,,
8/06/2018,520,536.75,559,,,
11/06/2018,514.5,530.75,553.5,,,
12/06/2018,534.5,550,572.25,,,
13/06/2018,516.5,532.75,556,,,
14/06/2018,501.5,517.25,540,,,
15/06/2018,499.5,513.5,534.25,,,
18/06/2018,490,501.5,521.25,,,
19/06/2018,477.75,489.5,509.25,,,
20/06/2018,488.25,499.25,517,,,
21/06/2018,495.25,506.75,523,,,
22/06/2018,491.25,504.25,521.5,,,
25/06/2018,476.75,490.5,508.5,,,
26/06/2018,469.5,483,500.5,,,
27/06/2018,479.5,488.5,503.75,,,
28/06/2018,479.5,483.5,499.5,,,
29/06/2018,497.5,501.25,516.75,,,
2/07/2018,480.25,480.25,496.75,,,
3/07/2018,491.5,491,506.5,,,
5/07/2018,504,505.5,519.75,,,
6/07/2018,512.75,515.25,530,,,
9/07/2018,507.75,508,525,,,
10/07/2018,489.5,492,510,,,
11/07/2018,469.75,471.75,490.5,,,
12/07/2018,482.5,484.5,501.25,,,
13/07/2018,481.5,497,512.5,,,
16/07/2018,488.5,504,519,,,
17/07/2018,497.75,512.25,526,,,
18/07/2018,494.5,510.75,526.25,,,
19/07/2018,504.25,520.5,536,,,
20/07/2018,516,533,548.75,,,
23/07/2018,513.75,532.25,549.5,,,
24/07/2018,510.25,529.25,546.5,,,
25/07/2018,542.75,561.75,576.75,,,
26/07/2018,536.5,556.5,572,,,
27/07/2018,530.5,550,566,,,
30/07/2018,546.5,566.5,581.75,,,
31/07/2018,553.75,573.25,587.75,,,
1/08/2018,558.25,578.75,594,,,
2/08/2018,560.5,582.75,600,,,
3/08/2018,556.25,579.75,599.25,,,
6/08/2018,574.5,597.25,615,,,
7/08/2018,568.25,590,609.25,,,
8/08/2018,570,591.25,611.5,,,
9/08/2018,564.5,586.5,607,,,
10/08/2018,546.75,569.5,591,,,
13/08/2018,533.5,553.5,575.5,,,
14/08/2018,541.75,561.25,582.75,,,
15/08/2018,532.25,551.75,574.25,,,
16/08/2018,542.25,562,584.75,,,
17/08/2018,560.5,579.75,601.5,,,
20/08/2018,542.25,562.5,585.25,,,
21/08/2018,527.25,547.75,571.25,,,
22/08/2018,526,545.25,568.5,,,
23/08/2018,522,541.75,564.5,,,
24/08/2018,514.75,536.5,559.5,,,
27/08/2018,499.25,522.5,546.25,,,
28/08/2018,498.25,523.25,545.75,,,
29/08/2018,515.75,541.75,562.5,,,
30/08/2018,508,535,555.5,,,
31/08/2018,518.5,545.5,565.5,,,
4/09/2018,502.75,531.5,551.5,,,
5/09/2018,493.75,521.75,542.5,,,
6/09/2018,486,513.75,535,,,
7/09/2018,486.25,511.25,531.5,,,
10/09/2018,504,528.25,546.75,,,
11/09/2018,493.75,518.75,537.75,,,
12/09/2018,481.75,506.75,527,,,
13/09/2018,471.75,497,517.75,,,
14/09/2018,480,511.5,530.25,,,
17/09/2018,506.25,525.25,539.25,,,
18/09/2018,510.5,529,541.5,,,
19/09/2018,522.5,540.25,551.75,,,
20/09/2018,524,542.5,553.75,,,
21/09/2018,521.75,540.75,553,,,
24/09/2018,527,545.5,557.25,,,
25/09/2018,520.75,539.5,551.25,,,
26/09/2018,517.5,536,547.25,,,
27/09/2018,513,530.75,541.25,,,
28/09/2018,509,527.25,538.25,,,
1/10/2018,509.5,528.75,541,,,
2/10/2018,519.25,538,549,,,
3/10/2018,515.25,534.75,546,,,
4/10/2018,518,536.75,547.5,,,
5/10/2018,521,540.25,550.25,,,
8/10/2018,514,534,544.25,,,
9/10/2018,515,535.25,546.25,,,
10/10/2018,510.5,531.25,543.5,,,
11/10/2018,508,529.25,541.5,,,
12/10/2018,517.25,537.5,549.25,,,
15/10/2018,525,543.75,555.25,,,
16/10/2018,523.5,543.5,554.5,,,
17/10/2018,517.5,538,549,,,
18/10/2018,513,533.5,545.75,,,
19/10/2018,514.75,534.25,547,,,
22/10/2018,508,527.5,540.25,,,
23/10/2018,509,529.25,542.25,,,
24/10/2018,499.5,519.75,533,,,
25/10/2018,487.25,507.75,521,,,
26/10/2018,505.25,524.25,536.75,,,
29/10/2018,507.25,526,538.25,,,
30/10/2018,499.75,517.5,530,,,
31/10/2018,500.5,516,527.5,,,
1/11/2018,508,522.75,534.25,,,
2/11/2018,508.75,524,535.75,,,
5/11/2018,507.25,523,534.75,,,
6/11/2018,512,527.25,538.25,,,
7/11/2018,510.25,522.5,533,,,
8/11/2018,507.75,519.75,530.25,,,
9/11/2018,502,512.25,519.5,,,
12/11/2018,519.75,526.5,534,,,
13/11/2018,507.75,517.75,526.5,,,
14/11/2018,503,512,521,,,
15/11/2018,505.5,514.75,523,,,
16/11/2018,506.75,515.25,522.25,,,
19/11/2018,498.5,506.5,513.5,,,
20/11/2018,500.75,508.5,515.25,,,
21/11/2018,498.75,506.75,513.25,,,
23/11/2018,499.75,507.25,513,,,
26/11/2018,507.5,514,518.75,,,
27/11/2018,498,506.5,512.5,,,
28/11/2018,497.5,511.5,519,,,
29/11/2018,496.5,507.75,514.5,,,
30/11/2018,515.75,515.75,521.25,,,
3/12/2018,515.75,521.25,527.5,,,
4/12/2018,519.25,522.5,527.75,,,
5/12/2018,514.5,518,523.25,,,
6/12/2018,505.25,515.5,521,,,
7/12/2018,519.5,531.25,536,,,
10/12/2018,514.75,525.25,531.5,,,
11/12/2018,509.75,521,528.5,,,
12/12/2018,515.25,526.5,532.25,,,
13/12/2018,527.75,536,541.75,,,
14/12/2018,527.75,530,536.5,,,
17/12/2018,535.25,541.75,547.75,,,
18/12/2018,532.75,539.25,545.75,,,
19/12/2018,522.5,529.75,537,,,
20/12/2018,523.5,531,538.25,,,
21/12/2018,514,521.25,528.75,,,
24/12/2018,516.5,523.5,532,,,
26/12/2018,510,517.75,525.75,,,
27/12/2018,510.5,517.75,525.75,,,
28/12/2018,511.5,518.75,526.25,,,
31/12/2018,503.25,510.5,518.5,,,
2/01/2019,506.75,513,520.25,,,
3/01/2019,513.75,520,527,,,
4/01/2019,517,522.75,529.5,,,
7/01/2019,516.75,521.5,527,,,
8/01/2019,517.75,523.5,529,,,
9/01/2019,520,526,530.75,,,
10/01/2019,513.75,519.75,524.25,,,
11/01/2019,519.5,525,529.5,,,
14/01/2019,514.25,519.75,524.5,,,
15/01/2019,511,516,520.5,,,
16/01/2019,512.5,518,523,,,
17/01/2019,517.75,523,528.25,,,
18/01/2019,517.75,523.5,528.75,,,
22/01/2019,521.25,527,532.75,,,
23/01/2019,526,531.75,537.5,,,
24/01/2019,521.5,528.25,534,,,
25/01/2019,520,527,533,,,
28/01/2019,518.75,525.5,531.25,,,
29/01/2019,513.25,519.5,525,,,
30/01/2019,516.75,522.5,528,,,
31/01/2019,516.5,521.75,527,,,
1/02/2019,524.25,528.25,532,,,
4/02/2019,525.75,529.75,533.25,,,
5/02/2019,527.25,529.25,530.75,,,
6/02/2019,526,528.75,532.25,,,
7/02/2019,513.25,517,521.75,,,
8/02/2019,517.25,519.5,522.25,,,
11/02/2019,518.25,520.5,522.75,,,
12/02/2019,520,521.75,522,,,
13/02/2019,522.25,526,526.5,,,
14/02/2019,507,510.5,513.25,,,
15/02/2019,504.25,507,509.25,,,
19/02/2019,489.75,492.25,496.5,,,
20/02/2019,480.75,484.25,488.25,,,
21/02/2019,486.5,491,493.5,,,
22/02/2019,486.75,491.75,495,,,
25/02/2019,466.75,472.75,477.75,,,
26/02/2019,460.25,468.25,475.25,,,
27/02/2019,461,466.75,473.25,,,
28/02/2019,452.5,459.5,466.5,,,
1/03/2019,454,457.25,463.25,,,
4/03/2019,446.75,455.5,461,,,
5/03/2019,454.25,462.75,468,,,
6/03/2019,440.5,450,455.5,,,
7/03/2019,431.5,438.25,445,,,
8/03/2019,432.75,439.5,447.5,,,
11/03/2019,422.25,428.5,437,,,
12/03/2019,446.25,453,460.75,,,
13/03/2019,440.25,447.25,455.25,,,
14/03/2019,448.25,452.75,459.75,,,
15/03/2019,462.25,468.25,476.75,,,
18/03/2019,456.75,463.5,472,,,
19/03/2019,456.5,462.75,471.25,,,
20/03/2019,464.75,470,478.25,,,
21/03/2019,466.5,471.5,480,,,
22/03/2019,466,470.75,479.5,,,
25/03/2019,469.5,475,483.5,,,
26/03/2019,469.25,474.5,482.5,,,
27/03/2019,469.5,475,483.25,,,
28/03/2019,464.5,470.5,478.75,,,
29/03/2019,457.75,463.5,471,,,
1/04/2019,462.75,468,475.75,,,
2/04/2019,464,468.5,476,,,
3/04/2019,471,474.5,481.75,,,
4/04/2019,470.75,473.75,481.25,,,
5/04/2019,467.75,469.75,477.25,,,
8/04/2019,465.25,468.75,477.25,,,
9/04/2019,459.5,464,473,,,
10/04/2019,458,461.5,470.5,,,
11/04/2019,460.5,465.5,473,,,
12/04/2019,464.5,468.5,475.25,,,
15/04/2019,459.5,463.25,471.25,,,
16/04/2019,445,448.5,456.5,,,
17/04/2019,447,450.25,457,,,
18/04/2019,444.25,448.25,454.75,,,
22/04/2019,435.75,441.75,448.75,,,
23/04/2019,438.75,445,451.75,,,
24/04/2019,432.25,438.5,446,,,
25/04/2019,434.75,441.5,449.25,,,
26/04/2019,435,442.5,450.25,,,
29/04/2019,426.75,435.25,443.75,,,
30/04/2019,418.5,428.75,437.75,,,
1/05/2019,425,436,443.25,,,
2/05/2019,433.25,444,451.75,,,
3/05/2019,428,438,446.75,,,
6/05/2019,428,437.25,445.5,,,
7/05/2019,430.5,439.5,448,,,
8/05/2019,431.25,439,447.5,,,
9/05/2019,421.75,429.5,438.5,,,
10/05/2019,419,424.75,433.75,,,
13/05/2019,431.25,437,445.25,,,
14/05/2019,439.25,448.5,456,,,
15/05/2019,448.75,456.25,470.5,,,
16/05/2019,467,473.5,486.25,,,
17/05/2019,465,471.25,484.25,,,
20/05/2019,478.25,485.25,497.75,,,
21/05/2019,478.75,486,498.25,,,
22/05/2019,472.75,480.75,494.25,,,
23/05/2019,470.25,478.25,492.5,,,
24/05/2019,489.5,496.75,509.75,,,
28/05/2019,504.75,512,523.75,,,
29/05/2019,490.5,498.75,512,,,
30/05/2019,514.5,522.25,535.5,,,
31/05/2019,503,509.75,523.25,,,
3/06/2019,519.75,526,538.75,,,
4/06/2019,507.25,514.75,528.5,,,
5/06/2019,490.75,497.75,511,,,
6/06/2019,510,514.25,525.75,,,
7/06/2019,504.5,509.5,522.25,,,
10/06/2019,507.5,511.75,524.5,,,
11/06/2019,518,521.25,532,,,
12/06/2019,526.25,531,542.25,,,
13/06/2019,535.5,539,549.75,,,
14/06/2019,538.5,542,553.25,,,
17/06/2019,539.5,542.75,554,,,
18/06/2019,531.5,535.5,546.75,,,
19/06/2019,522.25,526.75,536,,,
20/06/2019,526.5,531.75,541.5,,,
21/06/2019,526,530.75,541.5,,,
24/06/2019,538,542.5,552.5,,,
25/06/2019,535.75,540,550.5,,,
26/06/2019,543.75,546.5,556.25,,,
27/06/2019,547.5,546.75,556.75,,,
28/06/2019,528,527.25,538.5,,,
1/07/2019,514,511.75,524.25,,,
2/07/2019,503.5,503.25,515.5,,,
3/07/2019,518,514,525.25,,,
5/07/2019,519.25,515,525.5,,,
8/07/2019,516.75,511,522.75,,,
9/07/2019,509.75,502.75,515.5,,,
10/07/2019,511.75,504.75,516.75,,,
11/07/2019,536.25,521.5,532.75,,,
12/07/2019,536.25,523,535,,,
15/07/2019,507.75,520,533,,,
16/07/2019,507.5,519.25,531.5,,,
17/07/2019,505.5,517.25,529.75,,,
18/07/2019,493.5,505.25,517.75,,,
19/07/2019,502.5,513.5,525.25,,,
22/07/2019,487.25,499,511.5,,,
23/07/2019,487.25,498.25,510.75,,,
24/07/2019,497.75,506.75,518.5,,,
25/07/2019,499.5,507.25,518.25,,,
26/07/2019,496,504.25,515.25,,,
29/07/2019,503.5,508.5,518,,,
30/07/2019,497.25,503,512.5,,,
31/07/2019,487.25,493.25,504.25,,,
1/08/2019,475.75,480.75,491.75,,,
2/08/2019,490.75,491.5,500.5,,,
5/08/2019,494.5,494.75,503.75,,,
6/08/2019,484,487.75,496,,,
7/08/2019,488.25,491.25,500,,,
8/08/2019,498.5,500,508,,,
9/08/2019,499.5,501.5,509,,,
12/08/2019,471.75,476.25,484,,,
13/08/2019,472,475.75,483.25,,,
14/08/2019,473.75,478.25,484,,,
15/08/2019,469,474.5,481,,,
16/08/2019,470.75,477.5,484,,,
19/08/2019,465.5,472.5,479.5,,,
20/08/2019,460,466.5,474.25,,,
21/08/2019,462.5,468,474.5,,,
22/08/2019,467.25,471.75,477.75,,,
23/08/2019,475.25,477.75,483.5,,,
26/08/2019,473,475.25,481.5,,,
27/08/2019,473.75,476.75,481.75,,,
28/08/2019,472.25,475.25,480.75,,,
29/08/2019,469.75,472.75,478.25,,,
30/08/2019,451.25,462.5,470,,,
3/09/2019,447.25,453.5,459.75,,,
4/09/2019,456.25,460.75,467,,,
5/09/2019,464,466.25,472.5,,,
6/09/2019,460.25,463.75,470.5,,,
9/09/2019,474.5,474.5,479,,,
10/09/2019,484.5,482.25,487.5,,,
11/09/2019,477.5,477.5,484,,,
12/09/2019,485.75,483.75,489.25,,,
13/09/2019,485.75,483.5,489.5,,,
16/09/2019,488.75,495.25,499.75,,,
17/09/2019,484.25,490.75,495.25,,,
18/09/2019,489.5,495.75,500,,,
19/09/2019,488,494.25,498.75,,,
20/09/2019,484.25,491,495.75,,,
23/09/2019,483,490,494.75,,,
24/09/2019,481.75,488.5,494,,,
25/09/2019,477.25,483.75,488.75,,,
26/09/2019,484.25,490.25,494.25,,,
27/09/2019,487.25,493.75,498.5,,,
30/09/2019,495.75,502.5,507.25,,,
1/10/2019,498.75,505.75,510.75,,,
2/10/2019,489,496.25,501.75,,,
3/10/2019,488.75,496.25,502,,,
4/10/2019,490.5,497.5,502.75,,,
7/10/2019,489.25,496.5,502,,,
8/10/2019,500.25,507.75,513,,,
9/10/2019,500.25,507,512,,,
10/10/2019,493,499.75,505.25,,,
11/10/2019,508,514,518.5,,,
14/10/2019,511,516.75,521.25,,,
15/10/2019,507,513.25,518.25,,,
16/10/2019,513.25,518.25,523,,,
17/10/2019,525.5,530.25,534,,,
18/10/2019,532.25,537,541.5,,,
21/10/2019,523.5,529.5,534.5,,,
22/10/2019,518,524.25,529.5,,,
23/10/2019,520.75,526,531,,,
24/10/2019,516,521.25,526.25,,,
25/10/2019,517.75,523.5,528.75,,,
28/10/2019,511.75,518,523.25,,,
29/10/2019,511.5,517.5,522.5,,,
30/10/2019,509.25,515,519.75,,,
31/10/2019,508.75,514.75,519.25,,,
1/11/2019,516,521.75,526.5,,,
4/11/2019,509.75,516.25,521.25,,,
5/11/2019,515.25,520.25,524.5,,,
6/11/2019,516.75,521.5,525.75,,,
7/11/2019,512.5,517.25,522.25,,,
8/11/2019,510.25,514.25,519.75,,,
11/11/2019,505.75,510.5,515.5,,,
12/11/2019,517,521.75,526.5,,,
13/11/2019,509,513.75,518.75,,,
14/11/2019,507.75,511,516,,,
15/11/2019,502.75,506,510.75,,,
18/11/2019,507.25,510.75,514.5,,,
19/11/2019,512,515.25,519,,,
20/11/2019,515.5,518.75,521.75,,,
21/11/2019,509,512,515.75,,,
22/11/2019,515.25,518.75,522.75,,,
25/11/2019,531,533,536.5,,,
26/11/2019,530.25,531,535,,,
27/11/2019,528.5,526.75,531,,,
29/11/2019,547.5,541.75,544.75,,,
2/12/2019,543.25,535.25,539,,,
3/12/2019,530.5,525.25,529.75,,,
4/12/2019,535,527.5,531.5,,,
5/12/2019,532,523.75,528,,,
6/12/2019,532.5,524.5,527.75,,,
9/12/2019,532,522.75,526,,,
10/12/2019,534.75,523.75,526.75,,,
11/12/2019,530.75,519.25,522.75,,,
12/12/2019,539.25,530.25,533,,,
13/12/2019,539.25,532.5,534.75,,,
16/12/2019,549.75,551.25,551.25,,,
17/12/2019,556.25,559,559,,,
18/12/2019,548.25,551.75,553.5,,,
19/12/2019,545.25,548.75,550.75,,,
20/12/2019,542.25,546,548.75,,,
23/12/2019,539.5,543.75,547,,,
24/12/2019,541,544.75,547.5,,,
26/12/2019,549,551.75,553.5,,,
27/12/2019,556.25,558.5,559.75,,,
30/12/2019,556,559,561,,,
31/12/2019,558.75,561.75,563.5,,,
2/01/2020,560.25,563.25,565,,,
3/01/2020,554.5,557.75,560.5,,,
6/01/2020,550,553.75,557,,,
7/01/2020,550.25,553.25,556.25,,,
8/01/2020,552.75,556.25,558.5,,,
9/01/2020,562.25,565.25,567.25,,,
10/01/2020,564.5,566.5,568.25,,,
13/01/2020,562.25,564.75,566.75,,,
14/01/2020,568.5,570.25,571.75,,,
15/01/2020,573.25,574,574.75,,,
16/01/2020,565.25,566.25,566.75,,,
17/01/2020,570.5,571.25,570.5,,,
21/01/2020,581.5,581,580.5,,,
22/01/2020,577.75,577.25,576.75,,,
23/01/2020,580.5,579,578.75,,,
24/01/2020,573.5,572.5,573,,,
27/01/2020,572.25,571.25,570.75,,,
28/01/2020,569.75,568.5,567.25,,,
29/01/2020,562.25,561.25,560.5,,,
30/01/2020,560.5,558.5,557,,,
31/01/2020,553.75,552.5,552.5,,,
3/02/2020,555.5,553.75,553.5,,,
4/02/2020,557.25,554.5,554.5,,,
5/02/2020,562,559,558.25,,,
6/02/2020,556.25,553.5,553.25,,,
7/02/2020,558.75,556.75,557,,,
10/02/2020,552,551.5,552.5,,,
11/02/2020,542,544,544.75,,,
12/02/2020,547.5,548.5,549,,,
13/02/2020,544.25,544.75,544.5,,,
14/02/2020,542.75,541.5,541,,,
18/02/2020,566.75,565,562.5,,,
19/02/2020,565.25,562.5,561.25,,,
20/02/2020,560,559.25,558.75,,,
21/02/2020,551,552,552,,,
24/02/2020,536.25,534.75,536.75,,,
25/02/2020,539,537,537.25,,,
26/02/2020,540.25,535.75,535.5,,,
27/02/2020,529.25,527.5,529,,,
28/02/2020,529,525,526.25,,,
2/03/2020,526.25,523.25,524.25,,,
3/03/2020,528.75,527.25,527.5,,,
4/03/2020,521.5,518.25,519.5,,,
5/03/2020,524.25,518.75,519.5,,,
6/03/2020,521.25,515.75,516.75,,,
9/03/2020,522.25,518.75,518.75,,,
10/03/2020,526.75,522.25,521.5,,,
11/03/2020,517.25,512.75,513.25,,,
12/03/2020,508.25,505.5,506.75,,,
13/03/2020,514.75,506,507,,,
16/03/2020,498,499.5,505.5,,,
17/03/2020,499.25,500,505.75,,,
18/03/2020,508.25,508.5,514.25,,,
19/03/2020,535,532.5,535.5,,,
20/03/2020,539.25,535.75,538.25,,,
23/03/2020,562.5,555.75,555.75,,,
24/03/2020,561.5,555.25,556.5,,,
25/03/2020,580,567.75,566.5,,,
26/03/2020,569,556.25,555,,,
27/03/2020,571.25,557.25,556.75,,,
30/03/2020,569.5,558.25,559,,,
31/03/2020,568.75,562.5,565.25,,,
1/04/2020,550.25,547.75,551.25,,,
2/04/2020,541.75,538.75,542.25,,,
3/04/2020,549.25,545,547,,,
6/04/2020,555.75,551,552.75,,,
7/04/2020,549.25,547.5,550.75,,,
8/04/2020,548.25,548.5,552.75,,,
9/04/2020,556.5,557.5,561.25,,,
13/04/2020,555,555.5,559.5,,,
14/04/2020,548.75,549.75,554.75,,,
15/04/2020,540.25,540.5,546,,,
16/04/2020,529.75,530.5,535.75,,,
17/04/2020,533.5,533.75,538.75,,,
20/04/2020,548.75,547.5,551.5,,,
21/04/2020,546.75,546.25,548.75,,,
22/04/2020,543,543.75,546.5,,,
23/04/2020,547,544.75,546.5,,,
24/04/2020,526.75,530.5,533.25,,,
27/04/2020,521,524.75,528,,,
28/04/2020,526.75,526,529.25,,,
29/04/2020,519.5,516.5,521,,,
30/04/2020,529.75,524.25,528,,,
1/05/2020,521.5,516.5,520.25,,,
4/05/2020,524.25,519.5,522,,,
5/05/2020,525.5,520.75,523.75,,,
6/05/2020,524.75,517.5,520.75,,,
7/05/2020,529,522.5,525.5,,,
8/05/2020,529.5,522,525.25,,,
11/05/2020,524.75,517.25,520.75,,,
12/05/2020,521.75,514.5,517.5,,,
13/05/2020,510.5,501.75,505.25,,,
14/05/2020,510.5,502.25,505.25,,,
15/05/2020,500.25,503,512.75,,,
18/05/2020,497,500,509.75,,,
19/05/2020,498.75,501.5,510.5,,,
20/05/2020,513.75,515.25,522.75,,,
21/05/2020,516,518.75,527,,,
22/05/2020,508.75,512.75,521.5,,,
26/05/2020,506.75,510.5,519.75,,,
27/05/2020,504.5,508,517.25,,,
28/05/2020,514.5,517.75,526.25,,,
29/05/2020,520.75,523.5,532.25,,,
1/06/2020,515.25,518.25,528.25,,,
2/06/2020,508,512.25,523,,,
3/06/2020,512,515.75,526,,,
4/06/2020,523.75,527.5,536.75,,,
5/06/2020,515.25,520.25,530.5,,,
8/06/2020,511.5,517.25,527.5,,,
9/06/2020,504.5,510.75,521.25,,,
10/06/2020,506.25,511.5,520.75,,,
11/06/2020,499.25,505.75,515.5,,,
12/06/2020,502,507.75,516.75,,,
15/06/2020,504.75,509.75,517.5,,,
16/06/2020,496,501.25,509.5,,,
17/06/2020,488.75,494,503,,,
18/06/2020,483.5,488.75,498,,,
19/06/2020,481.25,485.25,494.25,,,
22/06/2020,485,489.5,498,,,
23/06/2020,486,491,498.75,,,
24/06/2020,481.25,485.75,494,,,
25/06/2020,486.75,488.25,495.25,,,
26/06/2020,474,475.75,484,,,
29/06/2020,485.5,486.5,493.5,,,
30/06/2020,490,491.75,499,,,
1/07/2020,498.75,498.75,506,,,
2/07/2020,490,492,499.75,,,
6/07/2020,489.5,493.25,501,,,
7/07/2020,492.25,495.25,502,,,
8/07/2020,517.5,516.5,521.75,,,
9/07/2020,526.25,525,530,,,
10/07/2020,535.75,534,539,,,
13/07/2020,524.75,524.75,531.25,,,
14/07/2020,524.75,526.75,532.75,,,
15/07/2020,550.75,553.75,558,,,
16/07/2020,535.25,540.75,546.5,,,
17/07/2020,534.75,540.5,546.25,,,
20/07/2020,522,528.75,535.5,,,
21/07/2020,527.75,533.75,540,,,
22/07/2020,534.5,539.75,545.5,,,
23/07/2020,529.5,534.75,540.5,,,
24/07/2020,539.5,545.25,551,,,
27/07/2020,527.75,534.75,541.75,,,
28/07/2020,523.5,530.25,537.25,,,
29/07/2020,532.75,538.5,544.25,,,
30/07/2020,529.5,536,542.5,,,
31/07/2020,531.25,538.75,545.75,,,
3/08/2020,521,529.25,537.25,,,
4/08/2020,508.25,516.5,526,,,
5/08/2020,510.75,517.5,526.25,,,
6/08/2020,501.25,508.25,516.5,,,
7/08/2020,495.5,503.5,511.75,,,
10/08/2020,491,499.75,507.25,,,
11/08/2020,495,503.75,510.75,,,
12/08/2020,491.25,500,507.25,,,
13/08/2020,496.75,506.5,513.5,,,
14/08/2020,500,509.5,516.25,,,
17/08/2020,516.5,526.25,532.5,,,
18/08/2020,507.5,517.5,524.75,,,
19/08/2020,512,522,528.5,,,
20/08/2020,519.5,528.5,535,,,
21/08/2020,527.25,535,541.5,,,
24/08/2020,520.75,527.75,535.25,,,
25/08/2020,527.25,535.5,543,,,
26/08/2020,532,539.75,547.25,,,
27/08/2020,542.5,550.75,557.75,,,
28/08/2020,539.25,548.75,556.5,,,
31/08/2020,544.25,552.25,560.5,,,
1/09/2020,555.75,564,571.75,,,
2/09/2020,547.75,558.25,566.75,,,
3/09/2020,543.25,553.25,561.75,,,
4/09/2020,539.75,550.25,558.75,,,
8/09/2020,533.25,544.25,553,,,
9/09/2020,534,543.75,553,,,
10/09/2020,540,548.25,557.25,,,
11/09/2020,533.75,542,550.75,,,
14/09/2020,548.5,545.75,554.5,,,
15/09/2020,538.25,547.25,552.75,,,
16/09/2020,542,550.75,556.25,,,
17/09/2020,556.25,564,568.75,,,
18/09/2020,575,582.75,586.75,,,
21/09/2020,554.75,563,568.25,,,
22/09/2020,558,565.75,570.5,,,
23/09/2020,549,557,562.25,,,
24/09/2020,549.75,557,562,,,
25/09/2020,544.25,551.5,556.25,,,
28/09/2020,550.25,557,562.25,,,
29/09/2020,549.5,556.5,561.5,,,
30/09/2020,578,583.75,586.25,,,
1/10/2020,570.25,576.5,580.25,,,
2/10/2020,573.25,579.5,583.5,,,
5/10/2020,584.25,590.25,593.5,,,
6/10/2020,592.75,598.25,601.5,,,
7/10/2020,607.5,610,611.5,,,
8/10/2020,595.25,598.75,599.75,,,
9/10/2020,593.75,597.75,599.75,,,
12/10/2020,594.25,597.75,599.75,,,
13/10/2020,594,597.25,599.25,,,
14/10/2020,596.75,600.75,602,,,
15/10/2020,618.25,619.5,618.25,,,
16/10/2020,625.25,623.5,621,,,
19/10/2020,627,626,624.5,,,
20/10/2020,632,632,630.5,,,
21/10/2020,629.75,631.25,630.5,,,
22/10/2020,622.75,623.75,622.75,,,
23/10/2020,632.75,632.5,630.5,,,
26/10/2020,620,620.25,619,,,
27/10/2020,615.75,615.75,614.5,,,
28/10/2020,608.75,607.75,605.5,,,
29/10/2020,603.75,603,601.25,,,
30/10/2020,598.5,600,600.25,,,
2/11/2020,607.5,608,607.5,,,
3/11/2020,608,610,609.75,,,
4/11/2020,606,609.5,610.5,,,
5/11/2020,609.25,613.5,614.5,,,
6/11/2020,602,609,610.75,,,
9/11/2020,597.5,605.5,608,,,
10/11/2020,608.5,616.25,618.75,,,
11/11/2020,598,606,608.5,,,
12/11/2020,588.25,597.25,600.25,,,
13/11/2020,593.5,602,605,,,
16/11/2020,598,604.75,608.5,,,
17/11/2020,595.25,603,606.75,,,
18/11/2020,597.75,606.5,609.75,,,
19/11/2020,591.75,598.75,602.25,,,
20/11/2020,593.25,599.5,602.25,,,
23/11/2020,598.75,604.5,607,,,
24/11/2020,611.25,617.5,618.75,,,
25/11/2020,588.25,596.5,599.75,,,
27/11/2020,596.5,606,609.25,,,
30/11/2020,580.25,585,588.75,,,
1/12/2020,565.5,577.25,581.25,,,
2/12/2020,578,588.5,591.25,,,
3/12/2020,571.75,584.5,587.75,,,
4/12/2020,566.5,575.5,578.75,,,
7/12/2020,571.25,577.5,581,,,
8/12/2020,563.75,570,573.25,,,
9/12/2020,577,583.25,584.5,,,
10/12/2020,590.25,596.5,597.25,,,
11/12/2020,608.25,614.5,614,,,
14/12/2020,593.5,596.5,598.5,,,
15/12/2020,599.75,601.25,596.5,,,
16/12/2020,598.5,599.75,595,,,
17/12/2020,608.75,609.75,604,,,
18/12/2020,608.25,609.25,603.75,,,
21/12/2020,611.25,612.25,606,,,
22/12/2020,617,616.75,609.5,,,
23/12/2020,629.75,627.75,617,,,
24/12/2020,627,625.75,615.75,,,
28/12/2020,614.25,615,607,,,
29/12/2020,618.5,619.25,611.75,,,
30/12/2020,640.75,638.5,627.25,,,
31/12/2020,640.5,639.5,628.25,,,
4/01/2021,642,640.5,629.75,,,
5/01/2021,654,653.25,640.25,,,
6/01/2021,647.5,648,639,,,
7/01/2021,642.25,643.25,634,,,
8/01/2021,638.75,640.75,631.75,,,
11/01/2021,634.75,636.75,628.75,,,
12/01/2021,665,665.75,651,,,
13/01/2021,660.5,661.25,647.5,,,
14/01/2021,670,671,655,,,
15/01/2021,675.5,676.5,657.75,,,
19/01/2021,672.25,673.5,658.25,,,
20/01/2021,667.75,668,650.5,,,
21/01/2021,660.75,662.25,647.75,,,
22/01/2021,634.5,636,624,,,
25/01/2021,648.5,649,633.75,,,
26/01/2021,665.25,664.25,647.5,,,
27/01/2021,658.25,657.75,640.5,,,
28/01/2021,647,647.5,631.5,,,
29/01/2021,663,662.5,643,,,
1/02/2021,651,651.75,633.75,,,
2/02/2021,644.75,645.75,630,,,
3/02/2021,648.25,650.75,633,,,
4/02/2021,637.5,641.25,628,,,
5/02/2021,641.25,645.75,632,,,
8/02/2021,655.75,659.5,643,,,
9/02/2021,649.5,654,641,,,
10/02/2021,635.5,641,629.5,,,
11/02/2021,633.5,639,628.25,,,
12/02/2021,636.75,641.25,630,,,
16/02/2021,657.5,661.5,646.75,,,
17/02/2021,644,648,637.25,,,
18/02/2021,662.5,665.25,649.75,,,
19/02/2021,650.75,655.5,643.25,,,
22/02/2021,664,669.75,657,,,
23/02/2021,665.75,670.25,656.75,,,
24/02/2021,680.25,685.5,670.5,,,
25/02/2021,671.75,675.75,663.5,,,
26/02/2021,655,660.25,650,,,
1/03/2021,643.75,650.25,642.5,,,
2/03/2021,663.25,666.25,655,,,
3/03/2021,652,656,646.5,,,
4/03/2021,649.75,651,641,,,
5/03/2021,654,653,643.25,,,
8/03/2021,646.5,646.5,640.5,,,
9/03/2021,656.5,656.5,648,,,
10/03/2021,650.75,652.5,643.25,,,
11/03/2021,636.25,642.5,635.5,,,
12/03/2021,631.75,638.5,632,,,
15/03/2021,645,637,636.25,,,
16/03/2021,647,637,636.25,,,
17/03/2021,640,630.5,630.25,,,
18/03/2021,630.5,622,621.75,,,
19/03/2021,627,619.25,619.5,,,
22/03/2021,627.25,619.25,618.75,,,
23/03/2021,634.75,626.25,624.25,,,
24/03/2021,624.75,618.75,618.5,,,
25/03/2021,612.5,608.5,609.5,,,
26/03/2021,613.25,609.25,610,,,
29/03/2021,616.75,612,612.5,,,
30/03/2021,601.75,599.75,601,,,
31/03/2021,618,615.75,617.25,,,
1/04/2021,611,610.5,612.5,,,
2/04/2021,611,610.5,612.5,,,
5/04/2021,618,613.5,615.25,,,
6/04/2021,615.5,612.75,613.75,,,
7/04/2021,616.25,616,618.25,,,
8/04/2021,628.75,630.5,632,,,
9/04/2021,638.75,640.5,641.5,,,
12/04/2021,628,631.25,632.25,,,
13/04/2021,629.75,633.5,635,,,
14/04/2021,648,650.25,652,,,
15/04/2021,653.75,655.5,657,,,
16/04/2021,652.5,655,656.75,,,
19/04/2021,652.25,653.75,656.25,,,
20/04/2021,659.75,661.25,663.5,,,
21/04/2021,673.25,675,676.25,,,
22/04/2021,710.25,710.5,709.75,,,
23/04/2021,710.25,712.25,712.75,,,
26/04/2021,739.5,739.5,738.75,,,
27/04/2021,733.75,732.75,732.5,,,
28/04/2021,725.25,722.75,720.75,,,
29/04/2021,737.5,729,727,,,
30/04/2021,742.5,734.75,732.25,,,
3/05/2021,725.5,718,718,,,
4/05/2021,737,726.75,726.5,,,
5/05/2021,755.75,744.5,744,,,
6/05/2021,764.25,753.25,754.25,,,
7/05/2021,773.5,761.75,762.25,,,
10/05/2021,742.5,730.5,731,,,
11/05/2021,759.75,741.75,739.5,,,
12/05/2021,754.75,729.75,728.25,,,
13/05/2021,726.5,701.5,701.25,,,
14/05/2021,727.25,707.25,706.5,,,
17/05/2021,699.75,699.5,702.75,,,
18/05/2021,698,699,702.5,,,
19/05/2021,679.25,681,685,,,
20/05/2021,675.25,677.75,682,,,
21/05/2021,674.25,677,681,,,
24/05/2021,662.25,665.75,670.75,,,
25/05/2021,656.5,660,666,,,
26/05/2021,648.5,652.5,659.75,,,
27/05/2021,676.25,679.5,686.25,,,
28/05/2021,663.5,667.25,674.75,,,
1/06/2021,693.5,697.25,703.25,,,
2/06/2021,687.5,692.5,700,,,
3/06/2021,676.25,680.75,688.5,,,
4/06/2021,687.75,692.5,699.75,,,
7/06/2021,680,686.5,694.5,,,
8/06/2021,685,691.75,699.25,,,
9/06/2021,682.25,689,697.5,,,
10/06/2021,683.75,689.75,697.25,,,
11/06/2021,680.75,685.75,693.25,,,
14/06/2021,674.5,679,686.25,,,
15/06/2021,661.5,666,672.25,,,
16/06/2021,662.75,665.75,672,,,
17/06/2021,639,643,649.75,,,
18/06/2021,662.75,665.75,671.25,,,
21/06/2021,661.5,665,670.5,,,
22/06/2021,651,655,661,,,
23/06/2021,661.25,663.75,670.25,,,
24/06/2021,651.25,652,658.5,,,
25/06/2021,637,640.75,648,,,
28/06/2021,646,651.5,658.75,,,
29/06/2021,639.75,646.25,653.25,,,
30/06/2021,671.5,679.5,685,,,
1/07/2021,658.5,665.5,673.75,,,
2/07/2021,645.75,652.75,661.5,,,
6/07/2021,620,626,633.5,,,
7/07/2021,614.75,622.25,630.5,,,
8/07/2021,612.25,618,626.75,,,
9/07/2021,608.5,615,623.75,,,
12/07/2021,635,640.75,647.25,,,
13/07/2021,628.75,633.75,642.75,,,
14/07/2021,645,654.25,662.25,,,
15/07/2021,672,678.75,685.75,,,
16/07/2021,692.5,699.75,704.75,,,
19/07/2021,697.75,706.25,712.25,,,
20/07/2021,700.5,708.75,715,,,
21/07/2021,710.75,719.75,726.25,,,
22/07/2021,692.25,701.5,708.25,,,
23/07/2021,684,693.5,701,,,
26/07/2021,677,686.75,694.5,,,
27/07/2021,674.5,684.25,691.5,,,
28/07/2021,688.75,697.75,704.75,,,
29/07/2021,705.25,713.75,720.75,,,
30/07/2021,703.75,713,720.5,,,
2/08/2021,729.5,739.25,747,,,
3/08/2021,724.5,734.75,742.75,,,
4/08/2021,717.25,728.75,738,,,
5/08/2021,712.75,725.25,735.5,,,
6/08/2021,719,733.25,743.5,,,
9/08/2021,711.25,725.25,736,,,
10/08/2021,727,739.5,749.25,,,
11/08/2021,727,739.25,749,,,
12/08/2021,753.5,764.75,774.5,,,
13/08/2021,762.25,774.25,784,,,
16/08/2021,760.5,775,786,,,
17/08/2021,734.5,748.5,761.25,,,
18/08/2021,737.25,751.25,764,,,
19/08/2021,727.5,742.75,756.25,,,
20/08/2021,714.25,728.25,741.25,,,
23/08/2021,719.75,733.5,747,,,
24/08/2021,718,732.25,745.5,,,
25/08/2021,711.25,725.5,738.75,,,
26/08/2021,725.25,739.25,751.25,,,
27/08/2021,718.5,732.5,745.25,,,
30/08/2021,708.75,723.5,736.75,,,
31/08/2021,706.75,722.25,737,,,
1/09/2021,701,714.25,727.25,,,
2/09/2021,704,717,728.5,,,
3/09/2021,714.5,726.25,737.75,,,
7/09/2021,708.75,719.75,730.5,,,
8/09/2021,698.25,709.5,720.75,,,
9/09/2021,681.5,692.25,702,,,
10/09/2021,675,688.5,699.25,,,
13/09/2021,674.5,687,697,,,
14/09/2021,685,700.75,711.25,,,
15/09/2021,712.25,723.75,727.75,,,
16/09/2021,713,724,727.5,,,
17/09/2021,708.75,719.75,722.75,,,
20/09/2021,700.75,711.5,715,,,
21/09/2021,690.25,701,705,,,
22/09/2021,705.75,716,719.25,,,
23/09/2021,717.75,728.5,732,,,
24/09/2021,723.75,734.75,738,,,
27/09/2021,722.25,733.75,737.75,,,
28/09/2021,706.5,719,723.75,,,
29/09/2021,710.25,722.25,726.75,,,
30/09/2021,725.5,736.5,739.5,,,
1/10/2021,755.25,766,768.25,,,
4/10/2021,756.5,768.25,771.5,,,
5/10/2021,744.75,757.25,760.25,,,
6/10/2021,746,759,762,,,
7/10/2021,741.25,754.75,758.5,,,
8/10/2021,734,747.25,751,,,
11/10/2021,731.75,745.5,750,,,
12/10/2021,734,747.25,751.5,,,
13/10/2021,718.75,731.75,736.75,,,
14/10/2021,724.75,736.75,741,,,
15/10/2021,734,746.5,750.25,,,
18/10/2021,736.25,748.75,752.5,,,
19/10/2021,736,748.5,752.25,,,
20/10/2021,749.25,761.25,764.5,,,
21/10/2021,741.25,753.5,757,,,
22/10/2021,756,767.5,769.75,,,
25/10/2021,759.5,771.75,774.5,,,
26/10/2021,752.25,765.25,768.75,,,
27/10/2021,759.75,773,776.5,,,
28/10/2021,772.5,785.5,788.5,,,
29/10/2021,772.75,785,788,,,
1/11/2021,797.25,808.75,811,,,
2/11/2021,791.5,803.5,806.75,,,
3/11/2021,781,792.75,796.5,,,
4/11/2021,773.75,786.25,790.75,,,
5/11/2021,766.5,779.75,783.75,,,
8/11/2021,768,781.25,785.75,,,
9/11/2021,778.5,790.25,794,,,
10/11/2021,803,815,817.5,,,
11/11/2021,812.5,824.25,827.25,,,
12/11/2021,817,828.5,832.25,,,
15/11/2021,826.25,836.75,841,,,
16/11/2021,810.25,820,825,,,
17/11/2021,822.25,833,837.5,,,
18/11/2021,820,830.75,836.25,,,
19/11/2021,823,834.25,840,,,
22/11/2021,845.75,857.5,862.5,,,
23/11/2021,856,867.5,872.25,,,
24/11/2021,836.75,850.25,856.5,,,
26/11/2021,825.5,840.25,846.5,,,
29/11/2021,807.5,822.25,828.5,,,
30/11/2021,773.75,787.25,793.75,,,
1/12/2021,778.5,790.5,796.25,,,
2/12/2021,806.5,815,819.5,,,
3/12/2021,794.5,803.75,809.5,,,
6/12/2021,797,806.25,811.25,,,
7/12/2021,799.25,808.5,813.25,,,
8/12/2021,791.25,794.5,799.25,,,
9/12/2021,773.5,776.75,782.5,,,
10/12/2021,782,785.25,790.75,,,
13/12/2021,785.5,788.75,794.25,,,
14/12/2021,785.5,787,792.5,,,
15/12/2021,756,762,757,,,
16/12/2021,770.5,775,768.5,,,
17/12/2021,775,778.5,769.75,,,
20/12/2021,777.75,780.5,771.5,,,
21/12/2021,799,801.75,790,,,
22/12/2021,814,817.75,806,,,
23/12/2021,814.75,818.5,805.75,,,
27/12/2021,804,808.25,800.75,,,
28/12/2021,783.5,788.75,783.75,,,
29/12/2021,787.75,791.75,785.5,,,
30/12/2021,779.75,783,774.25,,,
31/12/2021,770.75,774.25,764.5,,,
3/01/2022,758,761.5,755,,,
4/01/2022,770,773.5,766.25,,,
5/01/2022,760.75,764.75,761,,,
6/01/2022,746,749.75,748.75,,,
7/01/2022,758.5,760.5,757,,,
10/01/2022,762,763.5,760.25,,,
11/01/2022,770.25,773.25,769.25,,,
12/01/2022,757.75,760.25,755.25,,,
13/01/2022,746.75,749,742.5,,,
14/01/2022,741.5,744.5,737.25,,,
18/01/2022,769,770.25,759.5,,,
19/01/2022,796.5,799,787.25,,,
20/01/2022,790.25,793.5,781.25,,,
21/01/2022,780,784.75,774.25,,,
24/01/2022,800.5,804,792.25,,,
25/01/2022,818,822.25,807.75,,,
26/01/2022,795,800.75,790.75,,,
27/01/2022,777,782.25,773.5,,,
28/01/2022,786.25,791,782,,,
31/01/2022,761.25,766.25,760.5,,,
1/02/2022,769,774,767.5,,,
2/02/2022,755,761,755,,,
3/02/2022,751.75,758.25,752.25,,,
4/02/2022,763.25,770,761.75,,,
7/02/2022,768.75,776,770.5,,,
8/02/2022,778.75,784,777,,,
9/02/2022,785,791,786,,,
10/02/2022,771.5,778.75,775,,,
11/02/2022,797.75,804,798.5,,,
14/02/2022,799.25,805.5,801.75,,,
15/02/2022,779.75,785.75,782,,,
16/02/2022,780.5,786.25,782.5,,,
17/02/2022,798,804.75,800.25,,,
18/02/2022,797,804,800.75,,,
22/02/2022,844.25,852.5,847.5,,,
23/02/2022,876,884.75,878.75,,,
24/02/2022,926,934.75,925,,,
25/02/2022,843,859.75,850,,,
28/02/2022,928,934,917,,,
1/03/2022,1001.75,984,967,,,
2/03/2022,1058.5,1059,1041.25,,,
3/03/2022,1289,1134,1116.25,,,
4/03/2022,1348,1209,1175.25,,,
7/03/2022,1425.25,1294,1252.5,,,
8/03/2022,1273,1286.5,1195.25,,,
9/03/2022,1199.5,1201.5,1110.25,,,
10/03/2022,1073.75,1087,1045.25,,,
11/03/2022,1090,1106.5,1077.25,,,
14/03/2022,1090,1096.25,1070,,,
15/03/2022,1154.25,1127.5,1072,,,
16/03/2022,1069.25,1042.5,991.75,,,
17/03/2022,1098,1076,1030.75,,,
18/03/2022,1063.75,1044.75,1005.75,,,
21/03/2022,1119.25,1093,1054,,,
22/03/2022,1118.25,1101,1068.5,,,
23/03/2022,1105.75,1091.25,1062,,,
24/03/2022,1085.75,1074.5,1049.25,,,
25/03/2022,1102.25,1092.5,1069.75,,,
28/03/2022,1057,1051.5,1038,,,
29/03/2022,1014.25,1009.25,998,,,
30/03/2022,1027.25,1023,1008.25,,,
31/03/2022,1006,1002,989,,,
1/04/2022,984.5,984.25,974.5,,,
4/04/2022,1010.25,1010,1002.5,,,
5/04/2022,1045.25,1045.5,1037.5,,,
6/04/2022,1038.25,1040.75,1036.75,,,
7/04/2022,1020,1025.25,1024.25,,,
8/04/2022,1051.5,1058.25,1056.5,,,
11/04/2022,1081.25,1089,1086,,,
12/04/2022,1103.75,1112.5,1109,,,
13/04/2022,1113.5,1121.25,1118.5,,,
14/04/2022,1096.5,1104.5,1101,,,
18/04/2022,1120.5,1128.75,1123.25,,,
19/04/2022,1099,1109,1105,,,
20/04/2022,1088,1097.5,1095.25,,,
21/04/2022,1068,1076.5,1075.25,,,
22/04/2022,1065.5,1075.25,1073.25,,,
25/04/2022,1062,1072.5,1071.25,,,
26/04/2022,1083.25,1095,1092.5,,,
27/04/2022,1080,1091.25,1089.75,,,
28/04/2022,1074,1085.75,1084.75,,,
29/04/2022,1043.75,1055.75,1058.25,,,
2/05/2022,1043.5,1055.5,1058.25,,,
3/05/2022,1033.75,1045.5,1049.5,,,
4/05/2022,1066,1076.5,1079.25,,,
5/05/2022,1096,1106.5,1107.25,,,
6/05/2022,1097,1108.5,1109.75,,,
9/05/2022,1083.25,1092.75,1095.5,,,
10/05/2022,1083.25,1092.75,1096.5,,,
11/05/2022,1108.75,1113,1117.25,,,
12/05/2022,1174.5,1178.75,1181.75,,,
13/05/2022,1167.25,1177.5,1181,,,
16/05/2022,1247.5,1251,1254.25,,,
17/05/2022,1277.5,1278.75,1279,,,
18/05/2022,1230.75,1233,1234.25,,,
19/05/2022,1200.5,1206,1210,,,
20/05/2022,1168.75,1174.5,1179.25,,,
23/05/2022,1190,1197.5,1203.75,,,
24/05/2022,1154.75,1163.25,1170,,,
25/05/2022,1148.25,1156.75,1163.5,,,
26/05/2022,1143.25,1152,1158.75,,,
27/05/2022,1157.5,1166.25,1173.5,,,
31/05/2022,1087.5,1097.5,1107,,,
1/06/2022,1041.25,1052.25,1063.75,,,
2/06/2022,1058.25,1069.75,1081,,,
3/06/2022,1040,1051.75,1063,,,
6/06/2022,1093,1104.5,1115.25,,,
7/06/2022,1071.75,1084.5,1096.75,,,
8/06/2022,1074.75,1088.25,1101.75,,,
9/06/2022,1071.25,1084.75,1097.25,,,
10/06/2022,1070.75,1084.75,1098,,,
13/06/2022,1071,1086,1100.5,,,
14/06/2022,1050.25,1065.25,1081.25,,,
15/06/2022,1050,1063.5,1078.5,,,
16/06/2022,1078.25,1090.5,1103,,,
17/06/2022,1034.25,1046.75,1061.25,,,
21/06/2022,975.25,987.25,1003.75,,,
22/06/2022,976.5,988.75,1004.25,,,
23/06/2022,937.25,949.25,964.5,,,
24/06/2022,923.75,936.5,952.25,,,
27/06/2022,904,917.5,933,,,
28/06/2022,921.25,936,950,,,
29/06/2022,915.5,930,944,,,
30/06/2022,868.75,884,900.5,,,
1/07/2022,831.25,846,862.5,,,
5/07/2022,793.75,807,824,,,
6/07/2022,792.25,804.5,821.5,,,
7/07/2022,824.5,836.5,851.75,,,
8/07/2022,879.25,891.5,906.5,,,
11/07/2022,843.75,856.5,872.5,,,
12/07/2022,801.5,814.25,830.25,,,
13/07/2022,798.25,810.75,827.75,,,
14/07/2022,794.25,795,813.5,,,
15/07/2022,776.75,794,810.25,,,
18/07/2022,812.75,829.5,845.25,,,
19/07/2022,812.25,828,843.25,,,
20/07/2022,819.5,835.25,848.75,,,
21/07/2022,806.25,821.75,835,,,
22/07/2022,759,777.5,793.5,,,
25/07/2022,770,788.5,804.25,,,
26/07/2022,803.75,822,837.25,,,
27/07/2022,790.25,808.5,825,,,
28/07/2022,817,835.25,851.5,,,
29/07/2022,807.75,825.75,843,,,
1/08/2022,800.25,819,837,,,
2/08/2022,774.75,794,812.75,,,
3/08/2022,763.75,783.5,802.75,,,
4/08/2022,782.5,802,820.5,,,
5/08/2022,775.75,795.25,814,,,
8/08/2022,779.75,799.25,817.25,,,
9/08/2022,781.5,799.25,816.5,,,
10/08/2022,799.75,816.25,832.75,,,
11/08/2022,810.75,826.25,841.25,,,
12/08/2022,806,822.5,835.5,,,
15/08/2022,800.75,817.75,831.5,,,
16/08/2022,786,802.75,816.75,,,
17/08/2022,763.25,780.5,796,,,
18/08/2022,731.5,749,766,,,
19/08/2022,753.25,771,787.5,,,
22/08/2022,770.5,788.25,804.75,,,
23/08/2022,782.75,800.5,817.25,,,
24/08/2022,795,813.25,828.5,,,
25/08/2022,769.75,789,804.5,,,
26/08/2022,784.75,805.25,821.5,,,
29/08/2022,820,842.75,857.5,,,
30/08/2022,798.25,820.25,836.25,,,
31/08/2022,809,831.5,847.75,,,
1/09/2022,775.5,794.25,811.25,,,
2/09/2022,793,811,827.25,,,
6/09/2022,800,817,832,,,
7/09/2022,826.5,844.25,857.5,,,
8/09/2022,810.5,829,843.75,,,
9/09/2022,853.25,869.5,884,,,
12/09/2022,841.25,858.75,873.25,,,
13/09/2022,842.75,860.5,876.75,,,
14/09/2022,853.75,872.25,888,,,
15/09/2022,845,860.5,869.5,,,
16/09/2022,859.75,874.75,884,,,
19/09/2022,830.5,846.5,855.75,,,
20/09/2022,893.75,907.25,914.75,,,
21/09/2022,903.75,915.25,921.75,,,
22/09/2022,910.75,922,927.5,,,
23/09/2022,880.5,893.75,900.75,,,
26/09/2022,858,871.25,877.75,,,
27/09/2022,871.5,884.25,890.5,,,
28/09/2022,903.25,915,920.5,,,
29/09/2022,896.25,908,914.75,,,
30/09/2022,921.5,932,936.75,,,
3/10/2022,912,925,931.25,,,
4/10/2022,903,915.5,921.75,,,
5/10/2022,902,915.25,922.25,,,
6/10/2022,879,892.75,900.5,,,
7/10/2022,880.25,895,903.25,,,
10/10/2022,938,951.5,956,,,
11/10/2022,901,917,924,,,
12/10/2022,882.25,899,907.25,,,
13/10/2022,892.25,908.5,915.5,,,
14/10/2022,859.75,877,885.5,,,
17/10/2022,861,878.75,887.5,,,
18/10/2022,849.5,867.75,876.75,,,
19/10/2022,841.25,859.5,868.75,,,
20/10/2022,849.25,868,878,,,
21/10/2022,850.75,869.5,879.5,,,
24/10/2022,838.75,858.25,868.5,,,
25/10/2022,834.75,854.25,865.25,,,
26/10/2022,840.5,859.5,869.75,,,
27/10/2022,838.5,858,868.5,,,
28/10/2022,829.25,849,860,,,
31/10/2022,882.25,899.25,907.5,,,
1/11/2022,902.5,919,924.75,,,
2/11/2022,846,865,873.5,,,
3/11/2022,840.5,859.75,869.75,,,
4/11/2022,847.75,866.75,877.25,,,
7/11/2022,845.75,864,874.25,,,
8/11/2022,827.75,847.5,858,,,
9/11/2022,806.5,827.75,839.25,,,
10/11/2022,803.5,825.75,837,,,
11/11/2022,813.75,835.25,846.5,,,
14/11/2022,818.5,838.25,849.25,,,
15/11/2022,828.25,848,858.25,,,
16/11/2022,817.5,837.25,847.25,,,
17/11/2022,806.75,825,835.25,,,
18/11/2022,803.25,822,831.5,,,
21/11/2022,799.25,818.25,827.5,,,
22/11/2022,791.5,810.5,820,,,
23/11/2022,793.5,813.5,823.25,,,
25/11/2022,775.5,797,807.75,,,
28/11/2022,756.75,780.75,792.25,,,
29/11/2022,757.75,781.5,792.5,,,
30/11/2022,771.5,795.5,806,,,
1/12/2022,758.75,783,795.25,,,
2/12/2022,737.25,761,773.25,,,
5/12/2022,715.5,739,750.75,,,
6/12/2022,705.5,729,739.75,,,
7/12/2022,727,749.5,759.75,,,
8/12/2022,724.25,746.25,756.25,,,
9/12/2022,712.75,734.25,744.75,,,
12/12/2022,733,754.75,764,,,
13/12/2022,728.75,750.75,761,,,
14/12/2022,728.25,749.25,758.75,,,
15/12/2022,757.25,766,770.5,,,
16/12/2022,753.5,761,765.5,,,
19/12/2022,748.5,756.75,761.75,,,
20/12/2022,750.5,757.5,762,,,
21/12/2022,767.75,775.25,779.5,,,
22/12/2022,762.25,769.75,774.75,,,
23/12/2022,776,782.5,786.25,,,
27/12/2022,774.5,781,784.25,,,
28/12/2022,785.5,792.75,796.25,,,
29/12/2022,774,781,785.25,,,
30/12/2022,792,798.75,803,,,
3/01/2023,775.5,782.75,786.5,,,
4/01/2023,745.5,753.75,758,,,
5/01/2023,746.75,754.75,759.25,,,
6/01/2023,743.5,751.5,756.25,,,
9/01/2023,741.5,750,755.25,,,
10/01/2023,731,739.5,744.25,,,
11/01/2023,740,748.25,752.25,,,
12/01/2023,742.75,750.75,754.25,,,
13/01/2023,743.75,752,753.75,,,
17/01/2023,751.75,759,761,,,
18/01/2023,742.5,750.25,753.5,,,
19/01/2023,734.5,742.75,745.5,,,
20/01/2023,741.5,749,751.5,,,
23/01/2023,720,728,730.5,,,
24/01/2023,734.5,742.25,744.5,,,
25/01/2023,741.25,749,750.5,,,
26/01/2023,752.5,760.5,762.5,,,
27/01/2023,750,758.75,760,,,
30/01/2023,752.5,762,763.5,,,
31/01/2023,761.25,770.5,771.25,,,
1/02/2023,759.75,770.5,773,,,
2/02/2023,761,772,775.5,,,
3/02/2023,756.75,768.25,771.75,,,
6/02/2023,750.25,762,766.75,,,
7/02/2023,749.75,761.25,767,,,
8/02/2023,764.75,775,779.75,,,
9/02/2023,757.25,768,773.25,,,
10/02/2023,786,795.75,799,,,
13/02/2023,792,800.75,802.5,,,
14/02/2023,786,796.75,799.5,,,
15/02/2023,769.25,780.25,785.25,,,
16/02/2023,765,776.25,780.75,,,
17/02/2023,765.5,776.25,781,,,
21/02/2023,750.5,762.75,768.75,,,
22/02/2023,736.5,750,756.5,,,
23/02/2023,738.25,750.5,756.25,,,
24/02/2023,708.25,721.75,729.25,,,
27/02/2023,696,710,718,,,
28/02/2023,691.5,705.5,713.75,,,
1/03/2023,697,710,718,,,
2/03/2023,701.25,712.75,719.75,,,
3/03/2023,695.75,708.75,716.75,,,
6/03/2023,682.5,695.25,703.5,,,
7/03/2023,684.75,698,706.5,,,
8/03/2023,674.5,687.5,697,,,
9/03/2023,653.5,665.75,677,,,
10/03/2023,666.75,679.25,690,,,
13/03/2023,672.25,684.5,695.5,,,
14/03/2023,686.5,696.25,706.75,,,
15/03/2023,702.75,713,722.75,,,
16/03/2023,699,709,718.75,,,
17/03/2023,710.5,719.5,728.75,,,
20/03/2023,700.75,708.5,716.75,,,
21/03/2023,683.25,692.5,701.75,,,
22/03/2023,663.5,674.75,685.5,,,
23/03/2023,662,674,685.75,,,
24/03/2023,688.5,700,711.25,,,
27/03/2023,698,709.5,721.25,,,
28/03/2023,699.75,711.5,723.5,,,
29/03/2023,704.75,716.25,727.5,,,
30/03/2023,692.25,704.5,716.75,,,
31/03/2023,692.25,704.5,716.75,,,
3/04/2023,693.5,706.75,719.75,,,
4/04/2023,691.5,704,716.75,,,
5/04/2023,682,694.75,708.25,,,
6/04/2023,675.5,688,700.75,,,
7/04/2023,675.5,688,700.75,,,
10/04/2023,678.5,690.75,703,,,
11/04/2023,674,684,695.5,,,
12/04/2023,679.5,687,698,,,
13/04/2023,667,676,686.25,,,
14/04/2023,682.5,692.5,702,,,
17/04/2023,696.5,707.25,717.75,,,
18/04/2023,698,709.5,719.25,,,
19/04/2023,681.75,692.75,703.75,,,
20/04/2023,667.75,680,690.5,,,
21/04/2023,661.75,673,683,,,
24/04/2023,643.5,657,669,,,
25/04/2023,638.75,653,664.75,,,
26/04/2023,627.25,642,654.25,,,
27/04/2023,614.75,629.25,640.75,,,
28/04/2023,619.75,633.75,645,,,
1/05/2023,603.75,618.25,630,,,
2/05/2023,595.5,609.25,620.5,,,
3/05/2023,626.25,639.75,650.75,,,
4/05/2023,631.5,645,656.75,,,
5/05/2023,647,660.25,671.5,,,
8/05/2023,641,654,666,,,
9/05/2023,630.5,643.5,655.25,,,
10/05/2023,628.25,641.25,652.5,,,
11/05/2023,614.25,627.25,639,,,
12/05/2023,624.5,635,647.5,,,
15/05/2023,660.75,672,688,,,
16/05/2023,647.5,660.25,677,,,
17/05/2023,625.5,637.75,655.75,,,
18/05/2023,611.75,624.5,642.5,,,
19/05/2023,605,617,635.5,,,
22/05/2023,606.25,618.75,636.5,,,
23/05/2023,622.25,634.5,651.5,,,
24/05/2023,606.25,619,637.25,,,
25/05/2023,604.25,617.25,636,,,
26/05/2023,616,629.5,647.5,,,
30/05/2023,591,605.5,625.75,,,
31/05/2023,594.25,608,626.75,,,
1/06/2023,610.75,624.25,643.75,,,
2/06/2023,619,632.25,652,,,
5/06/2023,624,636.25,655.5,,,
6/06/2023,627.75,640,658.25,,,
7/06/2023,616.75,627.75,645.5,,,
8/06/2023,626.25,639,656.25,,,
9/06/2023,630.25,641.75,658,,,
12/06/2023,633.75,646,662.5,,,
13/06/2023,636.25,648,664,,,
14/06/2023,630.25,641.25,657,,,
15/06/2023,661.5,672.75,686.75,,,
16/06/2023,688,701.5,715.75,,,
20/06/2023,695.75,708.75,724.25,,,
21/06/2023,734.5,748.25,764,,,
22/06/2023,739,752.75,770.5,,,
23/06/2023,733.25,746.5,761.75,,,
26/06/2023,724.25,738.25,755.75,,,
27/06/2023,685,699,716.25,,,
28/06/2023,655.75,669.75,686.75,,,
29/06/2023,653,667.5,684.5,,,
30/06/2023,636.25,651,669.25,,,
3/07/2023,628.5,641.75,660.75,,,
5/07/2023,662,674.25,690.25,,,
6/07/2023,647,658,676.5,,,
7/07/2023,639.5,649.5,666.5,,,
10/07/2023,636.25,646.25,663.5,,,
11/07/2023,649.5,660.5,678,,,
12/07/2023,621.25,632.75,652.25,,,
13/07/2023,627.5,639.75,659.5,,,
14/07/2023,641.5,661.5,680.75,,,
17/07/2023,653.75,673.75,689,,,
18/07/2023,670.75,690.5,706.25,,,
19/07/2023,727.75,745.5,759.25,,,
20/07/2023,727,746.25,760.5,,,
21/07/2023,697.5,717.75,734.5,,,
24/07/2023,757.5,777.5,792,,,
25/07/2023,760.25,780.75,796.5,,,
26/07/2023,720,742.25,759.5,,,
27/07/2023,712.75,735.5,754.25,,,
28/07/2023,704.25,728,747.75,,,
31/07/2023,665.75,691.75,714.5,,,
1/08/2023,652.25,678.25,701,,,
2/08/2023,640,667.25,691.25,,,
3/08/2023,627,655,681.75,,,
4/08/2023,633,660.25,686.25,,,
7/08/2023,657.5,681,704.75,,,
8/08/2023,656.25,681.5,705.5,,,
9/08/2023,635,661.75,687.75,,,
10/08/2023,637.75,663.75,687.75,,,
11/08/2023,626.75,653.75,680,,,
14/08/2023,616,641.5,667.5,,,
15/08/2023,598.5,623.75,649.25,,,
16/08/2023,597.75,623,648.25,,,
17/08/2023,589.5,615.25,640.75,,,
18/08/2023,613.25,639,662.75,,,
21/08/2023,599.25,625.5,651,,,
22/08/2023,601.75,627.5,652.25,,,
23/08/2023,612.5,639.75,665.5,,,
24/08/2023,604,631.75,658,,,
25/08/2023,593.25,621.75,648.75,,,
28/08/2023,588,617,644,,,
29/08/2023,569.75,600.5,627.75,,,
30/08/2023,576.75,607,633.5,,,
31/08/2023,573,602,628.75,,,
1/09/2023,567.5,595.5,622,,,
5/09/2023,572.5,599.25,625,,,
6/09/2023,581,609,634.5,,,
7/09/2023,571.5,599.75,625.75,,,
8/09/2023,567.25,595.75,621.75,,,
11/09/2023,556,584.5,610.75,,,
12/09/2023,560.25,587.5,614,,,
13/09/2023,569,597.25,623.5,,,
14/09/2023,567.5,593.75,620.25,,,
15/09/2023,604.25,629.5,645.25,,,
18/09/2023,591.25,616.75,633.25,,,
19/09/2023,584,610.25,627.25,,,
20/09/2023,588.75,614.75,630.75,,,
21/09/2023,575.75,602.25,619,,,
22/09/2023,579.5,606.5,623.75,,,
25/09/2023,589,615.5,632.75,,,
26/09/2023,589,616.25,633.75,,,
27/09/2023,579.5,607.25,626,,,
28/09/2023,578.75,606.5,624.75,,,
29/09/2023,541.5,573.5,594.75,,,
2/10/2023,564.75,596,615,,,
3/10/2023,568.5,597.75,617,,,
4/10/2023,560,589,607,,,
5/10/2023,578.25,607,625.5,,,
6/10/2023,568.25,598,617,,,
9/10/2023,572.75,603.5,623.25,,,
10/10/2023,558.5,590,610.5,,,
11/10/2023,556,587.25,607.25,,,
12/10/2023,571.5,601.5,619.75,,,
13/10/2023,579.75,606.25,622.5,,,
16/10/2023,577.25,604.5,620.75,,,
17/10/2023,570.5,598.75,616,,,
18/10/2023,580.25,608,624.25,,,
19/10/2023,594,619.75,634.75,,,
20/10/2023,586,613.5,630.75,,,
23/10/2023,587.25,615,631.5,,,
24/10/2023,580.5,607.5,623.75,,,
25/10/2023,568.5,596.25,613.5,,,
26/10/2023,579.5,606,622.25,,,
27/10/2023,575.5,602.5,619,,,
30/10/2023,566,594.25,611.75,,,
31/10/2023,556.25,585.25,603,,,
1/11/2023,561.75,589.5,607.75,,,
2/11/2023,565.5,592.75,609.75,,,
3/11/2023,572.5,599.25,616.5,,,
6/11/2023,575.75,602.5,620,,,
7/11/2023,570.25,596,612.75,,,
8/11/2023,592.25,616.5,633,,,
9/11/2023,580.75,606.25,622,,,
10/11/2023,575.25,599.25,614.75,,,
13/11/2023,579,602.25,616.75,,,
14/11/2023,572,597.75,613,,,
15/11/2023,560.5,588,603.5,,,
16/11/2023,553.5,581,596.5,,,
17/11/2023,550.75,575.75,592,,,
20/11/2023,543.5,570.5,586.25,,,
21/11/2023,555,582.75,597.25,,,
22/11/2023,555.75,584.5,599.25,,,
24/11/2023,548.75,577.25,591.5,,,
27/11/2023,534.25,561,576.25,,,
28/11/2023,543.75,572,588,,,
29/11/2023,556,585.75,600.75,,,
30/11/2023,570.25,598,612.75,,,
1/12/2023,577,602.75,617,,,
4/12/2023,595.75,620.5,634,,,
5/12/2023,620.75,631.25,644,,,
6/12/2023,615.75,633.5,643.75,,,
7/12/2023,626,642.25,649.5,,,
8/12/2023,615,631.75,640.5,,,
11/12/2023,591.25,609.5,619.25,,,
12/12/2023,607,625.5,635.5,,,
13/12/2023,585.25,605.25,616.5,,,
14/12/2023,594,615.75,625.75,,,
15/12/2023,629.25,639.5,644.25,,,
18/12/2023,617,628,633.75,,,
19/12/2023,622.75,633.25,638.5,,,
20/12/2023,610,621.25,628,,,
21/12/2023,612.5,624,631.75,,,
22/12/2023,616.25,627.5,634.75,,,
26/12/2023,636.25,646.25,653,,,
27/12/2023,623,633.75,639.5,,,
28/12/2023,631.5,642.25,647.75,,,
29/12/2023,628,639.5,645.75,,,
2/01/2024,606.75,619.25,626.25,,,
3/01/2024,600.25,613,622,,,
4/01/2024,613.5,624.5,632,,,
5/01/2024,616,627.5,635,,,
8/01/2024,596.25,609.25,617.75,,,
9/01/2024,610,622.5,630.75,,,
10/01/2024,610.75,623.75,631.75,,,
11/01/2024,603.75,616.75,624.75,,,
12/01/2024,596,610,618.5,,,
16/01/2024,582,596,605.25,,,
17/01/2024,582.5,594.5,602,,,
18/01/2024,585.5,596.75,603.75,,,
19/01/2024,593.25,603.5,609.75,,,
22/01/2024,596.5,606.5,612,,,
23/01/2024,596.5,606.75,612.75,,,
24/01/2024,610.75,620.25,626.25,,,
25/01/2024,612.25,622,627.5,,,
26/01/2024,600.25,610.75,616.25,,,
29/01/2024,593.5,603.75,609.5,,,
30/01/2024,605.5,615.5,620.25,,,
31/01/2024,595.25,605.25,610.25,,,
1/02/2024,601.5,609.5,613.75,,,
2/02/2024,599.75,608,613,,,
5/02/2024,590.25,599,603.25,,,
6/02/2024,595,602.75,605.75,,,
7/02/2024,602,608,610.5,,,
8/02/2024,588.5,594,597.25,,,
9/02/2024,596.75,599.25,601,,,
12/02/2024,597.5,599.25,600.25,,,
13/02/2024,597.5,597,597.75,,,
14/02/2024,585.5,583,584.25,,,
15/02/2024,567,567.25,570,,,
16/02/2024,560.5,559,561.75,,,
20/02/2024,582.75,579.25,580,,,
21/02/2024,583.25,578,578,,,
22/02/2024,583.25,579.25,580,,,
23/02/2024,573.5,569,570,,,
26/02/2024,577.25,574.75,577,,,
27/02/2024,586,584.25,586.25,,,
28/02/2024,571,574.75,578.5,,,
29/02/2024,577.5,576.25,579.25,,,
1/03/2024,560,557.75,561.25,,,
4/03/2024,563.5,564,567.25,,,
5/03/2024,545.75,551,555.75,,,
6/03/2024,521.25,531,542.5,,,
7/03/2024,520.75,528.5,540,,,
8/03/2024,526.75,537.75,550.25,,,
11/03/2024,537.5,547.25,561,,,
12/03/2024,535.5,547.5,560.75,,,
13/03/2024,532.25,544.25,558.25,,,
14/03/2024,519.5,532.25,547.25,,,
15/03/2024,528.5,544,560,,,
18/03/2024,542.75,557.5,572.75,,,
19/03/2024,552.5,567.25,582.25,,,
20/03/2024,545,560.25,575.75,,,
21/03/2024,546.75,562,577.75,,,
22/03/2024,554.75,569.5,585,,,
25/03/2024,555,570.75,587.25,,,
26/03/2024,543.5,559.25,577.5,,,
27/03/2024,547.5,562.75,580.5,,,
28/03/2024,560.25,575.75,591.5,,,
1/04/2024,557,572.75,588.75,,,
2/04/2024,545.25,561.75,579.5,,,
3/04/2024,556,572.25,589.25,,,
4/04/2024,556.25,571.5,589,,,
5/04/2024,567.25,581.75,598.5,,,
8/04/2024,565.75,580.5,597.75,,,
9/04/2024,557.75,572,588.75,,,
10/04/2024,558.5,573.5,590,,,
11/04/2024,551.75,566.25,583,,,
12/04/2024,556,570.75,586.5,,,
15/04/2024,551.75,567.5,583.75,,,
16/04/2024,549.75,564.75,580.75,,,
17/04/2024,537,552.25,569,,,
18/04/2024,536.75,553,570.25,,,
19/04/2024,550.25,566.75,584,,,
22/04/2024,570.25,587.5,605,,,
23/04/2024,585,602.75,619.75,,,
24/04/2024,594.5,613,631.25,,,
25/04/2024,602.25,620.5,639.25,,,
26/04/2024,603.25,622.25,641.75,,,
29/04/2024,590.25,608.5,629.5,,,
30/04/2024,585,603.25,622.25,,,
1/05/2024,581.5,599.25,619,,,
2/05/2024,586.5,604.25,624.25,,,
3/05/2024,606,622.5,643,,,
6/05/2024,632.25,648.75,668.5,,,
7/05/2024,624.75,642.75,663.75,,,
8/05/2024,616,634,655,,,
9/05/2024,619.75,637.5,657.75,,,
10/05/2024,645.75,663.5,682.5,,,
13/05/2024,670.25,687,706.5,,,
14/05/2024,657,672.5,693.25,,,
15/05/2024,665.75,686,709.5,,,
16/05/2024,663.25,683.5,707,,,
17/05/2024,651.25,672,696.5,,,
20/05/2024,688.75,708.75,731.5,,,
21/05/2024,697.5,717.5,739.75,,,
22/05/2024,693,712.75,734,,,
23/05/2024,698,718,738.5,,,
24/05/2024,697.25,717.5,739.25,,,
28/05/2024,700.25,720.5,742.25,,,
29/05/2024,692.75,713.75,736.25,,,
30/05/2024,681,702.5,725.5,,,
31/05/2024,678.5,699.5,723.5,,,
3/06/2024,672.75,694,718.5,,,
4/06/2024,658.25,680,705.75,,,
5/06/2024,646.75,668.5,695,,,
6/06/2024,639.5,661.75,688,,,
7/06/2024,627.5,649.25,676.75,,,
10/06/2024,607.5,630.75,659,,,
11/06/2024,626.5,646.75,671.5,,,
12/06/2024,617,636,660.25,,,
13/06/2024,620,637.75,660.75,,,
14/06/2024,612.75,628.5,650.25,,,
17/06/2024,591.5,608,631,,,
18/06/2024,582,599,623.25,,,
20/06/2024,572.75,586,609.75,,,
21/06/2024,561.5,575.75,599.75,,,
24/06/2024,552.5,571,594.25,,,
25/06/2024,541.75,560.5,582.75,,,
26/06/2024,541.25,560.5,583,,,
27/06/2024,559.75,579.5,601.5,,,
28/06/2024,553.5,573.5,597,,,
1/07/2024,569.25,590.25,612.5,,,
2/07/2024,561.5,581,604.75,,,
3/07/2024,554.5,574,598,,,
5/07/2024,572.25,590.5,613.5,,,
8/07/2024,553,570.5,594.5,,,
9/07/2024,554.25,572,595.5,,,
10/07/2024,543.5,561.5,585,,,
11/07/2024,554.25,571.25,595,,,
12/07/2024,538,550.75,575.75,,,
15/07/2024,532.5,556.5,577.5,,,
16/07/2024,530.75,555.5,576.25,,,
17/07/2024,539.25,563.5,583.75,,,
18/07/2024,535.25,560,580.75,,,
19/07/2024,542.75,568,588.5,,,
22/07/2024,548,573,593.75,,,
23/07/2024,542.75,567.75,588.75,,,
24/07/2024,547,571,591,,,
25/07/2024,537.75,562.5,582.75,,,
26/07/2024,523.5,548.5,569,,,
29/07/2024,531,555.25,576.25,,,
30/07/2024,524,549,570.25,,,
31/07/2024,527.25,552,573.25,,,
1/08/2024,532,556.75,578.25,,,
2/08/2024,539,562.25,583.5,,,
5/08/2024,539.5,563.25,584.75,,,
6/08/2024,543.25,566.5,587.25,,,
7/08/2024,538.25,562,582.25,,,
8/08/2024,537.5,561.5,580.5,,,
9/08/2024,542.5,565.75,584.25,,,
12/08/2024,536.75,559.75,578.5,,,
13/08/2024,528.75,551.75,571.25,,,
14/08/2024,534.75,556.25,574.25,,,
15/08/2024,528.25,550.25,568.75,,,
16/08/2024,530,552.5,571.5,,,
19/08/2024,528.25,552.25,572,,,
20/08/2024,533,556.5,576.25,,,
21/08/2024,519.75,544,564.75,,,
22/08/2024,511,535.5,556.25,,,
23/08/2024,502.25,528,549,,,
26/08/2024,498,525,546.25,,,
27/08/2024,508.25,535.5,555.75,,,
28/08/2024,514.25,541.5,562.5,,,
29/08/2024,525,548.75,569,,,
30/08/2024,532.75,551.5,572.25,,,
3/09/2024,552,566.75,586.25,,,
4/09/2024,565.25,580.75,600.75,,,
5/09/2024,561,574.75,595,,,
6/09/2024,553.25,567,586.5,,,
9/09/2024,555.5,568.5,587.5,,,
10/09/2024,558.75,574.25,593.5,,,
11/09/2024,563.75,579.25,598.25,,,
12/09/2024,563,578.5,597.5,,,
13/09/2024,571.25,594.75,612.25,,,
16/09/2024,578.5,597.5,608.25,,,
17/09/2024,575.75,595.5,606.5,,,
18/09/2024,575.75,595.25,606.5,,,
19/09/2024,565.5,585,596,,,
20/09/2024,568.5,587.5,598.25,,,
23/09/2024,582.5,601.25,612,,,
24/09/2024,578,597.25,608.25,,,
25/09/2024,589.25,608.25,618.5,,,
26/09/2024,584.25,604.25,615,,,
27/09/2024,580,600.25,611.25,,,
30/09/2024,584,604.25,615.75,,,
1/10/2024,599,619.5,631.25,,,
2/10/2024,615.25,637.25,649,,,
3/10/2024,603.5,626.5,639,,,
4/10/2024,589.75,612.75,626,,,
7/10/2024,592.5,616.5,629.75,,,
8/10/2024,594.75,618.25,631.25,,,
9/10/2024,599,622.25,634.75,,,
10/10/2024,603.75,626.5,638.5,,,
11/10/2024,599,621.75,633.5,,,
14/10/2024,585.25,607.25,619,,,
15/10/2024,579.5,600.75,611.5,,,
16/10/2024,585,605.25,616,,,
17/10/2024,589.5,609.5,620.5,,,
18/10/2024,572.75,592.5,603.5,,,
21/10/2024,572.25,592.25,603,,,
22/10/2024,576,596.25,606.5,,,
23/10/2024,578.5,598.25,608.25,,,
24/10/2024,581.5,600.75,610.5,,,
25/10/2024,569,589.25,600,,,
28/10/2024,558.75,579.5,591,,,
29/10/2024,570.5,590.5,601.75,,,
30/10/2024,573.25,593.5,605.25,,,
31/10/2024,570.5,590.25,601.5,,,
1/11/2024,568,587.75,599.25,,,
4/11/2024,568.75,587.5,598.5,,,
5/11/2024,572.5,591,601.75,,,
6/11/2024,573.25,591,601.25,,,
7/11/2024,571.5,589,599,,,
8/11/2024,572.5,587.5,597.75,,,
11/11/2024,565.5,580.5,590.5,,,
12/11/2024,552.25,567,576.75,,,
13/11/2024,541,556.5,566.5,,,
14/11/2024,530.25,548.25,557.5,,,
15/11/2024,536.5,554,562.75,,,
18/11/2024,547.25,565.75,574.5,,,
19/11/2024,549.75,567.75,577,,,
20/11/2024,552.5,572.25,582,,,
21/11/2024,548.75,569.5,579.5,,,
22/11/2024,544.25,564.75,575,,,
25/11/2024,535.75,555.75,566,,,
26/11/2024,539.5,558,568.25,,,
27/11/2024,537.75,548.5,558.25,,,
29/11/2024,532.25,548,557,,,
2/12/2024,537.5,547.25,555.75,,,
3/12/2024,536.75,547.5,556.5,,,
4/12/2024,538,548.25,557,,,
5/12/2024,546.75,558.25,566.75,,,
6/12/2024,542.5,557.25,565.5,,,
9/12/2024,541.25,558.75,567.25,,,
10/12/2024,542,561.75,570.5,,,
11/12/2024,543.5,563.25,572.75,,,
12/12/2024,538.75,558.5,568.25,,,
13/12/2024,526.5,552.25,562.25,,,
16/12/2024,550,561,567.5,,,
17/12/2024,545,554.5,561.25,,,
18/12/2024,541.25,551.75,559,,,
19/12/2024,533,543.5,551,,,
20/12/2024,533,542.75,550.25,,,
23/12/2024,540.5,551,558.25,,,
24/12/2024,534.75,545.25,552.5,,,
26/12/2024,541,552,559.5,,,
27/12/2024,546.5,556.75,563.75,,,
30/12/2024,548.25,559,566.25,,,
31/12/2024,551.5,562.5,569.5,,,
2/01/2025,545.75,557.5,564.5,,,
3/01/2025,529.25,541,549.25,,,
6/01/2025,540.5,552.5,561,,,
7/01/2025,542.5,554.5,563,,,
8/01/2025,536.25,548.5,557,,,
9/01/2025,534,546,555,,,
10/01/2025,530.75,543.5,554.5,,,
13/01/2025,545,556.75,567.5,,,
14/01/2025,546.25,558.25,568.5,,,
15/01/2025,547,558.75,568.5,,,
16/01/2025,537.5,549.5,559.5,,,
17/01/2025,538.75,550.75,560.5,,,
21/01/2025,558.75,571.5,581.75,,,
22/01/2025,554,567.25,578.25,,,
23/01/2025,554,567.75,578.25,,,
24/01/2025,544,558.75,570,,,
27/01/2025,535.5,549.75,561.5,,,
28/01/2025,545.25,558.75,570.25,,,
29/01/2025,562.5,576,588,,,
30/01/2025,566.5,579,590.5,,,
31/01/2025,559.5,572.25,584.25,,,
3/02/2025,566.75,578.5,590.25,,,
4/02/2025,577,588.75,599.25,,,
5/02/2025,572.25,584.5,596.75,,,
6/02/2025,587.75,598.75,610,,,
7/02/2025,582.75,595.5,606.25,,,
10/02/2025,579.5,592.5,604.5,,,
11/02/2025,577,590,601.75,,,
12/02/2025,574.25,588,598.75,,,
13/02/2025,577.75,592,603,,,
14/02/2025,600,613.5,625.25,,,
18/02/2025,604.75,617.75,630,,,
19/02/2025,592,606.5,619.75,,,
20/02/2025,585.5,600.25,614,,,
21/02/2025,590,604,617.25,,,
24/02/2025,579,593.5,608,,,
25/02/2025,572.75,587.75,602.25,,,
26/02/2025,566,579.75,593.75,,,
27/02/2025,546.75,562.5,576.75,,,
28/02/2025,537,555.75,569.25,,,
3/03/2025,532,547.75,561.25,,,
4/03/2025,518.5,536.75,551.25,,,
5/03/2025,530.75,548.25,562,,,
6/03/2025,537,554,568,,,
7/03/2025,533.75,551.25,565.5,,,
10/03/2025,545.25,562.5,577.25,,,
11/03/2025,541,556.75,571.75,,,
12/03/2025,538.75,554,569.5,,,
13/03/2025,547.25,562.5,578.25,,,
14/03/2025,545.75,557,573,,,
17/03/2025,568.5,585,601.5,,,
18/03/2025,565,582,598.75,,,
19/03/2025,563.5,580,596.75,,,
20/03/2025,557.25,573.5,590,,,
21/03/2025,558.25,574.5,591,,,
24/03/2025,548.25,565.25,582,,,
25/03/2025,543.25,559.75,576.5,,,
26/03/2025,535.25,551,568,,,
27/03/2025,532,547.25,564.25,,,
28/03/2025,528.25,542.75,559.25,,,
31/03/2025,537,550.5,566.25,,,
1/04/2025,540.5,553.75,569.5,,,
2/04/2025,539.25,552.75,568,,,
3/04/2025,536,550,565.25,,,
4/04/2025,529,542.75,557.5,,,
7/04/2025,536.5,550.5,564.5,,,
8/04/2025,540,554,568.75,,,
9/04/2025,542.25,555.75,569.75,,,
10/04/2025,538,553.5,568,,,
11/04/2025,555.75,570.25,584,,,
14/04/2025,547.5,561.75,576.5,,,
15/04/2025,542,556,570.25,,,
16/04/2025,547.75,561,575,,,
17/04/2025,548.75,562.25,576.5,,,
21/04/2025,538.5,552.25,567.5,,,
22/04/2025,535.5,550.25,564.25,,,
23/04/2025,528.25,543.5,558.25,,,
24/04/2025,529.25,544.5,559,,,
25/04/2025,530,545,559.5,,,
28/04/2025,515.5,531,546,,,
29/04/2025,505.75,525.5,540.5,,,
30/04/2025,513,530.75,545,,,
1/05/2025,515.25,531,545.25,,,
2/05/2025,526.5,543,556.75,,,
5/05/2025,514.25,531.25,545.75,,,
6/05/2025,519,536,550,,,
7/05/2025,518,534.25,549,,,
8/05/2025,513,529.25,544,,,
9/05/2025,505.5,521.75,536.5,,,
12/05/2025,499,515.25,529.75,,,
13/05/2025,501.5,517.25,531.75,,,
14/05/2025,508.75,524.75,539,,,
15/05/2025,532.75,546.5,568,,,
16/05/2025,525,539,560.75,,,
19/05/2025,529,543,564.5,,,
20/05/2025,546,559.75,580.25,,,
21/05/2025,549.25,563.75,585.5,,,
22/05/2025,544.5,560.5,583.25,,,
23/05/2025,542.5,558,580.75,,,
27/05/2025,528.5,544.25,567.5,,,
28/05/2025,530.25,545.5,568.75,,,
29/05/2025,534,548.75,571.5,,,
30/05/2025,534,548.25,571,,,
2/06/2025,539,553.25,575,,,
3/06/2025,536,550.5,572.75,,,
4/06/2025,543.25,557.25,579,,,
5/06/2025,545.5,559.75,581,,,
6/06/2025,554.75,568.75,589.75,,,
9/06/2025,542,557,579.25,,,
10/06/2025,534.5,548.75,570.25,,,
11/06/2025,534.25,549,570.5,,,
12/06/2025,526.5,541.75,563.5,,,
13/06/2025,543.75,559.25,580.5,,,
16/06/2025,536.5,552.25,573.75,,,
17/06/2025,549,565.5,587,,,
18/06/2025,574.25,590.5,612.25,,,
20/06/2025,567.75,583.5,606,,,
23/06/2025,552.75,569.5,592.75,,,
24/06/2025,535.75,552,575.75,,,
25/06/2025,528.25,544.5,567.5,,,
26/06/2025,521,536.75,559.75,,,
27/06/2025,524.75,540.75,563,,,
30/06/2025,528.75,538.25,560,,,
1/07/2025,537.25,549,569.25,,,
2/07/2025,556,564,584,,,
3/07/2025,547.75,556.75,578.25,,,
7/07/2025,539.75,548.5,570.25,,,
8/07/2025,543,547.75,568.5,,,
9/07/2025,542.75,547,567.25,,,
10/07/2025,550.25,554.5,575,,,
11/07/2025,540.75,545,565.5,,,
14/07/2025,534,541.5,562.25,,,
15/07/2025,538,558.75,577,,,
16/07/2025,541.25,561.75,579.75,,,
17/07/2025,533.5,554.25,572.5,,,
18/07/2025,546.25,567,585.25,,,
21/07/2025,542.25,563.25,581.75,,,
22/07/2025,549.5,569.5,587.5,,,
23/07/2025,540.5,561.25,579.75,,,
24/07/2025,541.5,561.25,579.75,,,
25/07/2025,538.25,558.25,576.75,,,
28/07/2025,538.5,558.75,577.25,,,
29/07/2025,529.75,550,568.5,,,
30/07/2025,523.75,544.25,563,,,
31/07/2025,523.25,542.5,560.75,,,
1/08/2025,516.75,537,555.75,,,
4/08/2025,516.75,537,555.75,,,
5/08/2025,508.25,528.5,547.5,,,
6/08/2025,508.5,529.25,548.5,,,
7/08/2025,518.25,539,558.25,,,
8/08/2025,514.5,535,554.25,,,
11/08/2025,515,535.5,554.75,,,
12/08/2025,505,526,545,,,
13/08/2025,507.25,528.25,546.75,,,
14/08/2025,503.5,524.5,542.25,,,
15/08/2025,506.5,527,545,,,
18/08/2025,502.75,525,544,,,
19/08/2025,498.5,521.25,540.5,,,
20/08/2025,505.5,528.25,546.5,,,
21/08/2025,507,529.75,547.25,,,
22/08/2025,504.75,527.25,544.75,,,
25/08/2025,506.75,529.75,547,,,
26/08/2025,509.5,531.75,549.5,,,
27/08/2025,502.25,524.25,542.5,,,
28/08/2025,510.25,529,546,,,
29/08/2025,518,534.25,552,,,
2/09/2025,513,528.25,544.5,,,
3/09/2025,504,522,538.25,,,
4/09/2025,502.25,519.5,536,,,
5/09/2025,501,519.25,535.75,,,
8/09/2025,505.5,523.75,541.25,,,
9/09/2025,500.75,520.25,537.75,,,
10/09/2025,495,515,532.5,,,
11/09/2025,503,521.5,538.25,,,
12/09/2025,503,523.5,541,,,
15/09/2025,525,542.75,554,,,
16/09/2025,534,551.75,563,,,
17/09/2025,528.25,546.25,557.75,,,
18/09/2025,524.25,542.5,554,,,
19/09/2025,522.5,540.75,552.5,,,
22/09/2025,510.75,529.5,541.75,,,
23/09/2025,520.5,539,551,,,
24/09/2025,519.5,538,550,,,
25/09/2025,527,545,556.75,,,
26/09/2025,519.75,538.25,550.25,,,
29/09/2025,519.5,537.75,549.75,,,
30/09/2025,508,527,539.5,,,
1/10/2025,509.25,527.5,540,,,
2/10/2025,514.75,532.5,544.5,,,
3/10/2025,515.25,532.5,544.5,,,
6/10/2025,512.75,530.25,542,,,
7/10/2025,506.75,524.75,537.25,,,
8/10/2025,507.25,525.25,537.75,,,
9/10/2025,506.5,524,536.25,,,
10/10/2025,498.5,515.25,527.25,,,
13/10/2025,496.75,513.25,525.25,,,
14/10/2025,500.25,516.75,528.25,,,
15/10/2025,498.75,515.75,527.25,,,
16/10/2025,502.5,518.75,529.5,,,
17/10/2025,503.75,520.25,530.75,,,
20/10/2025,504.75,521.5,533,,,
21/10/2025,500.25,516.5,527.75,,,
22/10/2025,503.75,519.5,530.25,,,
23/10/2025,513,528.25,538.75,,,
24/10/2025,512.5,528,538.75,,,
27/10/2025,526,542,553,,,
28/10/2025,529,545.75,557.5,,,
29/10/2025,532.25,547.75,557.5,,,
30/10/2025,524.25,540.5,551.75,,,
31/10/2025,534,548.5,557.75,,,
3/11/2025,543.5,557.5,567.25,,,
4/11/2025,550.25,562.75,571.5,,,
5/11/2025,554.75,568,576.5,,,
6/11/2025,535.5,549.75,559,,,
7/11/2025,527.75,542.25,551.5,,,
10/11/2025,535.75,550.5,559.5,,,
11/11/2025,536,551.75,562.25,,,
12/11/2025,536,552.5,564,,,
13/11/2025,535.75,552.25,563.5,,,
14/11/2025,527.25,541.5,552,,,
17/11/2025,544.25,558.5,568.25,,,
18/11/2025,546.5,559,568.5,,,
19/11/2025,536.75,549.5,558.5,,,
20/11/2025,527,540.75,549.75,,,
21/11/2025,527,539.75,548.25,,,
24/11/2025,522.25,534.75,543.25,,,
25/11/2025,527.25,539.25,547.5,,,
26/11/2025,529,540.5,549.25,,,
28/11/2025,531,538.5,546.75,,,
1/12/2025,530.25,535,543,,,
2/12/2025,537.75,541,548,,,
3/12/2025,537.75,538.25,545.25,,,
4/12/2025,541,540.25,547.25,,,
5/12/2025,537.5,535.75,543,,,
8/12/2025,536,534.75,542.25,,,
9/12/2025,536.25,534.5,542,,,
10/12/2025,531.25,529.5,537.75,,,
11/12/2025,534.5,533.5,541,,,
12/12/2025,534.5,529.25,537.25,,,
15/12/2025,520.75,529,538.25,,,
16/12/2025,509.5,519.5,529.75,,,
17/12/2025,506.25,517.25,527.75,,,
18/12/2025,507.75,518.75,529.75,,,
19/12/2025,509.75,520.5,531.75,,,
22/12/2025,515.5,526.25,537.25,,,
23/12/2025,517,527.25,538.5,,,
24/12/2025,521.75,532.25,543.75,,,
26/12/2025,519,530.75,542.5,,,
29/12/2025,513,524.75,537.25,,,
30/12/2025,510.75,522,534,,,
31/12/2025,507,518.5,531.25,,,
2/01/2026,506.5,518.25,531,,,
5/01/2026,512.5,523.5,535.5,,,
6/01/2026,510.5,521.25,532.75,,,
7/01/2026,518,528,539.25,,,
8/01/2026,518,529,541,,,
9/01/2026,517.25,528.75,540.75,,,
12/01/2026,511.25,522.75,535.75,,,
13/01/2026,510.5,521.75,534.5,,,
14/01/2026,512.5,523.75,536.25,,,
15/01/2026,510.5,521.5,533.5,,,
16/01/2026,518,528.75,540.5,,,
20/01/2026,510.25,521.75,534,,,
21/01/2026,507.75,519,531.5,,,
22/01/2026,515.5,526.5,539,,,
23/01/2026,529.5,539,551,,,
26/01/2026,522.5,532.75,545.25,,,
27/01/2026,523.25,532.75,544,,,
28/01/2026,536,544.5,555,,,
29/01/2026,541.5,550.25,560.75,,,
30/01/2026,538,546,555.75,,,
2/02/2026,527.75,536.5,547.5,,,
3/02/2026,528.75,537.75,548.75,,,
4/02/2026,526.75,536.25,547.25,,,
5/02/2026,535.25,544,554.75,,,
6/02/2026,529.75,539,549.25,,,
9/02/2026,528.75,538.75,549,,,
10/02/2026,528.25,538,548.25,,,
11/02/2026,537.25,545.25,554.5,,,
12/02/2026,552.5,558.5,566.5,,,
13/02/2026,548.75,548.5,557,,,
17/02/2026,537.75,542.5,551.25,,,
18/02/2026,547,552.5,559.75,,,
19/02/2026,559.5,566.75,574.5,,,
20/02/2026,573.5,580.25,587.5,,,
23/02/2026,569.5,573.75,582.25,,,
24/02/2026,567.5,573.25,582.25,,,
25/02/2026,565.75,569.75,577.75,,,
26/02/2026,571.75,574.5,582,,,
27/02/2026,591.25,591.5,598.75,,,
2/03/2026,574.5,577.25,585.5,,,
3/03/2026,572.25,574,583.5,,,
4/03/2026,566.75,568.25,577.75,,,
5/03/2026,582.75,583.75,593,,,
6/03/2026,611.25,616.75,625.25,,,
9/03/2026,598,603.25,613,,,
10/03/2026,584.75,591,603.25,,,
11/03/2026,588.5,594.75,605.75,,,
12/03/2026,592.25,598.5,609.5,,,
13/03/2026,618.5,613.75,624.5,,,
16/03/2026,597.25,607.75,620.75,,,
17/03/2026,589.75,600.75,613.25,,,
18/03/2026,604.25,615.5,627.75,,,
19/03/2026,608,619.5,632.75,,,
20/03/2026,595.25,607.25,620.75,,,
23/03/2026,587.75,600,613.75,,,
24/03/2026,590,602,616,,,
25/03/2026,597.75,608.75,622.25,,,
26/03/2026,605,615.75,628.75,,,
27/03/2026,605,616,629,,,
30/03/2026,607,618.75,631.5,,,
31/03/2026,616.25,626.5,638.25,,,
1/04/2026,597.5,608.75,621.5,,,
2/04/2026,598.25,609.5,622.25,,,
6/04/2026,595.25,606.5,619.75,,,
7/04/2026,598,608.25,621.25,,,
8/04/2026,580.25,591.25,604.25,,,
9/04/2026,574.5,585,597.5,,,
10/04/2026,571,580.75,593,,,
13/04/2026,582.25,591.25,603,,,
14/04/2026,592,601.25,613,,,
15/04/2026,593.75,601.75,613.75,,,
16/04/2026,598.5,606.5,618.25,,,
17/04/2026,591.25,599.25,611.75,,,
20/04/2026,597,606,618.75,,,
21/04/2026,605,612.75,625.5,,,
22/04/2026,599.25,607,620.25,,,
23/04/2026,610.75,620.25,633.25,,,
24/04/2026,608.25,616.75,630.25,,,
27/04/2026,621.5,629.75,642.5,,,
28/04/2026,649,657.75,670.75,,,
29/04/2026,642.25,653,666.75,,,
30/04/2026,623.75,636.75,651.75,,,
1/05/2026,624.5,637.75,652.5,,,
4/05/2026,629.5,641,656.5,,,
5/05/2026,616.5,627.75,643.25,,,
6/05/2026,606,617.25,632.75,,,
7/05/2026,601.75,612.25,627.25,,,
8/05/2026,607.5,619,634,,,
11/05/2026,622.25,634,648.75,,,
12/05/2026,665,679,691.5,,,
13/05/2026,665,675.5,688.25,,,
14/05/2026,647,658,671.75,,,
15/05/2026,635.75,649.75,669.75,,,
18/05/2026,664.5,677.75,696.25,,,
19/05/2026,667.25,680.25,698.75,,,
20/05/2026,660.5,673.5,692.25,,,
21/05/2026,647.5,661,680.75,,,
22/05/2026,646.25,659.25,679,,,
26/05/2026,635.5,648.25,668.5,,,
27/05/2026,622.5,635.75,655.75,,,
28/05/2026,624,637,656.25,,,
29/05/2026,610.5,623.5,643,,,
1/06/2026,608.75,621.25,640.5,,,
2/06/2026,603,616.25,635.25,,,
3/06/2026,587.25,600.75,620.5,,,
4/06/2026,581.75,595.25,613.5,,,
5/06/2026,580,592.75,611.5,,,
8/06/2026,583.25,595.75,613.75,,,
9/06/2026,585.25,596.75,614.25,,,
10/06/2026,587.5,599.5,617.25,,,
11/06/2026,586.75,598.25,614.75,,,
12/06/2026,584.5,595.75,612,,,
15/06/2026,589.75,600.5,616.75,,,
16/06/2026,596,604.25,621.75,,,
17/06/2026,612.75,621.25,636.75,,,
18/06/2026,605.75,614,630.25,,,
22/06/2026,597.5,607.5,624,,,
23/06/2026,586.75,597,613.75,,,
24/06/2026,585.75,596,612.75,,,
25/06/2026,591,601.5,618.25,,,
26/06/2026,578.25,589.75,607.25,,,
29/06/2026,569.5,579.75,597,,,
30/06/2026,580.75,589.25,604.5,,,
1/07/2026,592,600,614.5,,,
2/07/2026,590.5,599.75,614,,,
6/07/2026,606,614,628.5,,,
7/07/2026,609.25,618.5,633.75,,,
8/07/2026,599.5,607.75,623.25,,,
9/07/2026,611.25,619.75,634,,,
10/07/2026,632,640.25,654.5,,,
13/07/2026,627,635.25,650.5,,,
14/07/2026,631.25,645,659.75,,,
15/07/2026,677.5,692,703.5,,,
16/07/2026,674.75,691,704.25,,,
17/07/2026,682.75,699.75,713.75,,,
20/07/2026,674,691.5,706.75,,,
21/07/2026,678,696,711.5,,,
22/07/2026,705.75,722.75,737.75,,,
23/07/2026,696.25,713.75,729.25,,,
24/07/2026,678,695.5,711.25,,,
27/07/2026,660,677.5,693.5,,,
28/07/2026,662.5,679.75,695.25,,,
29/07/2026,660.75,677.75,693,,,
30/07/2026,663.5,681.5,697.5,,,
31/07/2026,639.25,657.5,674.25,,,
3/08/2026,651,669.25,685.25,,,
4/08/2026,638.5,657.25,673.5,,,
5/08/2026,642.25,661.25,677.75,,,
6/08/2026,631.25,650.5,667.25,,,
7/08/2026,639.75,658.25,674.75,,,
10/08/2026,640.5,659.25,676.25,,,
11/08/2026,630.25,648.25,665.5,,,
12/08/2026,652.75,669.75,686,,,
13/08/2026,652.75,668.25,685.25,,,
14/08/2026,674.75,689.5,705.25,,,
17/08/2026,674.75,689.25,705.25,,,
18/08/2026,664.5,681.25,699,,,
19/08/2026,680.25,697.5,714.75,,,
20/08/2026,682.75,700,717.25,,,
21/08/2026,681.5,699.25,716.5,,,
24/08/2026,681.75,699.5,717.5,,,
25/08/2026,685.5,703.25,721.25,,,
26/08/2026,730.5,748.25,765.25,,,
27/08/2026,742.75,760.75,776,,,
28/08/2026,767,784,797.75,,,
31/08/2026,756.5,774,788.25,,,
1/09/2026,764,782.5,797.5,,,
2/09/2026,754.75,774,790.75,,,
3/09/2026,736,754.25,770,,,
4/09/2026,716,734,749.25,,,
8/09/2026,730.25,747,761.5,,,
,,,,,,
